<?xml version="1.0" encoding="UTF-8"?>
<rootTag>
<Award>
<AwardTitle>DISSERTATION RESEARCH: Exploring convergence within pitcher plant microcosms</AwardTitle>
<AwardEffectiveDate>06/01/2014</AwardEffectiveDate>
<AwardExpirationDate>07/31/2016</AwardExpirationDate>
<AwardAmount>21970</AwardAmount>
<AwardInstrument>
<Value>Standard Grant</Value>
</AwardInstrument>
<Organization>
<Code>08010207</Code>
<Directorate>
<LongName>Direct For Biological Sciences</LongName>
</Directorate>
<Division>
<LongName>Division Of Environmental Biology</LongName>
</Division>
</Organization>
<ProgramOfficer>
<SignBlockName>George W. Gilchrist</SignBlockName>
</ProgramOfficer>
<AbstractNarration>Understanding the factors driving community formation within a host or habitat has implications for global climate change, human health, and microbial ecology. As host species shift location, can other symbionts substitute for those from the original habitat? Pitcher plants have modified leaves that collect water and microbes, and trap insects that are digested for nutrients. These pitchers can be thought of as plant analogs to the human gut, and studying how their microbial communities form, interact with each other, and assist with host digestion could inform our understanding of our own gut inhabitants. The project will involve training opportunities for American and Malaysian students, and will foster cooperation and networking with scientists in Malaysian Borneo. The researchers will work collaboratively to create educational exhibits for the Malaysian research center, and the complex ecology of pitcher plants will be shared with children and adults through a Harvard Museum of Natural History family program.&lt;br/&gt;&lt;br/&gt;Convergence of form and function is common in all domains of life, because similar selective forces in geographically distant locations shape evolutionary change. Pitchers of carnivorous plants are exquisite examples of convergent evolution: pitcher plant morphology and function has evolved separately in three distant plant lineages in different biogeographic regions. This study investigates whether the organisms associated with pitchers show similar patterns of convergence in the nature of their ecological interactions. It will compare community pattern and function across four different kingdoms, within convergent hosts. With two genera of pitcher plants, Sarracenia in North America and Nepenthes in Southeast Asia, the microbial community composition across different pitcher plant species and collecting sites will be determined by DNA sequencing of the fungal, bacterial, and protist inhabitants. The ability of pitcher plant insects and microbes to colonize a convergently evolved host will be investigated by placing Nepenthes plants in a Sarracenia habitat, along with artificial controls, to see if and how insects and microbes colonize unfamiliar hosts. A laboratory experiment will compare native and convergently evolved microbial communities in facilitating the nutrient-limited pitcher plants in nitrogen uptake from prey. Finally, to determine if community patterns of inhabitants are similar across convergent hosts the similarity of taxa, community patterns, and factors structuring communities in Sarracenia and Nepenthes insect and microbial associates will be tested using metagenomic analyses to examine community functional capacity within convergent pitcher plant hosts by statistical and phylogenetic analyses, and with null models.</AbstractNarration>
<MinAmdLetterDate>05/22/2014</MinAmdLetterDate>
<MaxAmdLetterDate>05/22/2014</MaxAmdLetterDate>
<ARRAAmount/>
<AwardID>1400982</AwardID>
<Investigator>
<FirstName>Naomi</FirstName>
<LastName>Pierce</LastName>
<EmailAddress>npierce@oeb.harvard.edu</EmailAddress>
<StartDate>05/22/2014</StartDate>
<EndDate/>
<RoleCode>Principal Investigator</RoleCode>
</Investigator>
<Investigator>
<FirstName>Leonora</FirstName>
<LastName>Bittleston</LastName>
<EmailAddress>lbittles@fas.harvard.edu</EmailAddress>
<StartDate>05/22/2014</StartDate>
<EndDate/>
<RoleCode>Co-Principal Investigator</RoleCode>
</Investigator>
<Investigator>
<FirstName>Anne</FirstName>
<LastName>Pringle</LastName>
<EmailAddress>apringle2@wisc.edu</EmailAddress>
<StartDate>05/22/2014</StartDate>
<EndDate/>
<RoleCode>Co-Principal Investigator</RoleCode>
</Investigator>
<Institution>
<Name>Harvard University</Name>
<CityName>Cambridge</CityName>
<ZipCode>021385369</ZipCode>
<PhoneNumber>6174955501</PhoneNumber>
<StreetAddress>1033 MASSACHUSETTS AVE</StreetAddress>
<CountryName>United States</CountryName>
<StateName>Massachusetts</StateName>
<StateCode>MA</StateCode>
</Institution>
<ProgramElement>
<Code>7377</Code>
<Text>EVOLUTIONARY ECOLOGY</Text>
</ProgramElement>
<ProgramReference>
<Code>9169</Code>
<Text>BIODIVERSITY AND ECOSYSTEM DYNAMICS</Text>
</ProgramReference>
<ProgramReference>
<Code>9179</Code>
<Text>GRADUATE INVOLVEMENT</Text>
</ProgramReference>
<ProgramReference>
<Code>EGCH</Code>
<Text>ENVIRONMENT AND GLOBAL CHANGE</Text>
</ProgramReference>
<ProgramReference>
<Code>SMET</Code>
<Text>SCIENCE, MATH, ENG &amp; TECH EDUCATION</Text>
</ProgramReference>
</Award>
</rootTag>
