<?xml version="1.0" encoding="UTF-8"?>
<rootTag>
<Award>
<AwardTitle>NSF Postdoctoral Fellowship in Biology FY 2014</AwardTitle>
<AwardEffectiveDate>11/01/2014</AwardEffectiveDate>
<AwardExpirationDate>10/31/2016</AwardExpirationDate>
<AwardAmount>140000</AwardAmount>
<AwardInstrument>
<Value>Fellowship</Value>
</AwardInstrument>
<Organization>
<Code>08080000</Code>
<Directorate>
<LongName>Direct For Biological Sciences</LongName>
</Directorate>
<Division>
<LongName>Div Of Biological Infrastructure</LongName>
</Division>
</Organization>
<ProgramOfficer>
<SignBlockName>Daniel Marenda</SignBlockName>
</ProgramOfficer>
<AbstractNarration>NSF Postdoctoral Fellowships in Biology combine research and training components to prepare young scientists for careers in biology and provide them an opportunity to establish international collaborations and take advantage of research facilities and opportunities abroad.  Forging strong international collaborations is mutually beneficial to the U.S. and the foreign hosts. This fellowship to Kevin Kohl supports a research and training plan to investigate maternal transmission of gut microbes in live-bearing and egg-laying lizards. The host institution for this fellowship is Universidad Nacional de San Luis in Argentina, and the sponsoring scientist is Dr. Enrique Caviedes-Vidal. &lt;br/&gt;&lt;br/&gt;Microbes inhabiting the gut play an extremely large role in the ecology and evolution of animals. It is possible that gut microbes are acquired by newborns or are maternally transmitted.  Most of the evidence for maternal transmission is from studies in mammals.  This research centers on animals who reproduce by eggs and how gut microbes are acquired by hatchlings.  Lizards of the family Liolaemidae have been selected for study because it contains over 150 species that exhibit variation in their birth strategies, some are egg laying while others are live-bearing.  The chosen experimental system is ideal for comparing transmission routes of gut microbes between live-bearing and egg-laying lizards and the functions of the microbial communities using metagenomics and whole-animal performance assays. Overall, it is predicted that live birth allows for greater microbial transmission between mothers and offspring, yielding greater microbial performance.&lt;br/&gt;&lt;br/&gt;Training goals include acquiring expertise in metagenomic sequencing as a tool for the understanding the functions of whole microbial communities. Educational activites and public outreach include mentoring undergraduates and maintaining a video blog to provide updates on research progress and disseminate research results.  The fellowship affords an opportunity to establish an international collaboration with scientists in Argentia and is funded with the Office of Integrative and International Activities.</AbstractNarration>
<MinAmdLetterDate>06/04/2014</MinAmdLetterDate>
<MaxAmdLetterDate>06/04/2014</MaxAmdLetterDate>
<ARRAAmount/>
<AwardID>1400456</AwardID>
<Investigator>
<FirstName>Kevin</FirstName>
<LastName>Kohl</LastName>
<EmailAddress/>
<StartDate>06/04/2014</StartDate>
<EndDate/>
<RoleCode>Principal Investigator</RoleCode>
</Investigator>
<Institution>
<Name>Kohl                    Kevin          D</Name>
<CityName>Salt Lake City</CityName>
<ZipCode>841023741</ZipCode>
<PhoneNumber/>
<StreetAddress/>
<CountryName>United States</CountryName>
<StateName>Utah</StateName>
<StateCode>UT</StateCode>
</Institution>
<ProgramElement>
<Code>5956</Code>
<Text>IRFP</Text>
</ProgramElement>
<ProgramReference>
<Code>5911</Code>
<Text>ARGENTINA</Text>
</ProgramReference>
<ProgramReference>
<Code>5956</Code>
<Text>IRFP</Text>
</ProgramReference>
<ProgramReference>
<Code>7137</Code>
<Text>POSTDOCTORAL FELLOWSHIPS</Text>
</ProgramReference>
<ProgramReference>
<Code>8210</Code>
<Text>Intl Bio Postdoc Res Fellowshp</Text>
</ProgramReference>
<ProgramReference>
<Code>9150</Code>
<Text>EXP PROG TO STIM COMP RES</Text>
</ProgramReference>
</Award>
</rootTag>
