<?xml version="1.0" encoding="UTF-8"?>
<rootTag>
<Award>
<AwardTitle>NSF Postdoctoral Fellowship in Biology for FY 2014</AwardTitle>
<AwardEffectiveDate>09/01/2014</AwardEffectiveDate>
<AwardExpirationDate>08/31/2017</AwardExpirationDate>
<AwardAmount>207000</AwardAmount>
<AwardInstrument>
<Value>Fellowship</Value>
</AwardInstrument>
<Organization>
<Code>08080000</Code>
<Directorate>
<LongName>Direct For Biological Sciences</LongName>
</Directorate>
<Division>
<LongName>Div Of Biological Infrastructure</LongName>
</Division>
</Organization>
<ProgramOfficer>
<SignBlockName>Daniel Marenda</SignBlockName>
</ProgramOfficer>
<AbstractNarration>NSF Postdoctoral Fellowships in Biology combine research and training components to prepare young scientists for careers in emerging areas where biology intersects with other scientific disciplines, in this case with mathematics and physical sciences.  The Fellows are expected to be leaders of the nation's scientific workforce in the future. This fellowship to Sarah R. Supp supports a research and training plan at the intersection of biology, statistics, and computer science and examines how body size responds to environmental change. The host institutions for this fellowship are the University of Maine and the University of Vermont, and the sponsoring scientists are Brian McGill and Nicholas Gotelli. &lt;br/&gt;&lt;br/&gt;It is difficult to describe, predict, and preserve biodiversity in the face of rapid environmental change, yet these are critical goals for conservation efforts. A macroecological approach to understanding diversity uses patterns, e.g., body size, that exhibit regular behavior across taxonomic groups, ecosystems, and continents. This research develops a dynamic framework for macroecology through 1) data aggregation and access, 2) mechanistic complex system modeling, and 3) cross-scale analysis. Body size patterns integrate taxonomic, functional, and trait diversity, and changes to these patterns are being shown to be vital to understanding changes in ecosystem function. Size patterns are expected to be sensitive to perturbation since mechanisms that influence body size include species interactions and energetic constraints, which can be rapidly impacted in human-altered landscapes.  These interactions are being studied by developing and using an interactive model for predicting pattern response to global change scenarios.  Training goals include developing expertise in data informatics and advanced statistical and computational modeling techniques. Broader impacts include development of undergraduate courses, participation by under-represented groups, computer science outreach programs, online science communication, and open-access sharing of all research products.</AbstractNarration>
<MinAmdLetterDate>06/02/2014</MinAmdLetterDate>
<MaxAmdLetterDate>06/02/2014</MaxAmdLetterDate>
<ARRAAmount/>
<AwardID>1400911</AwardID>
<Investigator>
<FirstName>Sarah</FirstName>
<LastName>Supp</LastName>
<EmailAddress/>
<StartDate>06/02/2014</StartDate>
<EndDate/>
<RoleCode>Principal Investigator</RoleCode>
</Investigator>
<Institution>
<Name>Supp                    Sarah          R</Name>
<CityName>Logan</CityName>
<ZipCode>843225305</ZipCode>
<PhoneNumber/>
<StreetAddress/>
<CountryName>United States</CountryName>
<StateName>Utah</StateName>
<StateCode>UT</StateCode>
</Institution>
<ProgramElement>
<Code>8054</Code>
<Text>Inters Biol and Math and Phys</Text>
</ProgramElement>
<ProgramReference>
<Code>7137</Code>
<Text>POSTDOCTORAL FELLOWSHIPS</Text>
</ProgramReference>
<ProgramReference>
<Code>7174</Code>
<Text>POSTDOC FELLOW IN SCI, MATH EN</Text>
</ProgramReference>
<ProgramReference>
<Code>9150</Code>
<Text>EXP PROG TO STIM COMP RES</Text>
</ProgramReference>
</Award>
</rootTag>
