<?xml version="1.0" encoding="UTF-8"?>
<rootTag>
<Award>
<AwardTitle>Kent State Informal Analysis Seminar</AwardTitle>
<AwardEffectiveDate>01/01/2014</AwardEffectiveDate>
<AwardExpirationDate>08/31/2016</AwardExpirationDate>
<AwardAmount>45000</AwardAmount>
<AwardInstrument>
<Value>Standard Grant</Value>
</AwardInstrument>
<Organization>
<Code>03040000</Code>
<Directorate>
<LongName>Direct For Mathematical &amp; Physical Scien</LongName>
</Directorate>
<Division>
<LongName>Division Of Mathematical Sciences</LongName>
</Division>
</Organization>
<ProgramOfficer>
<SignBlockName>Bruce P. Palka</SignBlockName>
</ProgramOfficer>
<AbstractNarration>This award provides two years of funding to help defray the expenses of participants in the "Kent State Informal Analysis Seminar," the next meeting of which will take place March 1-2, 2014, on the campus of Kent State University.&lt;br/&gt;&lt;br/&gt;The Kent State Informal Analysis Seminar is a roughly biannual regional conference that has served the US Midwest for over forty years. The themes of the meetings vary greatly from event to event, ranging over a broad spectrum of topics that has included approximation theory, convex geometry, dynamical systems, the geometry of Banach spaces, harmonic analysis, partial differential equations, and several complex variables, to give just a sampling. The featured speakers at the March 2014 meeting will be Svetlana Jitomirskaya (mathematical physics) and Nets Katz (harmonic analysis and combinatorics), each of whom will deliver a four-hour series of  lectures. The seminar format provides ample opportunity for graduate students, postdocs, and other young scientists to present their work.</AbstractNarration>
<MinAmdLetterDate>11/26/2013</MinAmdLetterDate>
<MaxAmdLetterDate>11/26/2013</MaxAmdLetterDate>
<ARRAAmount/>
<AwardID>1400019</AwardID>
<Investigator>
<FirstName>Artem</FirstName>
<LastName>Zvavitch</LastName>
<EmailAddress>zvavitch@math.kent.edu</EmailAddress>
<StartDate>11/26/2013</StartDate>
<EndDate/>
<RoleCode>Co-Principal Investigator</RoleCode>
</Investigator>
<Investigator>
<FirstName>Benjamin</FirstName>
<LastName>Jaye</LastName>
<EmailAddress>bjaye@kent.edu</EmailAddress>
<StartDate>11/26/2013</StartDate>
<EndDate/>
<RoleCode>Principal Investigator</RoleCode>
</Investigator>
<Investigator>
<FirstName>Dmitry</FirstName>
<LastName>Ryabogin</LastName>
<EmailAddress>ryabogin@math.kent.edu</EmailAddress>
<StartDate>11/26/2013</StartDate>
<EndDate/>
<RoleCode>Co-Principal Investigator</RoleCode>
</Investigator>
<Investigator>
<FirstName>Fedor</FirstName>
<LastName>Nazarov</LastName>
<EmailAddress>nazarov@math.kent.edu</EmailAddress>
<StartDate>11/26/2013</StartDate>
<EndDate/>
<RoleCode>Co-Principal Investigator</RoleCode>
</Investigator>
<Institution>
<Name>Kent State University</Name>
<CityName>KENT</CityName>
<ZipCode>442420001</ZipCode>
<PhoneNumber>3306722070</PhoneNumber>
<StreetAddress>OFFICE OF THE COMPTROLLER</StreetAddress>
<CountryName>United States</CountryName>
<StateName>Ohio</StateName>
<StateCode>OH</StateCode>
</Institution>
<ProgramElement>
<Code>1281</Code>
<Text>ANALYSIS PROGRAM</Text>
</ProgramElement>
<ProgramReference>
<Code>7556</Code>
<Text>CONFERENCE AND WORKSHOPS</Text>
</ProgramReference>
</Award>
</rootTag>
