<?xml version="1.0" encoding="UTF-8"?>
<rootTag>
<Award>
<AwardTitle>Systemic Change Through Process Technology</AwardTitle>
<AwardEffectiveDate>09/01/2014</AwardEffectiveDate>
<AwardExpirationDate>08/31/2018</AwardExpirationDate>
<AwardAmount>199828</AwardAmount>
<AwardInstrument>
<Value>Standard Grant</Value>
</AwardInstrument>
<Organization>
<Code>11040100</Code>
<Directorate>
<LongName>Direct For Education and Human Resources</LongName>
</Directorate>
<Division>
<LongName>Division Of Undergraduate Education</LongName>
</Division>
</Organization>
<ProgramOfficer>
<SignBlockName>Elizabeth Teles</SignBlockName>
</ProgramOfficer>
<AbstractNarration>The tri-state region of Pennsylvania (PA), West Virginia, and Ohio has a high density of industries that require a technologically skilled workforce; in particular, highly-skilled and well-educated process technicians. To address this need, the Community College of Beaver County in collaboration with local high schools, the Beaver County Career and Technical Center, five community colleges in Texas, and four regional industry partners are developing an associate degree in process technology. Regional assets to support this effort include the necessary infrastructure for expansion of the types of industries that employ process technicians, abundant natural resources, human capital, and existing industries. The college is geographically located in the center of two prime shale natural gas resource areas and close to a chemical, energy, and manufacturing corridor. Existing petrochemical facilities include NOVA Chemicals and BASF and a site targeted by Shell Oil for the construction of an ethane cracker plant. The goal of the project is to identify and prepare a diverse human capital stream to meet the current and future process technology industry needs in the tri-state region. Specific objectives are to (1) enhance and develop industrial and community partnerships; (2) adopt, customize, and implement a Texas-based process technology curriculum; (3) develop a Career Pathways Program for high school students, and articulation agreements with four-year colleges and universities; and (4) increase enrollment and retention of women in process technology programs.&lt;br/&gt;&lt;br/&gt;The curriculum is being made available to 14 community colleges in PA and other institutions in the tri-state region.  The Career Pathways Program and articulations may be adapted and adopted by other process technology programs across the nation at high schools, community colleges and universities. In addition to regional and state-wide partnerships, the college has strong networks across the United States through the Strategic Horizons Network, Achieving the Dream, the American Association of Community Colleges and the League for Innovation in the Community College. Project knowledge is being shared through presentations at regional and national conferences and by hosting delegations with similar program interests. In collaboration with the National Institute for Women in Trades &amp; Technology, the college is developing outreach and recruitment efforts to increase enrollment of female students in science, technology, engineering, and mathematics (STEM) fields to benefit society as a whole. &lt;br/&gt;&lt;br/&gt;The Texas-based North American Process Technology Alliance curriculum, developed under an ATE grant, is being adapted to include an associate degree, stackable credentials, and non-credit articulations to allow graduates to start or stop out at different points. It is being customized for competency-based, hybrid delivery for inclusion of incumbent workers. The project is also developing a Career Pathways Program for middle-school and high-school students through the creation of Career Awareness Workshops and dual enrollment opportunities for recruitment. Networks of support from higher education, industry and government are critically important to the recruitment and retention of all students in technology and engineering programs. The curriculum is designed to provide a broad base of mathematics, science, computer literacy, process technology, soft skills (reliability, leadership, communication, and conflict resolution) and hands-on mechanical aptitude development.</AbstractNarration>
<MinAmdLetterDate>07/23/2014</MinAmdLetterDate>
<MaxAmdLetterDate>12/19/2017</MaxAmdLetterDate>
<ARRAAmount/>
<AwardID>1400503</AwardID>
<Investigator>
<FirstName>Pradeep</FirstName>
<LastName>Kumar</LastName>
<EmailAddress>jppradeep.kumar@ccbc.edu</EmailAddress>
<StartDate>07/23/2014</StartDate>
<EndDate>07/07/2016</EndDate>
<RoleCode>Former Principal Investigator</RoleCode>
</Investigator>
<Investigator>
<FirstName>Hugh</FirstName>
<LastName>Gallagher</LastName>
<EmailAddress>hugh.gallagher@ccbc.edu</EmailAddress>
<StartDate>12/19/2017</StartDate>
<EndDate/>
<RoleCode>Principal Investigator</RoleCode>
</Investigator>
<Investigator>
<FirstName>Sarajane</FirstName>
<LastName>Hill</LastName>
<EmailAddress>sarajane.hill@ccbc.edu</EmailAddress>
<StartDate>07/07/2016</StartDate>
<EndDate>12/19/2017</EndDate>
<RoleCode>Former Principal Investigator</RoleCode>
</Investigator>
<Institution>
<Name>Community College of Beaver County</Name>
<CityName>Monaca</CityName>
<ZipCode>150612566</ZipCode>
<PhoneNumber>7244803460</PhoneNumber>
<StreetAddress>1 Campus Drive</StreetAddress>
<CountryName>United States</CountryName>
<StateName>Pennsylvania</StateName>
<StateCode>PA</StateCode>
</Institution>
<ProgramElement>
<Code>7412</Code>
<Text>ADVANCED TECH EDUCATION PROG</Text>
</ProgramElement>
<ProgramReference>
<Code>1032</Code>
<Text>ADVANCED TECHNOLOGY EDUCATION</Text>
</ProgramReference>
<ProgramReference>
<Code>9178</Code>
<Text>UNDERGRADUATE EDUCATION</Text>
</ProgramReference>
<ProgramReference>
<Code>SMET</Code>
<Text>SCIENCE, MATH, ENG &amp; TECH EDUCATION</Text>
</ProgramReference>
</Award>
</rootTag>
