<?xml version="1.0" encoding="UTF-8"?>
<rootTag>
<Award>
<AwardTitle>Faculty Development for Technician Education in Welding, Materials Joining, and Non-Destructive Testing</AwardTitle>
<AwardEffectiveDate>07/01/2014</AwardEffectiveDate>
<AwardExpirationDate>05/31/2017</AwardExpirationDate>
<AwardAmount>197944</AwardAmount>
<AwardInstrument>
<Value>Standard Grant</Value>
</AwardInstrument>
<Organization>
<Code>11040100</Code>
<Directorate>
<LongName>Direct For Education and Human Resources</LongName>
</Directorate>
<Division>
<LongName>Division Of Undergraduate Education</LongName>
</Division>
</Organization>
<ProgramOfficer>
<SignBlockName>Elizabeth Teles</SignBlockName>
</ProgramOfficer>
<AbstractNarration>There is a well-documented and growing need in industry for certified welding, materials joining, and nondestructive testing technicians. Chattanooga State Community College in collaboration with regional industry and the ATE National Center for Welding Education and Training (Weld-Ed) are addressing this challenge by providing faculty development to equip regional community college faculty and high school welding instructors with recruitment strategies and the necessary knowledge and skills to prepare students for nationally recognized skills certifications in critical need areas. A key goal of this project is to advance the knowledge of these welding instructors through a professional development workshop and follow-up activities that address the principles of advanced materials joining and the standards for welding and welding inspection certification. &lt;br/&gt;&lt;br/&gt;While the professional development workshop is being offered to instructors, the benefits of the training are far-reaching. Approximately 15 institutions (high schools, 2- and 4-year colleges, and vocational centers) provide welding instruction within the region served by the college. Students in these institutions, whose instructors participate in the workshop, are benefitting from the instructional materials developed and provided to all participants. Students who are introduced to welding inspection may choose to pursue an Associate of Applied Science (AAS) Degree in Engineering Technology with a concentration in Nondestructive Testing Technology. Through an articulation agreement with the University of Tennessee at Chattanooga (UTC), individuals who earn an AAS degree in Engineering Technology may continue their education at UTC in pursuit of a baccalaureate degree in Engineering Technology Management. Career prospects are being enhanced for individuals regardless of whether they choose to earn welding or welding inspection certifications or seek to obtain college degrees.&lt;br/&gt;&lt;br/&gt;The College offers 21 engineering technology programs that prepare technicians in advanced technology fields, including Welding Engineering Technology and Nondestructive Testing. The Nondestructive Testing program at the college has been accredited by the Engineering Technology Accreditation Commission of ABET that is recognized as the worldwide leader in assuring quality and stimulating innovation in applied science, computing, engineering, and engineering technology education. The college is the first and only institution within the United States to earn this distinction. This project is leveraging expertise at the college by adapting Weld-Ed curriculum resources to provide faculty development that is updating and expanding welding, materials joining, and nondestructive education in the region and increasing the number of nationally certified technicians available to industry. Participants are also being equipped with strategies and resources for student recruitment for the targeted courses and programs.</AbstractNarration>
<MinAmdLetterDate>04/22/2014</MinAmdLetterDate>
<MaxAmdLetterDate>04/22/2014</MaxAmdLetterDate>
<ARRAAmount/>
<AwardID>1400530</AwardID>
<Investigator>
<FirstName>Lyn</FirstName>
<LastName>Potter</LastName>
<EmailAddress>lyn.potter@chattanoogastate.edu</EmailAddress>
<StartDate>04/22/2014</StartDate>
<EndDate/>
<RoleCode>Co-Principal Investigator</RoleCode>
</Investigator>
<Investigator>
<FirstName>Susan</FirstName>
<LastName>Ruta</LastName>
<EmailAddress>susan.ruta@chattanoogastate.edu</EmailAddress>
<StartDate>04/22/2014</StartDate>
<EndDate/>
<RoleCode>Co-Principal Investigator</RoleCode>
</Investigator>
<Investigator>
<FirstName>Jacqueline</FirstName>
<LastName>Smith</LastName>
<EmailAddress>Jacqueline.smith@chattanoogastate.edu</EmailAddress>
<StartDate>04/22/2014</StartDate>
<EndDate/>
<RoleCode>Principal Investigator</RoleCode>
</Investigator>
<Institution>
<Name>Chattanooga State Community College</Name>
<CityName>Chattanooga</CityName>
<ZipCode>374061097</ZipCode>
<PhoneNumber>4236974455</PhoneNumber>
<StreetAddress>4501 Amnicola Highway</StreetAddress>
<CountryName>United States</CountryName>
<StateName>Tennessee</StateName>
<StateCode>TN</StateCode>
</Institution>
<ProgramElement>
<Code>7412</Code>
<Text>ADVANCED TECH EDUCATION PROG</Text>
</ProgramElement>
<ProgramReference>
<Code>1032</Code>
<Text>ADVANCED TECHNOLOGY EDUCATION</Text>
</ProgramReference>
<ProgramReference>
<Code>9150</Code>
<Text>EXP PROG TO STIM COMP RES</Text>
</ProgramReference>
<ProgramReference>
<Code>9178</Code>
<Text>UNDERGRADUATE EDUCATION</Text>
</ProgramReference>
<ProgramReference>
<Code>SMET</Code>
<Text>SCIENCE, MATH, ENG &amp; TECH EDUCATION</Text>
</ProgramReference>
</Award>
</rootTag>
