<?xml version="1.0" encoding="UTF-8"?>
<rootTag>
<Award>
<AwardTitle>Facilities Support:   SOPAC GNSS Infrastructure and Real-time Operations</AwardTitle>
<AwardEffectiveDate>07/01/2014</AwardEffectiveDate>
<AwardExpirationDate>06/30/2018</AwardExpirationDate>
<AwardAmount>320000</AwardAmount>
<AwardInstrument>
<Value>Continuing grant</Value>
</AwardInstrument>
<Organization>
<Code>06030202</Code>
<Directorate>
<LongName>Directorate For Geosciences</LongName>
</Directorate>
<Division>
<LongName>Division Of Earth Sciences</LongName>
</Division>
</Organization>
<ProgramOfficer>
<SignBlockName>Russell C. Kelz</SignBlockName>
</ProgramOfficer>
<AbstractNarration>1400901&lt;br/&gt;Bock&lt;br/&gt;&lt;br/&gt;This grant supports facility operations of the Scripps Orbit and Permanent Array Center (SOPAC) over a four year period.  SOPAC activities include the collection archiving and dissemination of some 800 GPS stations worldwide that are not currently available through the UNAVCO archive.  In addition SOPAC provides daily GPS satellite orbit corrections as Global Analysis Center for the International Global Navigation Satellite System (GNSS) Network that benefit geodetic studies worldwide through improved reference frame determinations.  SOPAC activities also support non-academic users requiring precise (real-time and post-processed) positioning and reference system data including government agencies, the commercial sector, and local, state, federal, and international agencies (e.g., surveying, GIS, agriculture, intelligent transportation, engineering infrastructure).  &lt;br/&gt;&lt;br/&gt;***</AbstractNarration>
<MinAmdLetterDate>07/07/2014</MinAmdLetterDate>
<MaxAmdLetterDate>06/01/2017</MaxAmdLetterDate>
<ARRAAmount/>
<AwardID>1400901</AwardID>
<Investigator>
<FirstName>Jennifer</FirstName>
<LastName>Haase</LastName>
<EmailAddress>jhaase@ucsd.edu</EmailAddress>
<StartDate>07/07/2014</StartDate>
<EndDate/>
<RoleCode>Co-Principal Investigator</RoleCode>
</Investigator>
<Investigator>
<FirstName>Yehuda</FirstName>
<LastName>Bock</LastName>
<EmailAddress>ybock@ucsd.edu</EmailAddress>
<StartDate>07/07/2014</StartDate>
<EndDate/>
<RoleCode>Principal Investigator</RoleCode>
</Investigator>
<Institution>
<Name>University of California-San Diego Scripps Inst of Oceanography</Name>
<CityName>LA JOLLA</CityName>
<ZipCode>920930210</ZipCode>
<PhoneNumber>8585341293</PhoneNumber>
<StreetAddress>8602 La Jolla Shores Dr</StreetAddress>
<CountryName>United States</CountryName>
<StateName>California</StateName>
<StateCode>CA</StateCode>
</Institution>
<ProgramElement>
<Code>1580</Code>
<Text>INSTRUMENTATION &amp; FACILITIES</Text>
</ProgramElement>
<ProgramReference>
<Code>0000</Code>
<Text>UNASSIGNED</Text>
</ProgramReference>
</Award>
</rootTag>
