<?xml version="1.0" encoding="UTF-8"?>
<rootTag>
<Award>
<AwardTitle>Collaborative Research:  Nanomanufacturing of High-performance Graphene-based Electrocatalysts for Efficient Energy Conversion</AwardTitle>
<AwardEffectiveDate>07/01/2014</AwardEffectiveDate>
<AwardExpirationDate>06/30/2018</AwardExpirationDate>
<AwardAmount>211383</AwardAmount>
<AwardInstrument>
<Value>Standard Grant</Value>
</AwardInstrument>
<Organization>
<Code>07030000</Code>
<Directorate>
<LongName>Directorate For Engineering</LongName>
</Directorate>
<Division>
<LongName>Div Of Civil, Mechanical, &amp; Manufact Inn</LongName>
</Division>
</Organization>
<ProgramOfficer>
<SignBlockName>Khershed Cooper</SignBlockName>
</ProgramOfficer>
<AbstractNarration>Green and renewable energy generation from water and sunlight holds great promise to solve the present energy and environmental challenges. The fuel cell technology, which utilizes light-induced water-splitting to produce oxygen and hydrogen gases coupled with the electrochemical reaction of these gases, offers a viable approach to electricity generation directly from water and sunlight. However, catalysts are required to facilitate the electrochemistry. Platinum is the state-of-the-art catalyst, but its limited resources and high cost have restricted commercialization of these renewable energy technologies. If properly functionalized, graphene, a single layer of carbon atoms placed in a hexagonal pattern, can replace expensive platinum as a high-performance catalyst for clean and renewable energy generation from water and sunlight. However, its applications to the market are hindered by the lack of approaches for large scale production of high-quality graphene at low-cost. This research is to fill the knowledge gap on manufacturing of high-performance graphene-based catalysts for energy applications. This project is to develop a novel scalable, low-cost, and eco-friendly ball milling technology that directly transforms conventional graphite - or pencil lead - into graphene-based catalysts. This technology will pave the way for more efficient and lower-cost fuel cells and batteries (e.g., lithium-air batteries) for commercial applications.&lt;br/&gt;&lt;br/&gt;Edge-functionalized graphene has been demonstrated as high-performance electrocatalysts for energy conversion and storage. This project aims at developing a ball milling process that directly converts bulk graphite into edge-functionalized graphene flakes. The molecular structural change during the ball milling is characterized using advanced analytic tools. In addition, molecular simulations of self-exfoliation and edge-functionalization processes are carried out using first-principles methods. Characterization and simulation tasks will be performed together to better understand the basic mechanochemical reactions and graphite-to-graphene structural evolution in ball milling, and to guide the materials and process development. The success of this project will provide a generic approach for scalable nanomanufacturing of graphene-based catalysts for energy devices, including fuel cells and metal-air batteries. Along with these research and development activities, an associated education program will be carried out to provide research training and education opportunities to all levels of students.</AbstractNarration>
<MinAmdLetterDate>06/06/2014</MinAmdLetterDate>
<MaxAmdLetterDate>06/06/2014</MaxAmdLetterDate>
<ARRAAmount/>
<AwardID>1400274</AwardID>
<Investigator>
<FirstName>Liming</FirstName>
<LastName>Dai</LastName>
<EmailAddress>liming.dai@case.edu</EmailAddress>
<StartDate>06/06/2014</StartDate>
<EndDate/>
<RoleCode>Principal Investigator</RoleCode>
</Investigator>
<Institution>
<Name>Case Western Reserve University</Name>
<CityName>CLEVELAND</CityName>
<ZipCode>441064901</ZipCode>
<PhoneNumber>2163684510</PhoneNumber>
<StreetAddress>Nord Hall, Suite 615</StreetAddress>
<CountryName>United States</CountryName>
<StateName>Ohio</StateName>
<StateCode>OH</StateCode>
</Institution>
<ProgramElement>
<Code>1788</Code>
<Text>NANOMANUFACTURING</Text>
</ProgramElement>
<ProgramReference>
<Code>082E</Code>
<Text>MFG MACHINES &amp; METROLOGY</Text>
</ProgramReference>
<ProgramReference>
<Code>083E</Code>
<Text>MATERIAL TRANSFORMATION PROC</Text>
</ProgramReference>
<ProgramReference>
<Code>084E</Code>
<Text>NANOMANUFACTURING</Text>
</ProgramReference>
<ProgramReference>
<Code>9146</Code>
<Text>MANUFACTURING BASE RESEARCH</Text>
</ProgramReference>
<ProgramReference>
<Code>MANU</Code>
<Text>MANUFACTURING</Text>
</ProgramReference>
</Award>
</rootTag>
