<?xml version="1.0" encoding="UTF-8"?>
<rootTag>
<Award>
<AwardTitle>LSAMP Bridge to the Baccalaureate:  North Carolina STEM Alliance (NCSA)</AwardTitle>
<AwardEffectiveDate>02/15/2015</AwardEffectiveDate>
<AwardExpirationDate>01/31/2019</AwardExpirationDate>
<AwardAmount>1499293</AwardAmount>
<AwardInstrument>
<Value>Continuing grant</Value>
</AwardInstrument>
<Organization>
<Code>11060000</Code>
<Directorate>
<LongName>Direct For Education and Human Resources</LongName>
</Directorate>
<Division>
<LongName>Division Of Human Resource Development</LongName>
</Division>
</Organization>
<ProgramOfficer>
<SignBlockName>Martha L. James</SignBlockName>
</ProgramOfficer>
<AbstractNarration>The Louis Stokes Alliances for Minority Participation (LSAMP) program assists universities and colleges in diversifying the STEM workforce through their efforts at significantly increasing the numbers of students from historically underrepresented minority populations to successfully complete high quality degree programs in science, technology, engineering and mathematics (STEM) disciplines.  The LSAMP Bridge to the Baccalaureate (B2B) funding opportunity provides support for historically underrepresented minority STEM students who begin their instruction at a community college with the intent to transfer into 4-year STEM degree programs in addition to other infrastructure support such as STEM faculty professional development. The North Carolina STEM Alliance (NCSA), under the leadership of Central Piedmont Community College (CPCC), is a community college alliance consisting of CPCC, Davidson County Community College (DCCC) and Guilford Technical Community College (GTCC).  The alliance will implement a variety of activities that could potentially increase the participation of underrepresented minorities and veterans in STEM disciplines and ensure that all populations have the opportunity to succeed in STEM careers thereby increase the nation's competitiveness.&lt;br/&gt;&lt;br/&gt;The goals of the project are to increase the number of underrepresented minority (URM) students who transfer to university STEM programs.  The NCSA will reach this goal through targeted engagement, career exploration, and dual enrollment.   Activities that will be implemented to mitigate barriers for community college students, particularly URMs, include: contextualized curriculum, targeted academic support, coaching and proactive advising, research and career experiences, professional development, K-16 curriculum alignment and faculty professional development.  Presentations and scholarly publications produced by the project will be shared with national community college and other workforce stakeholder organizations.</AbstractNarration>
<MinAmdLetterDate>02/09/2015</MinAmdLetterDate>
<MaxAmdLetterDate>09/26/2017</MaxAmdLetterDate>
<ARRAAmount/>
<AwardID>1400792</AwardID>
<Investigator>
<FirstName>Kiani</FirstName>
<LastName>Gardner</LastName>
<EmailAddress>kagardner@gtcc.edu</EmailAddress>
<StartDate>02/09/2015</StartDate>
<EndDate/>
<RoleCode>Co-Principal Investigator</RoleCode>
</Investigator>
<Investigator>
<FirstName>Bruce</FirstName>
<LastName>Johnson</LastName>
<EmailAddress>bruce.johnson@cpcc.edu</EmailAddress>
<StartDate>09/26/2017</StartDate>
<EndDate/>
<RoleCode>Co-Principal Investigator</RoleCode>
</Investigator>
<Investigator>
<FirstName>Richard</FirstName>
<LastName>Zollinger</LastName>
<EmailAddress>richard.zollinger@cpcc.edu</EmailAddress>
<StartDate>07/03/2017</StartDate>
<EndDate/>
<RoleCode>Principal Investigator</RoleCode>
</Investigator>
<Investigator>
<FirstName>Jennifer</FirstName>
<LastName>Comer</LastName>
<EmailAddress>jennifer_comer@davidsonccc.edu</EmailAddress>
<StartDate>12/15/2015</StartDate>
<EndDate/>
<RoleCode>Co-Principal Investigator</RoleCode>
</Investigator>
<Investigator>
<FirstName>Paul</FirstName>
<LastName>Zeiss</LastName>
<EmailAddress>tony.zeiss@cpcc.edu</EmailAddress>
<StartDate>02/09/2015</StartDate>
<EndDate>12/07/2016</EndDate>
<RoleCode>Former Principal Investigator</RoleCode>
</Investigator>
<Investigator>
<FirstName>Bruce</FirstName>
<LastName>Johnson</LastName>
<EmailAddress>bruce.johnson@cpcc.edu</EmailAddress>
<StartDate>12/07/2016</StartDate>
<EndDate>09/26/2017</EndDate>
<RoleCode>Former Principal Investigator</RoleCode>
</Investigator>
<Investigator>
<FirstName>Bruce</FirstName>
<LastName>Johnson</LastName>
<EmailAddress>bruce.johnson@cpcc.edu</EmailAddress>
<StartDate>02/09/2015</StartDate>
<EndDate>12/07/2016</EndDate>
<RoleCode>Former Co-Principal Investigator</RoleCode>
</Investigator>
<Investigator>
<FirstName>Dana</FirstName>
<LastName>Jafroodi</LastName>
<EmailAddress>dmjafroo@davidsonccc.edu</EmailAddress>
<StartDate>02/09/2015</StartDate>
<EndDate>12/15/2015</EndDate>
<RoleCode>Former Co-Principal Investigator</RoleCode>
</Investigator>
<Investigator>
<FirstName>Michael</FirstName>
<LastName>Horn</LastName>
<EmailAddress>michael.horn@cpcc.edu</EmailAddress>
<StartDate>06/30/2015</StartDate>
<EndDate/>
<RoleCode>Co-Principal Investigator</RoleCode>
</Investigator>
<Institution>
<Name>Central Piedmont Community College</Name>
<CityName>Charlotte</CityName>
<ZipCode>282355009</ZipCode>
<PhoneNumber>7043305963</PhoneNumber>
<StreetAddress>P O BOX 35009</StreetAddress>
<CountryName>United States</CountryName>
<StateName>North Carolina</StateName>
<StateCode>NC</StateCode>
</Institution>
<ProgramElement>
<Code>9133</Code>
<Text>ALLIANCES-MINORITY PARTICIPAT.</Text>
</ProgramElement>
<ProgramReference>
<Code>9178</Code>
<Text>UNDERGRADUATE EDUCATION</Text>
</ProgramReference>
</Award>
</rootTag>
