<?xml version="1.0" encoding="UTF-8"?>
<rootTag>
<Award>
<AwardTitle>Increasing the Number of Women in Technical Careers: Online Professional Development of Leadership Teams at Community Colleges</AwardTitle>
<AwardEffectiveDate>08/01/2014</AwardEffectiveDate>
<AwardExpirationDate>12/31/2018</AwardExpirationDate>
<AwardAmount>1093813</AwardAmount>
<AwardInstrument>
<Value>Standard Grant</Value>
</AwardInstrument>
<Organization>
<Code>11040100</Code>
<Directorate>
<LongName>Direct For Education and Human Resources</LongName>
</Directorate>
<Division>
<LongName>Division Of Undergraduate Education</LongName>
</Division>
</Organization>
<ProgramOfficer>
<SignBlockName>V. Celeste  Carter</SignBlockName>
</ProgramOfficer>
<AbstractNarration>The Institute for Women in Trades, Technology &amp; Science (IWITTS) provides online professional development about evidence-based practices in outreach, teaching skills and learning to increase enrollment and retention of women in community college STEM courses.  This project focuses on professional development of leadership teams from community colleges with ATE projects and centers that support technician education in emerging technology fields of vital importance to the US.  Webinars are being developed to help colleges assess their present efforts in recruiting and retaining female students in STEM disciplines and how to form and maintain a leadership team.  In an online, twenty-five hour, professional development sequence, the teams learn about evidence-based practices and are mentored in developing and implementing Recruitment and Retention Plans.  An electronically-scored Institutional Assessment Tool helps teams in pinpointing what practices they need to carry out to close the gap and broaden participation.  The Women in STEM Toolkit includes easy-to-use checklists on recruitment and retention, resources for online recruiting, and a bibliography of off-the-shelf curriculum resources that educators can incorporate into their classes to better reach female students.  Dissemination is to community college STEM educators via national conferences that disseminate literature on women in STEM, webinars, social media, and peer-reviewed papers or articles.   &lt;br/&gt;&lt;br/&gt;A National Advisory Committee supports and offers input to the project and provides formative feedback on project implementation.  An external evaluator provides information on the percent of teams that find the information useful, develop plans, implement them and increase enrollments of women.  Surveys after the training and six months later are used to determine the components of the training that proved the most useful.  A case study methodology is used to look in-depth at a sample of colleges that have successfully implemented their recruitment and retention plans.  &lt;br/&gt;&lt;br/&gt;The National Women in STEM Broadening Impacts Project provides evidence-based mechanisms to increase the number of women in technical programs in community colleges.  The mechanisms can be applied to other disciplines and educational institutions as well.</AbstractNarration>
<MinAmdLetterDate>07/16/2014</MinAmdLetterDate>
<MaxAmdLetterDate>08/25/2017</MaxAmdLetterDate>
<ARRAAmount/>
<AwardID>1400531</AwardID>
<Investigator>
<FirstName>Donna</FirstName>
<LastName>Milgram</LastName>
<EmailAddress>donna_milgram@iwitts.org</EmailAddress>
<StartDate>07/16/2014</StartDate>
<EndDate/>
<RoleCode>Principal Investigator</RoleCode>
</Investigator>
<Investigator>
<FirstName>Gordon</FirstName>
<LastName>Snyder</LastName>
<EmailAddress>gordonfsnyder@gmail.com</EmailAddress>
<StartDate>07/16/2014</StartDate>
<EndDate/>
<RoleCode>Co-Principal Investigator</RoleCode>
</Investigator>
<Institution>
<Name>Institute for Women in Trades, Technology and Science</Name>
<CityName>Alameda</CityName>
<ZipCode>945013696</ZipCode>
<PhoneNumber>5107490200</PhoneNumber>
<StreetAddress>1150 Ballena Blvd., Suite 102</StreetAddress>
<CountryName>United States</CountryName>
<StateName>California</StateName>
<StateCode>CA</StateCode>
</Institution>
<ProgramElement>
<Code>7412</Code>
<Text>ADVANCED TECH EDUCATION PROG</Text>
</ProgramElement>
<ProgramReference>
<Code>1032</Code>
<Text>ADVANCED TECHNOLOGY EDUCATION</Text>
</ProgramReference>
<ProgramReference>
<Code>9178</Code>
<Text>UNDERGRADUATE EDUCATION</Text>
</ProgramReference>
<ProgramReference>
<Code>SMET</Code>
<Text>SCIENCE, MATH, ENG &amp; TECH EDUCATION</Text>
</ProgramReference>
</Award>
</rootTag>
