<?xml version="1.0" encoding="UTF-8"?>
<rootTag>
<Award>
<AwardTitle>ReVAMP: Revising Vacuum technology, an Advanced Manufacturing Program</AwardTitle>
<AwardEffectiveDate>10/01/2014</AwardEffectiveDate>
<AwardExpirationDate>06/30/2018</AwardExpirationDate>
<AwardAmount>793736</AwardAmount>
<AwardInstrument>
<Value>Standard Grant</Value>
</AwardInstrument>
<Organization>
<Code>11040100</Code>
<Directorate>
<LongName>Direct For Education and Human Resources</LongName>
</Directorate>
<Division>
<LongName>Division Of Undergraduate Education</LongName>
</Division>
</Organization>
<ProgramOfficer>
<SignBlockName>Heather Watson</SignBlockName>
</ProgramOfficer>
<AbstractNarration>Vacuum processes are integral to research in nanoscience, medical device development, and advanced physics as well as advanced manufacturing of products such as hybrid cars, computers, flat screen televisions, and solar panels. In spite of vacuum technology's ubiquitous presence, the numbers of technicians needed in any given region is relatively small and the post-secondary education options for this specialized field are rare. This project will develop a cost-effective program that can provide geographically dispersed businesses and research institutions with highly-skilled technicians in this critical technology via a combination of distance education and hands-on instruction.  Normandale Community College will partner with businesses and two- and four-year institutions in Minnesota, Wisconsin, and New York to expand the reach of its certificate and associate degree programs in vacuum technology. &lt;br/&gt;&lt;br/&gt;The project will 1) pilot the delivery of a distance education model that combines high-definition telepresence technology with hands-on instruction using a mobile, fully-functional vacuum trainer system; 2) validate the competencies required by industries that rely on vacuum technology and develop assessments to measure learner mastery of concepts; and 3) revise, as needed, the vacuum technology curriculum and vacuum trainer system to provide rigorous academic and hands-on learning aligned with industry needs and incorporate a modular structure to facilitate flexible options for customized training and regional customization based on dominant industry sectors. &lt;br/&gt;&lt;br/&gt;This project will advance knowledge of equipment maintenance technician occupations, specifically those who service vacuum systems, and their education. It fills a gap in the continuum of education and training for technicians able to support and maintain vacuum systems by providing smaller markets with access to technician education.</AbstractNarration>
<MinAmdLetterDate>07/12/2014</MinAmdLetterDate>
<MaxAmdLetterDate>07/12/2014</MaxAmdLetterDate>
<ARRAAmount/>
<AwardID>1400408</AwardID>
<Investigator>
<FirstName>Delmer</FirstName>
<LastName>Smith</LastName>
<EmailAddress>delmer.smith@normandale.edu</EmailAddress>
<StartDate>07/12/2014</StartDate>
<EndDate/>
<RoleCode>Principal Investigator</RoleCode>
</Investigator>
<Investigator>
<FirstName>Nancy</FirstName>
<LastName>Louwagie</LastName>
<EmailAddress>nancy.louwagie@normandale.edu</EmailAddress>
<StartDate>07/12/2014</StartDate>
<EndDate/>
<RoleCode>Co-Principal Investigator</RoleCode>
</Investigator>
<Institution>
<Name>Normandale Community College</Name>
<CityName>Bloomington</CityName>
<ZipCode>554314309</ZipCode>
<PhoneNumber>9523589045</PhoneNumber>
<StreetAddress>9700 France Ave South</StreetAddress>
<CountryName>United States</CountryName>
<StateName>Minnesota</StateName>
<StateCode>MN</StateCode>
</Institution>
<ProgramElement>
<Code>1536</Code>
<Text>S-STEM:SCHLR SCI TECH ENG&amp;MATH</Text>
</ProgramElement>
<ProgramElement>
<Code>7412</Code>
<Text>ADVANCED TECH EDUCATION PROG</Text>
</ProgramElement>
<ProgramReference>
<Code>1032</Code>
<Text>ADVANCED TECHNOLOGY EDUCATION</Text>
</ProgramReference>
<ProgramReference>
<Code>9178</Code>
<Text>UNDERGRADUATE EDUCATION</Text>
</ProgramReference>
<ProgramReference>
<Code>SMET</Code>
<Text>SCIENCE, MATH, ENG &amp; TECH EDUCATION</Text>
</ProgramReference>
</Award>
</rootTag>
