<?xml version="1.0" encoding="UTF-8"?>
<rootTag>
<Award>
<AwardTitle>Resolving Parametric Misspecification: Joint Schemes for Computation and Learning</AwardTitle>
<AwardEffectiveDate>08/01/2014</AwardEffectiveDate>
<AwardExpirationDate>07/31/2018</AwardExpirationDate>
<AwardAmount>300000</AwardAmount>
<AwardInstrument>
<Value>Standard Grant</Value>
</AwardInstrument>
<Organization>
<Code>07030000</Code>
<Directorate>
<LongName>Directorate For Engineering</LongName>
</Directorate>
<Division>
<LongName>Div Of Civil, Mechanical, &amp; Manufact Inn</LongName>
</Division>
</Organization>
<ProgramOfficer>
<SignBlockName>Georgia-Ann Klutke</SignBlockName>
</ProgramOfficer>
<AbstractNarration>The objective of this research is to consider the solution of convex optimization and variational inequality problems complicated by misspecified parameters. A possibly naive sequential approach would first (i) estimate the problem parameters accurately through learning; and then (ii) solve the associated computational problem. Unfortunately, as the learning problems grow in size and complexity, such a framework is hampered by the significant increase in solution time to obtain accurate parameter estimates. Furthermore, any parameter estimation error propagates to the computational problem, possibly with devastating impact. Accordingly, on contrary to the naïve sequential approach, this research will aim to develop gradient-based algorithms that can simultaneously learn the misspecified parameter and solve the computational problem corresponding to the correct parameter. More generally, these coupled schemes will be shown to be capable of contending with problem intricacies such as uncertainty and nonsmoothness. Importantly, this methodology will cope with situations where the observations used in the learning problem may depend on the computational process. The research will emphasize the development of global convergence statements, iteration complexity results, regret bounds with reference to offline algorithms, and trade-offs between exploration and exploitation.&lt;br/&gt;&lt;br/&gt;If successful, this research will find impact at several levels. At a fundamental level, this research is expected to lead to new truly adaptive algorithms that can both learn parameters and optimize the associated systems simultaneously. The algorithms will make impact through addressing a wide range of large-scale application problems that are complicated by misspecification, including portfolio selection problems and distributed optimization of networked systems. Finally, the educational component of this project will comprise of undergraduate research projects and high school course modules.</AbstractNarration>
<MinAmdLetterDate>02/24/2014</MinAmdLetterDate>
<MaxAmdLetterDate>02/24/2014</MaxAmdLetterDate>
<ARRAAmount/>
<AwardID>1400217</AwardID>
<Investigator>
<FirstName>Uday</FirstName>
<LastName>Shanbhag</LastName>
<EmailAddress>udaybag@psu.edu</EmailAddress>
<StartDate>02/24/2014</StartDate>
<EndDate/>
<RoleCode>Principal Investigator</RoleCode>
</Investigator>
<Investigator>
<FirstName>Necdet</FirstName>
<LastName>Aybat</LastName>
<EmailAddress>nsa10@psu.edu</EmailAddress>
<StartDate>02/24/2014</StartDate>
<EndDate/>
<RoleCode>Co-Principal Investigator</RoleCode>
</Investigator>
<Institution>
<Name>Pennsylvania State Univ University Park</Name>
<CityName>UNIVERSITY PARK</CityName>
<ZipCode>168027000</ZipCode>
<PhoneNumber>8148651372</PhoneNumber>
<StreetAddress>110 Technology Center Building</StreetAddress>
<CountryName>United States</CountryName>
<StateName>Pennsylvania</StateName>
<StateCode>PA</StateCode>
</Institution>
<ProgramElement>
<Code>5514</Code>
<Text>OPERATIONS RESEARCH</Text>
</ProgramElement>
<ProgramReference>
<Code>072E</Code>
<Text>NETWORKS &amp; QUEUING SYSTEMS</Text>
</ProgramReference>
<ProgramReference>
<Code>073E</Code>
<Text>OPTIMIZATION &amp; DECISION MAKING</Text>
</ProgramReference>
<ProgramReference>
<Code>077E</Code>
<Text>SIMULATION MODELS</Text>
</ProgramReference>
</Award>
</rootTag>
