<?xml version="1.0" encoding="UTF-8"?>
<rootTag>
<Award>
<AwardTitle>Dirac-type problems for hypergraphs</AwardTitle>
<AwardEffectiveDate>08/15/2014</AwardEffectiveDate>
<AwardExpirationDate>07/31/2017</AwardExpirationDate>
<AwardAmount>99476</AwardAmount>
<AwardInstrument>
<Value>Standard Grant</Value>
</AwardInstrument>
<Organization>
<Code>03040000</Code>
<Directorate>
<LongName>Direct For Mathematical &amp; Physical Scien</LongName>
</Directorate>
<Division>
<LongName>Division Of Mathematical Sciences</LongName>
</Division>
</Organization>
<ProgramOfficer>
<SignBlockName>Tomek Bartoszynski</SignBlockName>
</ProgramOfficer>
<AbstractNarration>Although Combinatorics is as old as human's ability to count, its most impressive growth has been seen only in recent decades, mainly due to the rapid development of computer science. Extremal Combinatorics deals with the problems of finding the maximum or minimum value of a function over a class of finite objects. Such problems are often related to other branches of mathematics and other fields of science, including biology, chemistry, computer science, information and coding theory. &lt;br/&gt;&lt;br/&gt;The proposed research concentrates on extremal problems for hypergraphs. Since hypergraphs have more complicated structures than graphs, generalizing results from graphs to hypergraphs is usually far from straightforward and frequently gives rise to new phenomena. For example, there are multiple ways (depending on how to define degrees and cycles in hypergraphs) to extend the classical result of Dirac on Hamilton cycles to hypergraphs -- none of them has an easy proof. The Dirac problems, and related matching and packing problems have received considerable attention lately. Modern tools, e.g., the absorbing method and the regularity method, have helped to generate new results, and yet many fundamental problems in the area remain unsolved.  The PI plans to tackle many outstanding problems in the area, developing the extremal theory of hypergraphs.</AbstractNarration>
<MinAmdLetterDate>08/05/2014</MinAmdLetterDate>
<MaxAmdLetterDate>08/05/2014</MaxAmdLetterDate>
<ARRAAmount/>
<AwardID>1400073</AwardID>
<Investigator>
<FirstName>Yi</FirstName>
<LastName>Zhao</LastName>
<EmailAddress>yzhao6@gsu.edu</EmailAddress>
<StartDate>08/05/2014</StartDate>
<EndDate/>
<RoleCode>Principal Investigator</RoleCode>
</Investigator>
<Institution>
<Name>Georgia State University Research Foundation, Inc.</Name>
<CityName>Atlanta</CityName>
<ZipCode>303032921</ZipCode>
<PhoneNumber>4044133570</PhoneNumber>
<StreetAddress>58 Edgewood Avenue</StreetAddress>
<CountryName>United States</CountryName>
<StateName>Georgia</StateName>
<StateCode>GA</StateCode>
</Institution>
<ProgramElement>
<Code>7970</Code>
<Text>Combinatorics</Text>
</ProgramElement>
</Award>
</rootTag>
