<?xml version="1.0" encoding="UTF-8"?>
<rootTag>
<Award>
<AwardTitle>Integrated, Application-Based Curriculum in Adv Mfg</AwardTitle>
<AwardEffectiveDate>08/01/2014</AwardEffectiveDate>
<AwardExpirationDate>07/31/2018</AwardExpirationDate>
<AwardAmount>199958</AwardAmount>
<AwardInstrument>
<Value>Standard Grant</Value>
</AwardInstrument>
<Organization>
<Code>11040100</Code>
<Directorate>
<LongName>Direct For Education and Human Resources</LongName>
</Directorate>
<Division>
<LongName>Division Of Undergraduate Education</LongName>
</Division>
</Organization>
<ProgramOfficer>
<SignBlockName>Heather Watson</SignBlockName>
</ProgramOfficer>
<AbstractNarration>The Application-Based Curriculum in Advanced Manufacturing (IACAM) project prepares students with integrated-manufacturing skills and enables them to meet 21st century workplace competency requirements. The project is developing an Integrated Manufacturing Technician curriculum model, creating a 'real-world' manufacturing-environment learning-lab, to provide development opportunities for college faculty through mentoring opportunities with secondary school teachers and guidance counselors who are working together to gain a better understanding of manufacturing technician needs. &lt;br/&gt;&lt;br/&gt;The curriculum model features a student-centered program, which recruits, retains, and facilitates program completion, and tracks and measures enrollment, completion, and placement data. Students are advancing through their educational pathways by finishing courses, completing certificates, earning associate degrees, and achieving a transfer option into a bachelor's degree program. Within the curriculum, students begin by studying specialized machines performing complex tasks; electricity's role as the single largest provider of power; and controlling, collecting, processing, distributing and storing critical information about machines and processes. The automation's role is taught through integrating of Programmable Logic Controllers, computer networking systems, and robots. Teaching these skills is facilitated through integrated, applied projects-based and real-life knowledge and experience of employers and faculty. Intellectual merits are rooted in the comprehensive and integrated nature of the curriculum that is to bring all stakeholders together.  &lt;br/&gt;&lt;br/&gt;Project materials and results, including student learning outcomes, are being disseminated through presentations at state and national conferences, through the College website, and through mainstream media advertising. Broader impacts are evidenced in the dissemination efforts and appropriate training of the workforce.</AbstractNarration>
<MinAmdLetterDate>07/23/2014</MinAmdLetterDate>
<MaxAmdLetterDate>08/17/2017</MaxAmdLetterDate>
<ARRAAmount/>
<AwardID>1400527</AwardID>
<Investigator>
<FirstName>Sue</FirstName>
<LastName>Babione</LastName>
<EmailAddress>sbabione@terra.edu</EmailAddress>
<StartDate>07/23/2014</StartDate>
<EndDate/>
<RoleCode>Co-Principal Investigator</RoleCode>
</Investigator>
<Investigator>
<FirstName>Jeffery</FirstName>
<LastName>Hamilton</LastName>
<EmailAddress>jhamilton01@terra.edu</EmailAddress>
<StartDate>07/23/2014</StartDate>
<EndDate/>
<RoleCode>Co-Principal Investigator</RoleCode>
</Investigator>
<Investigator>
<FirstName>Michael</FirstName>
<LastName>Smithback</LastName>
<EmailAddress>msmithback@terra.edu</EmailAddress>
<StartDate>08/17/2017</StartDate>
<EndDate/>
<RoleCode>Principal Investigator</RoleCode>
</Investigator>
<Investigator>
<FirstName>Perlberg</FirstName>
<LastName>James</LastName>
<EmailAddress>jperlberg01@terra.edu</EmailAddress>
<StartDate>07/23/2014</StartDate>
<EndDate>08/17/2017</EndDate>
<RoleCode>Former Principal Investigator</RoleCode>
</Investigator>
<Investigator>
<FirstName>Michael</FirstName>
<LastName>Smithback</LastName>
<EmailAddress>msmithback@terra.edu</EmailAddress>
<StartDate>07/23/2014</StartDate>
<EndDate>08/17/2017</EndDate>
<RoleCode>Former Co-Principal Investigator</RoleCode>
</Investigator>
<Institution>
<Name>Terra State Community College</Name>
<CityName>Fremont</CityName>
<ZipCode>434209670</ZipCode>
<PhoneNumber>4195592301</PhoneNumber>
<StreetAddress>2830 Napoleon Road</StreetAddress>
<CountryName>United States</CountryName>
<StateName>Ohio</StateName>
<StateCode>OH</StateCode>
</Institution>
<ProgramElement>
<Code>7412</Code>
<Text>ADVANCED TECH EDUCATION PROG</Text>
</ProgramElement>
<ProgramReference>
<Code>1032</Code>
<Text>ADVANCED TECHNOLOGY EDUCATION</Text>
</ProgramReference>
<ProgramReference>
<Code>9178</Code>
<Text>UNDERGRADUATE EDUCATION</Text>
</ProgramReference>
<ProgramReference>
<Code>SMET</Code>
<Text>SCIENCE, MATH, ENG &amp; TECH EDUCATION</Text>
</ProgramReference>
</Award>
</rootTag>
