<?xml version="1.0" encoding="UTF-8"?>
<rootTag>
<Award>
<AwardTitle>Automate! Building Automation Systems</AwardTitle>
<AwardEffectiveDate>09/01/2014</AwardEffectiveDate>
<AwardExpirationDate>03/31/2018</AwardExpirationDate>
<AwardAmount>823366</AwardAmount>
<AwardInstrument>
<Value>Standard Grant</Value>
</AwardInstrument>
<Organization>
<Code>11040100</Code>
<Directorate>
<LongName>Direct For Education and Human Resources</LongName>
</Directorate>
<Division>
<LongName>Division Of Undergraduate Education</LongName>
</Division>
</Organization>
<ProgramOfficer>
<SignBlockName>Stephanie August</SignBlockName>
</ProgramOfficer>
<AbstractNarration>Automate! responds to local and global needs of both industry and education. For industry, the Metropolitan Community College (MCC) BAS IT degree option is preparing skilled technicians for a variety of careers demanding strong foundations in IT concepts and skills - from critical facilities operations to advanced manufacturing, network security, energy management, and continuous commissioning. Upon completion of the BAS option IT Associates, graduates are prepared for a wide range of IT-enhanced careers such as managing interoperable facilities systems, advanced manufacturing operations, network security, general IT systems, and critical facilities such as data centers. &lt;br/&gt;&lt;br/&gt;MCC and partners are developing, field testing, and delivering learning resources for technician training through a new Building Automation Systems (BAS) option within an Information Technology Associates Degree. The primary audiences for the developed resources are two-year college students, dual credit high school BAS Academy students, and dual credit high school and college students. &lt;br/&gt;&lt;br/&gt;Eight new BAS-contextualized IT courses will be developed, including lesson plans, assessments, hands-on kits, video, and other visual based elements. Access to Automate! resources will be available through the cloud and through open online venues such as YouTube.&lt;br/&gt;&lt;br/&gt;The project is examining the effectiveness of the process of materials development; the impact of the BAS contextualized IT learning on student enrollment, performance and retention in the BAS option and the IT Associates degree track; and the value of the BAS technician training to industry.</AbstractNarration>
<MinAmdLetterDate>08/18/2014</MinAmdLetterDate>
<MaxAmdLetterDate>08/18/2014</MaxAmdLetterDate>
<ARRAAmount/>
<AwardID>1400557</AwardID>
<Investigator>
<FirstName>Thomas</FirstName>
<LastName>Pensabene</LastName>
<EmailAddress>tpensabene@mccneb.edu</EmailAddress>
<StartDate>08/18/2014</StartDate>
<EndDate/>
<RoleCode>Principal Investigator</RoleCode>
</Investigator>
<Institution>
<Name>Metropolitan Community College</Name>
<CityName>Omaha</CityName>
<ZipCode>681110000</ZipCode>
<PhoneNumber>5316222798</PhoneNumber>
<StreetAddress>5300 N. 30th St.</StreetAddress>
<CountryName>United States</CountryName>
<StateName>Nebraska</StateName>
<StateCode>NE</StateCode>
</Institution>
<ProgramElement>
<Code>7412</Code>
<Text>ADVANCED TECH EDUCATION PROG</Text>
</ProgramElement>
<ProgramReference>
<Code>1032</Code>
<Text>ADVANCED TECHNOLOGY EDUCATION</Text>
</ProgramReference>
<ProgramReference>
<Code>9150</Code>
<Text>EXP PROG TO STIM COMP RES</Text>
</ProgramReference>
<ProgramReference>
<Code>9178</Code>
<Text>UNDERGRADUATE EDUCATION</Text>
</ProgramReference>
<ProgramReference>
<Code>SMET</Code>
<Text>SCIENCE, MATH, ENG &amp; TECH EDUCATION</Text>
</ProgramReference>
</Award>
</rootTag>
