<?xml version="1.0" encoding="UTF-8"?>
<rootTag>
<Award>
<AwardTitle>Pathways of Applied Career Experiences (PACE) Science Program in Biotechnology and Chemical Technology</AwardTitle>
<AwardEffectiveDate>07/01/2014</AwardEffectiveDate>
<AwardExpirationDate>06/30/2016</AwardExpirationDate>
<AwardAmount>199999</AwardAmount>
<AwardInstrument>
<Value>Standard Grant</Value>
</AwardInstrument>
<Organization>
<Code>11040100</Code>
<Directorate>
<LongName>Direct For Education and Human Resources</LongName>
</Directorate>
<Division>
<LongName>Division Of Undergraduate Education</LongName>
</Division>
</Organization>
<ProgramOfficer>
<SignBlockName>Thomas Higgins</SignBlockName>
</ProgramOfficer>
<AbstractNarration>The Pathways of Applied Career Experience (PACE) Science Program provides opportunities for students enrolled in the Biotechnology and Chemical Technology programs to complete internships and other applied industry experiences to supplement student learning. Partnerships with Industry Alliance Committee members are increasing student internship offerings and utilizing industry feedback to align key courses with industry needs and therefore establishing a feedback mechanism that continually improves student outcomes. Increasing internship participation rates for all students and aligning key courses with industry needs contributes highly trained entry-level employees into the local technology economy. The PACE program addresses students in need of remediation and improves the retention of all students by using Process Oriented Guided Inquiry Learning (POGIL) activities in selected courses. POGIL activities engage students in higher levels of thinking and collaborative group learning. It is a proven pedagogy that promotes many skills employers seek: teamwork, communication, problem solving, strong work ethic, analytical approach, taking initiative, critical thinking and time management. By implementing POGIL, technology students are more active in their learning and are better equipped with useful skills to enter the workforce. The PACE Science Program allows CCM to meet the needs of the STEM economy and the alliance with local industries demonstrates the success of the project by the number of prepared technicians produced and successfully employed.</AbstractNarration>
<MinAmdLetterDate>06/07/2014</MinAmdLetterDate>
<MaxAmdLetterDate>09/16/2014</MaxAmdLetterDate>
<ARRAAmount/>
<AwardID>1400494</AwardID>
<Investigator>
<FirstName>Jason</FirstName>
<LastName>Hudzik</LastName>
<EmailAddress>jhudzik@ccm.edu</EmailAddress>
<StartDate>09/16/2014</StartDate>
<EndDate/>
<RoleCode>Co-Principal Investigator</RoleCode>
</Investigator>
<Investigator>
<FirstName>Keri</FirstName>
<LastName>Flanagan</LastName>
<EmailAddress>kflanagan@ccm.edu</EmailAddress>
<StartDate>06/07/2014</StartDate>
<EndDate/>
<RoleCode>Principal Investigator</RoleCode>
</Investigator>
<Investigator>
<FirstName>Jenifer</FirstName>
<LastName>Martin</LastName>
<EmailAddress>jlmartin@ccm.edu</EmailAddress>
<StartDate>06/07/2014</StartDate>
<EndDate/>
<RoleCode>Co-Principal Investigator</RoleCode>
</Investigator>
<Investigator>
<FirstName>Sheila</FirstName>
<LastName>Barbach</LastName>
<EmailAddress>sbarbach@ccm.edu</EmailAddress>
<StartDate>06/07/2014</StartDate>
<EndDate>09/16/2014</EndDate>
<RoleCode>Former Co-Principal Investigator</RoleCode>
</Investigator>
<Institution>
<Name>County College of Morris</Name>
<CityName>Randolph</CityName>
<ZipCode>078692086</ZipCode>
<PhoneNumber>9733285000</PhoneNumber>
<StreetAddress>214 Center Grove Road</StreetAddress>
<CountryName>United States</CountryName>
<StateName>New Jersey</StateName>
<StateCode>NJ</StateCode>
</Institution>
<ProgramElement>
<Code>7412</Code>
<Text>ADVANCED TECH EDUCATION PROG</Text>
</ProgramElement>
<ProgramReference>
<Code>1032</Code>
<Text>ADVANCED TECHNOLOGY EDUCATION</Text>
</ProgramReference>
<ProgramReference>
<Code>9178</Code>
<Text>UNDERGRADUATE EDUCATION</Text>
</ProgramReference>
<ProgramReference>
<Code>SMET</Code>
<Text>SCIENCE, MATH, ENG &amp; TECH EDUCATION</Text>
</ProgramReference>
</Award>
</rootTag>
