<?xml version="1.0" encoding="UTF-8"?>
<rootTag>
<Award>
<AwardTitle>Hindcasting the Ocean radiocarbon history of the past 25,000 years</AwardTitle>
<AwardEffectiveDate>07/01/2014</AwardEffectiveDate>
<AwardExpirationDate>06/30/2017</AwardExpirationDate>
<AwardAmount>168705</AwardAmount>
<AwardInstrument>
<Value>Standard Grant</Value>
</AwardInstrument>
<Organization>
<Code>06040200</Code>
<Directorate>
<LongName>Directorate For Geosciences</LongName>
</Directorate>
<Division>
<LongName>Division Of Ocean Sciences</LongName>
</Division>
</Organization>
<ProgramOfficer>
<SignBlockName>Candace O. Major</SignBlockName>
</ProgramOfficer>
<AbstractNarration>Understanding and simulating the magnitude and timing of the rise in atmospheric carbon dioxide levels at the end of the last ice age has been a major challenge for the Earth Science research community. At the same time, a well-informed long-term societal response to climate changes requires a detailed understanding of climate-carbon cycle feedbacks on a variety of timescales. This project addresses these challenges through an in-depth study of the evolution of the marine carbon cycle over the past 25,000 years and its relation to ocean circulation changes and carbon reservoir exchanges. The information gained from this project will be beneficial for assessing the performance of earth system models under past, present and future climate conditions. &lt;br/&gt;&lt;br/&gt;&lt;br/&gt;Using a series of transient earth system model experiments with time-varying boundary conditions, the research team will identify deglacial ocean circulation scenarios that reproduce the existing paleoceanographic tracers, with special focus on radiocarbon. By including other age tracers into the proposed model simulations, the fidelity of various radiocarbon-based "ventilation" age methods, such as the projection age and the benthic-planktonic age difference method will be tested. The proposed numerical experiments will provide deeper physical insights into the dynamics of climate-carbon cycle feedbacks. Specific questions that will be addressed include: &lt;br/&gt;&lt;br/&gt;1. How did the time-varying signal of atmospheric radiocarbon production rates "propagate" into the deep ocean? &lt;br/&gt;2. How did ocean circulation changes during the last glacial termination affect the three-dimensional structure of radiocarbon anomalies in the world's oceans? &lt;br/&gt;3. What is the potential carbon storage capacity of the Arctic Ocean under glacial periods?&lt;br/&gt;4. What is the spatial and temporal variability of reservoir ages over the course of Termination 1 and into the Holocene?</AbstractNarration>
<MinAmdLetterDate>06/27/2014</MinAmdLetterDate>
<MaxAmdLetterDate>06/27/2014</MaxAmdLetterDate>
<ARRAAmount/>
<AwardID>1400914</AwardID>
<Investigator>
<FirstName>Axel</FirstName>
<LastName>Timmermann</LastName>
<EmailAddress>axel@hawaii.edu</EmailAddress>
<StartDate>06/27/2014</StartDate>
<EndDate/>
<RoleCode>Principal Investigator</RoleCode>
</Investigator>
<Institution>
<Name>University of Hawaii</Name>
<CityName>HONOLULU</CityName>
<ZipCode>968222234</ZipCode>
<PhoneNumber>8089567800</PhoneNumber>
<StreetAddress>2440 Campus Road, Box 368</StreetAddress>
<CountryName>United States</CountryName>
<StateName>Hawaii</StateName>
<StateCode>HI</StateCode>
</Institution>
<ProgramElement>
<Code>1620</Code>
<Text>MARINE GEOLOGY AND GEOPHYSICS</Text>
</ProgramElement>
<ProgramReference>
<Code>0000</Code>
<Text>UNASSIGNED</Text>
</ProgramReference>
<ProgramReference>
<Code>1304</Code>
<Text>EARTH SYSTEM HISTORY</Text>
</ProgramReference>
<ProgramReference>
<Code>7754</Code>
<Text>CLIMATE VARIABILITY &amp; CHANGE</Text>
</ProgramReference>
<ProgramReference>
<Code>8070</Code>
<Text>P2C2 Proposals</Text>
</ProgramReference>
<ProgramReference>
<Code>9150</Code>
<Text>EXP PROG TO STIM COMP RES</Text>
</ProgramReference>
<ProgramReference>
<Code>EGCH</Code>
<Text>ENVIRONMENT AND GLOBAL CHANGE</Text>
</ProgramReference>
<ProgramReference>
<Code>OTHR</Code>
<Text>OTHER RESEARCH OR EDUCATION</Text>
</ProgramReference>
</Award>
</rootTag>
