<?xml version="1.0" encoding="UTF-8"?>
<rootTag>
<Award>
<AwardTitle>Rebranding the 21st Century IT Technician</AwardTitle>
<AwardEffectiveDate>09/01/2014</AwardEffectiveDate>
<AwardExpirationDate>08/31/2017</AwardExpirationDate>
<AwardAmount>199850</AwardAmount>
<AwardInstrument>
<Value>Standard Grant</Value>
</AwardInstrument>
<Organization>
<Code>11040100</Code>
<Directorate>
<LongName>Direct For Education and Human Resources</LongName>
</Directorate>
<Division>
<LongName>Division Of Undergraduate Education</LongName>
</Division>
</Organization>
<ProgramOfficer>
<SignBlockName>Elizabeth Teles</SignBlockName>
</ProgramOfficer>
<AbstractNarration>To address the need for more high-skilled Information Technology (IT) technicians in a six-county area district, Spokane Falls Community College (SFCC) is partnering with local school districts, community organizations, industry partners, the Spokane Workforce Consortium, and the Washington Center of Excellence for Information and Computing Technology. The project adjusts incoming students', enrolled students', and local employers' perceptions of IT technicians' ideal genders, skill sets, and degrees. The major activities are: (1) Offering IT summer camps for middle school girls, and professional development workshops for middle school teachers and counselors; (2) Teaching sections of science classes from the perspective of IT, and starting a chapter of American Women in Computing (AWS) on campus; and (3) Partnering with local employers to develop streamlined education-to-employment programs. The project increases the knowledge base of how to recruit and retain female students, and how to quickly make them post K-12 ready. It creates a curriculum that demonstrates interdependency between technology and science, and it develops procedures for establishing robust job shadowing and internship programs. The best practices established through this project can be extended to other STEM disciplines and technician training programs. Through a partnership with the Washington Center of Excellence for Information and Computing Technology; the project results will be available to instructors at all of the 34 community and technical colleges in that state. Through the ATE Mentor Connect program and the SC ATE Center, the results will be globally available on the SCATE.org and TeachingTechnician.org websites.</AbstractNarration>
<MinAmdLetterDate>08/12/2014</MinAmdLetterDate>
<MaxAmdLetterDate>08/12/2014</MaxAmdLetterDate>
<ARRAAmount/>
<AwardID>1400451</AwardID>
<Investigator>
<FirstName>Asa</FirstName>
<LastName>Bradley</LastName>
<EmailAddress>Asa.Bradley@sfcc.spokane.edu</EmailAddress>
<StartDate>08/12/2014</StartDate>
<EndDate/>
<RoleCode>Principal Investigator</RoleCode>
</Investigator>
<Investigator>
<FirstName>Max</FirstName>
<LastName>Josquin</LastName>
<EmailAddress>max.josquin@spokanefalls.edu</EmailAddress>
<StartDate>08/12/2014</StartDate>
<EndDate/>
<RoleCode>Co-Principal Investigator</RoleCode>
</Investigator>
<Investigator>
<FirstName>Michele</FirstName>
<LastName>Moore</LastName>
<EmailAddress>Michele.Moore@spokanefalls.edu</EmailAddress>
<StartDate>08/12/2014</StartDate>
<EndDate/>
<RoleCode>Co-Principal Investigator</RoleCode>
</Investigator>
<Institution>
<Name>Community Colleges of Spokane</Name>
<CityName>Spokane</CityName>
<ZipCode>992170000</ZipCode>
<PhoneNumber>5094345160</PhoneNumber>
<StreetAddress>501 N Riverpoint Blvd MS1006</StreetAddress>
<CountryName>United States</CountryName>
<StateName>Washington</StateName>
<StateCode>WA</StateCode>
</Institution>
<ProgramElement>
<Code>7412</Code>
<Text>ADVANCED TECH EDUCATION PROG</Text>
</ProgramElement>
<ProgramReference>
<Code>1032</Code>
<Text>ADVANCED TECHNOLOGY EDUCATION</Text>
</ProgramReference>
<ProgramReference>
<Code>9178</Code>
<Text>UNDERGRADUATE EDUCATION</Text>
</ProgramReference>
<ProgramReference>
<Code>SMET</Code>
<Text>SCIENCE, MATH, ENG &amp; TECH EDUCATION</Text>
</ProgramReference>
</Award>
</rootTag>
