<?xml version="1.0" encoding="UTF-8"?>
<rootTag>
<Award>
<AwardTitle>Teaching Sustainability through Problem Based Learning Communities: Professional Development for the Teachers of Tomorrow's Green Economy Technicians</AwardTitle>
<AwardEffectiveDate>08/15/2014</AwardEffectiveDate>
<AwardExpirationDate>07/31/2017</AwardExpirationDate>
<AwardAmount>199924</AwardAmount>
<AwardInstrument>
<Value>Standard Grant</Value>
</AwardInstrument>
<Organization>
<Code>11040100</Code>
<Directorate>
<LongName>Direct For Education and Human Resources</LongName>
</Directorate>
<Division>
<LongName>Division Of Undergraduate Education</LongName>
</Division>
</Organization>
<ProgramOfficer>
<SignBlockName>V. Celeste  Carter</SignBlockName>
</ProgramOfficer>
<AbstractNarration>The Community Colleges of Spokane are initiating a professional development program for K-12 and community college faculty where participants develop problem-based learning communities to provide the pipeline to technical careers that have become part of the green economy. Teams of faculty and industry partners will develop real-world, interdisciplinary, industry-based sustainability problems that address recognized skills gaps in the current science and technology workforce. Interdisciplinary teams of teachers will complete online sustainability and systems thinking modules prior to integrating these concepts into problem-based learning communities. A summer workshop introducing problem-based learning and integrative interdisciplinary courses, industry partnerships and site visits, and a web-based support community will provide faculty with the resources to integrate sustainability into science, technology, engineering, and mathematics (STEM) technical curricula. Instructional approaches will improve student performance and increase completion rates, particularly for underrepresented minorities, while fostering student interest in regional STEM technical careers. This project will provide a model for training green collar workers in regions that lack a well-defined green jobs subsector, yet are seeing growth in their green economy. Furthermore, the systems thinking approaches used in sustainability can be applied to many other problems in the workforce. Academic conferences and publications, combined with an established online presence via the Pacific Northwest Center for Excellence for Clean Energy (PNCECE), will help to disseminate these findings and to provide resources for training technicians for today's green economy.</AbstractNarration>
<MinAmdLetterDate>08/12/2014</MinAmdLetterDate>
<MaxAmdLetterDate>08/12/2014</MaxAmdLetterDate>
<ARRAAmount/>
<AwardID>1400699</AwardID>
<Investigator>
<FirstName>Scott</FirstName>
<LastName>Rollins</LastName>
<EmailAddress>ScottR@Spokanefalls.edu</EmailAddress>
<StartDate>08/12/2014</StartDate>
<EndDate/>
<RoleCode>Principal Investigator</RoleCode>
</Investigator>
<Investigator>
<FirstName>Adriana</FirstName>
<LastName>Bishop</LastName>
<EmailAddress>AdrianaB@spokanefalls.edu</EmailAddress>
<StartDate>08/12/2014</StartDate>
<EndDate/>
<RoleCode>Co-Principal Investigator</RoleCode>
</Investigator>
<Institution>
<Name>Community Colleges of Spokane</Name>
<CityName>Spokane</CityName>
<ZipCode>992170000</ZipCode>
<PhoneNumber>5094345160</PhoneNumber>
<StreetAddress>501 N Riverpoint Blvd MS1006</StreetAddress>
<CountryName>United States</CountryName>
<StateName>Washington</StateName>
<StateCode>WA</StateCode>
</Institution>
<ProgramElement>
<Code>7412</Code>
<Text>ADVANCED TECH EDUCATION PROG</Text>
</ProgramElement>
<ProgramReference>
<Code>1032</Code>
<Text>ADVANCED TECHNOLOGY EDUCATION</Text>
</ProgramReference>
<ProgramReference>
<Code>9178</Code>
<Text>UNDERGRADUATE EDUCATION</Text>
</ProgramReference>
<ProgramReference>
<Code>SMET</Code>
<Text>SCIENCE, MATH, ENG &amp; TECH EDUCATION</Text>
</ProgramReference>
</Award>
</rootTag>
