<?xml version="1.0" encoding="UTF-8"?>

<rootTag>
  <Award>
    <AwardTitle>Entropy and Singular Solutions for Conservation Laws; Pressureless Gas Dynamics and other applications</AwardTitle>
    <AwardEffectiveDate>05/01/2014</AwardEffectiveDate>
    <AwardExpirationDate>04/30/2016</AwardExpirationDate>
    <AwardAmount>37000</AwardAmount>
    <AwardInstrument>
      <Value>Standard Grant</Value>
    </AwardInstrument>
    <Organization>
      <Code>03040000</Code>
      <Directorate>
        <LongName>Direct For Mathematical &amp; Physical Scien</LongName>
      </Directorate>
      <Division>
        <LongName>Division Of Mathematical Sciences</LongName>
      </Division>
    </Organization>
    <ProgramOfficer>
      <SignBlockName>Bruce P. Palka</SignBlockName>
    </ProgramOfficer>
    <AbstractNarration>Abstract (Tudorascu, 1400168): &lt;br/&gt;&lt;br/&gt;This award provides funding for a workshop on Entropy and Singular Solutions for Conservation Laws; Pressureless Gas Dynamics and other applications, to be held Sept. 19-21, 2014 at West Virginia University.&lt;br/&gt;&lt;br/&gt;The workshop focuses on the overlap of some research areas in Analysis such as Pressureless Gas Dynamics, Conservation Laws and Optimal Transport. Selected specialists with significant contributions in these areas have been invited and agreed to participate. The PI makes an effort to ensure that the conference topics will cover a fine spectrum between purely theoretical and applied topics. The PI plans to get help from university diversity officers in achieving a diversified participation of the workshop. Ample opportunity for exchanging ideas between graduate students, postdocs, and senior researchers is provided.</AbstractNarration>
    <MinAmdLetterDate>01/27/2014</MinAmdLetterDate>
    <MaxAmdLetterDate>01/27/2014</MaxAmdLetterDate>
    <ARRAAmount/>
    <AwardID>1400168</AwardID>
    <Investigator>
      <FirstName>Adrian</FirstName>
      <LastName>Tudorascu</LastName>
      <EmailAddress>adriant@math.wvu.edu</EmailAddress>
      <StartDate>01/27/2014</StartDate>
      <EndDate/>
      <RoleCode>Principal Investigator</RoleCode>
    </Investigator>
    <Investigator>
      <FirstName>Charis</FirstName>
      <LastName>Tsikkou</LastName>
      <EmailAddress>chtsikkou@mail.wvu.edu</EmailAddress>
      <StartDate>01/27/2014</StartDate>
      <EndDate/>
      <RoleCode>Co-Principal Investigator</RoleCode>
    </Investigator>
    <Institution>
      <Name>West Virginia University Research Corporation</Name>
      <CityName>Morgantown</CityName>
      <ZipCode>265066845</ZipCode>
      <PhoneNumber>3042933998</PhoneNumber>
      <StreetAddress>P.O. Box 6845</StreetAddress>
      <CountryName>United States</CountryName>
      <StateName>West Virginia</StateName>
      <StateCode>WV</StateCode>
    </Institution>
    <ProgramElement>
      <Code>1266</Code>
      <Text>APPLIED MATHEMATICS</Text>
    </ProgramElement>
    <ProgramElement>
      <Code>1281</Code>
      <Text>ANALYSIS PROGRAM</Text>
    </ProgramElement>
    <ProgramReference>
      <Code>7556</Code>
      <Text>CONFERENCE AND WORKSHOPS</Text>
    </ProgramReference>
  </Award>
</rootTag>
