<?xml version="1.0" encoding="UTF-8"?>
<rootTag>
<Award>
<AwardTitle>Linking Equations to Engineering Technology</AwardTitle>
<AwardEffectiveDate>07/15/2014</AwardEffectiveDate>
<AwardExpirationDate>06/30/2018</AwardExpirationDate>
<AwardAmount>200000</AwardAmount>
<AwardInstrument>
<Value>Standard Grant</Value>
</AwardInstrument>
<Organization>
<Code>11040100</Code>
<Directorate>
<LongName>Direct For Education and Human Resources</LongName>
</Directorate>
<Division>
<LongName>Division Of Undergraduate Education</LongName>
</Division>
</Organization>
<ProgramOfficer>
<SignBlockName>Elizabeth Teles</SignBlockName>
</ProgramOfficer>
<AbstractNarration>In industry, the design of a product is a multidisciplinary effort since engineers and technologists need to integrate the various laws of physics, optics, chemistry and thermodynamics and use algorithmic technical computing to analyze the design. The most fundamental abilities needed by workers in engineering and technology fields are problem-solving, critical thinking, and the ability to digest, analyze and communicate information; however, much of the student learning in technical fields has been along rigid disciplinary lines and has been visually static. To address this issue, Housatonic Community College is using integrated multidisciplinary software to develop software modules that teach mathematics, science, and engineering and engineering technology courses with the aid of 3D solid modeling software and embedding these modules into science, technology, engineering and mathematics (STEM) courses. These modules are increasing fundamental abilities in understanding and applying engineering design principles for current students, new students, and incumbent workers. Links are being created by connecting three-dimensional solid modeling software to three-dimensional equations; using technical computing language software to connect equations with solid modeling software; and connecting physics based analysis to the design process. Students are thus experiencing direct application of engineering principles through visualization and thereby enhancing their understanding and appreciation of these principles.&lt;br/&gt;&lt;br/&gt;All modular curricula being developed in this project are being tested, assessed, and disseminated to the twelve Connecticut Community Colleges and the four state universities. Partnering with the NSF Regional Center for Next Generation Manufacturing (RCNGM) has the potential to impact 4,500 community college students in the state of Connecticut, and this method of instruction and learning is being spread to high school level students and educators through local affiliates of Project Lead the Way. The NSF SC ATE Center of Excellence has agreed to distribute the modules. &lt;br/&gt;&lt;br/&gt;The modular curricula being created use solid modeling and technical computing and focus on a particular task or application and link mathematics and engineering technology.  Three dimensional objects and surfaces come alive visually in three dimensions with proper lighting, dynamic rotation, and interactive cross section visualization and with 3D printers. Students actually hold 3D mathematical equations in their hands. The modules are being used in classrooms that contain computers, the required software, and 3D printers and are being tested at the college with approximately 400 students who are taking Manufacturing Mathematics, Blueprint Reading, Computer Numerical Control classes, College Algebra, Precalculus, Statistics, Computer Aided Design, Statistical Process Control, Calculus, General Physics, General Chemistry, and pre-engineering courses.</AbstractNarration>
<MinAmdLetterDate>07/14/2014</MinAmdLetterDate>
<MaxAmdLetterDate>07/14/2014</MaxAmdLetterDate>
<ARRAAmount/>
<AwardID>1400551</AwardID>
<Investigator>
<FirstName>Thomas</FirstName>
<LastName>Wagner</LastName>
<EmailAddress>twagner@hcc.commnet.edu</EmailAddress>
<StartDate>07/14/2014</StartDate>
<EndDate/>
<RoleCode>Co-Principal Investigator</RoleCode>
</Investigator>
<Investigator>
<FirstName>Robert</FirstName>
<LastName>Ryder, Jr.</LastName>
<EmailAddress>rryder@hcc.commnet.edu</EmailAddress>
<StartDate>07/14/2014</StartDate>
<EndDate/>
<RoleCode>Principal Investigator</RoleCode>
</Investigator>
<Investigator>
<FirstName>William</FirstName>
<LastName>Grossman</LastName>
<EmailAddress>wgrossman@hcc.commnet.edu</EmailAddress>
<StartDate>07/14/2014</StartDate>
<EndDate/>
<RoleCode>Co-Principal Investigator</RoleCode>
</Investigator>
<Institution>
<Name>Housatonic Community College</Name>
<CityName>Bridgeport</CityName>
<ZipCode>066044704</ZipCode>
<PhoneNumber>2033325222</PhoneNumber>
<StreetAddress>900 Lafayette Boulevard</StreetAddress>
<CountryName>United States</CountryName>
<StateName>Connecticut</StateName>
<StateCode>CT</StateCode>
</Institution>
<ProgramElement>
<Code>7412</Code>
<Text>ADVANCED TECH EDUCATION PROG</Text>
</ProgramElement>
<ProgramReference>
<Code>1032</Code>
<Text>ADVANCED TECHNOLOGY EDUCATION</Text>
</ProgramReference>
<ProgramReference>
<Code>9178</Code>
<Text>UNDERGRADUATE EDUCATION</Text>
</ProgramReference>
<ProgramReference>
<Code>SMET</Code>
<Text>SCIENCE, MATH, ENG &amp; TECH EDUCATION</Text>
</ProgramReference>
</Award>
</rootTag>
