<?xml version="1.0" encoding="UTF-8"?>
<rootTag>
<Award>
<AwardTitle>SFAz+8:  Building Capacity for STEM Pathways in Rural Arizona</AwardTitle>
<AwardEffectiveDate>09/01/2014</AwardEffectiveDate>
<AwardExpirationDate>08/31/2018</AwardExpirationDate>
<AwardAmount>881954</AwardAmount>
<AwardInstrument>
<Value>Standard Grant</Value>
</AwardInstrument>
<Organization>
<Code>11040100</Code>
<Directorate>
<LongName>Direct For Education and Human Resources</LongName>
</Directorate>
<Division>
<LongName>Division Of Undergraduate Education</LongName>
</Division>
</Organization>
<ProgramOfficer>
<SignBlockName>Connie K. Della-Piana</SignBlockName>
</ProgramOfficer>
<AbstractNarration>With funding from the National Science Foundation's Advanced Technological Education Program, the project addresses the national need for technicians in established and emerging advanced technological fields.  Aligned with the state's strategic vision for community colleges, Science Foundation of Arizona (SFAz) and eight rural community colleges will establish a Rural Community College STEM Network to enhance institutional partnerships; facilitate the adaptation, implementation, and testing of the STEM Pathway Model, a suite of effective curricular and student support activities; and accelerate the delivery and implementation of the model.  The project's objective is to demonstrate the feasibility of expanding and replicating key success factors of the STEM Pathway Model that have been piloted at one of the community colleges.  &lt;br/&gt;&lt;br/&gt;A partnership composed of members representing industry, the secondary and post-secondary education communities, and state organizations will direct the effort, which will meet the technical and engineering oriented workforce needs of the state.  The project will (1) expand awareness of STEM careers through student engagement; (2) ensure that high school students in rural school districts place in college-level mathematics courses and graduate from high school with college credits (ensuring college readiness); and (3) increase the number of students who enter and successfully complete STEM technician and engineering degree or credentialing programs at these rural community colleges, transfer to four year technical or engineering programs, and/or enter the STEM workforce.  Project deliverables will include a technology-based resource guide and information platform that will assist the participating colleges in identifying and deploying best and promising practices (e.g., suite of effective curricular and student support activities), build a network of rural community colleges to support deployment of these practices, develop comprehensive pathways from awareness of careers in STEM to completion of degrees and/or credentials, and prepare students to enter the STEM workforce.  Implementing a common suite of methods from document analysis of student records and surveys to interviews and focus groups, the  quantitative and qualitative mixed methods evaluation will assess project outcomes (e.g., college credits earned in high school, enrollment in technician progams and completion data, student experiences, and success of the SFAz+8 network). &lt;br/&gt;&lt;br/&gt;The participating rural community colleges are:&lt;br/&gt;* Arizona Western College&lt;br/&gt;* Central Arizona College&lt;br/&gt;* Cochise College&lt;br/&gt;* Coconino Community College&lt;br/&gt;* Eastern Arizona College&lt;br/&gt;* Mohave Community College&lt;br/&gt;* Northland Pioneer College&lt;br/&gt;* Yavapai College</AbstractNarration>
<MinAmdLetterDate>08/28/2014</MinAmdLetterDate>
<MaxAmdLetterDate>08/25/2017</MaxAmdLetterDate>
<ARRAAmount/>
<AwardID>1400687</AwardID>
<Investigator>
<FirstName>Verlyn</FirstName>
<LastName>Fick</LastName>
<EmailAddress>fickv@cochise.edu</EmailAddress>
<StartDate>08/28/2014</StartDate>
<EndDate/>
<RoleCode>Co-Principal Investigator</RoleCode>
</Investigator>
<Investigator>
<FirstName>Caroline</FirstName>
<LastName>VanIngen-Dunn</LastName>
<EmailAddress>cvaningen-dunn@sfaz.org</EmailAddress>
<StartDate>08/28/2014</StartDate>
<EndDate/>
<RoleCode>Principal Investigator</RoleCode>
</Investigator>
<Institution>
<Name>Science Foundation Arizona</Name>
<CityName>Scottsdale</CityName>
<ZipCode>852573538</ZipCode>
<PhoneNumber>6023840308</PhoneNumber>
<StreetAddress>1475 N. Scottsdale Rd, Suite 200</StreetAddress>
<CountryName>United States</CountryName>
<StateName>Arizona</StateName>
<StateCode>AZ</StateCode>
</Institution>
<ProgramElement>
<Code>7412</Code>
<Text>ADVANCED TECH EDUCATION PROG</Text>
</ProgramElement>
<ProgramReference>
<Code>1032</Code>
<Text>ADVANCED TECHNOLOGY EDUCATION</Text>
</ProgramReference>
<ProgramReference>
<Code>9178</Code>
<Text>UNDERGRADUATE EDUCATION</Text>
</ProgramReference>
<ProgramReference>
<Code>SMET</Code>
<Text>SCIENCE, MATH, ENG &amp; TECH EDUCATION</Text>
</ProgramReference>
</Award>
</rootTag>
