<?xml version="1.0" encoding="UTF-8"?>
<rootTag>
<Award>
<AwardTitle>Atlanta Lecture Series in Combinatorics and Graph Theory, 2014/2015</AwardTitle>
<AwardEffectiveDate>04/15/2014</AwardEffectiveDate>
<AwardExpirationDate>05/31/2015</AwardExpirationDate>
<AwardAmount>22050</AwardAmount>
<AwardInstrument>
<Value>Standard Grant</Value>
</AwardInstrument>
<Organization>
<Code>03040000</Code>
<Directorate>
<LongName>Direct For Mathematical &amp; Physical Scien</LongName>
</Directorate>
<Division>
<LongName>Division Of Mathematical Sciences</LongName>
</Division>
</Organization>
<ProgramOfficer>
<SignBlockName>Tomek Bartoszynski</SignBlockName>
</ProgramOfficer>
<AbstractNarration>This award provides support for the Atlanta Lecture Series in Combinatorics and Graph Theory for the 2014/2015 academic year. This series consists of three mini-conferences in Atlanta, on the campuses of Emory University, Georgia Institute of Technology, and Georgia State University. These conferences will be scheduled in November 2014, February 2015, and April 2015. Each conference will feature two one-hour lectures by one distinguished researcher, several one-hour lectures by established researchers mainly from the Southeast, and several thirty-minute talks by junior researchers and graduate students.&lt;br/&gt;&lt;br/&gt;The Atlanta Lecture Series in Combinatorics and Graph Theory, begun in 2010, has become a major event for the combinatorics community in the Southeast, providing opportunities to strengthen collaborations among researchers and institutes within the southeast region of the United States. The featured lectures and other invited talks cover a variety of topics in graph theory and combinatorics. These conferences have inspired young researchers and will continue to provide opportunities for young researchers and graduate students to interact with each other and with established researchers.</AbstractNarration>
<MinAmdLetterDate>04/11/2014</MinAmdLetterDate>
<MaxAmdLetterDate>04/11/2014</MaxAmdLetterDate>
<ARRAAmount/>
<AwardID>1400055</AwardID>
<Investigator>
<FirstName>Ronald</FirstName>
<LastName>Gould</LastName>
<EmailAddress>rg@mathcs.emory.edu</EmailAddress>
<StartDate>04/11/2014</StartDate>
<EndDate/>
<RoleCode>Co-Principal Investigator</RoleCode>
</Investigator>
<Investigator>
<FirstName>Xingxing</FirstName>
<LastName>Yu</LastName>
<EmailAddress>yu@math.gatech.edu</EmailAddress>
<StartDate>04/11/2014</StartDate>
<EndDate/>
<RoleCode>Principal Investigator</RoleCode>
</Investigator>
<Investigator>
<FirstName>Guantao</FirstName>
<LastName>Chen</LastName>
<EmailAddress>gchen@gsu.edu</EmailAddress>
<StartDate>04/11/2014</StartDate>
<EndDate/>
<RoleCode>Co-Principal Investigator</RoleCode>
</Investigator>
<Institution>
<Name>Georgia Tech Research Corporation</Name>
<CityName>Atlanta</CityName>
<ZipCode>303320420</ZipCode>
<PhoneNumber>4048944819</PhoneNumber>
<StreetAddress>Office of Sponsored Programs</StreetAddress>
<CountryName>United States</CountryName>
<StateName>Georgia</StateName>
<StateCode>GA</StateCode>
</Institution>
<ProgramElement>
<Code>7970</Code>
<Text>Combinatorics</Text>
</ProgramElement>
<ProgramReference>
<Code>7556</Code>
<Text>CONFERENCE AND WORKSHOPS</Text>
</ProgramReference>
</Award>
</rootTag>
