<?xml version="1.0" encoding="UTF-8"?>
<rootTag>
<Award>
<AwardTitle>Understanding the Deformation of Heterogeneous Nanocrystalline Metals - Integrating in situ Experiments with Stochastic Crystal Plasticity</AwardTitle>
<AwardEffectiveDate>07/01/2014</AwardEffectiveDate>
<AwardExpirationDate>06/30/2018</AwardExpirationDate>
<AwardAmount>400000</AwardAmount>
<AwardInstrument>
<Value>Standard Grant</Value>
</AwardInstrument>
<Organization>
<Code>07030000</Code>
<Directorate>
<LongName>Directorate For Engineering</LongName>
</Directorate>
<Division>
<LongName>Div Of Civil, Mechanical, &amp; Manufact Inn</LongName>
</Division>
</Organization>
<ProgramOfficer>
<SignBlockName>Siddiq Qidwai</SignBlockName>
</ProgramOfficer>
<AbstractNarration>Nanocrystalline metals are materials composed of grains (crystallites) whose sizes are of the order of 100 nanometers or less. The small grain size endows these materials with several desirable properties including very high strength and increased toughness compared to conventional metals. However, many commonly used methods to produce nanocrystalline metals lead to highly nonuniform microstructures with a wide distribution in the size and orientation of grains. Such heterogeneous microstructures lead to a large variability in their mechanical properties, which limits their practical use. This award supports fundamental research to predict and quantify uncertainty in the mechanical properties of heterogeneous nanocrystalline metals using a combined experimental and modeling approach. The ability to reliably and accurately predict the behavior of nanocrystalline metals would hasten their adoption in technological and scientific structural applications, which will directly benefit the U.S. economy and society. This research involves a multi-disciplinary approach comprising of advanced microfabrication, materials science and mechanics and will lead to broader engagement of underrepresented groups in research and positively impact engineering education.&lt;br/&gt; &lt;br/&gt;Nanocrystalline metals with a wide or bimodal grain size distribution often exhibit the best combination of strength and ductility and hence are very attractive from an engineering perspective. However, to accurately predict the mechanical response of these materials it is necessary to consider both their intrinsic microstructural heterogeneity and the stochastic nature of nanoscale plasticity. Motivated by this, a new stochastic crystal plasticity framework informed by in situ experiments will be used to model the deformation of heterogeneous nanocrystalline metals. The model will explicitly take into account both the variation in grain sizes and orientations as well as the statistics of dislocation bursts in nanocrystalline metals. Novel in situ transmission electron microscopy experiments on nanocrystalline metal films with controlled microstructures will be used to directly obtain input parameters for the model such as the distribution of critical resolved shear stresses. The predictive capability of the model will be verified with data from independent in situ x-ray diffraction experiments.</AbstractNarration>
<MinAmdLetterDate>06/24/2014</MinAmdLetterDate>
<MaxAmdLetterDate>06/24/2014</MaxAmdLetterDate>
<ARRAAmount/>
<AwardID>1400505</AwardID>
<Investigator>
<FirstName>Pedro</FirstName>
<LastName>Peralta</LastName>
<EmailAddress>pperalta@asu.edu</EmailAddress>
<StartDate>06/24/2014</StartDate>
<EndDate/>
<RoleCode>Co-Principal Investigator</RoleCode>
</Investigator>
<Investigator>
<FirstName>Jagannathan</FirstName>
<LastName>Rajagopalan</LastName>
<EmailAddress>Jagannathan.Rajagopalan@asu.edu</EmailAddress>
<StartDate>06/24/2014</StartDate>
<EndDate/>
<RoleCode>Principal Investigator</RoleCode>
</Investigator>
<Institution>
<Name>Arizona State University</Name>
<CityName>TEMPE</CityName>
<ZipCode>852816011</ZipCode>
<PhoneNumber>4809655479</PhoneNumber>
<StreetAddress>ORSPA</StreetAddress>
<CountryName>United States</CountryName>
<StateName>Arizona</StateName>
<StateCode>AZ</StateCode>
</Institution>
<ProgramElement>
<Code>1630</Code>
<Text>Mechanics of Materials and Str</Text>
</ProgramElement>
<ProgramElement>
<Code>1771</Code>
<Text>METAL &amp; METALLIC NANOSTRUCTURE</Text>
</ProgramElement>
<ProgramReference>
<Code>022E</Code>
<Text>SOLID MECHANICS</Text>
</ProgramReference>
<ProgramReference>
<Code>024E</Code>
<Text>MATERIALS DESIGN</Text>
</ProgramReference>
<ProgramReference>
<Code>027E</Code>
<Text>NANOMECHANICS</Text>
</ProgramReference>
<ProgramReference>
<Code>1630</Code>
<Text>MECHANICS OF MATERIALS</Text>
</ProgramReference>
<ProgramReference>
<Code>1771</Code>
<Text>METAL &amp; METALLIC NANOSTRUCTURE</Text>
</ProgramReference>
<ProgramReference>
<Code>7237</Code>
<Text>NANO NON-SOLIC SCI &amp; ENG AWD</Text>
</ProgramReference>
</Award>
</rootTag>
