<?xml version="1.0" encoding="UTF-8"?>
<rootTag>
<Award>
<AwardTitle>Additive Manufacturing of Metal Parts by Electrochemical Deposition</AwardTitle>
<AwardEffectiveDate>04/15/2014</AwardEffectiveDate>
<AwardExpirationDate>03/31/2018</AwardExpirationDate>
<AwardAmount>259434</AwardAmount>
<AwardInstrument>
<Value>Standard Grant</Value>
</AwardInstrument>
<Organization>
<Code>07030000</Code>
<Directorate>
<LongName>Directorate For Engineering</LongName>
</Directorate>
<Division>
<LongName>Div Of Civil, Mechanical, &amp; Manufact Inn</LongName>
</Division>
</Organization>
<ProgramOfficer>
<SignBlockName>Steven R. Schmid</SignBlockName>
</ProgramOfficer>
<AbstractNarration>This award supports fundamental research on porosity formation and localization of electrochemical deposition in order to develop an innovative additive process for manufacturing of metal parts without thermal damage. Specifically, the research team will perform molecular dynamics simulation of porosity formation during electrochemical deposition to understand the mechanism of porosity formation in electrochemical deposition, develop a physics-based predictive model for prediction of porosity in electrochemical deposition and conduct experiments to verify the model, test the hypothesis that current density is the determining factor for porosity in electrochemical deposition, evaluate the feasibility of using localized electrochemical deposition to produce functional metal parts from computer aided design models, and establish the process parametric relationships in electrochemical deposition.&lt;br/&gt;&lt;br/&gt;This research is expected to have a transformative effect on 3-D printing of a wide variety of conductive materials, result in extensive benefits to biomedical, healthcare, electronic, automotive, and metal working industries, and extend frontiers of additive manufacturing. Research results will provide knowledge and understanding to perform layer-by-layer manufacturing of metal parts by electrochemical deposition and enable producing metal parts by additive manufacturing without thermal damage. This research project features multi-disciplinary approach involving manufacturing technology, molecular dynamics simulation, electrochemistry, control theory, and materials science. This multi-disciplinary approach will positively impact engineering education at University of Cincinnati, and broaden participation of the underrepresented groups in research.</AbstractNarration>
<MinAmdLetterDate>02/08/2014</MinAmdLetterDate>
<MaxAmdLetterDate>04/17/2015</MaxAmdLetterDate>
<ARRAAmount/>
<AwardID>1400800</AwardID>
<Investigator>
<FirstName>Murali</FirstName>
<LastName>Sundaram</LastName>
<EmailAddress>murali.sundaram@uc.edu</EmailAddress>
<StartDate>02/08/2014</StartDate>
<EndDate/>
<RoleCode>Principal Investigator</RoleCode>
</Investigator>
<Institution>
<Name>University of Cincinnati Main Campus</Name>
<CityName>Cincinnati</CityName>
<ZipCode>452210222</ZipCode>
<PhoneNumber>5135564358</PhoneNumber>
<StreetAddress>University Hall, Suite 530</StreetAddress>
<CountryName>United States</CountryName>
<StateName>Ohio</StateName>
<StateCode>OH</StateCode>
</Institution>
<ProgramElement>
<Code>1468</Code>
<Text>Manufacturing Machines &amp; Equip</Text>
</ProgramElement>
<ProgramReference>
<Code>082E</Code>
<Text>MFG MACHINES &amp; METROLOGY</Text>
</ProgramReference>
<ProgramReference>
<Code>083E</Code>
<Text>MATERIAL TRANSFORMATION PROC</Text>
</ProgramReference>
<ProgramReference>
<Code>116E</Code>
<Text>RESEARCH EXP FOR UNDERGRADS</Text>
</ProgramReference>
<ProgramReference>
<Code>9146</Code>
<Text>MANUFACTURING BASE RESEARCH</Text>
</ProgramReference>
<ProgramReference>
<Code>9178</Code>
<Text>UNDERGRADUATE EDUCATION</Text>
</ProgramReference>
<ProgramReference>
<Code>9231</Code>
<Text>SUPPL FOR UNDERGRAD RES ASSIST</Text>
</ProgramReference>
<ProgramReference>
<Code>9251</Code>
<Text>RES EXPER FOR UNDERGRAD-SUPPLT</Text>
</ProgramReference>
<ProgramReference>
<Code>MANU</Code>
<Text>MANUFACTURING</Text>
</ProgramReference>
</Award>
</rootTag>
