<?xml version="1.0" encoding="UTF-8"?>
<rootTag>
<Award>
<AwardTitle>Nanotechnology Education Workforce Development</AwardTitle>
<AwardEffectiveDate>07/01/2014</AwardEffectiveDate>
<AwardExpirationDate>06/30/2018</AwardExpirationDate>
<AwardAmount>199989</AwardAmount>
<AwardInstrument>
<Value>Standard Grant</Value>
</AwardInstrument>
<Organization>
<Code>11040100</Code>
<Directorate>
<LongName>Direct For Education and Human Resources</LongName>
</Directorate>
<Division>
<LongName>Division Of Undergraduate Education</LongName>
</Division>
</Organization>
<ProgramOfficer>
<SignBlockName>V. Celeste  Carter</SignBlockName>
</ProgramOfficer>
<AbstractNarration>Nanotechnology is an emerging technology that enables many of the US industries that keep the US globally competitive.  This project is supporting the development of an associate in applied science degree and certificate course offerings in nanotechnology at the University of the District of Columbia (UDC) and UDC-Community College (UDC-CC). UDC is one of 35 Historically Black Colleges and Universities (HBCU) in the US. The project is impacting underrepresented minorities at UDC-CC of whom 60% are females, a population which needs to be more strongly directed to opportunities in STEM. This nanotechnology education workforce (NEW) development project is also leveraging the expertise and resources of the ATE National Center Nanotechnology Application and Career Knowledge (NACK). &lt;br/&gt;&lt;br/&gt;Additionally, courses in nanotechnology are being offered as interdisciplinary courses to students in all disciplines. Faculty and students are learning about the fabrication of nanomaterials and conducting research in nanomaterials. Seminars and distance learning offerings in nanotechnology are being supported. The project is fostering ongoing collaborative educational workforce development between UDC, UDC-CC and area university professors and researchers at government agencies.&lt;br/&gt;&lt;br/&gt;The project evaluation is designed to assess the degree of program development and implementation, student learning and skills competency, and program effectiveness.</AbstractNarration>
<MinAmdLetterDate>04/24/2014</MinAmdLetterDate>
<MaxAmdLetterDate>09/16/2015</MaxAmdLetterDate>
<ARRAAmount/>
<AwardID>1400942</AwardID>
<Investigator>
<FirstName>Kate</FirstName>
<LastName>Klein</LastName>
<EmailAddress>kate.klein@udc.edu</EmailAddress>
<StartDate>09/16/2015</StartDate>
<EndDate/>
<RoleCode>Principal Investigator</RoleCode>
</Investigator>
<Investigator>
<FirstName>Esther</FirstName>
<LastName>Ososanya</LastName>
<EmailAddress>eososanya@udc.edu</EmailAddress>
<StartDate>04/24/2014</StartDate>
<EndDate/>
<RoleCode>Co-Principal Investigator</RoleCode>
</Investigator>
<Investigator>
<FirstName>BUSHRA</FirstName>
<LastName>SAEED</LastName>
<EmailAddress>bushra.ahmadsaeed@udc.edu</EmailAddress>
<StartDate>04/24/2014</StartDate>
<EndDate/>
<RoleCode>Co-Principal Investigator</RoleCode>
</Investigator>
<Investigator>
<FirstName>Tarak</FirstName>
<LastName>Bhar</LastName>
<EmailAddress>tbhar@udc.edu</EmailAddress>
<StartDate>04/24/2014</StartDate>
<EndDate/>
<RoleCode>Co-Principal Investigator</RoleCode>
</Investigator>
<Investigator>
<FirstName>Kate</FirstName>
<LastName>Klein</LastName>
<EmailAddress>kate.klein@udc.edu</EmailAddress>
<StartDate>04/24/2014</StartDate>
<EndDate>09/16/2015</EndDate>
<RoleCode>Former Co-Principal Investigator</RoleCode>
</Investigator>
<Investigator>
<FirstName>Hailemichael</FirstName>
<LastName>Seyoum</LastName>
<EmailAddress>hseyoum@udc.edu</EmailAddress>
<StartDate>04/24/2014</StartDate>
<EndDate>09/16/2015</EndDate>
<RoleCode>Former Principal Investigator</RoleCode>
</Investigator>
<Institution>
<Name>University of the District of Columbia</Name>
<CityName>Washington</CityName>
<ZipCode>200081122</ZipCode>
<PhoneNumber>2022746260</PhoneNumber>
<StreetAddress>4200 Connecticut Ave NW</StreetAddress>
<CountryName>United States</CountryName>
<StateName>District of Columbia</StateName>
<StateCode>DC</StateCode>
</Institution>
<ProgramElement>
<Code>7412</Code>
<Text>ADVANCED TECH EDUCATION PROG</Text>
</ProgramElement>
<ProgramReference>
<Code>1032</Code>
<Text>ADVANCED TECHNOLOGY EDUCATION</Text>
</ProgramReference>
<ProgramReference>
<Code>9178</Code>
<Text>UNDERGRADUATE EDUCATION</Text>
</ProgramReference>
<ProgramReference>
<Code>SMET</Code>
<Text>SCIENCE, MATH, ENG &amp; TECH EDUCATION</Text>
</ProgramReference>
</Award>
</rootTag>
