<?xml version="1.0" encoding="UTF-8"?>
<rootTag>
<Award>
<AwardTitle>Manipulating Nanostructure During High-Speed Casting of Glassy Metals</AwardTitle>
<AwardEffectiveDate>07/01/2014</AwardEffectiveDate>
<AwardExpirationDate>06/30/2018</AwardExpirationDate>
<AwardAmount>428000</AwardAmount>
<AwardInstrument>
<Value>Standard Grant</Value>
</AwardInstrument>
<Organization>
<Code>07030000</Code>
<Directorate>
<LongName>Directorate For Engineering</LongName>
</Directorate>
<Division>
<LongName>Div Of Civil, Mechanical, &amp; Manufact Inn</LongName>
</Division>
</Organization>
<ProgramOfficer>
<SignBlockName>Thomas F. Kuech</SignBlockName>
</ProgramOfficer>
<AbstractNarration>During processing, most metals such as iron or aluminum will solidify into an ordered atomic-scale crystalline structure.   In contrast, if sufficiently hindered during the final stages of processing, solidified metals will lack atomic-scale order.  In this study, a planar-flow casting process is used to produce a disordered structure known as glassy metal. Glassy metals often have favorable properties such as ultra-high strength for a glassy stainless steel.  The favorable electromagnetic properties of the alloys under study are that they enable energy-savings in applications such as electric vehicle power systems, power harvesting from wind or photovoltaic sun farms and power distribution. Such properties can be further enhanced by incorporating fine features, or nanostructure.  This study proposes a new approach to incorporating these fine features during planar flow casting.  To be able to manufacture green-enabling products using a technique that itself has low carbon footprint represents a double benefit to society.   As part of this project, community outreach will foster the interest of school children in science, technology, engineering and mathematics with a special focus aimed at encouraging high-school girls toward technical careers.&lt;br/&gt;&lt;br/&gt;The goal is to advance the ability to rapidly solidify thin metallic glass alloys continuously at speeds of meters per second, all while controlling in real-time the formation of nanocrystals.  Control is sought of the extent to which crystallization occurs and where in the solidified product it occurs. At production speeds of meters per second, this represents unprecedented nanostructure control.  The intellectual significance of this work relates to the non-equilibrium materials science of rapid transformations on the atomic scale in the presence of high thermal gradients.  The approach will include experiments using a modified planar-flow casting machine, characterization of the product structure using X-ray diffraction  and transmission electron microscopy, simulation of the temperature field within the material and substrate, and mathematical modeling of the metal-on-metal contacting event. The results of this effort will have impact on high speed non-equilibrium processing for materials other than metals as well.</AbstractNarration>
<MinAmdLetterDate>05/09/2014</MinAmdLetterDate>
<MaxAmdLetterDate>04/30/2017</MaxAmdLetterDate>
<ARRAAmount/>
<AwardID>1400964</AwardID>
<Investigator>
<FirstName>Paul</FirstName>
<LastName>Steen</LastName>
<EmailAddress>phs7@cornell.edu</EmailAddress>
<StartDate>05/09/2014</StartDate>
<EndDate/>
<RoleCode>Principal Investigator</RoleCode>
</Investigator>
<Investigator>
<FirstName>Shefford</FirstName>
<LastName>Baker</LastName>
<EmailAddress>shefford.baker@cornell.edu</EmailAddress>
<StartDate>05/09/2014</StartDate>
<EndDate/>
<RoleCode>Co-Principal Investigator</RoleCode>
</Investigator>
<Institution>
<Name>Cornell University</Name>
<CityName>Ithaca</CityName>
<ZipCode>148502820</ZipCode>
<PhoneNumber>6072555014</PhoneNumber>
<StreetAddress>373 Pine Tree Road</StreetAddress>
<CountryName>United States</CountryName>
<StateName>New York</StateName>
<StateCode>NY</StateCode>
</Institution>
<ProgramElement>
<Code>8092</Code>
<Text>Materials Eng. &amp; Processing</Text>
</ProgramElement>
<ProgramReference>
<Code>080E</Code>
<Text>DEFORMATION PROCESSES</Text>
</ProgramReference>
<ProgramReference>
<Code>088E</Code>
<Text>THERMALLY DRIVEN PROCESSES</Text>
</ProgramReference>
<ProgramReference>
<Code>116E</Code>
<Text>RESEARCH EXP FOR UNDERGRADS</Text>
</ProgramReference>
<ProgramReference>
<Code>7237</Code>
<Text>NANO NON-SOLIC SCI &amp; ENG AWD</Text>
</ProgramReference>
<ProgramReference>
<Code>8037</Code>
<Text>Advanced Manufacturing</Text>
</ProgramReference>
<ProgramReference>
<Code>9178</Code>
<Text>UNDERGRADUATE EDUCATION</Text>
</ProgramReference>
<ProgramReference>
<Code>9231</Code>
<Text>SUPPL FOR UNDERGRAD RES ASSIST</Text>
</ProgramReference>
<ProgramReference>
<Code>9251</Code>
<Text>RES EXPER FOR UNDERGRAD-SUPPLT</Text>
</ProgramReference>
</Award>
</rootTag>
