<?xml version="1.0" encoding="UTF-8"?>
<rootTag>
<Award>
<AwardTitle>A Novel Approach to Multistage Decision Making under Uncertainty</AwardTitle>
<AwardEffectiveDate>08/01/2014</AwardEffectiveDate>
<AwardExpirationDate>06/30/2016</AwardExpirationDate>
<AwardAmount>250000</AwardAmount>
<AwardInstrument>
<Value>Standard Grant</Value>
</AwardInstrument>
<Organization>
<Code>07030000</Code>
<Directorate>
<LongName>Directorate For Engineering</LongName>
</Directorate>
<Division>
<LongName>Div Of Civil, Mechanical, &amp; Manufact Inn</LongName>
</Division>
</Organization>
<ProgramOfficer>
<SignBlockName>george hazelrigg</SignBlockName>
</ProgramOfficer>
<AbstractNarration>Management in most practical settings involves a series of decisions that must be made repeatedly under uncertainty over a long period of time. Many of these decisions involve yes/no decisions, as well as decisions regarding appropriate levels of various factors. For many such problems, stochastic mixed-integer programming (SMIP) provides a powerful modeling framework. Unfortunately, state-of-the-art SMIP algorithms cannot solve realistic-sized problems that arise in real-world contexts. This award supports fundamental research aimed at investigating novel approaches that can form a framework for a general-purpose multistage SMIP solver.  The broader impacts of this work will be felt in multiple domains. Should this approach prove successful, a much richer set of models can be solved in a variety of applications arising in healthcare, energy, manufacturing, and so on. The educational impacts will be felt by graduate and undergraduate students.&lt;br/&gt;&lt;br/&gt;In this research, which is known as scenario-tree decomposition, a novel method will be developed for decomposing the scenario tree of a multistage SMIP, rather than its extensive form. One major advantage of such approach is that it will not require any particular structure. Based on preliminary results and prior work on establishing bounds for two-stage SMIPs, it will be shown that cuts of the scenario tree can generate lower and upper bounds on a multistage SMIP. Moreover, it is hypothesized that a hierarchy among such bounds can be established. These bounds will be incorporated into a global branch-and-bound framework. Furthermore, this approach may be generalized beyond the standard stochastic programming paradigm. For example, it may be amenable to certain classes of nonlinear SMIPs. This method is highly amenable to high-performance computing, and will provide users with an explicit tradeoff between the quality of the bounds and the requisite computational effort.</AbstractNarration>
<MinAmdLetterDate>07/18/2014</MinAmdLetterDate>
<MaxAmdLetterDate>07/18/2014</MaxAmdLetterDate>
<ARRAAmount/>
<AwardID>1400009</AwardID>
<Investigator>
<FirstName>Oleg</FirstName>
<LastName>Prokopyev</LastName>
<EmailAddress>droleg@pitt.edu</EmailAddress>
<StartDate>07/18/2014</StartDate>
<EndDate/>
<RoleCode>Co-Principal Investigator</RoleCode>
</Investigator>
<Investigator>
<FirstName>Andrew</FirstName>
<LastName>Schaefer</LastName>
<EmailAddress>andrew.schaefer@rice.edu</EmailAddress>
<StartDate>07/18/2014</StartDate>
<EndDate/>
<RoleCode>Principal Investigator</RoleCode>
</Investigator>
<Institution>
<Name>University of Pittsburgh</Name>
<CityName>Pittsburgh</CityName>
<ZipCode>152132303</ZipCode>
<PhoneNumber>4126247400</PhoneNumber>
<StreetAddress>University Club</StreetAddress>
<CountryName>United States</CountryName>
<StateName>Pennsylvania</StateName>
<StateCode>PA</StateCode>
</Institution>
<ProgramElement>
<Code>5514</Code>
<Text>OPERATIONS RESEARCH</Text>
</ProgramElement>
<ProgramReference>
<Code>072E</Code>
<Text>NETWORKS &amp; QUEUING SYSTEMS</Text>
</ProgramReference>
<ProgramReference>
<Code>073E</Code>
<Text>OPTIMIZATION &amp; DECISION MAKING</Text>
</ProgramReference>
<ProgramReference>
<Code>077E</Code>
<Text>SIMULATION MODELS</Text>
</ProgramReference>
</Award>
</rootTag>
