<?xml version="1.0" encoding="UTF-8"?>
<rootTag>
<Award>
<AwardTitle>Dissertation Research: Dissecting the genetic basis of craniofacial variation in the threespine stickleback</AwardTitle>
<AwardEffectiveDate>06/01/2014</AwardEffectiveDate>
<AwardExpirationDate>05/31/2017</AwardExpirationDate>
<AwardAmount>18850</AwardAmount>
<AwardInstrument>
<Value>Standard Grant</Value>
</AwardInstrument>
<Organization>
<Code>08010207</Code>
<Directorate>
<LongName>Direct For Biological Sciences</LongName>
</Directorate>
<Division>
<LongName>Division Of Environmental Biology</LongName>
</Division>
</Organization>
<ProgramOfficer>
<SignBlockName>Leslie Rissler</SignBlockName>
</ProgramOfficer>
<AbstractNarration>Little is known about the genetic basis of evolution to novel environments in natural populations. Addressing this problem is of broad importance because populations of organisms increasingly need to either adapt to a changing environment or go extinct. Few studies have identified genes important for adaptation in natural populations. This research into the rapid evolution of the vertebrate head offers a unique opportunity to conduct a statistically high-powered study on individuals that have undergone adaptive evolution in less than 50 years. The results of this study could provide insight into the genetic and developmental mechanisms of rapid evolution.&lt;br/&gt;&lt;br/&gt;The vertebrate head is an impressive structure that houses some of the most important organs. Across vertebrates head shapes are diverse, and much of this variation appears adaptive. In contrast the early programs of head shape development are highly conserved across vertebrates. This begs the question; where in the conserved genetic programs of head development does variation lie to direct such a diversity of head shapes? This question will be answered by identifying genes that underlie head shape variation in the threespine stickleback fish.  New methods of visualizing and measuring head morphology will be used in conjunction with genomic data from a pedigreed threespine stickleback population to map genomic regions regions associated with head shape variation.</AbstractNarration>
<MinAmdLetterDate>05/05/2014</MinAmdLetterDate>
<MaxAmdLetterDate>05/05/2014</MaxAmdLetterDate>
<ARRAAmount/>
<AwardID>1400913</AwardID>
<Investigator>
<FirstName>William</FirstName>
<LastName>Cresko</LastName>
<EmailAddress>wcresko@uoregon.edu</EmailAddress>
<StartDate>05/05/2014</StartDate>
<EndDate/>
<RoleCode>Principal Investigator</RoleCode>
</Investigator>
<Investigator>
<FirstName>Kristin</FirstName>
<LastName>Alligood</LastName>
<EmailAddress>alligood@uoregon.edu</EmailAddress>
<StartDate>05/05/2014</StartDate>
<EndDate/>
<RoleCode>Co-Principal Investigator</RoleCode>
</Investigator>
<Institution>
<Name>University of Oregon Eugene</Name>
<CityName>Eugene</CityName>
<ZipCode>974035219</ZipCode>
<PhoneNumber>5413465131</PhoneNumber>
<StreetAddress>5219 UNIVERSITY OF OREGON</StreetAddress>
<CountryName>United States</CountryName>
<StateName>Oregon</StateName>
<StateCode>OR</StateCode>
</Institution>
<ProgramElement>
<Code>7378</Code>
<Text>EVOLUTIONARY GENETICS</Text>
</ProgramElement>
<ProgramReference>
<Code>9169</Code>
<Text>BIODIVERSITY AND ECOSYSTEM DYNAMICS</Text>
</ProgramReference>
<ProgramReference>
<Code>9179</Code>
<Text>GRADUATE INVOLVEMENT</Text>
</ProgramReference>
<ProgramReference>
<Code>EGCH</Code>
<Text>ENVIRONMENT AND GLOBAL CHANGE</Text>
</ProgramReference>
<ProgramReference>
<Code>SMET</Code>
<Text>SCIENCE, MATH, ENG &amp; TECH EDUCATION</Text>
</ProgramReference>
</Award>
</rootTag>
