<?xml version="1.0" encoding="UTF-8"?>
<rootTag>
<Award>
<AwardTitle>Combinatorics  of discrete surfaces</AwardTitle>
<AwardEffectiveDate>09/01/2014</AwardEffectiveDate>
<AwardExpirationDate>08/31/2018</AwardExpirationDate>
<AwardAmount>140000</AwardAmount>
<AwardInstrument>
<Value>Standard Grant</Value>
</AwardInstrument>
<Organization>
<Code>03040000</Code>
<Directorate>
<LongName>Direct For Mathematical &amp; Physical Scien</LongName>
</Directorate>
<Division>
<LongName>Division Of Mathematical Sciences</LongName>
</Division>
</Organization>
<ProgramOfficer>
<SignBlockName>Tomek Bartoszynski</SignBlockName>
</ProgramOfficer>
<AbstractNarration>This research project focuses on the study of discrete surfaces, that is, surfaces obtained by gluing together polygons along edges. Discrete surfaces (also known as maps) are fundamental mathematical structures which play an important role in several branches of  mathematics, and theoretical physics and are also of practical importance in computer science (for computer graphics and circuit layout).  The goal of the project is to solve several open problems about discrete surfaces by finding encodings of maps by simpler mathematical structures such as trees and lattice paths. In particular, these encodings shall be used to study the properties of large random discrete surfaces,  and to design algorithms for discrete surfaces. Some broader impacts of the project are the  mentoring of undergraduate research projects, the organization of weekly seminars and conferences, and the dissemination of scientific discoveries through survey articles.&lt;br/&gt;&lt;br/&gt;The PI intends to solve several problems related to maps using a bijective approach. In recent years many bijections were found between classes of maps and simpler mathematical structures such as trees. This represented a breakthrough in the understanding of maps, which helped solve previously unreachable problems such as describing the metric properties of random maps and random surfaces. In a collaboration with Eric Fusy, the PI has found a "master bijection" generalizing and unifying most known bijections for maps. The PI plans to pursue his research in the following directions:&lt;br/&gt;&lt;br/&gt;- Extend the master bijection approach to new classes of maps, namely, hypermaps and irreducible maps. This will complete the unification of the bijective theory of maps, and encompass bijections for maps endowed with a statistical mechanics model.&lt;br/&gt;&lt;br/&gt;- Study the metric properties of random maps by using a recent bijective result about  ``charged maps''. &lt;br/&gt;&lt;br/&gt;- Write a survey article about the bijective approach to maps. &lt;br/&gt;&lt;br/&gt;- Design drawing algorithms for graphs using  canonical orientations. &lt;br/&gt;&lt;br/&gt;Other goals of the PI which are not directly related to maps are a combinatorial proof of Okounkov determinantal formula for Schur measures, and the parametrization of the space of branched polymers.</AbstractNarration>
<MinAmdLetterDate>08/22/2014</MinAmdLetterDate>
<MaxAmdLetterDate>08/22/2014</MaxAmdLetterDate>
<ARRAAmount/>
<AwardID>1400859</AwardID>
<Investigator>
<FirstName>Olivier</FirstName>
<LastName>Bernardi</LastName>
<EmailAddress>bernardi@brandeis.edu</EmailAddress>
<StartDate>08/22/2014</StartDate>
<EndDate/>
<RoleCode>Principal Investigator</RoleCode>
</Investigator>
<Institution>
<Name>Brandeis University</Name>
<CityName>WALTHAM</CityName>
<ZipCode>024532728</ZipCode>
<PhoneNumber>7817362121</PhoneNumber>
<StreetAddress>415 SOUTH ST MAILSTOP 116</StreetAddress>
<CountryName>United States</CountryName>
<StateName>Massachusetts</StateName>
<StateCode>MA</StateCode>
</Institution>
<ProgramElement>
<Code>7970</Code>
<Text>Combinatorics</Text>
</ProgramElement>
</Award>
</rootTag>
