<?xml version="1.0" encoding="UTF-8"?>
<rootTag>
<Award>
<AwardTitle>Center for Advanced Automotive Technology</AwardTitle>
<AwardEffectiveDate>08/01/2014</AwardEffectiveDate>
<AwardExpirationDate>01/31/2019</AwardExpirationDate>
<AwardAmount>2383697</AwardAmount>
<AwardInstrument>
<Value>Continuing grant</Value>
</AwardInstrument>
<Organization>
<Code>11040100</Code>
<Directorate>
<LongName>Direct For Education and Human Resources</LongName>
</Directorate>
<Division>
<LongName>Division Of Undergraduate Education</LongName>
</Division>
</Organization>
<ProgramOfficer>
<SignBlockName>V. Celeste  Carter</SignBlockName>
</ProgramOfficer>
<AbstractNarration>The NSF-funded Center for Advanced Automotive Technology (CAAT) advances the mission of the ATE program by connecting industry and academia to ensure that education programs meet the needs and expected outcomes for technicians within the many sectors of the automotive industry.  As the automotive industry continues its radical transformation, fuel efficiency, minimized environmental impact and safety are the driving factors surrounding new car design.  These newly developed features are shifting the skillset for technicians sought after by employers.  CAAT expands its existing framework to include additional technology areas by seed funding other colleges to create and implement new curricula.  The CAAT is building an automotive technology learning environment that extends well beyond the campus at Macomb Community College.  The Center advances life-long educational attainment, working with a range of age groups to engage people in advance technology - increasing awareness of high school students to consider technician education, encouraging certificate and degree attainment at the community college, promoting transfer to four-year institutions and supporting professionals who desire more training.  CAAT also serves as a convener of business and educational institutions meetings and provides professional development to community college and high school educators.  CAAT provides a smooth transition to the Wayne State University Electric Transportation Technology program and Wayne State is constructing the Advanced Technology Education Center (ATEC) on the Macomb South Campus which will house an Advanced Battery Systems Laboratory jointly developed by the two institutions.   &lt;br/&gt;&lt;br/&gt;CAAT's Industry Advisory Council requested consideration of the following actions: continuing the vehicle electrification focus; increasing educational resources on diesels; strengthening curricula in the advances being made in internal combustion engines and homogeneous charge compression ignitions; training existing technicians in electrical and software applications of automotive vehicle features; and emphasizing the need to utilize total systems thinking for diagnosis and problem solving of modern vehicles.  &lt;br/&gt;&lt;br/&gt;The formative and summative evaluations emphasize strategic linkages between organizational planning and evaluation, specific goals and outcomes for the purpose of measuring impact, and data use for continuous improvement. As the evaluation moves from awareness/reaction to impact (using the Kirkpatrick model) it measures the extent to which the work of CAAT is consistent with their proposal, that the work is meeting or exceeding the target numbers of products, participants, contributions and that the work is positively impacting the desired audiences.  Each measure has target goals, such as 90% of participants in professional development found that the workshop provided techniques, skills or materials of value to them; 75% of participants believe that their teaching knowledge and skills are improved; and 30% apply the ideas and report positive impact on their students.  The data will be gathered through surveys, site visits, telephone interviews and evaluations of workshops. The data are used to revise the interventions.&lt;br/&gt;&lt;br/&gt;CAAT's demonstrably successful program is focused on Associate Degree level, middle-skills jobs in advanced automotive technologies. This automotive technology education has been so impactful in the Great Lakes region and beyond.</AbstractNarration>
<MinAmdLetterDate>07/26/2014</MinAmdLetterDate>
<MaxAmdLetterDate>08/07/2017</MaxAmdLetterDate>
<ARRAAmount/>
<AwardID>1400593</AwardID>
<Investigator>
<FirstName>Chih-Ping</FirstName>
<LastName>Yeh</LastName>
<EmailAddress>yeh@wayne.edu</EmailAddress>
<StartDate>07/26/2014</StartDate>
<EndDate/>
<RoleCode>Co-Principal Investigator</RoleCode>
</Investigator>
<Investigator>
<FirstName>Gene</FirstName>
<LastName>Liao</LastName>
<EmailAddress>geneliao@wayne.edu</EmailAddress>
<StartDate>07/26/2014</StartDate>
<EndDate/>
<RoleCode>Co-Principal Investigator</RoleCode>
</Investigator>
<Investigator>
<FirstName>Joseph</FirstName>
<LastName>Petrosky</LastName>
<EmailAddress>petroskyj@macomb.edu</EmailAddress>
<StartDate>07/26/2014</StartDate>
<EndDate/>
<RoleCode>Principal Investigator</RoleCode>
</Investigator>
<Investigator>
<FirstName>Bob</FirstName>
<LastName>Feldmaier</LastName>
<EmailAddress>feldmaierr@macomb.edu</EmailAddress>
<StartDate>07/26/2014</StartDate>
<EndDate/>
<RoleCode>Co-Principal Investigator</RoleCode>
</Investigator>
<Investigator>
<FirstName>James</FirstName>
<LastName>Sawyer</LastName>
<EmailAddress>spalmer@misd.net</EmailAddress>
<StartDate>07/26/2014</StartDate>
<EndDate/>
<RoleCode>Co-Principal Investigator</RoleCode>
</Investigator>
<Institution>
<Name>Macomb Community College</Name>
<CityName>Warren</CityName>
<ZipCode>480883896</ZipCode>
<PhoneNumber>5864457241</PhoneNumber>
<StreetAddress>14500 Twelve Mile Road</StreetAddress>
<CountryName>United States</CountryName>
<StateName>Michigan</StateName>
<StateCode>MI</StateCode>
</Institution>
<ProgramElement>
<Code>7412</Code>
<Text>ADVANCED TECH EDUCATION PROG</Text>
</ProgramElement>
<ProgramReference>
<Code>1032</Code>
<Text>ADVANCED TECHNOLOGY EDUCATION</Text>
</ProgramReference>
<ProgramReference>
<Code>9178</Code>
<Text>UNDERGRADUATE EDUCATION</Text>
</ProgramReference>
<ProgramReference>
<Code>SMET</Code>
<Text>SCIENCE, MATH, ENG &amp; TECH EDUCATION</Text>
</ProgramReference>
</Award>
</rootTag>
