<?xml version="1.0" encoding="UTF-8"?>
<rootTag>
<Award>
<AwardTitle>New Directions in Reverse Mathematics and Applied Computability Theory</AwardTitle>
<AwardEffectiveDate>09/01/2014</AwardEffectiveDate>
<AwardExpirationDate>08/31/2018</AwardExpirationDate>
<AwardAmount>150000</AwardAmount>
<AwardInstrument>
<Value>Standard Grant</Value>
</AwardInstrument>
<Organization>
<Code>03040000</Code>
<Directorate>
<LongName>Direct For Mathematical &amp; Physical Scien</LongName>
</Directorate>
<Division>
<LongName>Division Of Mathematical Sciences</LongName>
</Division>
</Organization>
<ProgramOfficer>
<SignBlockName>Tomek Bartoszynski</SignBlockName>
</ProgramOfficer>
<AbstractNarration>Mathematics today benefits from having "firm foundations", by which we usually mean a system of axioms sufficient to prove the various theorems we care about. But given a particular theorem, can we specify precisely which axioms are needed to derive it? This is a natural question, and also an ancient one: over 2000 years ago, the Greek mathematicians were asking it about Euclid's geometry. Reverse mathematics is an area of mathematical logic that offers a modern approach to this kind of question, by classifying mathematical theorems according to their logical strength. This offers a deeper insight into the fundamental ideas and methods needed to prove a given theorem. More precisely, reverse mathematics provides a framework in which to compare and contrast results from disparate areas of mathematics, which helps elucidate the underpinnings of various branches of the mathematical sciences, and thereby leads to a better understanding of mathematics and its applications.&lt;br/&gt;&lt;br/&gt;A striking fact repeatedly demonstrated in this area is that the vast majority of mathematical propositions can be classified into one of a small number of categories. But for some very important and fundamental theorems this is not the case. Dzhafarov's research focuses on theorems of this ?irregular" type, including Ramsey's theorem, various equivalents of the axiom of choice, and principles arising from certain problems in cognitive science. In this project, Dzhafarov will work to achieve a greater understanding of the complexities of these "irregular" theorems, to find new examples of such theorems from previously unexplored areas of mathematics, and to apply the reverse mathematics analysis to questions from outside of mathematics. This will be facilitated by the application of methods from computability theory and proof theory, and by the addition of ideas from various collaborations across a number of areas of pure and applied mathematics, as well as interactions with members of the multidisciplinary University of Connecticut logic group.</AbstractNarration>
<MinAmdLetterDate>07/19/2014</MinAmdLetterDate>
<MaxAmdLetterDate>07/19/2014</MaxAmdLetterDate>
<ARRAAmount/>
<AwardID>1400267</AwardID>
<Investigator>
<FirstName>Damir</FirstName>
<LastName>Dzhafarov</LastName>
<EmailAddress>damir.dzhafarov@uconn.edu</EmailAddress>
<StartDate>07/19/2014</StartDate>
<EndDate/>
<RoleCode>Principal Investigator</RoleCode>
</Investigator>
<Institution>
<Name>University of Connecticut</Name>
<CityName>Storrs</CityName>
<ZipCode>062691133</ZipCode>
<PhoneNumber>8604863622</PhoneNumber>
<StreetAddress>438 Whitney Road Ext.</StreetAddress>
<CountryName>United States</CountryName>
<StateName>Connecticut</StateName>
<StateCode>CT</StateCode>
</Institution>
<ProgramElement>
<Code>1268</Code>
<Text>FOUNDATIONS</Text>
</ProgramElement>
</Award>
</rootTag>
