<?xml version="1.0" encoding="UTF-8"?>
<rootTag>
<Award>
<AwardTitle>Enabling Nanomanufacturing via Fast Optical Nanopatterning</AwardTitle>
<AwardEffectiveDate>07/01/2014</AwardEffectiveDate>
<AwardExpirationDate>06/30/2019</AwardExpirationDate>
<AwardAmount>559231</AwardAmount>
<AwardInstrument>
<Value>Standard Grant</Value>
</AwardInstrument>
<Organization>
<Code>07030000</Code>
<Directorate>
<LongName>Directorate For Engineering</LongName>
</Directorate>
<Division>
<LongName>Div Of Civil, Mechanical, &amp; Manufact Inn</LongName>
</Division>
</Organization>
<ProgramOfficer>
<SignBlockName>Khershed Cooper</SignBlockName>
</ProgramOfficer>
<AbstractNarration>Top-down nanopatterning is the most effective approach for creating nanostructures of complex geometries and therefore, usually the first step in nanomanufacturing. Unfortunately, conventional approaches to nanopatterning are extremely slow compared to pattern replication. This award supports research that combines a massively parallel architecture and a new method that allows light to define nanostructures far smaller than is otherwise possible. The result is to achieve fast nanopatterning of structures as small as a large molecule. When fast pattern generation is combined with fast pattern replication (such as roll-to-roll nanoimprint lithography), a new paradigm for nanomanufacturing arises. This paradigm has the potential to enable entirely new material and device functionalities as it provides exquisite control of structure at the nanoscale in conjunction with such control over macroscopic areas. When brought to fruition, this technology will enable new classes of devices and applications, e.g., light-trapping for thin-film solar-cells, large-area self-cleaning surfaces, anti-microbial surfaces, and large-area metamaterials (e.g., cloaking materials). This award will provide essential training in research that draws upon expertise in multiple disciplines including optics, chemistry, electrical engineering and materials science. The fundamental knowledge generated during this research will be widely disseminated via the commercialization of the new nanopatterning technology. &lt;br/&gt; &lt;br/&gt;The far-field diffraction limit is a fundamental physical barrier that limits the size of a focused optical beam to approximately half its wavelength. When applied to nanopatterning with visible light, this limit prevents the generation of structures below ~200nm. This project will overcome this limit by using photochromic molecules that can be toggled between two isomeric forms. By exposing a monolayer of such molecules to a spatially varying intensity distribution, a chemical pattern of the two isomers is first formed. Using a stepping stage with nanometric precision, the substrate is then moved relative to the optics. A second exposure to the same illumination toggles the photochromic molecules. By appropriate displacement of the stage, it is possible to leave arbitrarily small regions of molecules (down to the single-molecule level) in one isomeric form compared to the surrounding region. A subsequent locking step may then be used to selectively modify this isomeric form such that it is no longer photochromic. Since everything else on the surface is photochromic, the entire sequence of steps can be repeated to create geometries of arbitrary complexity in a "dot-matrix" fashion. This award will support fundamental research into the design, synthesis and characterization of appropriate photochromic molecules, a new optical system, and related processes.</AbstractNarration>
<MinAmdLetterDate>06/10/2014</MinAmdLetterDate>
<MaxAmdLetterDate>06/16/2016</MaxAmdLetterDate>
<ARRAAmount/>
<AwardID>1400142</AwardID>
<Investigator>
<FirstName>Rajesh</FirstName>
<LastName>Menon</LastName>
<EmailAddress>rmenon@eng.utah.edu</EmailAddress>
<StartDate>06/10/2014</StartDate>
<EndDate/>
<RoleCode>Principal Investigator</RoleCode>
</Investigator>
<Investigator>
<FirstName>Trisha</FirstName>
<LastName>Andrew</LastName>
<EmailAddress>tandrew@chem.wisc.edu</EmailAddress>
<StartDate>06/10/2014</StartDate>
<EndDate/>
<RoleCode>Co-Principal Investigator</RoleCode>
</Investigator>
<Institution>
<Name>University of Utah</Name>
<CityName>SALT LAKE CITY</CityName>
<ZipCode>841128930</ZipCode>
<PhoneNumber>8015816903</PhoneNumber>
<StreetAddress>75 S 2000 E</StreetAddress>
<CountryName>United States</CountryName>
<StateName>Utah</StateName>
<StateCode>UT</StateCode>
</Institution>
<ProgramElement>
<Code>1788</Code>
<Text>NANOMANUFACTURING</Text>
</ProgramElement>
<ProgramReference>
<Code>082E</Code>
<Text>MFG MACHINES &amp; METROLOGY</Text>
</ProgramReference>
<ProgramReference>
<Code>083E</Code>
<Text>MATERIAL TRANSFORMATION PROC</Text>
</ProgramReference>
<ProgramReference>
<Code>084E</Code>
<Text>NANOMANUFACTURING</Text>
</ProgramReference>
<ProgramReference>
<Code>116E</Code>
<Text>RESEARCH EXP FOR UNDERGRADS</Text>
</ProgramReference>
<ProgramReference>
<Code>9102</Code>
<Text>WOMEN, MINORITY, DISABLED, NEC</Text>
</ProgramReference>
<ProgramReference>
<Code>9146</Code>
<Text>MANUFACTURING BASE RESEARCH</Text>
</ProgramReference>
<ProgramReference>
<Code>9150</Code>
<Text>EXP PROG TO STIM COMP RES</Text>
</ProgramReference>
<ProgramReference>
<Code>9178</Code>
<Text>UNDERGRADUATE EDUCATION</Text>
</ProgramReference>
<ProgramReference>
<Code>9231</Code>
<Text>SUPPL FOR UNDERGRAD RES ASSIST</Text>
</ProgramReference>
<ProgramReference>
<Code>9251</Code>
<Text>RES EXPER FOR UNDERGRAD-SUPPLT</Text>
</ProgramReference>
<ProgramReference>
<Code>MANU</Code>
<Text>MANUFACTURING</Text>
</ProgramReference>
</Award>
</rootTag>
