<?xml version="1.0" encoding="UTF-8"?>
<rootTag>
<Award>
<AwardTitle>A-infinity structures and derived categories in algebraic geometry</AwardTitle>
<AwardEffectiveDate>09/01/2014</AwardEffectiveDate>
<AwardExpirationDate>08/31/2017</AwardExpirationDate>
<AwardAmount>154999</AwardAmount>
<AwardInstrument>
<Value>Standard Grant</Value>
</AwardInstrument>
<Organization>
<Code>03040000</Code>
<Directorate>
<LongName>Direct For Mathematical &amp; Physical Scien</LongName>
</Directorate>
<Division>
<LongName>Division Of Mathematical Sciences</LongName>
</Division>
</Organization>
<ProgramOfficer>
<SignBlockName>Matthew  Douglass</SignBlockName>
</ProgramOfficer>
<AbstractNarration>This research project is in the field of algebraic geometry with some connections to string theory and noncommutative geometry. Algebraic geometry is a branch of mathematics studying geometric objects defined by polynomial equations and related mathematical structures. In classical algebraic geometry one associates with such geometric objects (called algebraic varieties) a space of functions that is a commutative ring. In this research project, more sophisticated algebraic structures associated with algebraic varieties, such as A-infinity algebras and derived categories of sheaves, will be studied.&lt;br/&gt;&lt;br/&gt;The research project will focus on the following topics:&lt;br/&gt;1) A-infinity structures associated with curves and their relation to the moduli spaces of curves,&lt;br/&gt;2) Semiorthogonal decomposition of the derived categories of equivariant sheaves for finite group actions,&lt;br/&gt;3) Cohomological field theories associated with quasihomogeneous polynomials,&lt;br/&gt;4) Sheaves on NC-thickenings and a characterization of Jacobians.&lt;br/&gt;The first project is about some A-infinity algebras associated with curves with marked points. The research will study normal forms of these A-infinity algebras up to homotopy and to relate them to the moduli spaces of curves. In the second project a construction of a canonical semiorthogonal decomposition of the derived category of equivariant coherent sheaves for some actions of finite reflection groups is outlined and will be studied. The third project is concerned with applications of categories of matrix factorizations with computation in the cohomological field theories attached to quasihomogeneous polynomials with isolated singularities. The fourth project focuses on which coherent sheaves on an abelian variety can be extended to a noncommutative thickening, which is a quantization of the Poisson envelope of the sheaf of regular functions. This may lead to a new characterization of Jacobians of curves.</AbstractNarration>
<MinAmdLetterDate>08/17/2014</MinAmdLetterDate>
<MaxAmdLetterDate>08/17/2014</MaxAmdLetterDate>
<ARRAAmount/>
<AwardID>1400390</AwardID>
<Investigator>
<FirstName>Alexander</FirstName>
<LastName>Polishchuk</LastName>
<EmailAddress>apolish@uoregon.edu</EmailAddress>
<StartDate>08/17/2014</StartDate>
<EndDate/>
<RoleCode>Principal Investigator</RoleCode>
</Investigator>
<Institution>
<Name>University of Oregon Eugene</Name>
<CityName>Eugene</CityName>
<ZipCode>974035219</ZipCode>
<PhoneNumber>5413465131</PhoneNumber>
<StreetAddress>5219 UNIVERSITY OF OREGON</StreetAddress>
<CountryName>United States</CountryName>
<StateName>Oregon</StateName>
<StateCode>OR</StateCode>
</Institution>
<ProgramElement>
<Code>1264</Code>
<Text>ALGEBRA,NUMBER THEORY,AND COM</Text>
</ProgramElement>
</Award>
</rootTag>
