<?xml version="1.0" encoding="UTF-8"?>
<rootTag>
<Award>
<AwardTitle>2014-2019 Wisconsin Louis Stokes Alliance for Minority Participation-WiscAMP - Senior Level Alliance</AwardTitle>
<AwardEffectiveDate>08/01/2014</AwardEffectiveDate>
<AwardExpirationDate>07/31/2019</AwardExpirationDate>
<AwardAmount>2500000</AwardAmount>
<AwardInstrument>
<Value>Continuing grant</Value>
</AwardInstrument>
<Organization>
<Code>11060000</Code>
<Directorate>
<LongName>Direct For Education and Human Resources</LongName>
</Directorate>
<Division>
<LongName>Division Of Human Resource Development</LongName>
</Division>
</Organization>
<ProgramOfficer>
<SignBlockName>leroy jones</SignBlockName>
</ProgramOfficer>
<AbstractNarration>The Louis Stokes Alliances for Minority Participation (LSAMP) program assists universities and colleges in diversifying the STEM workforce through their efforts at significantly increasing the numbers of students successfully completing high quality degree programs in science, technology, engineering and mathematics (STEM) disciplines.  Particular emphasis is placed on transforming STEM education through innovative recruitment and retention strategies and experiences in support of groups historically under-represented in STEM disciplines: African-Americans, Alaskan Natives, American Indians, Hispanic Americans, Native Hawaiians, and Native Pacific Islanders.  &lt;br/&gt;&lt;br/&gt;The Wisconsin Louis Stokes Alliance for Minority Participation (WiscAMP), led by the University of Wisconsin(UW)-Madison, consists of 13 four-year UW campuses (Eau Claire, Green Bay, La Crosse, Madison, Milwaukee, Oshkosh, Parkside, Platteville, River Falls, Stevens Point, Stout, Superior and Whitewater); 4 private (not for profit) schools (Alverno College, Beloit College, Lawrence University and the Milwaukee School of Engineering); and 2 two-year institutions (Madison Area Technical College (Madison College) and UW-Rock County, 1 of 13 UW-College campuses managed as a single institution in the UW-System). &lt;br/&gt;&lt;br/&gt;As a senior alliance, WiscAMP capitalizes on its momentum toward achieving the twin goals of broadening participation in advanced STEM degree career pathways and transforming WiscAMP institutions to support and sustain diversity across and throughout the alliance through the following program objectives: (1) doubling the current number of URM students who graduate with STEM baccalaureate degrees, (2) doubling the current number of WiscAMP students who enter STEM graduate programs, and (3) tripling the number of STEM faculty in the alliance who adopt evidence-based broadening participation practices in their research mentoring and/or classroom instruction. Undergraduate students, including community college students, participate in STEM recruitment and retention interventions such as faculty-mentored undergraduate research, graduate school preparation, summer research experiences, including international experiences abroad as appropriate. Faculty are involved in producing evidenced-based broadening participation research to increase the body of knowledge in retaining underrepresented minority students in STEM fields.</AbstractNarration>
<MinAmdLetterDate>07/31/2014</MinAmdLetterDate>
<MaxAmdLetterDate>09/28/2016</MaxAmdLetterDate>
<ARRAAmount/>
<AwardID>1400815</AwardID>
<Investigator>
<FirstName>Gail</FirstName>
<LastName>Coover</LastName>
<EmailAddress>gcoover@engr.wisc.edu</EmailAddress>
<StartDate>07/31/2014</StartDate>
<EndDate/>
<RoleCode>Co-Principal Investigator</RoleCode>
</Investigator>
<Investigator>
<FirstName>Manuela</FirstName>
<LastName>Romero</LastName>
<EmailAddress>mromero@wisc.edu</EmailAddress>
<StartDate>07/31/2014</StartDate>
<EndDate/>
<RoleCode>Co-Principal Investigator</RoleCode>
</Investigator>
<Investigator>
<FirstName>Sarah</FirstName>
<LastName>Mangelsdorf</LastName>
<EmailAddress>smangelsdorf@wisc.edu</EmailAddress>
<StartDate>06/05/2015</StartDate>
<EndDate/>
<RoleCode>Principal Investigator</RoleCode>
</Investigator>
<Investigator>
<FirstName>Douglass</FirstName>
<LastName>Henderson</LastName>
<EmailAddress>henderson@engr.wisc.edu</EmailAddress>
<StartDate>07/31/2014</StartDate>
<EndDate/>
<RoleCode>Co-Principal Investigator</RoleCode>
</Investigator>
<Investigator>
<FirstName>Mary</FirstName>
<LastName>Carnes</LastName>
<EmailAddress>mlcarnes@wisc.edu</EmailAddress>
<StartDate>07/31/2014</StartDate>
<EndDate/>
<RoleCode>Co-Principal Investigator</RoleCode>
</Investigator>
<Investigator>
<FirstName>Paul</FirstName>
<LastName>DeLuca</LastName>
<EmailAddress>pmd@cema.medphysics.wisc.edu</EmailAddress>
<StartDate>07/31/2014</StartDate>
<EndDate>06/05/2015</EndDate>
<RoleCode>Former Principal Investigator</RoleCode>
</Investigator>
<Institution>
<Name>University of Wisconsin-Madison</Name>
<CityName>MADISON</CityName>
<ZipCode>537151218</ZipCode>
<PhoneNumber>6082623822</PhoneNumber>
<StreetAddress>21 North Park Street</StreetAddress>
<CountryName>United States</CountryName>
<StateName>Wisconsin</StateName>
<StateCode>WI</StateCode>
</Institution>
<ProgramElement>
<Code>9133</Code>
<Text>ALLIANCES-MINORITY PARTICIPAT.</Text>
</ProgramElement>
</Award>
</rootTag>
