<?xml version="1.0" encoding="UTF-8"?>
<rootTag>
<Award>
<AwardTitle>Northeast LSAMP Bridge to the Doctorate</AwardTitle>
<AwardEffectiveDate>06/01/2014</AwardEffectiveDate>
<AwardExpirationDate>05/31/2017</AwardExpirationDate>
<AwardAmount>986990</AwardAmount>
<AwardInstrument>
<Value>Standard Grant</Value>
</AwardInstrument>
<Organization>
<Code>11060000</Code>
<Directorate>
<LongName>Direct For Education and Human Resources</LongName>
</Directorate>
<Division>
<LongName>Division Of Human Resource Development</LongName>
</Division>
</Organization>
<ProgramOfficer>
<SignBlockName>leroy jones</SignBlockName>
</ProgramOfficer>
<AbstractNarration>The Northeast Louis Stokes Alliance for Minority Participation (NELSAMP) has chosen the University of Connecticut (UConn) as the site for the 2014-2016 Bridge to the Doctorate (BD) Activity. The UConn BD Activity will demonstrate that a proactive, intensive, results-oriented campaign to recruit, prepare, mentor, train, and support doctoral candidates from traditionally underrepresented populations in the STEM disciplines will contribute to resolving social, economic, and technological challenges that currently face the United States. For the U.S. to remain competitive globally, it must provide exceptional educational preparedness in STEM areas that underpin the knowledge-based economy. Students from underrepresented groups in STEM are a critical piece in solving the ongoing puzzle of how to reinvigorate the nation's global technological primacy. &lt;br/&gt;&lt;br/&gt;UConn will recruit and support 12 doctoral students from African American, Hispanic and/or Native American populations who are graduates of LSAMP Alliance institutions with BD Fellowships for the first two years of their graduate studies in STEM disciplines at UConn. Structured activities for the BD Fellows include developing focused plans of study and detailed roadmaps of academic milestones; participating in professional skills development workshops; having opportunities for mentorship/volunteering; and receiving career preparation. In addition, UConn will refine and expand its Husky Bridge to the Doctorate STEM Program website. Through innovative STEM research projects in cutting-edge areas such as biomedical engineering, environmental and human sustainability, and nanotechnology, UConn will train outstanding scientists and engineers. The diversity of perspectives, backgrounds, and experiences of the BD Fellows will contribute toward breakthroughs in meeting society's grand challenges.</AbstractNarration>
<MinAmdLetterDate>05/29/2014</MinAmdLetterDate>
<MaxAmdLetterDate>05/09/2016</MaxAmdLetterDate>
<ARRAAmount/>
<AwardID>1400382</AwardID>
<Investigator>
<FirstName>Elizabeth</FirstName>
<LastName>Dumont</LastName>
<EmailAddress>bdumont@bio.umass.edu</EmailAddress>
<StartDate>05/09/2016</StartDate>
<EndDate/>
<RoleCode>Principal Investigator</RoleCode>
</Investigator>
<Investigator>
<FirstName>Mun</FirstName>
<LastName>Choi</LastName>
<EmailAddress>mun.choi@uconn.edu</EmailAddress>
<StartDate>05/29/2014</StartDate>
<EndDate>05/09/2016</EndDate>
<RoleCode>Former Co-Principal Investigator</RoleCode>
</Investigator>
<Investigator>
<FirstName>John</FirstName>
<LastName>Cunningham</LastName>
<EmailAddress>jcunningham@provost.umass.edu</EmailAddress>
<StartDate>05/29/2014</StartDate>
<EndDate>05/09/2016</EndDate>
<RoleCode>Former Principal Investigator</RoleCode>
</Investigator>
<Investigator>
<FirstName>Martha</FirstName>
<LastName>Baker</LastName>
<EmailAddress>mbaker@cns.umass.edu</EmailAddress>
<StartDate>05/09/2016</StartDate>
<EndDate/>
<RoleCode>Co-Principal Investigator</RoleCode>
</Investigator>
<Institution>
<Name>University of Massachusetts Amherst</Name>
<CityName>Hadley</CityName>
<ZipCode>010359450</ZipCode>
<PhoneNumber>4135450698</PhoneNumber>
<StreetAddress>Research Administration Building</StreetAddress>
<CountryName>United States</CountryName>
<StateName>Massachusetts</StateName>
<StateCode>MA</StateCode>
</Institution>
<ProgramElement>
<Code>9133</Code>
<Text>ALLIANCES-MINORITY PARTICIPAT.</Text>
</ProgramElement>
<ProgramReference>
<Code>9179</Code>
<Text>GRADUATE INVOLVEMENT</Text>
</ProgramReference>
</Award>
</rootTag>
