<?xml version="1.0" encoding="UTF-8"?>
<rootTag>
<Award>
<AwardTitle>Materials Discovery through Novel Nanocomposite Design</AwardTitle>
<AwardEffectiveDate>06/01/2014</AwardEffectiveDate>
<AwardExpirationDate>07/31/2016</AwardExpirationDate>
<AwardAmount>284097</AwardAmount>
<AwardInstrument>
<Value>Continuing grant</Value>
</AwardInstrument>
<Organization>
<Code>03070000</Code>
<Directorate>
<LongName>Direct For Mathematical &amp; Physical Scien</LongName>
</Directorate>
<Division>
<LongName>Division Of Materials Research</LongName>
</Division>
</Organization>
<ProgramOfficer>
<SignBlockName>Lynnette D. Madsen</SignBlockName>
</ProgramOfficer>
<AbstractNarration>NON-TECHNICAL DESCRIPTION: This project is seeking to further the basic understanding and development of new 2-phase nanocomposites to obtain enhanced or novel multi-functionality.  Junior researchers (undergraduate and graduate students) and high school teachers are also engaged in the research.  A partnership with Dr. Judith Driscoll at the University of Cambridge and cooperation with Dr. Quanxi Jia of Los Alamos National Laboratory enhances this project and the experiences of the students. The outcomes could positively impact areas such as thin film solid oxide fuel cells (SOFCs), thin film solar cells, nanoionics, and memristers.  Findings are being integrated into Materials Science and Engineering (MSE) courses. The research team is involved with several outreach programs focused on inclusion in science and engineering.&lt;br/&gt; &lt;br/&gt;TECHNICAL DETAILS: &lt;br/&gt;This project focuses on a unique 2-phase vertically-aligned nanocomposite (VAN) approach which provides a novel platform for materials discovery and design. Combining the properties of the two phases, VAN films can provide improved and/or new physical properties in comparison to single layer or multilayer films. The team is demonstrating several remarkable functional enhancements as well as interesting spontaneously ordered structures (nanocheckerboards) and unprecedented levels of strain in thick films. In particular, the major preliminary findings are that (1) an important ferroelectric material can be made to work well at several hundred degrees above its normal operational temperature; (2) tunability in functionality (e.g., low field magnetoelectric property, ferroelectric property, etc.) can be achieved in well-designed VAN systems; (3) unique VAN structures with unprecedented electrochemical properties have been implemented in thin film solid oxide fuel cells (SOFCs) as cathodes, electrolytes or both. The research activities include understanding the limitations to the growth and ordering, as well as the resulted functionalities; growing new systems and demonstrating new functionalities using the VAN method; and demonstrating device applications using VAN structures. Various characterization techniques, such as high resolution X-ray diffraction (XRD), and transmission electron microscopy (TEM) (with scanning transmission electron microscopy (STEM) and electron energy loss spectroscopy (EELS)), as well as physical property measurements are being utilized in this study.  The specific outreach programs included are: on-campus programs -- Woman Engineer Forum and Woman Mentor Program (http://outreach.science.tamu.edu/wise.php), and the Summer School Program (http://losalamos.unm.edu/admissions/summer-bridge.html) at the University of New Mexico (a Hispanic-Serving Institution).</AbstractNarration>
<MinAmdLetterDate>04/28/2014</MinAmdLetterDate>
<MaxAmdLetterDate>03/09/2016</MaxAmdLetterDate>
<ARRAAmount/>
<AwardID>1401266</AwardID>
<Investigator>
<FirstName>Xinghang</FirstName>
<LastName>Zhang</LastName>
<EmailAddress>xzhang98@purdue.edu</EmailAddress>
<StartDate>09/21/2015</StartDate>
<EndDate/>
<RoleCode>Co-Principal Investigator</RoleCode>
</Investigator>
<Investigator>
<FirstName>Haiyan</FirstName>
<LastName>Wang</LastName>
<EmailAddress>hwang00@purdue.edu</EmailAddress>
<StartDate>09/21/2015</StartDate>
<EndDate/>
<RoleCode>Principal Investigator</RoleCode>
</Investigator>
<Investigator>
<FirstName>Xinghang</FirstName>
<LastName>Zhang</LastName>
<EmailAddress>xzhang98@purdue.edu</EmailAddress>
<StartDate>04/28/2014</StartDate>
<EndDate>09/21/2015</EndDate>
<RoleCode>Former Principal Investigator</RoleCode>
</Investigator>
<Institution>
<Name>Texas A&amp;M Engineering Experiment Station</Name>
<CityName>College Station</CityName>
<ZipCode>778454645</ZipCode>
<PhoneNumber>9798477635</PhoneNumber>
<StreetAddress>TEES State Headquarters Bldg.</StreetAddress>
<CountryName>United States</CountryName>
<StateName>Texas</StateName>
<StateCode>TX</StateCode>
</Institution>
<ProgramElement>
<Code>1774</Code>
<Text>CERAMICS</Text>
</ProgramElement>
<ProgramReference>
<Code>7237</Code>
<Text>NANO NON-SOLIC SCI &amp; ENG AWD</Text>
</ProgramReference>
</Award>
</rootTag>
