<?xml version="1.0" encoding="UTF-8"?>
<rootTag>
<Award>
<AwardTitle>Algebraic groups, arithmetic subgroups and geometry</AwardTitle>
<AwardEffectiveDate>07/01/2014</AwardEffectiveDate>
<AwardExpirationDate>06/30/2018</AwardExpirationDate>
<AwardAmount>185999</AwardAmount>
<AwardInstrument>
<Value>Continuing grant</Value>
</AwardInstrument>
<Organization>
<Code>03040000</Code>
<Directorate>
<LongName>Direct For Mathematical &amp; Physical Scien</LongName>
</Directorate>
<Division>
<LongName>Division Of Mathematical Sciences</LongName>
</Division>
</Organization>
<ProgramOfficer>
<SignBlockName>Matthew  Douglass</SignBlockName>
</ProgramOfficer>
<AbstractNarration>Many geometric and arithmetic objects have symmetries that can be encoded in the mathematical notion of a group.  Often such groups possess additional structure, forming what is known as an algebraic group.  The PI plans to work on several research projects related to algebraic groups and their internal structure, as well as their associated geometric and arithmetic objects, especially symmetric spaces.  In addition the PI plans to write three books during the duration of this award.&lt;br/&gt;&lt;br/&gt;Recent research of the PI includes work with Brian Conrad and Ofer Gabber on the classification of pseudo-reductive algebraic groups, with Andrei Rapinchuk on arithmetically defined locally symmetric spaces, and with Sai-Kee Yeung in complex algebraic geometry.  Under this award the PI proposes to investigate new directions related to these collaborations.  He will also continue his work on the congruence subgroup problem and the Margulis-Platonov conjecture (the latter gives a description of the normal subgroups of the group of rational points of a simply-connected semi-simple group defined over a global field).  In another direction, the PI has associated a Levi subgroup to any irreducible admissible representation of a reductive p-adic group.  He proposes to investigate the role of this Levi subgroup in the construction and classification of representations.   The three books the PI plans to write are one on the Bruhat-Tits theory of reductive groups over nonarchimedean local fields, one on Lie groups based on his graduate courses at the University of Michigan, and one, jointly with Andrei Rapinchuk, on the congruence subgroup problem.</AbstractNarration>
<MinAmdLetterDate>05/16/2014</MinAmdLetterDate>
<MaxAmdLetterDate>04/18/2016</MaxAmdLetterDate>
<ARRAAmount/>
<AwardID>1401380</AwardID>
<Investigator>
<FirstName>Gopal</FirstName>
<LastName>Prasad</LastName>
<EmailAddress>gprasad@umich.edu</EmailAddress>
<StartDate>05/16/2014</StartDate>
<EndDate/>
<RoleCode>Principal Investigator</RoleCode>
</Investigator>
<Institution>
<Name>University of Michigan Ann Arbor</Name>
<CityName>Ann Arbor</CityName>
<ZipCode>481091274</ZipCode>
<PhoneNumber>7347636438</PhoneNumber>
<StreetAddress>3003 South State St. Room 1062</StreetAddress>
<CountryName>United States</CountryName>
<StateName>Michigan</StateName>
<StateCode>MI</StateCode>
</Institution>
<ProgramElement>
<Code>1264</Code>
<Text>ALGEBRA,NUMBER THEORY,AND COM</Text>
</ProgramElement>
</Award>
</rootTag>
