<?xml version="1.0" encoding="UTF-8"?>
<rootTag>
<Award>
<AwardTitle>Dynamics, Geometry, and K-Theory</AwardTitle>
<AwardEffectiveDate>07/01/2014</AwardEffectiveDate>
<AwardExpirationDate>06/30/2018</AwardExpirationDate>
<AwardAmount>126000</AwardAmount>
<AwardInstrument>
<Value>Standard Grant</Value>
</AwardInstrument>
<Organization>
<Code>03040000</Code>
<Directorate>
<LongName>Direct For Mathematical &amp; Physical Scien</LongName>
</Directorate>
<Division>
<LongName>Division Of Mathematical Sciences</LongName>
</Division>
</Organization>
<ProgramOfficer>
<SignBlockName>Edward Taylor</SignBlockName>
</ProgramOfficer>
<AbstractNarration>Manifolds are geometric objects that can be parametrized using the standard numerical variables of algebra and calculus. They are fundamental objects for much of modern mathematics and its applications to the other sciences, where they model physical space as well as many important data sets.  The principal investigator is planning to study properties of higher dimensional manifolds. Here "higher dimensional" means that at least five variables are needed to parametrize the manifold (think of a data set depending on five or more variables). The extra flexibility inherent in a larger number of variables means that many more tools can be brought to bear on problems. The geometry of the expanding networks that are important in communications theory and the theory of dynamical systems (i.e.,change under symmetries of a system) are particularly important tools for the project. Throughout the period of the project the principal investigator intends to mentor young scientists through their involvement in the research, and to continue to work on structural improvements to mathematical education and research in Hawaii.&lt;br/&gt;&lt;br/&gt;One of the most important invariants of a manifold is its fundamental group, which governs the way loops can be formed inside the manifold. Associated to fundamental groups are algebraic group rings and analytic group operator algebras. The theory of linear algebra over group rings and group operator algebras is organized by their K-theory, and  understanding the associated K-groups is a difficult problem that is fundamental to the understanding of higher dimensional manifolds via such problems as the Novikov and Borel conjectures in topological classification and the Gromov-Lawson conjecture in differential geometry. The Baum-Connes and Farrell-Jones conjectures postulate techniques for computing K-theory and anchor the current approach to the problems in manifold theory mentioned earlier. The principal investigator intends to use techniques from index theory of elliptic differential operators, operator algebras, topological dynamical systems, metric geometry of expanding networks, and representation theory to study these conjectures and related issues.</AbstractNarration>
<MinAmdLetterDate>05/08/2014</MinAmdLetterDate>
<MaxAmdLetterDate>05/08/2014</MaxAmdLetterDate>
<ARRAAmount/>
<AwardID>1401126</AwardID>
<Investigator>
<FirstName>Rufus</FirstName>
<LastName>Willett</LastName>
<EmailAddress>rwillett@hawaii.edu</EmailAddress>
<StartDate>05/08/2014</StartDate>
<EndDate/>
<RoleCode>Principal Investigator</RoleCode>
</Investigator>
<Institution>
<Name>University of Hawaii</Name>
<CityName>HONOLULU</CityName>
<ZipCode>968222234</ZipCode>
<PhoneNumber>8089567800</PhoneNumber>
<StreetAddress>2440 Campus Road, Box 368</StreetAddress>
<CountryName>United States</CountryName>
<StateName>Hawaii</StateName>
<StateCode>HI</StateCode>
</Institution>
<ProgramElement>
<Code>1281</Code>
<Text>ANALYSIS PROGRAM</Text>
</ProgramElement>
<ProgramReference>
<Code>9150</Code>
<Text>EXP PROG TO STIM COMP RES</Text>
</ProgramReference>
</Award>
</rootTag>
