<?xml version="1.0" encoding="UTF-8"?>
<rootTag>
<Award>
<AwardTitle>Research Initiation Award:  Role of Astrocytes in the Development of Synchronized Bursting Behavior in Neuronal Networks</AwardTitle>
<AwardEffectiveDate>07/01/2014</AwardEffectiveDate>
<AwardExpirationDate>12/31/2018</AwardExpirationDate>
<AwardAmount>200000</AwardAmount>
<AwardInstrument>
<Value>Standard Grant</Value>
</AwardInstrument>
<Organization>
<Code>11060000</Code>
<Directorate>
<LongName>Direct For Education and Human Resources</LongName>
</Directorate>
<Division>
<LongName>Division Of Human Resource Development</LongName>
</Division>
</Organization>
<ProgramOfficer>
<SignBlockName>Martha L. James</SignBlockName>
</ProgramOfficer>
<AbstractNarration>Research Initiation Awards (RIAs) provide support for junior faculty at Historically Black Colleges and Universities (HBCUs) who are starting to build a research program, as well as for mid-career faculty who need to redirect and rebuild a research program or need to build a research program.  It is expected that the award helps to further the faculty member's research capability and effectiveness, improves research and teaching at the researcher's home institution and involves undergraduate students in research experiences.  &lt;br/&gt;&lt;br/&gt;Delaware State University's Research Initiation Award for the period of 2014-2016 addresses a major gap in understanding the role of glial cells in a very important aspect of brain development-generation of synchronous neuronal activity.  It combines multi-electrode electrophysiology and molecular genetic approaches to investigate how glia and neurons interact to form complex functional networks and explores the link between GPCR mediated intracellular Ca++ release to gliotransmitter exocytosis.  &lt;br/&gt;&lt;br/&gt;The research has the following specific aims:&lt;br/&gt;--to characterize differences in synaptic development and network activity in embryonic neurons cultured alone and with glia, multi-electrode electrophysiology and Ca++ imaging to measure the activity of neurons and glial cells from chicken embryos separately and in co-cultures.&lt;br/&gt;--to investigate the specific mechanisms of glial influence on developing neurons use of a dominant negative expression strategy to disrupt specific GPCR pathways, mGluR, P2y1 and GABAB in astrocytes co-cultured with neurons.&lt;br/&gt;&lt;br/&gt;The project engages seven (7) undergraduate and high school students from Delaware State University and Delaware State University's Early College High School in research experiences.  The results of the study contribute to a clearer understanding of the role of glia in the development, maintenance and modulation of synaptic function and neuronal network activity and has a direct bearing on developing effective therapies for epilepsy, a pathological condition emerging from inappropriate synchronous firing.</AbstractNarration>
<MinAmdLetterDate>06/02/2014</MinAmdLetterDate>
<MaxAmdLetterDate>07/03/2018</MaxAmdLetterDate>
<ARRAAmount/>
<AwardID>1401026</AwardID>
<Investigator>
<FirstName>Murali</FirstName>
<LastName>Temburni</LastName>
<EmailAddress>mtemburni@desu.edu</EmailAddress>
<StartDate>06/02/2014</StartDate>
<EndDate/>
<RoleCode>Principal Investigator</RoleCode>
</Investigator>
<Institution>
<Name>Delaware State University</Name>
<CityName>Dover</CityName>
<ZipCode>199012277</ZipCode>
<PhoneNumber>3028576001</PhoneNumber>
<StreetAddress>1200 N. Dupont Highway</StreetAddress>
<CountryName>United States</CountryName>
<StateName>Delaware</StateName>
<StateCode>DE</StateCode>
</Institution>
<ProgramElement>
<Code>1594</Code>
<Text>HIST BLACK COLLEGES AND UNIV</Text>
</ProgramElement>
<ProgramReference>
<Code>9150</Code>
<Text>EXP PROG TO STIM COMP RES</Text>
</ProgramReference>
<ProgramReference>
<Code>9178</Code>
<Text>UNDERGRADUATE EDUCATION</Text>
</ProgramReference>
</Award>
</rootTag>
