<?xml version="1.0" encoding="UTF-8"?>
<rootTag>
<Award>
<AwardTitle>NSF NPGI Postdoctoral Fellowship in Biology FY 2014</AwardTitle>
<AwardEffectiveDate>08/01/2014</AwardEffectiveDate>
<AwardExpirationDate>07/31/2017</AwardExpirationDate>
<AwardAmount>216000</AwardAmount>
<AwardInstrument>
<Value>Fellowship</Value>
</AwardInstrument>
<Organization>
<Code>08090000</Code>
<Directorate>
<LongName>Direct For Biological Sciences</LongName>
</Directorate>
<Division>
<LongName>Division Of Integrative Organismal Systems</LongName>
</Division>
</Organization>
<ProgramOfficer>
<SignBlockName>Diane Jofuku Okamuro</SignBlockName>
</ProgramOfficer>
<AbstractNarration>This action funds an NSF National Plant Genome Initiative Postdoctoral Research Fellowship in Biology for FY 2014. The fellowship supports a research and training plan in a host laboratory for the Fellow who also presents a plan to broaden participation in biology. The title of the research and training plan for this fellowship to Jennifer Wisecaver is "The Evolution of Secondary Metabolic Gene Clusters in Plants." The host institutions for the fellowship are Vanderbilt University and the John Innes Centre (Norfolk, UK) and the sponsoring scientists are Drs. Antonis Rokas and Anne Osbourn. Training objectives include comparative and evolutionary plant genomics and bioinformatics. Broader impacts include teaching and training of students at all academic levels, with the inclusion of underrepresented groups, including outreach to local high schools through Vanderbilt's Center for Science Outreach as well as the mentoring of undergraduate and graduate students.&lt;br/&gt;&lt;br/&gt;Gene clusters in plants produce metabolites associated with stress tolerance, an ecologically and agriculturally important trait. Additionally, many clustered plant pathways code for small molecules with antimicrobial and anticancer properties. Despite the importance of plant gene clusters, the computational tools that can lead to their discovery are underdeveloped and the mechanisms that make and maintain gene clusters in genomes are poorly characterized. This project will use comparative genomics to quantify the relative impact of gene duplication and other sources of gene innovation on the formation, maintenance and dispersal of metabolic clusters in plant genomes. All available plant genomes will be screened for putative metabolic clusters and gene expression levels of putative gene clusters across entire genomes will be functionally characterized to test for co-regulation of gene clusters under different growth conditions. The evolutionary processes that give rise to clustered genes will be identified and their relative contribution in plant gene clusters will be quantified. The knowledge gained will improve our understanding of how plant secondary metabolic gene clusters evolve, which will allow researchers to not only better annotate and interpret novel secondary metabolic clusters, but also better manipulate them for the development of new crop varieties to address agricultural challenges due to climate change and increased demand for food, biofuels, and other plant products.</AbstractNarration>
<MinAmdLetterDate>06/02/2014</MinAmdLetterDate>
<MaxAmdLetterDate>06/02/2014</MaxAmdLetterDate>
<ARRAAmount/>
<AwardID>1401682</AwardID>
<Investigator>
<FirstName>Jennifer</FirstName>
<LastName>Wisecaver</LastName>
<EmailAddress/>
<StartDate>06/02/2014</StartDate>
<EndDate/>
<RoleCode>Principal Investigator</RoleCode>
</Investigator>
<Institution>
<Name>Wisecaver               Jennifer       H</Name>
<CityName>Nashville</CityName>
<ZipCode>372211920</ZipCode>
<PhoneNumber/>
<StreetAddress/>
<CountryName>United States</CountryName>
<StateName>Tennessee</StateName>
<StateCode>TN</StateCode>
</Institution>
<ProgramElement>
<Code>8105</Code>
<Text>NPGI PostDoc Rsrch Fellowship</Text>
</ProgramElement>
<ProgramReference>
<Code>1329</Code>
<Text>PLANT GENOME RESEARCH PROJECT</Text>
</ProgramReference>
<ProgramReference>
<Code>7137</Code>
<Text>POSTDOCTORAL FELLOWSHIPS</Text>
</ProgramReference>
<ProgramReference>
<Code>7174</Code>
<Text>POSTDOC FELLOW IN SCI, MATH EN</Text>
</ProgramReference>
<ProgramReference>
<Code>9109</Code>
<Text>AGRICULTURAL BIOTECHNOLOGY</Text>
</ProgramReference>
<ProgramReference>
<Code>9150</Code>
<Text>EXP PROG TO STIM COMP RES</Text>
</ProgramReference>
<ProgramReference>
<Code>9179</Code>
<Text>GRADUATE INVOLVEMENT</Text>
</ProgramReference>
</Award>
</rootTag>
