<?xml version="1.0" encoding="UTF-8"?>
<rootTag>
<Award>
<AwardTitle>Student Travel Support for VMCAI 2014</AwardTitle>
<AwardEffectiveDate>12/15/2013</AwardEffectiveDate>
<AwardExpirationDate>11/30/2014</AwardExpirationDate>
<AwardAmount>15000</AwardAmount>
<AwardInstrument>
<Value>Standard Grant</Value>
</AwardInstrument>
<Organization>
<Code>05010000</Code>
<Directorate>
<LongName>Direct For Computer &amp; Info Scie &amp; Enginr</LongName>
</Directorate>
<Division>
<LongName>Division of Computing and Communication Foundations</LongName>
</Division>
</Organization>
<ProgramOfficer>
<SignBlockName>Nina Amla</SignBlockName>
</ProgramOfficer>
<AbstractNarration>The award supports the attendance of twelve students to the International conference on Verification, Model Checking, and Abstract Interpretation (VMCAI), to be hosted in San Diego, January 19-21. VMCAI is a successful established conference that bridges the gap between the various methodologies that are used for formal verification.  VMCAI been a source for much collaboration and cross-fertilization and has attracted many of the key researchers in the related fields. Students have much to gain from attending VMCAI like learning state-of-the-art methodologies, being exposed to novel techniques, and interacting with senior researchers in their chosen area of expertise. &lt;br/&gt;&lt;br/&gt;The importance of formal verification is becoming widely accepted. Increasing the attendance of students in VMCAI will expose more students to the exciting developments in the field and in the long run will help to build a broad base of expertise in the field, which will impact both industry and academia.</AbstractNarration>
<MinAmdLetterDate>12/06/2013</MinAmdLetterDate>
<MaxAmdLetterDate>12/06/2013</MaxAmdLetterDate>
<ARRAAmount/>
<AwardID>1401905</AwardID>
<Investigator>
<FirstName>Ruzica</FirstName>
<LastName>Piskac</LastName>
<EmailAddress>ruzica.piskac@yale.edu</EmailAddress>
<StartDate>12/06/2013</StartDate>
<EndDate/>
<RoleCode>Principal Investigator</RoleCode>
</Investigator>
<Institution>
<Name>Yale University</Name>
<CityName>New Haven</CityName>
<ZipCode>065208327</ZipCode>
<PhoneNumber>2037854689</PhoneNumber>
<StreetAddress>Office of Sponsored Projects</StreetAddress>
<CountryName>United States</CountryName>
<StateName>Connecticut</StateName>
<StateCode>CT</StateCode>
</Institution>
<ProgramElement>
<Code>7798</Code>
<Text>SOFTWARE &amp; HARDWARE FOUNDATION</Text>
</ProgramElement>
<ProgramReference>
<Code>8206</Code>
<Text>Formal Methods and Verification</Text>
</ProgramReference>
</Award>
</rootTag>
