<?xml version="1.0" encoding="UTF-8"?>
<rootTag>
<Award>
<AwardTitle>Acquisition and Implementation of a Cameca SX-100 Electron Microprobe Laboratory, University of Oklahoma</AwardTitle>
<AwardEffectiveDate>09/01/2014</AwardEffectiveDate>
<AwardExpirationDate>08/31/2016</AwardExpirationDate>
<AwardAmount>171892</AwardAmount>
<AwardInstrument>
<Value>Standard Grant</Value>
</AwardInstrument>
<Organization>
<Code>06030202</Code>
<Directorate>
<LongName>Directorate For Geosciences</LongName>
</Directorate>
<Division>
<LongName>Division Of Earth Sciences</LongName>
</Division>
</Organization>
<ProgramOfficer>
<SignBlockName>David Lambert</SignBlockName>
</ProgramOfficer>
<AbstractNarration>This award will fund the upgrade of a used, 5-spectrometer Cameca Instruments SX-100 that was decommissioned by Sandia National Laboratory and which the principal investigators claimed from surplus through DOE's Laboratory Equipment Donation Program. Along with other essential lab components, this award will bring this instrument to fully operational status, which will ensure that this regional facility remains open and ready for use well into the future. Equipment to be funded includes a new operational personal computer (PC), a PC-based automation package, associated firmware, a silicon-drifted solid-state energy-dispersive x-ray analyzer with Peltier cooler, and upgrades to the evaporative coater. &lt;br/&gt;&lt;br/&gt;Regular users of the facility come mostly from geology, but faculty members and students of anthropology, other natural sciences, and engineering are frequent and sometimes lengthy users. Examples of research to be enabled by the upgraded instrument include:  experimental studies of isotope chemistry H and F among garnet, tourmaline, and silicate melts, experiments to define a stability field for kimzeyite, a Zr-rich garnet, and studies of crystal nucleation and fabric in silicate liquids.</AbstractNarration>
<MinAmdLetterDate>08/18/2014</MinAmdLetterDate>
<MaxAmdLetterDate>10/20/2014</MaxAmdLetterDate>
<ARRAAmount/>
<AwardID>1401940</AwardID>
<Investigator>
<FirstName>George</FirstName>
<LastName>Morgan</LastName>
<EmailAddress>gmorgan@ou.edu</EmailAddress>
<StartDate>08/18/2014</StartDate>
<EndDate/>
<RoleCode>Co-Principal Investigator</RoleCode>
</Investigator>
<Investigator>
<FirstName>David</FirstName>
<LastName>London</LastName>
<EmailAddress>dlondon@ou.edu</EmailAddress>
<StartDate>08/18/2014</StartDate>
<EndDate/>
<RoleCode>Principal Investigator</RoleCode>
</Investigator>
<Institution>
<Name>University of Oklahoma Norman Campus</Name>
<CityName>NORMAN</CityName>
<ZipCode>730199705</ZipCode>
<PhoneNumber>4053254757</PhoneNumber>
<StreetAddress>201 Stephenson Parkway</StreetAddress>
<CountryName>United States</CountryName>
<StateName>Oklahoma</StateName>
<StateCode>OK</StateCode>
</Institution>
<ProgramElement>
<Code>1580</Code>
<Text>INSTRUMENTATION &amp; FACILITIES</Text>
</ProgramElement>
<ProgramElement>
<Code>9150</Code>
<Text>EPSCoR Co-Funding</Text>
</ProgramElement>
<ProgramReference>
<Code>9150</Code>
<Text>EXP PROG TO STIM COMP RES</Text>
</ProgramReference>
</Award>
</rootTag>
