<?xml version="1.0" encoding="UTF-8"?>
<rootTag>
<Award>
<AwardTitle>Cohomological periods and high rank lattices</AwardTitle>
<AwardEffectiveDate>08/01/2014</AwardEffectiveDate>
<AwardExpirationDate>07/31/2019</AwardExpirationDate>
<AwardAmount>561979</AwardAmount>
<AwardInstrument>
<Value>Continuing grant</Value>
</AwardInstrument>
<Organization>
<Code>03040000</Code>
<Directorate>
<LongName>Direct For Mathematical &amp; Physical Scien</LongName>
</Directorate>
<Division>
<LongName>Division Of Mathematical Sciences</LongName>
</Division>
</Organization>
<ProgramOfficer>
<SignBlockName>Andrew D. Pollington</SignBlockName>
</ProgramOfficer>
<AbstractNarration>As was realized by Descartes, the solution of algebraic equations can be realized geometrically. This observation was the start of a rich interaction between algebra and geometry. This project will study two topics in number theory. The first concerns the shape of arithmetic manifolds -- i.e., certain geometries defined by their number theoretic symmetries. The PI has conjectured the existence of new structures that govern their shape (mathematically speaking their topology), which he will investigate in more detail. The second topic relates to lattices of high dimension. These are a topic of interest in modern cryptography; on the other hand, a satisfactory mathematical theory of them is not yet available, and this project aims to develop such a theory.&lt;br/&gt; &lt;br/&gt;More specifically, the PI has formulated a conjecture that specifies the values of "periods" of arithmetic locally symmetric spaces -- i.e., the numbers obtained by pairing homology classes with normalized differential forms. This conjecture is interesting because it suggests a relationship between these homology groups, and certain motivic cohomology groups. The PI will study this conjecture and attempt to give evidence for it. Concerning lattices, the PI will study in particular the following questions: What is the diameter of the space of n-dimensional lattices, how do the short vectors in a typical n-dimensional lattice behave, and why does the LLL lattice reduction algorithm behave so well? A basic tool will be the analysis of automorphic forms on GL(n) for large n, and the PI will also study related questions about automorphic forms in the high-dimensional limit.</AbstractNarration>
<MinAmdLetterDate>07/19/2014</MinAmdLetterDate>
<MaxAmdLetterDate>08/07/2017</MaxAmdLetterDate>
<ARRAAmount/>
<AwardID>1401622</AwardID>
<Investigator>
<FirstName>Akshay</FirstName>
<LastName>Venkatesh</LastName>
<EmailAddress>akshay@stanford.edu</EmailAddress>
<StartDate>07/19/2014</StartDate>
<EndDate/>
<RoleCode>Principal Investigator</RoleCode>
</Investigator>
<Institution>
<Name>Stanford University</Name>
<CityName>Palo Alto</CityName>
<ZipCode>943041212</ZipCode>
<PhoneNumber>6507232300</PhoneNumber>
<StreetAddress>3160 Porter Drive</StreetAddress>
<CountryName>United States</CountryName>
<StateName>California</StateName>
<StateCode>CA</StateCode>
</Institution>
<ProgramElement>
<Code>1264</Code>
<Text>ALGEBRA,NUMBER THEORY,AND COM</Text>
</ProgramElement>
<ProgramElement>
<Code>8060</Code>
<Text>Secure &amp;Trustworthy Cyberspace</Text>
</ProgramElement>
<ProgramReference>
<Code>7434</Code>
<Text>CNCI</Text>
</ProgramReference>
</Award>
</rootTag>
