<?xml version="1.0" encoding="UTF-8"?>
<rootTag>
<Award>
<AwardTitle>Analytic theory of automorphic forms</AwardTitle>
<AwardEffectiveDate>09/01/2014</AwardEffectiveDate>
<AwardExpirationDate>08/31/2018</AwardExpirationDate>
<AwardAmount>132706</AwardAmount>
<AwardInstrument>
<Value>Standard Grant</Value>
</AwardInstrument>
<Organization>
<Code>03040000</Code>
<Directorate>
<LongName>Direct For Mathematical &amp; Physical Scien</LongName>
</Directorate>
<Division>
<LongName>Division Of Mathematical Sciences</LongName>
</Division>
</Organization>
<ProgramOfficer>
<SignBlockName>Matthew  Douglass</SignBlockName>
</ProgramOfficer>
<AbstractNarration>The prime numbers have fascinated people for millennia because of their orderly definition but unpredictable behavior. It is only recently, in the past few decades, that primes have proved useful in cryptography, where it is often important to generate large primes. For instance, one can program a computer to find the first prime with 100 digits. Knowing how long this takes in general amounts to studying the distribution of the prime numbers. This distribution is intimately connected to properties of the Riemann zeta function, the most basic example of a so-called L-function. The PI will study many of the statistical properties of the Riemann zeta function and other more general L-functions. &lt;br/&gt;&lt;br/&gt;This project will study analytic properties of L-functions and automorphic forms. For instance, the PI plans to study the quantum unique ergodicity conjecture in some new contexts such as in higher rank and along an arbitrary curve. The PI has had prior success for the Eisenstein series restricted to a particular geodesic in the upper half plane. These problems fit into the general setting of how eigenfunctions of the Laplacian behave as the eigenvalue grows large, a topic of great interest in geometry, mathematical physics, etc. However, in the arithmetical setting these problems are related to quantitative analytic properties of L-functions.</AbstractNarration>
<MinAmdLetterDate>07/31/2014</MinAmdLetterDate>
<MaxAmdLetterDate>07/31/2014</MaxAmdLetterDate>
<ARRAAmount/>
<AwardID>1401008</AwardID>
<Investigator>
<FirstName>Matthew</FirstName>
<LastName>Young</LastName>
<EmailAddress>myoung@math.tamu.edu</EmailAddress>
<StartDate>07/31/2014</StartDate>
<EndDate/>
<RoleCode>Principal Investigator</RoleCode>
</Investigator>
<Institution>
<Name>Texas A&amp;M University Main Campus</Name>
<CityName>College Station</CityName>
<ZipCode>778454375</ZipCode>
<PhoneNumber>9798626777</PhoneNumber>
<StreetAddress>400 Harvey Mitchell Pkwy South</StreetAddress>
<CountryName>United States</CountryName>
<StateName>Texas</StateName>
<StateCode>TX</StateCode>
</Institution>
<ProgramElement>
<Code>1264</Code>
<Text>ALGEBRA,NUMBER THEORY,AND COM</Text>
</ProgramElement>
</Award>
</rootTag>
