<?xml version="1.0" encoding="UTF-8"?>
<rootTag>
<Award>
<AwardTitle>NSF Postdoctoral Fellowship in Biology FY 2014</AwardTitle>
<AwardEffectiveDate>09/01/2014</AwardEffectiveDate>
<AwardExpirationDate>08/31/2016</AwardExpirationDate>
<AwardAmount>188888</AwardAmount>
<AwardInstrument>
<Value>Fellowship</Value>
</AwardInstrument>
<Organization>
<Code>08080000</Code>
<Directorate>
<LongName>Direct For Biological Sciences</LongName>
</Directorate>
<Division>
<LongName>Div Of Biological Infrastructure</LongName>
</Division>
</Organization>
<ProgramOfficer>
<SignBlockName>Daniel Marenda</SignBlockName>
</ProgramOfficer>
<AbstractNarration>NSF Postdoctoral Fellowships in Biology combine research and training components to prepare young scientists for careers in biology and provide them an opportunity to establish international collaborations and take advantage of research facilities and opportunities abroad.  Forging strong international collaborations is mutually beneficial to the U.S. and the foreign hosts.  This fellowship to M. Catherine Duryea supports research and training on how molecular variation in female reproductive proteins plays out in reproductive success in nature.  Color modifications in the blue-winged damselfly make it a unique experimental organism in which existing knowledge from the genetics of the fruit fly model system can be used to reveal how genetics and ecology combine to define populations and evolution.  The host institution is Lund University in Sweden and the sponsoring scientist is Prof. Erik Svensson. Educational outreach involves local schools in Lund.&lt;br/&gt;&lt;br/&gt;In many organisms, reproductive proteins show signatures of rapid evolution and high levels of intraspecific variation, suggesting that an intersexual arms race, i.e., sexual conflict, is driving the evolution of these genes. However, very little is known about the ecological pressures that result in this genetic variation. This project investigates intraspecific variation in reproductive proteins in female damselflies. This system is ideal for such studies because females have three different body colors that are related to the rate of male harassment and can be used to infer the degree of conflict between the sexes. Through a combination of field and lab experiments this project identifies female reproductive proteins that are involved in mating, characterizes intraspecific variation in reproductive proteins, and investigates if there is any genomic signature of correlational selection among reproductive proteins and female color morph genes.</AbstractNarration>
<MinAmdLetterDate>08/11/2014</MinAmdLetterDate>
<MaxAmdLetterDate>08/11/2014</MaxAmdLetterDate>
<ARRAAmount/>
<AwardID>1401862</AwardID>
<Investigator>
<FirstName>Mary</FirstName>
<LastName>Duryea</LastName>
<EmailAddress/>
<StartDate>08/11/2014</StartDate>
<EndDate/>
<RoleCode>Principal Investigator</RoleCode>
</Investigator>
<Institution>
<Name>Duryea                  Mary           C</Name>
<CityName>Hanover</CityName>
<ZipCode>037553563</ZipCode>
<PhoneNumber/>
<StreetAddress/>
<CountryName>United States</CountryName>
<StateName>New Hampshire</StateName>
<StateCode>NH</StateCode>
</Institution>
<ProgramElement>
<Code>5956</Code>
<Text>IRFP</Text>
</ProgramElement>
<ProgramElement>
<Code>8210</Code>
<Text>Intl Bio Postdoc Res Fellowshp</Text>
</ProgramElement>
<ProgramReference>
<Code>5937</Code>
<Text>SWEDEN</Text>
</ProgramReference>
<ProgramReference>
<Code>5956</Code>
<Text>IRFP</Text>
</ProgramReference>
<ProgramReference>
<Code>7137</Code>
<Text>POSTDOCTORAL FELLOWSHIPS</Text>
</ProgramReference>
<ProgramReference>
<Code>8210</Code>
<Text>Intl Bio Postdoc Res Fellowshp</Text>
</ProgramReference>
<ProgramReference>
<Code>9150</Code>
<Text>EXP PROG TO STIM COMP RES</Text>
</ProgramReference>
</Award>
</rootTag>
