<?xml version="1.0" encoding="UTF-8"?>
<rootTag>
<Award>
<AwardTitle>GOALI: Distributed Active Acoustic Sensing using a Single Optical Fiber for Interfacial Structural Health Monitoring of Reinforced Concrete Structures</AwardTitle>
<AwardEffectiveDate>07/01/2014</AwardEffectiveDate>
<AwardExpirationDate>06/30/2018</AwardExpirationDate>
<AwardAmount>304800</AwardAmount>
<AwardInstrument>
<Value>Standard Grant</Value>
</AwardInstrument>
<Organization>
<Code>07030000</Code>
<Directorate>
<LongName>Directorate For Engineering</LongName>
</Directorate>
<Division>
<LongName>Div Of Civil, Mechanical, &amp; Manufact Inn</LongName>
</Division>
</Organization>
<ProgramOfficer>
<SignBlockName>Irina Dolinskaya</SignBlockName>
</ProgramOfficer>
<AbstractNarration>This Grant Opportunity for Academic Liaison with Industry (GOALI) project investigates effective sensing methodologies to assess the integrity of the interface between steel bars and concrete in reinforce concrete (RC) structures. The approach consists in the application of active acoustic interrogation with optical fibers-based sensing. The combination of the two modalities will allow sensing a multiple locations, which will significantly improve the ability to detect defects and structural degradations. The results of the research will benefit structural health monitoring and nondestructive testing of many structures components. One representative example is the detection of early-stage steel rebar corrosion in concrete structures. NACE (National Association of Corrosion Engineers) estimates the cost of corrosion damage repair in concrete structures in the USA is approximately $125 billion per year. Corrosion of steel rebars in RC structures is primarily responsible for the deterioration and immature failure of RC structures. Sensing capability to detect early-stage rebar corrosion can greatly reduce the cost for rebuild/repair, routine maintenance efforts, and the unnecessary social costs (e.g., traffic closure) in construction. More importantly, unpredictable structural failures can be prevented, especially for signature buildings and bridges. This research will not only change the current practice for monitoring steel rebar corrosion in RC structures, but also wil be applied to the corrosion monitoring of prestressed concrete structures, steel pipelines, nuclear power plants, and other critical civil infrastructure systems using steel. Educational efforts will motivate K-12 and undergraduate students for research, especially those from the underrepresented groups.&lt;br/&gt;&lt;br/&gt;The specific research goal is to study the sensing mechanism at the interface between steel reinforcing bars (rebars) and concrete in reinforced concrete (RC) structures using distributed active acoustic sensing. This will be achieved by i) investigating the active single-point probing/ sensing problem in a circular geometry; and ii) creating a distributed active acoustic optical fiber sensor. The sensor will be attached to the surface of steel rebars burned inside concrete, capable of probing into the steel rebars and assessing structural health of the interface between steel and concrete.</AbstractNarration>
<MinAmdLetterDate>06/15/2014</MinAmdLetterDate>
<MaxAmdLetterDate>12/01/2016</MaxAmdLetterDate>
<ARRAAmount/>
<AwardID>1401369</AwardID>
<Investigator>
<FirstName>Xingwei</FirstName>
<LastName>Wang</LastName>
<EmailAddress>Xingwei_Wang@uml.edu</EmailAddress>
<StartDate>06/15/2014</StartDate>
<EndDate/>
<RoleCode>Principal Investigator</RoleCode>
</Investigator>
<Investigator>
<FirstName>Tzuyang</FirstName>
<LastName>Yu</LastName>
<EmailAddress>Tzuyang_Yu@uml.edu</EmailAddress>
<StartDate>06/15/2014</StartDate>
<EndDate/>
<RoleCode>Co-Principal Investigator</RoleCode>
</Investigator>
<Investigator>
<FirstName>Mark wanchun</FirstName>
<LastName>Jen</LastName>
<EmailAddress>mark.jen@parsons.com</EmailAddress>
<StartDate>06/15/2014</StartDate>
<EndDate/>
<RoleCode>Co-Principal Investigator</RoleCode>
</Investigator>
<Institution>
<Name>University of Massachusetts Lowell</Name>
<CityName>Lowell</CityName>
<ZipCode>018543643</ZipCode>
<PhoneNumber>9789344170</PhoneNumber>
<StreetAddress>600 Suffolk Street</StreetAddress>
<CountryName>United States</CountryName>
<StateName>Massachusetts</StateName>
<StateCode>MA</StateCode>
</Institution>
<ProgramElement>
<Code>1504</Code>
<Text>GRANT OPP FOR ACAD LIA W/INDUS</Text>
</ProgramElement>
<ProgramElement>
<Code>7569</Code>
<Text>Dynamics, Control and System D</Text>
</ProgramElement>
<ProgramReference>
<Code>030E</Code>
<Text>CONTROL SYSTEMS</Text>
</ProgramReference>
<ProgramReference>
<Code>031E</Code>
<Text>MECHATRONICS</Text>
</ProgramReference>
<ProgramReference>
<Code>032E</Code>
<Text>SENSORS AND ACTUATORS</Text>
</ProgramReference>
<ProgramReference>
<Code>036E</Code>
<Text>CIVIL INFRASTRUCTURE</Text>
</ProgramReference>
<ProgramReference>
<Code>1057</Code>
<Text>CIS BASE RESEARCH</Text>
</ProgramReference>
<ProgramReference>
<Code>1059</Code>
<Text>SENSORS AND SENSOR SYSTEMS FOR CIS</Text>
</ProgramReference>
<ProgramReference>
<Code>116E</Code>
<Text>RESEARCH EXP FOR UNDERGRADS</Text>
</ProgramReference>
<ProgramReference>
<Code>1504</Code>
<Text>GRANT OPP FOR ACAD LIA W/INDUS</Text>
</ProgramReference>
<ProgramReference>
<Code>1639</Code>
<Text>SENSORS AND SENSING SYSTEMS</Text>
</ProgramReference>
<ProgramReference>
<Code>7234</Code>
<Text>SENSORS NON-SOLICITATION RESEA</Text>
</ProgramReference>
<ProgramReference>
<Code>9102</Code>
<Text>WOMEN, MINORITY, DISABLED, NEC</Text>
</ProgramReference>
<ProgramReference>
<Code>9178</Code>
<Text>UNDERGRADUATE EDUCATION</Text>
</ProgramReference>
<ProgramReference>
<Code>9231</Code>
<Text>SUPPL FOR UNDERGRAD RES ASSIST</Text>
</ProgramReference>
<ProgramReference>
<Code>9251</Code>
<Text>RES EXPER FOR UNDERGRAD-SUPPLT</Text>
</ProgramReference>
<ProgramReference>
<Code>CVIS</Code>
<Text>CIVIL INFRASTRUCTURE</Text>
</ProgramReference>
</Award>
</rootTag>
