<?xml version="1.0" encoding="UTF-8"?>
<rootTag>
<Award>
<AwardTitle>Thermal Stability and Mechanical Behavior of Ti-base Nanocrystalline Alloys</AwardTitle>
<AwardEffectiveDate>09/01/2014</AwardEffectiveDate>
<AwardExpirationDate>08/31/2018</AwardExpirationDate>
<AwardAmount>428638</AwardAmount>
<AwardInstrument>
<Value>Continuing grant</Value>
</AwardInstrument>
<Organization>
<Code>03070000</Code>
<Directorate>
<LongName>Direct For Mathematical &amp; Physical Scien</LongName>
</Directorate>
<Division>
<LongName>Division Of Materials Research</LongName>
</Division>
</Organization>
<ProgramOfficer>
<SignBlockName>Gary Shiflet</SignBlockName>
</ProgramOfficer>
<AbstractNarration>Non-technical Summary &lt;br/&gt;&lt;br/&gt;The thermal stability and mechanical behavior of selected titanium-base alloys with very small (nanocrystalline) grain sizes will be studied.  The alloys will be prepared by the ball milling of powders that will then be consolidated by hot pressing.  The structure and microstructures of the titanium alloys with appropriate additions of third elements that are predicted to stabilize the fine grain structure will be determined.  Mechanical properties will be measured with techniques that evaluate the strength and ductility.  Annealing studies will be carried out to quantitatively determine the thermal stability by measuring the growth of the fine grains.  The results of these studies should have a substantial impact on both the processing and elevated temperature requirements of very fine grain size titanium alloys.  Superior mechanical properties compared to conventional grain size titanium alloys can lead to breakthroughs in structural and bio-related (for example, implant materials) applications.&lt;br/&gt;&lt;br/&gt;Technical Summary  &lt;br/&gt;&lt;br/&gt;Ti-base alloys processed to synthesize nanocrystalline microstructures with superior mechanical properties are of great interest for automotive and aerospace applications. These alloys are the focus of the proposed research. Powder compaction followed by elevated temperature consolidation is necessary to process the initial non-equilibrium alloys in most cases, and elevated temperatures are prerequisite for end-use. The   research will investigate the kinetic and thermodynamic mechanisms that can provide high temperature thermal stability for nanocrystalline Ti-base alloys. Ti alloys with hcp alpha stabilizers and bcc beta stabilizers will be synthesized using mechanical alloying. A model will enable selection of optimum (oversize) solutes for thermodynamic stabilization. Kinetic stabilization by solute drag or Zener pinning will be achieved by in-situ (intermetallic precipitates) or ex-situ (oxide dopant) strategies. Thermal stabilization mechanism interactions and strengthening mechanism transitions (Hall Petch vs. Orowan strengthening) are highly relevant for achieving optimum microstructures. Microstructure characterization will be done using methods appropriate to the microstructural scale of interest. This will include structural and chemical investigation using state-of-the art instrumentation capable of atomic scale resolution. Mechanical properties will be measured with techniques that evaluate strength and ductility for the sample sizes produced by hot compaction of the processed powders. Isothermal annealing studies will be undertaken to establish grain-growth kinetics and activation energies. This will provide additional insight and modeling for stabilization mechanisms and interactions in selected temperature regimes.&lt;br/&gt;</AbstractNarration>
<MinAmdLetterDate>05/17/2014</MinAmdLetterDate>
<MaxAmdLetterDate>07/14/2016</MaxAmdLetterDate>
<ARRAAmount/>
<AwardID>1401725</AwardID>
<Investigator>
<FirstName>Carl</FirstName>
<LastName>Koch</LastName>
<EmailAddress>carl_koch@ncsu.edu</EmailAddress>
<StartDate>05/17/2014</StartDate>
<EndDate/>
<RoleCode>Principal Investigator</RoleCode>
</Investigator>
<Investigator>
<FirstName>Ronald</FirstName>
<LastName>Scattergood</LastName>
<EmailAddress>ron_scattergood@ncsu.edu</EmailAddress>
<StartDate>05/17/2014</StartDate>
<EndDate/>
<RoleCode>Co-Principal Investigator</RoleCode>
</Investigator>
<Institution>
<Name>North Carolina State University</Name>
<CityName>RALEIGH</CityName>
<ZipCode>276957514</ZipCode>
<PhoneNumber>9195152444</PhoneNumber>
<StreetAddress>CAMPUS BOX 7514</StreetAddress>
<CountryName>United States</CountryName>
<StateName>North Carolina</StateName>
<StateCode>NC</StateCode>
</Institution>
<ProgramElement>
<Code>1771</Code>
<Text>METAL &amp; METALLIC NANOSTRUCTURE</Text>
</ProgramElement>
<ProgramReference>
<Code>7237</Code>
<Text>NANO NON-SOLIC SCI &amp; ENG AWD</Text>
</ProgramReference>
<ProgramReference>
<Code>9177</Code>
<Text>ELEMENTARY/SECONDARY EDUCATION</Text>
</ProgramReference>
<ProgramReference>
<Code>9251</Code>
<Text>RES EXPER FOR UNDERGRAD-SUPPLT</Text>
</ProgramReference>
</Award>
</rootTag>
