<?xml version="1.0" encoding="UTF-8"?>
<rootTag>
<Award>
<AwardTitle>RUI: Xerogel-Based Amperometric Biosensors Incorporating Nanoparticle Networks - Adaptable Templates for Clinically Relevant Measurements</AwardTitle>
<AwardEffectiveDate>09/01/2014</AwardEffectiveDate>
<AwardExpirationDate>08/31/2018</AwardExpirationDate>
<AwardAmount>270000</AwardAmount>
<AwardInstrument>
<Value>Standard Grant</Value>
</AwardInstrument>
<Organization>
<Code>03090000</Code>
<Directorate>
<LongName>Direct For Mathematical &amp; Physical Scien</LongName>
</Directorate>
<Division>
<LongName>Division Of Chemistry</LongName>
</Division>
</Organization>
<ProgramOfficer>
<SignBlockName>John Papanikolas</SignBlockName>
</ProgramOfficer>
<AbstractNarration>Funded by the Macromolecular, Supramolecular, and Nanochemistry Program  in the Division of Chemistry, Professor Michael C. Leopold at the University of Richmond, is investigating materials and strategies for the development of clinically relevant sensors that incorporate nanomaterials.  As a component within sensors, networks of metallic nanoparticles (NPs) elicit improved performance, including enhanced sensitivity and response time.  Nanomaterials enable miniaturization of sensing devices, allowing advances to be directly applied to needle electrodes - a sensor geometry amenable to implantable or bedside devices.   Greater understanding of NP networks within sensing schemes, allow for the formulation of sensor design strategies targeting molecules that serve as diagnostic markers in emergency room and maternity ward settings, where real time, continuous monitoring would be most beneficial.  Biosensing schemes with NP networks that detect lactic and uric acid, compounds linked to diagnosis/monitoring of serious medical conditions, sepsis and pregnancy-induced hypertension, respectively, are a focus.  This award is also supporting full immersion undergraduate research mentoring and a continuing outreach partnership with the Math Science Innovation Center to introduce nanotechnology to teachers and students of grades 6-12.       &lt;br/&gt;&lt;br/&gt;This research seeks to identify and understand critical structure-function relationships within amperometric biosensor schemes that incorporate metallic nanoparticles (NPs), establishing greater understanding of the NP's mechanistic role. First generation, xerogel-based amperometric glucose biosensors serve as model systems that feature composite xerogel/enzyme films embedded with a network of alkanethiolate-protected gold NPs or monolayer-protected clusters (MPCs).  Each component of the film, from MPC surface chemistry to the xerogel's silane precursor, is systematically examined to elucidate both the NPs and xerogel structural role in the sensing mechanism.  Those findings prompt rational design of NP-assisted biosensing schemes at "needle" or wire electrode geometries with potential in-vitro or in-vivo capability that are also selective for clinically relevant and chemically diverse species.</AbstractNarration>
<MinAmdLetterDate>08/09/2014</MinAmdLetterDate>
<MaxAmdLetterDate>08/09/2014</MaxAmdLetterDate>
<ARRAAmount/>
<AwardID>1401593</AwardID>
<Investigator>
<FirstName>Michael</FirstName>
<LastName>Leopold</LastName>
<EmailAddress>mleopold@richmond.edu</EmailAddress>
<StartDate>08/09/2014</StartDate>
<EndDate/>
<RoleCode>Principal Investigator</RoleCode>
</Investigator>
<Institution>
<Name>University of Richmond</Name>
<CityName>RICHMOND</CityName>
<ZipCode>231730001</ZipCode>
<PhoneNumber>8042898100</PhoneNumber>
<StreetAddress>202 MARYLAND HALL</StreetAddress>
<CountryName>United States</CountryName>
<StateName>Virginia</StateName>
<StateCode>VA</StateCode>
</Institution>
<ProgramElement>
<Code>6885</Code>
<Text>Macromolec/Supramolec/Nano</Text>
</ProgramElement>
<ProgramReference>
<Code>7237</Code>
<Text>NANO NON-SOLIC SCI &amp; ENG AWD</Text>
</ProgramReference>
<ProgramReference>
<Code>9229</Code>
<Text>RES IN UNDERGRAD INST-RESEARCH</Text>
</ProgramReference>
</Award>
</rootTag>
