<?xml version="1.0" encoding="UTF-8"?>
<rootTag>
<Award>
<AwardTitle>NSF Postdoctoral Fellowship in Biology FY 2014</AwardTitle>
<AwardEffectiveDate>08/01/2014</AwardEffectiveDate>
<AwardExpirationDate>07/31/2016</AwardExpirationDate>
<AwardAmount>138000</AwardAmount>
<AwardInstrument>
<Value>Fellowship</Value>
</AwardInstrument>
<Organization>
<Code>08080000</Code>
<Directorate>
<LongName>Direct For Biological Sciences</LongName>
</Directorate>
<Division>
<LongName>Div Of Biological Infrastructure</LongName>
</Division>
</Organization>
<ProgramOfficer>
<SignBlockName>Daniel Marenda</SignBlockName>
</ProgramOfficer>
<AbstractNarration>NSF Postdoctoral Fellowships in Biology combine research and training components to prepare young scientists for careers in emerging areas where biology intersects with other scientific disciplines, in this case with control theory, a branch of mathematics and engineering.  The Fellows are expected to lead the nation's scientific workforce of the future. This fellowship to Luis Zaman supports research and training on theoretical aspects of evolution and seeks to answer the question: Does complex ecology lead to simple evolution?  The host institution is the University of Washington, and the sponsoring scientists are Drs. Ben Kerr and Eric Klavins. Training goals include the use and development of theoretical tools inspired by control theory to predict evolution within, and of, ecological networks. Educational and public outreach includes museums, the Society for the Advancement of Chicano and Native Americans in Science (SACNAS) chapter at the University of Washington, and `Science Pubs,` a program in which scientists engage in casual scientific conversations with the public. &lt;br/&gt;&lt;br/&gt;Innovative laboratory and field studies have transformed evolutionary biology into a discipline in which evolutionary hypotheses can be tested experimentally in real time. However, because of the stochastic nature of evolution, accurate predictions are elusive. To make matters worse, evolution in nature occurs within complex interaction networks (Darwin`s `tangled bank`). Theoreticians have made substantial progress incorporating complexity - especially ecological complexity - into models of evolution and coevolution. On the other hand, experimental biologists often eliminate as much complexity as possible in hopes of isolating the effects of their manipulations. This research bridges the gap between empirical and theoretical evolution by studying the effects of ecological complexity on evolutionary predictability. Predictions being made through modeling are being tested and refined though experimental evolution with bacteria-phage communities.</AbstractNarration>
<MinAmdLetterDate>07/12/2014</MinAmdLetterDate>
<MaxAmdLetterDate>07/12/2014</MaxAmdLetterDate>
<ARRAAmount/>
<AwardID>1401893</AwardID>
<Investigator>
<FirstName>Luis</FirstName>
<LastName>Zaman</LastName>
<EmailAddress/>
<StartDate>07/12/2014</StartDate>
<EndDate/>
<RoleCode>Principal Investigator</RoleCode>
</Investigator>
<Institution>
<Name>Zaman                   Luis</Name>
<CityName>Lansing</CityName>
<ZipCode>489124145</ZipCode>
<PhoneNumber/>
<StreetAddress/>
<CountryName>United States</CountryName>
<StateName>Michigan</StateName>
<StateCode>MI</StateCode>
</Institution>
<ProgramElement>
<Code>8054</Code>
<Text>Inters Biol and Math and Phys</Text>
</ProgramElement>
<ProgramReference>
<Code>7137</Code>
<Text>POSTDOCTORAL FELLOWSHIPS</Text>
</ProgramReference>
<ProgramReference>
<Code>7174</Code>
<Text>POSTDOC FELLOW IN SCI, MATH EN</Text>
</ProgramReference>
</Award>
</rootTag>
