<?xml version="1.0" encoding="UTF-8"?>
<rootTag>
<Award>
<AwardTitle>Linear and nonlinear geometric evolution equations</AwardTitle>
<AwardEffectiveDate>08/15/2014</AwardEffectiveDate>
<AwardExpirationDate>07/31/2018</AwardExpirationDate>
<AwardAmount>166744</AwardAmount>
<AwardInstrument>
<Value>Standard Grant</Value>
</AwardInstrument>
<Organization>
<Code>03040000</Code>
<Directorate>
<LongName>Direct For Mathematical &amp; Physical Scien</LongName>
</Directorate>
<Division>
<LongName>Division Of Mathematical Sciences</LongName>
</Division>
</Organization>
<ProgramOfficer>
<SignBlockName>Christopher W. Stark</SignBlockName>
</ProgramOfficer>
<AbstractNarration>Differential geometry studies the topological, geometric and analytic properties of the spaces. Since all physical events take places in a space, by Einstein's relativity the spatial metric properties  of the underlying space have fundamental  impacts on the physical events happening in the space, including the very one we live in. This relation places the subject of the differential geometry  in a central position of the mathematics and some fundamental issues of sciences. Modern differential geometry appeals to the theory/methods of linear and nonlinear partial differential equations. The proposal involves the study of differential geometry via the method of the evolutional partial differential equations with the focus on the study of the entropy, the monotonicity, and related sharp differential estimates motives by thermodynamics and statistical mechanics.  The study of Gauss curvature flow has  important consequences on the subjects of the image processing,  affine differential geometry and convex geometry. The study of the Ricci flow in the proposal advances the understanding of the differential topological structure of the spaces and is related to the theoretic physics with direct bearing on the high energy physics. The resolving of the problems involved in the proposal advances the above mentioned related subjects in sciences.  The out-reach components of the proposal disseminate the new results to general public and contributes towards the mathematical education in the community in the greater area of San Diego and beyond. It also contributes to the training and the early career development of under-represented groups. &lt;br/&gt;&lt;br/&gt;&lt;br/&gt;The technical aspects of the proposal involve the development of the sharp monotonicity of the entropy and related sharp point wise estimates. The study of differential geometric problems relies on solving evolution equations such as the Ricci flow equation, Gauss curvature flow equation or other nonlinear evolution equations, and/or the study of delicate properties of the solutions obtained. The  theory of modern  partial differential equations reduces the study of the solutions of various linear and nonlinear equations to the monotonicity  of certain entropic quantities and related point wise estimates. The de-regularizing estimates proposed in this proposal broadens the scope of the already far-reaching gradient estimates, Hessian estimates and curvature estimates techniques developed in the last several decades to more general settings,  by requiring less regularity of the solutions involved, while encoding far more geometric information. They have produced  and will produce much powerful geometric consequences. The techniques developed can in turn advances the study of the related partial differential equations, which usually occupies a central role in the theory of the partial differential equations.</AbstractNarration>
<MinAmdLetterDate>08/06/2014</MinAmdLetterDate>
<MaxAmdLetterDate>08/06/2014</MaxAmdLetterDate>
<ARRAAmount/>
<AwardID>1401500</AwardID>
<Investigator>
<FirstName>Lei</FirstName>
<LastName>Ni</LastName>
<EmailAddress>lni@math.ucsd.edu</EmailAddress>
<StartDate>08/06/2014</StartDate>
<EndDate/>
<RoleCode>Principal Investigator</RoleCode>
</Investigator>
<Institution>
<Name>University of California-San Diego</Name>
<CityName>La Jolla</CityName>
<ZipCode>920930621</ZipCode>
<PhoneNumber>8585344896</PhoneNumber>
<StreetAddress>Office of Contract &amp; Grant Admin</StreetAddress>
<CountryName>United States</CountryName>
<StateName>California</StateName>
<StateCode>CA</StateCode>
</Institution>
<ProgramElement>
<Code>1265</Code>
<Text>GEOMETRIC ANALYSIS</Text>
</ProgramElement>
</Award>
</rootTag>
