<?xml version="1.0" encoding="UTF-8"?>

<rootTag>
  <Award>
    <AwardTitle>DISSERTATION RESEARCH: Plant interactions across common mycorrhizal networks</AwardTitle>
    <AwardEffectiveDate>06/01/2014</AwardEffectiveDate>
    <AwardExpirationDate>11/30/2016</AwardExpirationDate>
    <AwardAmount>19181</AwardAmount>
    <AwardInstrument>
      <Value>Standard Grant</Value>
    </AwardInstrument>
    <Organization>
      <Code>08010208</Code>
      <Directorate>
        <LongName>Direct For Biological Sciences</LongName>
      </Directorate>
      <Division>
        <LongName>Division Of Environmental Biology</LongName>
      </Division>
    </Organization>
    <ProgramOfficer>
      <SignBlockName>Betsy Von Holle</SignBlockName>
    </ProgramOfficer>
    <AbstractNarration>This investigation concerns the role of common mycorrhizal networks (CMNs) "fungus interconnections among plant root systems" in plant competition belowground. CMNs are formed by generally beneficial, root-inhabiting fungi called "arbuscular mycorrhizal fungi". Plants feed these fungi some of the sugar they produce by photosynthesis, and in return, the fungi take up and provide the plants with key mineral nutrients such as phosphorus and nitrogen. Once connected to a host plant's roots, the fungi forage throughout the soil and may encounter root systems of other plant species with which they additionally associate without preference, creating a network. The major question this raises is whether all plants connected to the network share mineral nutrients equitably or if mycorrhizal fungi disproportionately donate mineral nutrients to host plant species that provide them the most sugar. The researchers utilize tallgrass prairie species for their research, Big Bluestem and Canada Wild Rye. Tallgrass prairie is an endangered ecosystem in North America and prairie restorations often involve sowing the study species together. Understanding how CMNs affect interactions between these plant species might inform restoration management practices such as tillage, which can disrupt CMNs. Besides its relevance to prairie restoration, this research will engage Miami inner-city middle school students and university undergraduates from underrepresented groups. &lt;br/&gt;The researchers will investigate competition as mediated by CMNs between a tallgrass prairie dominant grass, Big Bluestem (Andropogon gerardii) and a less common species, Canada Wild Rye (Elymus canadensis). If Big Bluestem is able to obtain mineral nutrients disproportionately and thereby suppress the growth of Canada Wild Rye, then CMNs may contribute to Big Bluestem's dominance, influencing prairie community composition. The researchers will utilize a rotated conetainer method in the greenhouse to isolate and reveal the effects of CMNs&lt;br/&gt;by severing them. The proposed work will determine the effects of CMNs on the relative strengths&lt;br/&gt;of intra- and interspecific competition and consequent size hierarchy development. The student&lt;br/&gt;will investigate if large carbon donation to CMNs elicits high mineral nutrient transfer from&lt;br/&gt;mycorrhizal fungi by using carbon stable isotope ratios to compare carbon supplied by these&lt;br/&gt;C4 and C3 grasses to their leaf mineral nutrient contents in monoculture and mixture. Finally,&lt;br/&gt;if severing CMNs alters the fungus community on root systems, this will be investigated through DNA barcoding.</AbstractNarration>
    <MinAmdLetterDate>05/27/2014</MinAmdLetterDate>
    <MaxAmdLetterDate>07/14/2016</MaxAmdLetterDate>
    <ARRAAmount/>
    <AwardID>1401677</AwardID>
    <Investigator>
      <FirstName>Leonel</FirstName>
      <LastName>Sternberg</LastName>
      <EmailAddress>leo@bio.miami.edu</EmailAddress>
      <StartDate>07/14/2016</StartDate>
      <EndDate/>
      <RoleCode>Principal Investigator</RoleCode>
    </Investigator>
    <Investigator>
      <FirstName>Joanna</FirstName>
      <LastName>Weremijewicz</LastName>
      <EmailAddress>JWeremi@gmail.com</EmailAddress>
      <StartDate>05/27/2014</StartDate>
      <EndDate/>
      <RoleCode>Co-Principal Investigator</RoleCode>
    </Investigator>
    <Investigator>
      <FirstName>David</FirstName>
      <LastName>Janos</LastName>
      <EmailAddress>davidjanos@miami.edu</EmailAddress>
      <StartDate>05/27/2014</StartDate>
      <EndDate>07/14/2016</EndDate>
      <RoleCode>Former Principal Investigator</RoleCode>
    </Investigator>
    <Institution>
      <Name>University of Miami</Name>
      <CityName>CORAL GABLES</CityName>
      <ZipCode>331462926</ZipCode>
      <PhoneNumber>3052843924</PhoneNumber>
      <StreetAddress>1320 S. Dixie Highway Suite 650</StreetAddress>
      <CountryName>United States</CountryName>
      <StateName>Florida</StateName>
      <StateCode>FL</StateCode>
    </Institution>
    <ProgramElement>
      <Code>1182</Code>
      <Text>POP &amp; COMMUNITY ECOL PROG</Text>
    </ProgramElement>
    <ProgramReference>
      <Code>9169</Code>
      <Text>BIODIVERSITY AND ECOSYSTEM DYNAMICS</Text>
    </ProgramReference>
    <ProgramReference>
      <Code>9179</Code>
      <Text>GRADUATE INVOLVEMENT</Text>
    </ProgramReference>
    <ProgramReference>
      <Code>EGCH</Code>
      <Text>ENVIRONMENT AND GLOBAL CHANGE</Text>
    </ProgramReference>
    <ProgramReference>
      <Code>SMET</Code>
      <Text>SCIENCE, MATH, ENG &amp; TECH EDUCATION</Text>
    </ProgramReference>
  </Award>
</rootTag>
