<?xml version="1.0" encoding="UTF-8"?>
<rootTag>
<Award>
<AwardTitle>RAPID:   Characterizing Sediment Mobilization and Landscape Response to the Combined Effects of Wildfire and Extreme Flooding along Fourmile Canyon, Front Range Colorado</AwardTitle>
<AwardEffectiveDate>11/15/2013</AwardEffectiveDate>
<AwardExpirationDate>10/31/2014</AwardExpirationDate>
<AwardAmount>15054</AwardAmount>
<AwardInstrument>
<Value>Standard Grant</Value>
</AwardInstrument>
<Organization>
<Code>06030206</Code>
<Directorate>
<LongName>Directorate For Geosciences</LongName>
</Directorate>
<Division>
<LongName>Division Of Earth Sciences</LongName>
</Division>
</Organization>
<ProgramOfficer>
<SignBlockName>Richard Yuretich</SignBlockName>
</ProgramOfficer>
<AbstractNarration>This RAPID project focuses on the impacts of flooding and erosion on Fourmile Canyon in the Colorado Front Range following the exceptional September 2013 rainfall event.  The catchment is still responding to a 25 km2 wildfire in 2010 and the team will test the hypothesis that the 2013 flood reworked and deposited sediments initially mobilized by the earlier fires.  The team will study the 2013 flood deposits, eroded hillslopes, side-tributary and gully deposits, and deposits freshly exposed beneath terraces along the canyon. They will revisit locations that have been part of an ongoing post-fire study, and will use short-lived fallout radionuclides (7Be, 137Cs, and 210Pb) in these deposits to help identify remobilized fire sediments. In addition, they will analyze the geochemistry and stratigraphy of valley deposits and compare measures of short-term wildfire and flooding-related erosion with ongoing studies documenting erosion rates and hillslope processes over the past 10,000-30,000 years. Sediment deposits and exposures that formed during the September 2013 flooding must be sampled and studied soon, before they degrade and disappear as road rebuilding, channel manipulation, and landscape recovery proceeds.  These new exposures greatly increase the ability to analyze and date Holocene slope and valley stratigraphy using 14C. &lt;br/&gt;&lt;br/&gt;The work will enhance understanding of consequences of increased incidence of wildfires and large-magnitude floods on the landscape and those who live there.  As such, the project outcomes will inform hazard mitigation and resilience.  The team will leverage existing collaborations with USGS scientists and the Boulder Creek Critical Zone Observatory, and will directly involve undergraduates and a graduate student.</AbstractNarration>
<MinAmdLetterDate>11/15/2013</MinAmdLetterDate>
<MaxAmdLetterDate>11/15/2013</MaxAmdLetterDate>
<ARRAAmount/>
<AwardID>1401260</AwardID>
<Investigator>
<FirstName>William</FirstName>
<LastName>Ouimet</LastName>
<EmailAddress>william.ouimet@uconn.edu</EmailAddress>
<StartDate>11/15/2013</StartDate>
<EndDate/>
<RoleCode>Principal Investigator</RoleCode>
</Investigator>
<Institution>
<Name>University of Connecticut</Name>
<CityName>Storrs</CityName>
<ZipCode>062691133</ZipCode>
<PhoneNumber>8604863622</PhoneNumber>
<StreetAddress>438 Whitney Road Ext.</StreetAddress>
<CountryName>United States</CountryName>
<StateName>Connecticut</StateName>
<StateCode>CT</StateCode>
</Institution>
<ProgramElement>
<Code>7458</Code>
<Text>GEOMORPHOLOGY &amp; LAND USE DYNAM</Text>
</ProgramElement>
<ProgramReference>
<Code>7914</Code>
<Text>RAPID</Text>
</ProgramReference>
</Award>
</rootTag>
