<?xml version="1.0" encoding="UTF-8"?>
<rootTag>
<Award>
<AwardTitle>UCLA CUORE Neutrino Physics Research Program</AwardTitle>
<AwardEffectiveDate>08/15/2014</AwardEffectiveDate>
<AwardExpirationDate>07/31/2019</AwardExpirationDate>
<AwardAmount>774164</AwardAmount>
<AwardInstrument>
<Value>Continuing grant</Value>
</AwardInstrument>
<Organization>
<Code>03010000</Code>
<Directorate>
<LongName>Direct For Mathematical &amp; Physical Scien</LongName>
</Directorate>
<Division>
<LongName>Division Of Physics</LongName>
</Division>
</Organization>
<ProgramOfficer>
<SignBlockName>Allena Opper</SignBlockName>
</ProgramOfficer>
<AbstractNarration>Neutrinos are amongst the most abundant particles in the Universe and yet we do not know many of their properties. For example, we do not know their absolute mass scale or their particle-antiparticle nature. Because of their abundance, even a small mass could have far-reaching consequences for understanding their role in the evolution of our Universe. Knowing if neutrinos are their own antiparticles could have implications in understanding the matter-antimatter asymmetry of our Universe.&lt;br/&gt; &lt;br/&gt;Neutrino-less double beta decay (NLDBD) experiments address these two fundamental questions. Double beta decay is a rare nuclear decay that has been measured in several nuclei when it is energetically favorable. Some nuclei are stable against ordinary beta decay but are unstable for double beta decay in which two neutrons in the nucleus are simultaneously converted to protons and two electrons are emitted. Double beta decay can proceed through several modes. The experimentally measured process, the two-neutrino mode in which two electron antineutrinos are also emitted, is completely described by known physics. NLDBD is an as-yet-undetected decay that involves no neutrinos in the final state and necessarily would indicate that neutrinos are their own antiparticle. The rate of such decays determines the scale for the effective neutrino mass.&lt;br/&gt;&lt;br/&gt;The CUORE (Cryogenic Underground Observatory for Rare Events) experiment at the Gran Sasso laboratory (LNGS), Assergi, Italy, is one of the next generation experiments to search for NLDBD. It uses the 130-Te isotope with a design sensitivity to the effective neutrino mass ranging between 40-70 meV, depending on nuclear structure calculations. The UCLA group's major hardware responsibilities include the testing of all the front-end electronics and the installation and commissioning of the electronics system at LNGS in collaboration with the Milan and South Carolina groups. Their analysis focus will be on understanding of the residual background sources through Monte Carlo simulations.&lt;br/&gt;&lt;br/&gt;The technology being used in CUORE which is based on milliKelvin bolometry is one of the most innovative and largest scale in the field. If their electronics proves out as designed, it will likely influence other fields. The NLDBD experiments address fundamental physics issues that have a scientific impact beyond particle and nuclear physics. For example, if neutrinos are Majorana particles and neutrino masses are from the See-Saw Mechanism, the lepton sector could violate CP (Charge-Parity) symmetry and contribute to the matter and anti-matter asymmetry of the Universe. The group will also help train undergraduate and NSF-REU students in their research programs and provide them with research experiences in neutrino physics and modern detector technology.</AbstractNarration>
<MinAmdLetterDate>08/17/2014</MinAmdLetterDate>
<MaxAmdLetterDate>04/30/2018</MaxAmdLetterDate>
<ARRAAmount/>
<AwardID>1401832</AwardID>
<Investigator>
<FirstName>Huan</FirstName>
<LastName>Huang</LastName>
<EmailAddress>huang@physics.ucla.edu</EmailAddress>
<StartDate>08/17/2014</StartDate>
<EndDate/>
<RoleCode>Principal Investigator</RoleCode>
</Investigator>
<Institution>
<Name>University of California-Los Angeles</Name>
<CityName>LOS ANGELES</CityName>
<ZipCode>900951406</ZipCode>
<PhoneNumber>3107940102</PhoneNumber>
<StreetAddress>10889 Wilshire Boulevard</StreetAddress>
<CountryName>United States</CountryName>
<StateName>California</StateName>
<StateCode>CA</StateCode>
</Institution>
<ProgramElement>
<Code>1234</Code>
<Text>NUCLEAR PRECISION MEASUREMENTS</Text>
</ProgramElement>
<ProgramElement>
<Code>1253</Code>
<Text>OFFICE OF MULTIDISCIPLINARY AC</Text>
</ProgramElement>
<ProgramElement>
<Code>1515</Code>
<Text>AGEP</Text>
</ProgramElement>
<ProgramElement>
<Code>7235</Code>
<Text>Particle Astrophysics/Undergro</Text>
</ProgramElement>
<ProgramElement>
<Code>7621</Code>
<Text>PHYSICS-BROADEN PARTICIPATION</Text>
</ProgramElement>
<ProgramReference>
<Code>1515</Code>
<Text>MINORITY GRADUATE EDUC ACTIVIT</Text>
</ProgramReference>
<ProgramReference>
<Code>7483</Code>
<Text>PHYSICS OF THE UNIVERSE</Text>
</ProgramReference>
</Award>
</rootTag>
