<?xml version="1.0" encoding="UTF-8"?>
<rootTag>
<Award>
<AwardTitle>Documenting Traditional Ecological Knowledge in the Sierra Nororiental de Puebla, Mexico, in Synchronic and Diachronic Perspectives</AwardTitle>
<AwardEffectiveDate>07/01/2014</AwardEffectiveDate>
<AwardExpirationDate>04/30/2019</AwardExpirationDate>
<AwardAmount>475142</AwardAmount>
<AwardInstrument>
<Value>Standard Grant</Value>
</AwardInstrument>
<Organization>
<Code>04040000</Code>
<Directorate>
<LongName>Direct For Social, Behav &amp; Economic Scie</LongName>
</Directorate>
<Division>
<LongName>Division Of Behavioral and Cognitive Sci</LongName>
</Division>
</Organization>
<ProgramOfficer>
<SignBlockName>Colleen Fitzgerald</SignBlockName>
</ProgramOfficer>
<AbstractNarration>In order to understand the diversity and potential benefits of plant life around the world and to assess the impact of the loss of biodiversity, it is necessary to create an accurate floristic inventory of bio-diverse regions  and to record the evolving  interactions of humans with that rich environment.  To this end, botanist John Kress of the Smithsonian will use innovative DNA barcoding methodology to facilitate rapid identification to species of the flora specimens collected in five Nahuat and two Totonac villages in the 28 municipalities of the Sierra Nororiental de Puebla, Mexico -- an incredibly bio-diverse region of the world.  Working in tandem with Kress, linguist Jonathan Amith of Gettysburg College will use state-of-the-art language documentation techniques to create an extensive digital database of recordings of native experts discussing traditional nomenclature and classification of local flora.  The linguistic and botanical databases will support the preservation of indigenous knowledge about the biodiversity of this region. &lt;br/&gt;&lt;br/&gt;Amith and Kress hypothesize that accessing botanical information from endangered languages will help track changes in the ecology of the ancestral homelands of endangered language communities.  In addition, Amith and Kress theorize that comparative botanical information across geographically proximate villages will reveal historical patterns of migration, cultural contact, and language change.  Using data from the endangered language discussions about plant life in the region and DNA barcode reference library, Amith will study shifts of biotaxa nomenclature.  He will use clues from lexical borrowing and calques to map the spread of knowledge about particular botanical specimens and link that spread to community migrations.  &lt;br/&gt;&lt;br/&gt;Data will be stored in various herbariums in Mexico and at the Smithsonian Museum.  Linguistic data will be accessible at the Archive of Indigenous Languages of Latin America.  This project supported by NSF's Office of International and Integrative Activities because it enhances research excellence through international collaboration with faculty at Universidad Nacional Autónoma de México (UNAM) and will benefit from use of local resources such as the National Herbarium of Mexico and the Comisión Nacional Para El Connocimineto Y Uso De La Biodiversidad.</AbstractNarration>
<MinAmdLetterDate>06/15/2014</MinAmdLetterDate>
<MaxAmdLetterDate>02/16/2017</MaxAmdLetterDate>
<ARRAAmount/>
<AwardID>1401178</AwardID>
<Investigator>
<FirstName>W. John</FirstName>
<LastName>Kress</LastName>
<EmailAddress>kressj@si.edu</EmailAddress>
<StartDate>06/15/2014</StartDate>
<EndDate/>
<RoleCode>Co-Principal Investigator</RoleCode>
</Investigator>
<Investigator>
<FirstName>Jonathan</FirstName>
<LastName>Amith</LastName>
<EmailAddress>jamith@gettysburg.edu</EmailAddress>
<StartDate>06/15/2014</StartDate>
<EndDate/>
<RoleCode>Principal Investigator</RoleCode>
</Investigator>
<Institution>
<Name>Gettysburg College</Name>
<CityName>Gettysburg</CityName>
<ZipCode>173251483</ZipCode>
<PhoneNumber>7173376505</PhoneNumber>
<StreetAddress>North Washington Street</StreetAddress>
<CountryName>United States</CountryName>
<StateName>Pennsylvania</StateName>
<StateCode>PA</StateCode>
</Institution>
<ProgramElement>
<Code>1390</Code>
<Text>CULTURAL ANTHROPOLOGY</Text>
</ProgramElement>
<ProgramElement>
<Code>7298</Code>
<Text>COLLABORATIVE RESEARCH</Text>
</ProgramElement>
<ProgramElement>
<Code>7719</Code>
<Text>DEL</Text>
</ProgramElement>
<ProgramReference>
<Code>1311</Code>
<Text>LINGUISTICS</Text>
</ProgramReference>
<ProgramReference>
<Code>1390</Code>
<Text>CULTURAL ANTHROPOLOGY</Text>
</ProgramReference>
<ProgramReference>
<Code>5922</Code>
<Text>MEXICO</Text>
</ProgramReference>
<ProgramReference>
<Code>7719</Code>
<Text>DEL</Text>
</ProgramReference>
<ProgramReference>
<Code>7956</Code>
<Text>SBE Interdisciplinary Research</Text>
</ProgramReference>
<ProgramReference>
<Code>8605</Code>
<Text>SBE 2020</Text>
</ProgramReference>
</Award>
</rootTag>
