<?xml version="1.0" encoding="UTF-8"?>
<rootTag>
<Award>
<AwardTitle>Questions on Singularities and Adjoint Linear Systems</AwardTitle>
<AwardEffectiveDate>08/15/2014</AwardEffectiveDate>
<AwardExpirationDate>07/31/2017</AwardExpirationDate>
<AwardAmount>177000</AwardAmount>
<AwardInstrument>
<Value>Standard Grant</Value>
</AwardInstrument>
<Organization>
<Code>03040000</Code>
<Directorate>
<LongName>Direct For Mathematical &amp; Physical Scien</LongName>
</Directorate>
<Division>
<LongName>Division Of Mathematical Sciences</LongName>
</Division>
</Organization>
<ProgramOfficer>
<SignBlockName>Matthew  Douglass</SignBlockName>
</ProgramOfficer>
<AbstractNarration>The principal investigator plans to work on several questions, of different degrees of difficulty, concerning local and  global aspects in the study of algebraic varieties. It has been understood for a long time that even if one is interested in studying smooth geometric objects, singular ones naturally appear. It is thus important to be able to measure singularities, and this is done via various invariants that can be either numerical or can have a more complicated structure. The projects in this proposal are concerned with some of these invariants and with their applications to the study of algebraic varieties. These geometric objects can be studied in two contexts: in characteristic zero, which is the more familiar context, closer to our usual Euclidean space, and in positive characteristic, a context that is closer to arithmetic. However, these two settings have close connections, and sometimes one can prove results in characteristic zero by proving the corresponding results in positive characteristic. At this point, however, most of the results concerning the global properties of algebraic varieties are only known in characteristic zero. Several of the projects in this proposal are concerned with the extension of such results to positive characteristic and with the study of the more subtle phenomena that appear in this setting.&lt;br/&gt;&lt;br/&gt;The common feature of the questions addressed in this proposal is the study of the connections between different invariants of singularities and the use of such invariants in the study of the global properties of algebraic varieties. The PI plans to explore relations between different points of view on singularities, such as the connection between spaces of arcs and the Hilbert-Samuel multiplicity and the connection between spaces of arcs and the Decomposition Theorem. He also plans to work on questions regarding the positivity properties of adjoint linear systems in positive characteristic. Such results are already known in characteristic zero, the fundamental tool in the proofs being Kodaira's vanishing theorem and its generalizations. The main difficulty in extending these results to positive characteristic is the failure of vanishing theorems in the new setting. However, new tools based on the Frobenius homomorphism have been developed in the past few years. The PI plans to use some of these tools (for example, his work with Schwede on Seshadri constants in positive characteristic) to attack several problems in this setting.</AbstractNarration>
<MinAmdLetterDate>08/08/2014</MinAmdLetterDate>
<MaxAmdLetterDate>08/08/2014</MaxAmdLetterDate>
<ARRAAmount/>
<AwardID>1401227</AwardID>
<Investigator>
<FirstName>Mircea</FirstName>
<LastName>Mustata</LastName>
<EmailAddress>mmustata@umich.edu</EmailAddress>
<StartDate>08/08/2014</StartDate>
<EndDate/>
<RoleCode>Principal Investigator</RoleCode>
</Investigator>
<Institution>
<Name>University of Michigan Ann Arbor</Name>
<CityName>Ann Arbor</CityName>
<ZipCode>481091274</ZipCode>
<PhoneNumber>7347636438</PhoneNumber>
<StreetAddress>3003 South State St. Room 1062</StreetAddress>
<CountryName>United States</CountryName>
<StateName>Michigan</StateName>
<StateCode>MI</StateCode>
</Institution>
<ProgramElement>
<Code>1264</Code>
<Text>ALGEBRA,NUMBER THEORY,AND COM</Text>
</ProgramElement>
</Award>
</rootTag>
