<?xml version="1.0" encoding="UTF-8"?>
<rootTag>
<Award>
<AwardTitle>Collaborative Research: Digitization TCN: InvertEBase: Reaching Back to See the Future: Species-rich Invertebrate Faunas Document Causes and Consequences of Biodiversity Shifts</AwardTitle>
<AwardEffectiveDate>09/01/2014</AwardEffectiveDate>
<AwardExpirationDate>08/31/2018</AwardExpirationDate>
<AwardAmount>58389</AwardAmount>
<AwardInstrument>
<Value>Standard Grant</Value>
</AwardInstrument>
<Organization>
<Code>08080000</Code>
<Directorate>
<LongName>Direct For Biological Sciences</LongName>
</Directorate>
<Division>
<LongName>Div Of Biological Infrastructure</LongName>
</Division>
</Organization>
<ProgramOfficer>
<SignBlockName>Reed Beaman</SignBlockName>
</ProgramOfficer>
<AbstractNarration>The rapid biodiversity change in North America has significant effects on essential ecosystem services, from impact on soil health and nutrient cycling, to agriculture, forestry and water quality. Exploding populations of invasive species threaten fresh water and terrestrial habitats and potentially impact the natural resources of the nation. Easy access to robust, expertly vetted baseline data for species occurrences, abundances, and distribution ranges, and monitoring how these parameters have changed through time, will facilitate the protection of the nation's natural resources, and vastly improve the capacity for effective restoration, land management planning, and conservation management.  Numerous undergraduate students will receive training in digitization technologies and a modular exhibit will be developed to engage public interest in biodiversity changes.&lt;br/&gt;&lt;br/&gt;Effective monitoring requires easy electronic access to historical specimen baseline information for temporal and regional species diversity comparisons that can facilitate informed land management decisions. Vast amounts of specimen data are housed within the nation's natural history collections, but most of these data are not readily accessible from digital resources. Size and complexity of scientific specimen collections require major technological advances in capturing specimen data. The goal of this four-year collaborative project is the rapid digitization of  &gt;2 million specimens and their locality data from ten arthropod and mollusk collections housed at six major US museums in six states (Il, OH, AL,MI, DE, PA). This project will significantly automate specimen data capture by utilizing optical character and voice-recognition technologies. The digitized data from this project will be immediately deployed for habitat-based distribution modeling and analyses.This award is made as part of the National Resource for Digitization of Biological Collections through the Advancing Digitization of Biological Collections program and all data resulting from this award will be available through the national resource (iDigBio.org).</AbstractNarration>
<MinAmdLetterDate>08/20/2014</MinAmdLetterDate>
<MaxAmdLetterDate>08/20/2014</MaxAmdLetterDate>
<ARRAAmount/>
<AwardID>1401450</AwardID>
<Investigator>
<FirstName>James</FirstName>
<LastName>Hanken</LastName>
<EmailAddress>hanken@oeb.harvard.edu</EmailAddress>
<StartDate>08/20/2014</StartDate>
<EndDate/>
<RoleCode>Principal Investigator</RoleCode>
</Investigator>
<Institution>
<Name>Harvard University</Name>
<CityName>Cambridge</CityName>
<ZipCode>021385369</ZipCode>
<PhoneNumber>6174955501</PhoneNumber>
<StreetAddress>1033 MASSACHUSETTS AVE</StreetAddress>
<CountryName>United States</CountryName>
<StateName>Massachusetts</StateName>
<StateCode>MA</StateCode>
</Institution>
<ProgramElement>
<Code>6895</Code>
<Text>Digitization</Text>
</ProgramElement>
<ProgramReference>
<Code>6895</Code>
<Text>DIGITIZATION</Text>
</ProgramReference>
</Award>
</rootTag>
