<?xml version="1.0" encoding="UTF-8"?>
<rootTag>
<Award>
<AwardTitle>NSF Postdoctoral Fellowship in Biology FY 2014</AwardTitle>
<AwardEffectiveDate>01/01/2015</AwardEffectiveDate>
<AwardExpirationDate>12/31/2016</AwardExpirationDate>
<AwardAmount>138000</AwardAmount>
<AwardInstrument>
<Value>Fellowship</Value>
</AwardInstrument>
<Organization>
<Code>08080000</Code>
<Directorate>
<LongName>Direct For Biological Sciences</LongName>
</Directorate>
<Division>
<LongName>Div Of Biological Infrastructure</LongName>
</Division>
</Organization>
<ProgramOfficer>
<SignBlockName>Daniel Marenda</SignBlockName>
</ProgramOfficer>
<AbstractNarration>NSF Postdoctoral Fellowships in Biology combine research and training components to prepare young scientists for careers in emerging areas where biology intersects with other scientific disciplines, in this case with mathematics.  The Fellows are expected to lead the nation's scientific workforce of the future.  This fellowship to Holly Moeller supports research and training on metabolic flexibility and marine ecosystem function.  The host institution is the Woods Hole Oceanographic Institution, and the sponsoring scientists are Drs. Matthew D. Johnson and Michael G. Neubert.  Training goals include coupling microbiological and modeling techniques. Educational and public outreach includes mentoring undergraduate and high school students at Woods Hole Oceanographic Institution by including them in experimental subprojects and by continuing as a scientific writer to place environmental issues in the public eye.&lt;br/&gt;&lt;br/&gt;The research investigates the environmental selection pressures that produce mixotrophs - organisms that can fuel their metabolism through either autotrophy, i.e., photosynthesis, or heterotrophy, ingestion of organic matter.  Mixotrophy is widespread in aquatic microbial communities, yet remains poorly represented in ecosystem models.  The research examines, from an evolutionary perspective, how an organism maintains metabolic flexibility, rather than specializing in just one mode of nutrition, and the importance of these types of organisms to primary production, nutrient cycling, and other ecosystem functions, particularly in the ocean where climate change is likely to increase their numbers.  To test the physiological limits and competitive ability of mixotrophic marine microbes, laboratory studies are being extended to modeling broader questions of eco-evolutionary dynamics.</AbstractNarration>
<MinAmdLetterDate>07/12/2014</MinAmdLetterDate>
<MaxAmdLetterDate>07/12/2014</MaxAmdLetterDate>
<ARRAAmount/>
<AwardID>1401332</AwardID>
<Investigator>
<FirstName>Holly</FirstName>
<LastName>Moeller</LastName>
<EmailAddress/>
<StartDate>07/12/2014</StartDate>
<EndDate/>
<RoleCode>Principal Investigator</RoleCode>
</Investigator>
<Institution>
<Name>Moeller                 Holly          V</Name>
<CityName>Stanford</CityName>
<ZipCode>943055008</ZipCode>
<PhoneNumber/>
<StreetAddress/>
<CountryName>United States</CountryName>
<StateName>California</StateName>
<StateCode>CA</StateCode>
</Institution>
<ProgramElement>
<Code>8054</Code>
<Text>Inters Biol and Math and Phys</Text>
</ProgramElement>
<ProgramReference>
<Code>7137</Code>
<Text>POSTDOCTORAL FELLOWSHIPS</Text>
</ProgramReference>
<ProgramReference>
<Code>7174</Code>
<Text>POSTDOC FELLOW IN SCI, MATH EN</Text>
</ProgramReference>
</Award>
</rootTag>
