<?xml version="1.0" encoding="UTF-8"?>
<rootTag>
<Award>
<AwardTitle>DISSERTATION RESEARCH: The Evolution of the Hypocone in Microbats (Microchiroptera)</AwardTitle>
<AwardEffectiveDate>06/01/2014</AwardEffectiveDate>
<AwardExpirationDate>05/31/2017</AwardExpirationDate>
<AwardAmount>17191</AwardAmount>
<AwardInstrument>
<Value>Standard Grant</Value>
</AwardInstrument>
<Organization>
<Code>08010206</Code>
<Directorate>
<LongName>Direct For Biological Sciences</LongName>
</Directorate>
<Division>
<LongName>Division Of Environmental Biology</LongName>
</Division>
</Organization>
<ProgramOfficer>
<SignBlockName>Simon Malcomber</SignBlockName>
</ProgramOfficer>
<AbstractNarration>The addition of a hypocone, a fourth cusp, to the upper molar in mammals has been a common transition in dental evolution. Using suborder Microchiroptera (microbats) as a case study, the proposed research will examine the adaptive significance of the hypocone. This research will test whether the hypocone functions to increase tooth strength, by dissipating stress within the enamel to avoid tooth cracking. Finite Element Analysis, a computer simulation technique commonly used in engineering to assess how structures respond to physical loads, will be used to determine the strength attributes of teeth with and without hypocones. Ultimately, this work will examine how the hypocone?s role in tooth strength may have influenced the evolution of molar shape. &lt;br/&gt;&lt;br/&gt;This project uses innovative computer modeling techniques to examine adaptation, a fundamental evolutionary concept. Facets of this work are applicable throughout the scientific community (from paleontologists studying the form and function of fossils to ecologists studying mammalian diversity patterns). Further, an understanding of adaptation is vital for anyone wanting to know how life has evolved. This work will encourage undergraduate participation in scientific research. All computer models will be submitted to the Morphobrowser and Digimorph online databases to allow access to both the scientific community and the public.</AbstractNarration>
<MinAmdLetterDate>04/14/2014</MinAmdLetterDate>
<MaxAmdLetterDate>04/14/2014</MaxAmdLetterDate>
<ARRAAmount/>
<AwardID>1401775</AwardID>
<Investigator>
<FirstName>John</FirstName>
<LastName>Hunter</LastName>
<EmailAddress>hunter.360@osu.edu</EmailAddress>
<StartDate>04/14/2014</StartDate>
<EndDate/>
<RoleCode>Principal Investigator</RoleCode>
</Investigator>
<Investigator>
<FirstName>Sarah</FirstName>
<LastName>Gutzwiller</LastName>
<EmailAddress>gutzwiller.5@buckeyemail.osu.edu</EmailAddress>
<StartDate>04/14/2014</StartDate>
<EndDate/>
<RoleCode>Co-Principal Investigator</RoleCode>
</Investigator>
<Institution>
<Name>Ohio State University</Name>
<CityName>Columbus</CityName>
<ZipCode>432101016</ZipCode>
<PhoneNumber>6146888735</PhoneNumber>
<StreetAddress>Office of Sponsored Programs</StreetAddress>
<CountryName>United States</CountryName>
<StateName>Ohio</StateName>
<StateCode>OH</StateCode>
</Institution>
<ProgramElement>
<Code>1171</Code>
<Text>PHYLOGENETIC SYSTEMATICS</Text>
</ProgramElement>
<ProgramReference>
<Code>9169</Code>
<Text>BIODIVERSITY AND ECOSYSTEM DYNAMICS</Text>
</ProgramReference>
<ProgramReference>
<Code>9179</Code>
<Text>GRADUATE INVOLVEMENT</Text>
</ProgramReference>
<ProgramReference>
<Code>EGCH</Code>
<Text>ENVIRONMENT AND GLOBAL CHANGE</Text>
</ProgramReference>
<ProgramReference>
<Code>SMET</Code>
<Text>SCIENCE, MATH, ENG &amp; TECH EDUCATION</Text>
</ProgramReference>
</Award>
</rootTag>
