<?xml version="1.0" encoding="UTF-8"?>
<rootTag>
<Award>
<AwardTitle>Interaction of Low-Energy Positrons with Atoms and Molecules</AwardTitle>
<AwardEffectiveDate>09/01/2014</AwardEffectiveDate>
<AwardExpirationDate>08/31/2017</AwardExpirationDate>
<AwardAmount>629398</AwardAmount>
<AwardInstrument>
<Value>Continuing grant</Value>
</AwardInstrument>
<Organization>
<Code>03010000</Code>
<Directorate>
<LongName>Direct For Mathematical &amp; Physical Scien</LongName>
</Directorate>
<Division>
<LongName>Division Of Physics</LongName>
</Division>
</Organization>
<ProgramOfficer>
<SignBlockName>Alexander Cronin</SignBlockName>
</ProgramOfficer>
<AbstractNarration>Positrons, a form of antimatter, are the antiparticles of electrons. While our world is almost solely composed of matter, it is not understood why. Positrons (antiparticles) can be created using a variety of techniques, however, and they are important in a number of applications. One example is in medicine and drug design, where positron emission tomography (PET) is used to study metabolic processes. Positrons are also used to study and develop new materials, to form antihydrogen (stable neutral antimatter), and to understand a variety of astrophysical processes.  This research seeks to establish a fundamental understanding of the interaction of positrons with ordinary matter, particularly in the form of molecules, which can be used to further these applications and to develop new ones. The project is also an excellent training ground for scientific and technical personnel; it involves student and post-doctoral researchers at all levels, from the planning of experiments to the dissemination of research results.    &lt;br/&gt;&lt;br/&gt;This project focuses on studies of the interaction of low-energy positrons with atoms and molecules. Of interest is the excitation of vibrational Feshbach resonances, a process in which a positron, in collision with a molecule, excites a vibrational mode and becomes trapped on the molecule. A particular focus of the research is the understanding of the observed enhancements in annihilation rates as a function of incident positron energy and using these spectra to determine positron-molecule binding energies. Fundamental aspects of atomic physics involved in this research include understanding electron-positron correlations, positron binding to atoms and molecules, and the nature of the resonances in positron annihilation resulting from positron attachment.  A new cold beam will allow studies of the role of vibrational-mode symmetry in determining the strengths of the annihilation resonances. Other research goals include understanding quantitatively the annihilation of positrons on molecules when intramolecular vibrational energy redistribution (IVR) is operative.  These positron-IVR studies could potentially provide new insights into molecular dynamics, complementary to studies now done by the chemistry and biology communities using optical techniques.</AbstractNarration>
<MinAmdLetterDate>08/23/2014</MinAmdLetterDate>
<MaxAmdLetterDate>06/13/2015</MaxAmdLetterDate>
<ARRAAmount/>
<AwardID>1401794</AwardID>
<Investigator>
<FirstName>C.</FirstName>
<LastName>Surko</LastName>
<EmailAddress>csurko@ucsd.edu</EmailAddress>
<StartDate>08/23/2014</StartDate>
<EndDate/>
<RoleCode>Principal Investigator</RoleCode>
</Investigator>
<Institution>
<Name>University of California-San Diego</Name>
<CityName>La Jolla</CityName>
<ZipCode>920930621</ZipCode>
<PhoneNumber>8585344896</PhoneNumber>
<StreetAddress>Office of Contract &amp; Grant Admin</StreetAddress>
<CountryName>United States</CountryName>
<StateName>California</StateName>
<StateCode>CA</StateCode>
</Institution>
<ProgramElement>
<Code>1241</Code>
<Text>AMO Experiment/Atomic, Molecul</Text>
</ProgramElement>
</Award>
</rootTag>
