<?xml version="1.0" encoding="UTF-8"?>
<rootTag>
<Award>
<AwardTitle>Statistical tools for climate science</AwardTitle>
<AwardEffectiveDate>07/01/2014</AwardEffectiveDate>
<AwardExpirationDate>06/30/2018</AwardExpirationDate>
<AwardAmount>120000</AwardAmount>
<AwardInstrument>
<Value>Standard Grant</Value>
</AwardInstrument>
<Organization>
<Code>03040000</Code>
<Directorate>
<LongName>Direct For Mathematical &amp; Physical Scien</LongName>
</Directorate>
<Division>
<LongName>Division Of Mathematical Sciences</LongName>
</Division>
</Organization>
<ProgramOfficer>
<SignBlockName>Gabor J. Szekely</SignBlockName>
</ProgramOfficer>
<AbstractNarration>In order to plan for adaptation to climate change, it is important to develop quantitative tools for the uncertainty of climate projections at global, region, and local levels. In this research we develop statistical tools that will let decision-makers get a clearer perspective on how to interpret the projections. For example, we predict (with attendant uncertainty) temperatures at unobserved sites, given that an observed site achieved the network maximum or minimum. &lt;br/&gt;&lt;br/&gt;The technical tools used in this research include empirical process models for nonstationary and dependent observations. Data will include global temperature reconstructions, networks of temperature and precipitation stations from Sweden, Norway and the United States, and CMIP5 global model runs as well as regional climate model runs from CORDEX and other repositories.  We will also study nonstationary tools in extreme value theory, including spatial and spatio-temporal situations, and implement visualization methods for comparing output from ensembles of climate models to data.</AbstractNarration>
<MinAmdLetterDate>07/03/2014</MinAmdLetterDate>
<MaxAmdLetterDate>07/03/2014</MaxAmdLetterDate>
<ARRAAmount/>
<AwardID>1401793</AwardID>
<Investigator>
<FirstName>Peter</FirstName>
<LastName>Guttorp</LastName>
<EmailAddress>peter@stat.washington.edu</EmailAddress>
<StartDate>07/03/2014</StartDate>
<EndDate/>
<RoleCode>Principal Investigator</RoleCode>
</Investigator>
<Institution>
<Name>University of Washington</Name>
<CityName>Seattle</CityName>
<ZipCode>981950001</ZipCode>
<PhoneNumber>2065434043</PhoneNumber>
<StreetAddress>4333 Brooklyn Ave NE</StreetAddress>
<CountryName>United States</CountryName>
<StateName>Washington</StateName>
<StateCode>WA</StateCode>
</Institution>
<ProgramElement>
<Code>1269</Code>
<Text>STATISTICS</Text>
</ProgramElement>
</Award>
</rootTag>
