<?xml version="1.0" encoding="UTF-8"?>
<rootTag>
<Award>
<AwardTitle>Selmer groups and the arithmetic of modular symbols</AwardTitle>
<AwardEffectiveDate>06/01/2014</AwardEffectiveDate>
<AwardExpirationDate>10/31/2016</AwardExpirationDate>
<AwardAmount>179999</AwardAmount>
<AwardInstrument>
<Value>Standard Grant</Value>
</AwardInstrument>
<Organization>
<Code>03040000</Code>
<Directorate>
<LongName>Direct For Mathematical &amp; Physical Scien</LongName>
</Directorate>
<Division>
<LongName>Division Of Mathematical Sciences</LongName>
</Division>
</Organization>
<ProgramOfficer>
<SignBlockName>Andrew D. Pollington</SignBlockName>
</ProgramOfficer>
<AbstractNarration>A remarkable aspect of algebraic number theory lies in the connections it finds between objects that appear to be of entirely different natures.  The overarching principle of the research of the PI is that certain algebraic problems can be reinterpreted directly as geometric problems in higher dimension, providing fascinating connections between objects from different parts of mathematics.  A great wealth of such connections have been found indirectly through intermediate objects of an analytic nature.  The research outlined in the proposal aims to provide a window through which well-known conjectures and statements of arithmetic may be seen in a new and more direct light.&lt;br/&gt;&lt;br/&gt;The PI has conjectured an intricate but explicit relationship between modular symbols and the arithmetic of cyclotomic fields that may be viewed as refining the Iwasawa main conjecture.  Roughly speaking, this conjecture identifies class groups of cyclotomic fields with quotients of homology groups of modular curves by actions of Eisenstein ideals.  The central project of the award is the extension of this conjecture to higher dimensions and other global fields.  The expectation is that the geometry of locally symmetric spaces should explicitly determine the arithmetic of lattices in Galois representations, which is to say the structure of Selmer groups.</AbstractNarration>
<MinAmdLetterDate>05/16/2014</MinAmdLetterDate>
<MaxAmdLetterDate>05/16/2014</MaxAmdLetterDate>
<ARRAAmount/>
<AwardID>1401122</AwardID>
<Investigator>
<FirstName>Romyar</FirstName>
<LastName>Sharifi</LastName>
<EmailAddress>sharifi@math.ucla.edu</EmailAddress>
<StartDate>05/16/2014</StartDate>
<EndDate/>
<RoleCode>Principal Investigator</RoleCode>
</Investigator>
<Institution>
<Name>University of Arizona</Name>
<CityName>Tucson</CityName>
<ZipCode>857194824</ZipCode>
<PhoneNumber>5206266000</PhoneNumber>
<StreetAddress>888 N Euclid Ave</StreetAddress>
<CountryName>United States</CountryName>
<StateName>Arizona</StateName>
<StateCode>AZ</StateCode>
</Institution>
<ProgramElement>
<Code>1264</Code>
<Text>ALGEBRA,NUMBER THEORY,AND COM</Text>
</ProgramElement>
</Award>
</rootTag>
