<?xml version="1.0" encoding="UTF-8"?>
<rootTag>
<Award>
<AwardTitle>Group and ring-like structures in Category Theory and applications to Algebraic Combinatorics</AwardTitle>
<AwardEffectiveDate>08/15/2014</AwardEffectiveDate>
<AwardExpirationDate>11/30/2014</AwardExpirationDate>
<AwardAmount>104828</AwardAmount>
<AwardInstrument>
<Value>Continuing grant</Value>
</AwardInstrument>
<Organization>
<Code>03040000</Code>
<Directorate>
<LongName>Direct For Mathematical &amp; Physical Scien</LongName>
</Directorate>
<Division>
<LongName>Division Of Mathematical Sciences</LongName>
</Division>
</Organization>
<ProgramOfficer>
<SignBlockName>Victoria Powers</SignBlockName>
</ProgramOfficer>
<AbstractNarration>This project involves research in algebraic combinatorics, category theory, and the theory of Hopf algebras, particularly the aspects of the latter related to Lie theory. Algebraic combinatorics is a branch of mathematics which uses algebraic techniques to study finite or countable discrete structures.  Category theory is used to formalize concepts of abstract mathematics.  The proposed research makes considerable use of category theory as a tool for organizing the various algebraic structures associated to combinatorial objects. The PI will introduce graduate students to this area of research and make international contacts and collaborations in Europe, Latin America, and India.&lt;br/&gt;&lt;br/&gt;Substantial effort is devoted to a new theory enlarging the scope of classical Hopf-Lie theory and including hyperplane arrangements and idempotent semigroups as part of the fundamental data.  That such an extension is possible and meaningful is a main finding of the current work of the PI. Briefly, the chambers of the arrangement are regarded as the different ways of multiplying a sequence of elements in a free associative algebra. Extensions of the notion of Hopf algebra and Lie algebra are then formulated in terms of the projection maps of Tits. The classical case is recovered by restricting to the case of braid hyperplane arrangements. An equally important component of the project involves combinatorial applications of the theory of Hopf monoids in species and related algebraic structures. This is a continuation of previous joint work by the PI with Swapneel Mahajan. An exciting recent development involves a ring-theoretic approach to chromatic polynomials and generalizations. The proposed research makes considerable use of category theory as a tool for organizing the various algebraic structures associated to combinatorial objects. Specifically, higher monoidal structures in Joyal's category of species are prominent. While guided by concrete examples, this approach leads to general questions of a more abstract nature, which will also be addressed. They deal with mixed distributive laws, monads on higher monoidal categories, and extensions of classical results of Schneider and Sweedler, among other topics.</AbstractNarration>
<MinAmdLetterDate>07/26/2014</MinAmdLetterDate>
<MaxAmdLetterDate>07/26/2014</MaxAmdLetterDate>
<ARRAAmount/>
<AwardID>1401113</AwardID>
<Investigator>
<FirstName>Marcelo</FirstName>
<LastName>Aguiar</LastName>
<EmailAddress>maguiar@math.cornell.edu</EmailAddress>
<StartDate>07/26/2014</StartDate>
<EndDate/>
<RoleCode>Principal Investigator</RoleCode>
</Investigator>
<Institution>
<Name>Texas A&amp;M University Main Campus</Name>
<CityName>College Station</CityName>
<ZipCode>778454375</ZipCode>
<PhoneNumber>9798626777</PhoneNumber>
<StreetAddress>400 Harvey Mitchell Pkwy South</StreetAddress>
<CountryName>United States</CountryName>
<StateName>Texas</StateName>
<StateCode>TX</StateCode>
</Institution>
<ProgramElement>
<Code>1263</Code>
<Text>PROBABILITY</Text>
</ProgramElement>
<ProgramElement>
<Code>1264</Code>
<Text>ALGEBRA,NUMBER THEORY,AND COM</Text>
</ProgramElement>
<ProgramElement>
<Code>7970</Code>
<Text>Combinatorics</Text>
</ProgramElement>
</Award>
</rootTag>
