<?xml version="1.0" encoding="UTF-8"?>
<rootTag>
<Award>
<AwardTitle>Collaborative Research: Using sunlight to reduce air pollution and ensure corrosion resistant of concrete infrastructure.</AwardTitle>
<AwardEffectiveDate>07/01/2014</AwardEffectiveDate>
<AwardExpirationDate>06/30/2018</AwardExpirationDate>
<AwardAmount>301223</AwardAmount>
<AwardInstrument>
<Value>Standard Grant</Value>
</AwardInstrument>
<Organization>
<Code>07030000</Code>
<Directorate>
<LongName>Directorate For Engineering</LongName>
</Directorate>
<Division>
<LongName>Div Of Civil, Mechanical, &amp; Manufact Inn</LongName>
</Division>
</Organization>
<ProgramOfficer>
<SignBlockName>Y. Grace Hsuan</SignBlockName>
</ProgramOfficer>
<AbstractNarration>Reinforced concrete structures exposed to sea water or de-icing salts are susceptible to the corrosion of embedded steel, due to the ingress of chloride ions. Such corrosion results in deterioration, reduces the service-life of structures, and poses a burden to the national economy. In spite of extensive efforts, our current methods of corrosion protection remain either: too expensive, or unable to prevent corrosion actions. This research develops a new strategy that utilizes visible light to decompose air pollutants into chemical agents that can suppress steel corrosion in concrete structures. Such environmentally sustainable solutions are critical to maintain large, widespread and durable infrastructure?a critical driver of economic growth. To support these goals, the research trains a diverse technical workforce at the levels of: post-doctoral scientists, Ph.D. and undergraduate students and high-schoolers at both University of California-Los Angeles and Georgia Tech. Both university groups cross-train with each other, hierarchically and functionally to foster collaboration and exchange scientific advancements needed to preserve infrastructure inventories. The multidisciplinary nature of the work will expose young researchers to cross-cutting intellectual concepts relevant to sustainable development and propelling new technologies to the marketplace. &lt;br/&gt;&lt;br/&gt;This research exploits the photoactive behavior of titanium dioxide nanoparticles, and uses visible light, and manipulations of the cement chemistry, to prevent steel corrosion in reinforced concrete. Monosulfate (AFm) phases produced during cement hydration have the ability to intercalate anions in their structure in a preference described as: chloride&gt;nitrate&gt;nitrite&gt;carbonate&gt;sulfate&gt;hydroxide. Thus, cements can be tuned to maximize AFm formation, and capture of chloride species intruding into concrete. Further, up on exposure to light, titanium dioxide can convert atmospheric pollutants in the form of nitrogen oxides to aqueous nitrate/nitrite ions which serve as anodic corrosion inhibitors. When applied in conjunction with each other, these processes work to trap intruding chloride ions within the AFm phase while simultaneously releasing nitrate/nitrite ions (previously stored in the AFm) into the pore solution to ensure steel corrosion inhibition. Towards these objectives this research: (1) synthesizes visible light active titanium dioxide, (2) optimizes cement chemistry to maximize the yield of AFm phases and (3) simulates nitrite/nitrate/chloride transport in concrete to maximize steel corrosion inhibition. The intellectual outcomes of this work include: novel advancements in corrosion inhibition methods which exploit photocatalytic behavior, thermodynamic selectivity and ion exchange preference as a means towards designing regenerative and tunable corrosion protection systems for concrete infrastructure.</AbstractNarration>
<MinAmdLetterDate>06/06/2014</MinAmdLetterDate>
<MaxAmdLetterDate>06/06/2014</MaxAmdLetterDate>
<ARRAAmount/>
<AwardID>1401533</AwardID>
<Investigator>
<FirstName>Eric</FirstName>
<LastName>Hoek</LastName>
<EmailAddress>emvhoek@ucla.edu</EmailAddress>
<StartDate>06/06/2014</StartDate>
<EndDate/>
<RoleCode>Co-Principal Investigator</RoleCode>
</Investigator>
<Investigator>
<FirstName>Magdalena</FirstName>
<LastName>Balonis</LastName>
<EmailAddress>mbalonis@ucla.edu</EmailAddress>
<StartDate>06/06/2014</StartDate>
<EndDate/>
<RoleCode>Principal Investigator</RoleCode>
</Investigator>
<Institution>
<Name>University of California-Los Angeles</Name>
<CityName>LOS ANGELES</CityName>
<ZipCode>900951406</ZipCode>
<PhoneNumber>3107940102</PhoneNumber>
<StreetAddress>10889 Wilshire Boulevard</StreetAddress>
<CountryName>United States</CountryName>
<StateName>California</StateName>
<StateCode>CA</StateCode>
</Institution>
<ProgramElement>
<Code>8092</Code>
<Text>Materials Eng. &amp; Processing</Text>
</ProgramElement>
<ProgramReference>
<Code>024E</Code>
<Text>MATERIALS DESIGN</Text>
</ProgramReference>
<ProgramReference>
<Code>025E</Code>
<Text>INFRASTRUCTURE MATERIALS</Text>
</ProgramReference>
<ProgramReference>
<Code>036E</Code>
<Text>CIVIL INFRASTRUCTURE</Text>
</ProgramReference>
<ProgramReference>
<Code>083E</Code>
<Text>MATERIAL TRANSFORMATION PROC</Text>
</ProgramReference>
<ProgramReference>
<Code>1444</Code>
<Text>SURFACE ENGINEERING</Text>
</ProgramReference>
<ProgramReference>
<Code>8021</Code>
<Text>Materials Engineering</Text>
</ProgramReference>
<ProgramReference>
<Code>8022</Code>
<Text>Sustainable Infrastructure Materials</Text>
</ProgramReference>
<ProgramReference>
<Code>8025</Code>
<Text>Advanced Materials Processing</Text>
</ProgramReference>
<ProgramReference>
<Code>9102</Code>
<Text>WOMEN, MINORITY, DISABLED, NEC</Text>
</ProgramReference>
</Award>
</rootTag>
