<?xml version="1.0" encoding="UTF-8"?>
<rootTag>
<Award>
<AwardTitle>Rational points on homogeneous spaces, quadractic forms and Brauer groups</AwardTitle>
<AwardEffectiveDate>06/01/2014</AwardEffectiveDate>
<AwardExpirationDate>05/31/2018</AwardExpirationDate>
<AwardAmount>246090</AwardAmount>
<AwardInstrument>
<Value>Continuing grant</Value>
</AwardInstrument>
<Organization>
<Code>03040000</Code>
<Directorate>
<LongName>Direct For Mathematical &amp; Physical Scien</LongName>
</Directorate>
<Division>
<LongName>Division Of Mathematical Sciences</LongName>
</Division>
</Organization>
<ProgramOfficer>
<SignBlockName>Andrew D. Pollington</SignBlockName>
</ProgramOfficer>
<AbstractNarration>The interplay between finding solutions to sets of equations and questions in geometry has been very fruitful in Mathematics. The PI's research fits into this way of thinking about both topics. The study of linear algebraic groups and homogeneous spaces provides a unified plank to understanding distinct interesting objects in algebra, geometry and number theory.  Extending the classical study over number fields, for example the rational numbers, to function fields, which includes  the class of simple functions such as polynomials, which is part of the PI's proposal,is useful from the geometric perspective.  Engaging graduate students on topics related to algebraic groups and homogeneous spaces, an area ripe with questions accessible to students, via seminars and workshops, will be part of the activities of the PI during this project execution.&lt;br/&gt;&lt;br/&gt;The study of quadratic forms and their zeros over function fields over number fields and p-adic fields is an example of the objects studied during this proposal period. The PI plans to investigate questions related to the study of homogeneous spaces with special reference to quadratic forms and Brauer groups. The PI shall study the period-index questions for the Brauer group of function fields of curves over number fields with a view to bounding the u-invariant of such fields. It is an open question whether quadratic forms in sufficiently many variables over function fields of curves over totally imaginary number fields have a nontrivial zero with conditional results dependent on the Hasse principle for twisted moduli spaces over curves over number fields; the PI will investigate the obstruction to the Hasse principle for such spaces. Higher reciprocity obstructions using the Bloch-Ogus theory will be used to study the existence of rational points on homogeneous spaces over function fields. The PI also proposes to study G-trace forms, via construction of invariants, towards answering realisability questions.</AbstractNarration>
<MinAmdLetterDate>05/16/2014</MinAmdLetterDate>
<MaxAmdLetterDate>05/05/2016</MaxAmdLetterDate>
<ARRAAmount/>
<AwardID>1401319</AwardID>
<Investigator>
<FirstName>Parimala</FirstName>
<LastName>Raman</LastName>
<EmailAddress>parimala@mathcs.emory.edu</EmailAddress>
<StartDate>05/16/2014</StartDate>
<EndDate/>
<RoleCode>Principal Investigator</RoleCode>
</Investigator>
<Institution>
<Name>Emory University</Name>
<CityName>Atlanta</CityName>
<ZipCode>303224250</ZipCode>
<PhoneNumber>4047272503</PhoneNumber>
<StreetAddress>1599 Clifton Rd NE, 4th Floor</StreetAddress>
<CountryName>United States</CountryName>
<StateName>Georgia</StateName>
<StateCode>GA</StateCode>
</Institution>
<ProgramElement>
<Code>1264</Code>
<Text>ALGEBRA,NUMBER THEORY,AND COM</Text>
</ProgramElement>
</Award>
</rootTag>
