<?xml version="1.0" encoding="UTF-8"?>
<rootTag>
<Award>
<AwardTitle>Spectral theory of ergodic Schrodinger operators and related models</AwardTitle>
<AwardEffectiveDate>07/01/2014</AwardEffectiveDate>
<AwardExpirationDate>06/30/2019</AwardExpirationDate>
<AwardAmount>424593</AwardAmount>
<AwardInstrument>
<Value>Continuing grant</Value>
</AwardInstrument>
<Organization>
<Code>03040000</Code>
<Directorate>
<LongName>Direct For Mathematical &amp; Physical Scien</LongName>
</Directorate>
<Division>
<LongName>Division Of Mathematical Sciences</LongName>
</Division>
</Organization>
<ProgramOfficer>
<SignBlockName>Edward Taylor</SignBlockName>
</ProgramOfficer>
<AbstractNarration>The proposed research concerns the study of the fundamental properties of disordered systems.  Disordered systems are models of systems with impurities. The development of a rigorous theory of disordered systems is expected to contribute to the understanding of many types of physical phenomena, and in particular, may lead to finding new materials with desired physical properties.  Disordered systems are also used in modeling many other micro and macro effects from quantum localization- an important topic in quantum computation- to earthquakes.  An integral part of the project concerns educating graduate students and other young researchers. The PI will also continue her outreach efforts to entice K-12 students to the study of mathematics.&lt;br/&gt;&lt;br/&gt;&lt;br/&gt;The project consists of several parts. One is to prove the extended states for multidimensional quasiperiodic operators. Another is to study the effects of interaction in tight-binding quasi-periodic models. One more is to study local eigenvalue statistics in the regime of localization for discrete ergodic Schroedinger operators.  It is also planned to study several models related to Bloch electrons in constant magnetic fields, notably the Extended Harper Model. Other important objectives are the study of issues related to Cantor/non-Cantor spectra of quasiperiodic operators. The project involves the continuing development of non-perturbative methods for the proofs of localization type effects both in Schrodinger operators and in quantum spin systems, percolation and contact processes in disordered environments, as well as for the study of absolutely continuous spectrum.</AbstractNarration>
<MinAmdLetterDate>04/28/2014</MinAmdLetterDate>
<MaxAmdLetterDate>06/12/2017</MaxAmdLetterDate>
<ARRAAmount/>
<AwardID>1401204</AwardID>
<Investigator>
<FirstName>Svetlana</FirstName>
<LastName>Jitomirskaya</LastName>
<EmailAddress>szhitomi@math.uci.edu</EmailAddress>
<StartDate>04/28/2014</StartDate>
<EndDate/>
<RoleCode>Principal Investigator</RoleCode>
</Investigator>
<Institution>
<Name>University of California-Irvine</Name>
<CityName>Irvine</CityName>
<ZipCode>926173213</ZipCode>
<PhoneNumber>9498247295</PhoneNumber>
<StreetAddress>141 Innovation Drive, Ste 250</StreetAddress>
<CountryName>United States</CountryName>
<StateName>California</StateName>
<StateCode>CA</StateCode>
</Institution>
<ProgramElement>
<Code>1281</Code>
<Text>ANALYSIS PROGRAM</Text>
</ProgramElement>
</Award>
</rootTag>
