<?xml version="1.0" encoding="UTF-8"?>
<rootTag>
<Award>
<AwardTitle>Dissertation Research: The role of gene duplication and symbiont association in the evolution of sea anemone venom</AwardTitle>
<AwardEffectiveDate>06/01/2014</AwardEffectiveDate>
<AwardExpirationDate>05/31/2017</AwardExpirationDate>
<AwardAmount>19687</AwardAmount>
<AwardInstrument>
<Value>Standard Grant</Value>
</AwardInstrument>
<Organization>
<Code>08010206</Code>
<Directorate>
<LongName>Direct For Biological Sciences</LongName>
</Directorate>
<Division>
<LongName>Division Of Environmental Biology</LongName>
</Division>
</Organization>
<ProgramOfficer>
<SignBlockName>Simon Malcomber</SignBlockName>
</ProgramOfficer>
<AbstractNarration>The diversity of venoms within a group of organisms is largely the product of gene duplication and subsequent DNA sequence diversification. The specifics of this process remain obscure in most organisms.  The planned research uses sea anemones (Cnidaria: Anthozoa, Actiniaria) as a model to understand the genome-level processes like gene duplications in shaping venom repertoire.  The incidence of gene duplication and the processes by which duplicated genes diversify or become non-functional can be inferred through the analysis of the sequences that flank functional venom genes and the regions of the genome in which venoms are particularly common.&lt;br/&gt;&lt;br/&gt;Sea anemones are part of the oldest and largest group of extant venomous animals. Their venoms exhibit a variety of functions, including disrupting the control of ion channels, destabilizing cellular membranes, or inhibiting synthesis of lipids. The functional and structural diversity of venoms is underpinned by an even greater degree of diversity at the genetic level. This more detailed account of venom diversity thus has potential for studies of function and structure of venom, and may have applications of interest to pharmacological or medical research.  Additional benefits to the broader community include the training of graduate and undergraduate students, outreach to general and technical audiences through presentations, and published scientific studies of gene diversity and evolution.</AbstractNarration>
<MinAmdLetterDate>04/28/2014</MinAmdLetterDate>
<MaxAmdLetterDate>04/28/2014</MaxAmdLetterDate>
<ARRAAmount/>
<AwardID>1401014</AwardID>
<Investigator>
<FirstName>Jason</FirstName>
<LastName>Macrander</LastName>
<EmailAddress>jmacrand@uncc.edu</EmailAddress>
<StartDate>04/28/2014</StartDate>
<EndDate/>
<RoleCode>Co-Principal Investigator</RoleCode>
</Investigator>
<Investigator>
<FirstName>Marymegan</FirstName>
<LastName>Daly</LastName>
<EmailAddress>daly.66@osu.edu</EmailAddress>
<StartDate>04/28/2014</StartDate>
<EndDate/>
<RoleCode>Principal Investigator</RoleCode>
</Investigator>
<Institution>
<Name>Ohio State University</Name>
<CityName>Columbus</CityName>
<ZipCode>432101016</ZipCode>
<PhoneNumber>6146888735</PhoneNumber>
<StreetAddress>Office of Sponsored Programs</StreetAddress>
<CountryName>United States</CountryName>
<StateName>Ohio</StateName>
<StateCode>OH</StateCode>
</Institution>
<ProgramElement>
<Code>1171</Code>
<Text>PHYLOGENETIC SYSTEMATICS</Text>
</ProgramElement>
<ProgramReference>
<Code>9169</Code>
<Text>BIODIVERSITY AND ECOSYSTEM DYNAMICS</Text>
</ProgramReference>
<ProgramReference>
<Code>9179</Code>
<Text>GRADUATE INVOLVEMENT</Text>
</ProgramReference>
<ProgramReference>
<Code>EGCH</Code>
<Text>ENVIRONMENT AND GLOBAL CHANGE</Text>
</ProgramReference>
<ProgramReference>
<Code>SMET</Code>
<Text>SCIENCE, MATH, ENG &amp; TECH EDUCATION</Text>
</ProgramReference>
</Award>
</rootTag>
