<?xml version="1.0" encoding="UTF-8"?>
<rootTag>
<Award>
<AwardTitle>PostDoctoral Research Fellowship</AwardTitle>
<AwardEffectiveDate>09/01/2014</AwardEffectiveDate>
<AwardExpirationDate>08/31/2018</AwardExpirationDate>
<AwardAmount>150000</AwardAmount>
<AwardInstrument>
<Value>Fellowship</Value>
</AwardInstrument>
<Organization>
<Code>03040000</Code>
<Directorate>
<LongName>Direct For Mathematical &amp; Physical Scien</LongName>
</Directorate>
<Division>
<LongName>Division Of Mathematical Sciences</LongName>
</Division>
</Organization>
<ProgramOfficer>
<SignBlockName>Victor Roytburd</SignBlockName>
</ProgramOfficer>
<AbstractNarration>This award is made as part of the FY 2014 Mathematical Sciences Postdoctoral Research Fellowships Program. Each of the fellowships supports a research and training project at a host institution in the mathematical sciences, including applications to other disciplines, under the mentorship of a sponsoring scientist. The title of the project for this fellowship to Tyler L. Kelly is "Exotic Mirror Symmetry Constructions." The host institution for the fellowship is the University of Cambridge (U.K.), and the sponsoring scientist is Dr. Mark Gross.&lt;br/&gt; &lt;br/&gt;This award is being supported by funding from the Office of International and Integrative Activities, International Science and Engineering Section, International Postdoctoral Fellowship Fund.</AbstractNarration>
<MinAmdLetterDate>04/10/2014</MinAmdLetterDate>
<MaxAmdLetterDate>04/10/2014</MaxAmdLetterDate>
<ARRAAmount/>
<AwardID>1401446</AwardID>
<Investigator>
<FirstName>Tyler</FirstName>
<LastName>Kelly</LastName>
<EmailAddress/>
<StartDate>04/10/2014</StartDate>
<EndDate/>
<RoleCode>Principal Investigator</RoleCode>
</Investigator>
<Institution>
<Name>Kelly                   Tyler          L</Name>
<CityName>Philadelphia</CityName>
<ZipCode>191046395</ZipCode>
<PhoneNumber/>
<StreetAddress/>
<CountryName>United States</CountryName>
<StateName>Pennsylvania</StateName>
<StateCode>PA</StateCode>
</Institution>
<ProgramElement>
<Code>5956</Code>
<Text>IRFP</Text>
</ProgramElement>
<ProgramReference>
<Code>5946</Code>
<Text>UNITED KINGDOM</Text>
</ProgramReference>
<ProgramReference>
<Code>5956</Code>
<Text>IRFP</Text>
</ProgramReference>
<ProgramReference>
<Code>9219</Code>
<Text>POSTDOCTORAL FELLOWSHIPS IN MATH SCIENCE</Text>
</ProgramReference>
</Award>
</rootTag>
