<?xml version="1.0" encoding="UTF-8"?>
<rootTag>
<Award>
<AwardTitle>NSF NPGI Postdoctoral Fellowship in Biology FY 2014</AwardTitle>
<AwardEffectiveDate>06/01/2014</AwardEffectiveDate>
<AwardExpirationDate>05/31/2017</AwardExpirationDate>
<AwardAmount>216000</AwardAmount>
<AwardInstrument>
<Value>Fellowship</Value>
</AwardInstrument>
<Organization>
<Code>08090000</Code>
<Directorate>
<LongName>Direct For Biological Sciences</LongName>
</Directorate>
<Division>
<LongName>Division Of Integrative Organismal Systems</LongName>
</Division>
</Organization>
<ProgramOfficer>
<SignBlockName>Diane Jofuku Okamuro</SignBlockName>
</ProgramOfficer>
<AbstractNarration>This action funds an NSF National Plant Genome Initiative Postdoctoral Research Fellowship in Biology for FY 2014. The fellowship supports a research and training plan in a host laboratory for the Fellow who also presents a plan to broaden participation in biology. The title of the research and training plan for this fellowship to Michael A. Grillo is "Natural Variation for Specificity Mediated by Signaling Interactions in the Legume-rhizobium Mutualism: A Population Genomic Approach in Medicago truncatula". The host institution for the fellowship is the University of Illinois at Urbana-Champaign and the sponsoring scientist is Dr. Katy Heath.&lt;br/&gt;&lt;br/&gt;Training objectives include genomics, plant-microbe interactions, quantitative and evolutionary genetics, association mapping, and population genomics. Broader impacts include promoting Medicago and legumes as a teaching tool in high school biology classes in the Chicago area that serve underrepresented groups in the sciences.&lt;br/&gt;&lt;br/&gt;The mutualism between legumes (Fabaceae) and rhizobia (nitrogen-fixing bacteria) is one of the most economically and ecologically important interactions on the planet. A striking feature of this mutualism is the high level of variation for partner specificity, yet the mechanisms that control and maintain such specificity remain poorly understood.  This research aims to elucidate the genetic basis of specificity between the model legume, Medicago truncatula, and its primary symbiont, Sinorhizobium meliloti, through an integrative population genomic approach that addresses the following questions: 1) Which signaling genes demonstrate a genomic signature of selection that suggests a role in partner choice, 2) What are the effects of natural allelic variation at signaling genes on partner choice, and 3) What genes control incompatible interactions between Medicago and Sinorhizobium? This line of research will provide a comprehensive examination of natural variation underlying symbiotic signaling in Medicago interactions with its mutualist rhizobia.</AbstractNarration>
<MinAmdLetterDate>06/02/2014</MinAmdLetterDate>
<MaxAmdLetterDate>06/02/2014</MaxAmdLetterDate>
<ARRAAmount/>
<AwardID>1401864</AwardID>
<Investigator>
<FirstName>Michael</FirstName>
<LastName>Grillo</LastName>
<EmailAddress/>
<StartDate>06/02/2014</StartDate>
<EndDate/>
<RoleCode>Principal Investigator</RoleCode>
</Investigator>
<Institution>
<Name>Grillo                  Michael        A</Name>
<CityName>East Lansing</CityName>
<ZipCode>488231449</ZipCode>
<PhoneNumber/>
<StreetAddress/>
<CountryName>United States</CountryName>
<StateName>Michigan</StateName>
<StateCode>MI</StateCode>
</Institution>
<ProgramElement>
<Code>8105</Code>
<Text>NPGI PostDoc Rsrch Fellowship</Text>
</ProgramElement>
<ProgramReference>
<Code>1329</Code>
<Text>PLANT GENOME RESEARCH PROJECT</Text>
</ProgramReference>
<ProgramReference>
<Code>7137</Code>
<Text>POSTDOCTORAL FELLOWSHIPS</Text>
</ProgramReference>
<ProgramReference>
<Code>7174</Code>
<Text>POSTDOC FELLOW IN SCI, MATH EN</Text>
</ProgramReference>
<ProgramReference>
<Code>7577</Code>
<Text>PLANT GENOME RESEARCH RESOURCE</Text>
</ProgramReference>
<ProgramReference>
<Code>9109</Code>
<Text>AGRICULTURAL BIOTECHNOLOGY</Text>
</ProgramReference>
<ProgramReference>
<Code>9179</Code>
<Text>GRADUATE INVOLVEMENT</Text>
</ProgramReference>
</Award>
</rootTag>
