<?xml version="1.0" encoding="UTF-8"?>

<rootTag>
  <Award>
    <AwardTitle>PWA90: Emergent Frontiers of Condensed Matter will be held at Princeton University, Princeton, NJ, 14-15 December 2013</AwardTitle>
    <AwardEffectiveDate>12/01/2013</AwardEffectiveDate>
    <AwardExpirationDate>11/30/2014</AwardExpirationDate>
    <AwardAmount>22500</AwardAmount>
    <AwardInstrument>
      <Value>Standard Grant</Value>
    </AwardInstrument>
    <Organization>
      <Code>03010000</Code>
      <Directorate>
        <LongName>Direct For Mathematical &amp; Physical Scien</LongName>
      </Directorate>
      <Division>
        <LongName>Division Of Physics</LongName>
      </Division>
    </Organization>
    <ProgramOfficer>
      <SignBlockName>Krastan B. Blagoev</SignBlockName>
    </ProgramOfficer>
    <AbstractNarration>The two day workshop "PWA90: Emergent Frontiers of Condensed Matter" will be held at Princeton University, 14th-15th December 2013, to bring together world leaders in the area of emergence in condensed and biological matter and to mark the achievements of Professor Philip W. Anderson. The event will frame the grand challenges of emergence that face the community today, combining forward looking research talks and panel discussions with presentations of a historical perspective, examining the areas of physics in which Professor Anderson has made seminal contributions to modern science. Science makes often makes strides by using the perspective and pedagogy of past achievement to provide direction and inspiration for future challenge. This occasion provides an unparalleled opportunity to frame today's frontier challenges in physics, condensed matter and biological matter, providing what is possibly the last opportunity of our science community to commune with Anderson, the co-inventor of the term "Condensed Matter Physics" and one of the great contributors to our modern understanding and the philosophical underpinning of collective, emergent behavior in physics. This event will provide a unique opportunity to summarize the current status of understanding of emergent behavior. The material presented as part of this event will be published as a proceedings with World Scientific, providing a lasting record of a unique research event. The perspective provided by this meeting will help frame the big questions and research in this area for future researchers to push back the frontiers of emergent materials research.</AbstractNarration>
    <MinAmdLetterDate>12/12/2013</MinAmdLetterDate>
    <MaxAmdLetterDate>12/12/2013</MaxAmdLetterDate>
    <ARRAAmount/>
    <AwardID>1401789</AwardID>
    <Investigator>
      <FirstName>Piers</FirstName>
      <LastName>Coleman</LastName>
      <EmailAddress>coleman@physics.rutgers.edu</EmailAddress>
      <StartDate>12/12/2013</StartDate>
      <EndDate/>
      <RoleCode>Principal Investigator</RoleCode>
    </Investigator>
    <Institution>
      <Name>Rutgers University New Brunswick</Name>
      <CityName>Piscataway</CityName>
      <ZipCode>088543925</ZipCode>
      <PhoneNumber>8489320150</PhoneNumber>
      <StreetAddress>33 Knightsbridge Road</StreetAddress>
      <CountryName>United States</CountryName>
      <StateName>New Jersey</StateName>
      <StateCode>NJ</StateCode>
    </Institution>
    <ProgramElement>
      <Code>1765</Code>
      <Text>CONDENSED MATTER &amp; MAT THEORY</Text>
    </ProgramElement>
    <ProgramElement>
      <Code>7244</Code>
      <Text>COMPUTATIONAL PHYSICS</Text>
    </ProgramElement>
    <ProgramElement>
      <Code>7246</Code>
      <Text>PHYSICS OF LIVING SYSTEMS</Text>
    </ProgramElement>
    <ProgramReference>
      <Code>1253</Code>
      <Text>OFFICE OF MULTIDISCIPLINARY AC</Text>
    </ProgramReference>
    <ProgramReference>
      <Code>1765</Code>
      <Text>CONDENSED MATTER &amp; MAT THEORY</Text>
    </ProgramReference>
    <ProgramReference>
      <Code>7244</Code>
      <Text>COMPUTATIONAL PHYSICS</Text>
    </ProgramReference>
    <ProgramReference>
      <Code>7246</Code>
      <Text>PHYSICS OF LIVING SYSTEMS</Text>
    </ProgramReference>
    <ProgramReference>
      <Code>9183</Code>
      <Text>GENERAL FOUNDATIONS OF BIOTECHNOLOGY</Text>
    </ProgramReference>
  </Award>
</rootTag>
