<?xml version="1.0" encoding="UTF-8"?>
<rootTag>
<Award>
<AwardTitle>NSF Postdoctoral Fellowship in Biology FY 2014</AwardTitle>
<AwardEffectiveDate>01/01/2015</AwardEffectiveDate>
<AwardExpirationDate>12/31/2017</AwardExpirationDate>
<AwardAmount>207000</AwardAmount>
<AwardInstrument>
<Value>Fellowship</Value>
</AwardInstrument>
<Organization>
<Code>08080000</Code>
<Directorate>
<LongName>Direct For Biological Sciences</LongName>
</Directorate>
<Division>
<LongName>Div Of Biological Infrastructure</LongName>
</Division>
</Organization>
<ProgramOfficer>
<SignBlockName>Daniel Marenda</SignBlockName>
</ProgramOfficer>
<AbstractNarration>NSF Postdoctoral Fellowships in Biology combine research and training components to prepare young scientists for careers in biology and require a plan to broaden participation of groups under-represented in science and engineering.  The fellowships advance NSF efforts to diversify the STEM workforce now and in the future.  This fellowship to Tim Mitchell supports research on the influence of the social environment on strategies for survival and reproduction in lizards.  Training goals include techniques from ecology, evolution and genetics.  The host institution is the University of Alabama at Birmingham, and the sponsoring scientist is Daniel Warner.  The plans to broaden participation of groups under-represented in science are twofold:  to develop a hands-on evolutionary ecology unit at a Birmingham City public high school that exposes students to scientific research and to communicate cutting-edge science and stories from a diverse range of high-quality scientists to 6-12 grade audiences through the creation of a website and collaboration with Youngzine, an online youth magazine. &lt;br/&gt;&lt;br/&gt;The primary research objective is experimentally to evaluate the influence of population age structure on plasticity in life-history traits in wild island populations of brown anole lizards. Closely related focal hatchling lizards are being released onto replicate small islands with manipulated age structures.  These populations either lack an adult population entirely or have a typical density of adult lizards. Accurate measurements of key life-history traits, which are predicted to vary in response to age structure, are being obtained with mark-recapture on molecular methods. This research tests fundamental predictions of life history theory and explores the role of life-history plasticity in the adaptation of a free-ranging vertebrate.</AbstractNarration>
<MinAmdLetterDate>08/11/2014</MinAmdLetterDate>
<MaxAmdLetterDate>08/11/2014</MaxAmdLetterDate>
<ARRAAmount/>
<AwardID>1402202</AwardID>
<Investigator>
<FirstName>Timothy</FirstName>
<LastName>Mitchell</LastName>
<EmailAddress/>
<StartDate>08/11/2014</StartDate>
<EndDate/>
<RoleCode>Principal Investigator</RoleCode>
</Investigator>
<Institution>
<Name>Mitchell                Timothy        S</Name>
<CityName>Ames</CityName>
<ZipCode>500111119</ZipCode>
<PhoneNumber/>
<StreetAddress/>
<CountryName>United States</CountryName>
<StateName>Iowa</StateName>
<StateCode>IA</StateCode>
</Institution>
<ProgramElement>
<Code>1157</Code>
<Text>Broadening Participation of Gr</Text>
</ProgramElement>
<ProgramReference>
<Code>1036</Code>
<Text>BIO MINORITY POSTDOC RESEARCH FELLOW PGM</Text>
</ProgramReference>
<ProgramReference>
<Code>7137</Code>
<Text>POSTDOCTORAL FELLOWSHIPS</Text>
</ProgramReference>
<ProgramReference>
<Code>9150</Code>
<Text>EXP PROG TO STIM COMP RES</Text>
</ProgramReference>
</Award>
</rootTag>
