<?xml version="1.0" encoding="UTF-8"?>
<rootTag>
<Award>
<AwardTitle>NSF Postdoctoral Fellowship in Biology FY 2014</AwardTitle>
<AwardEffectiveDate>07/01/2014</AwardEffectiveDate>
<AwardExpirationDate>06/30/2016</AwardExpirationDate>
<AwardAmount>138000</AwardAmount>
<AwardInstrument>
<Value>Fellowship</Value>
</AwardInstrument>
<Organization>
<Code>08080000</Code>
<Directorate>
<LongName>Direct For Biological Sciences</LongName>
</Directorate>
<Division>
<LongName>Div Of Biological Infrastructure</LongName>
</Division>
</Organization>
<ProgramOfficer>
<SignBlockName>Daniel Marenda</SignBlockName>
</ProgramOfficer>
<AbstractNarration>NSF Postdoctoral Fellowships in Biology combine research and training components to prepare young scientists for careers in emerging areas where biology intersects with other scientific disciplines, in this case with statistics.  The Fellows are expected to lead the nation?s scientific workforce of the future. This fellowship to Joshua G. Schraiber investigates how genomes have evolved over time to explain the organisms we see today, using the extensive genome data available on yeast as a model system.  The host institution for this fellowship is the University of Washington, and the sponsoring scientists are Drs. Joshua Akey and Jonathan Wakefield. Educational outreach to students from Seattle Central Community College (SCCC) will help ensure they have the skills for a successful transfer to a 4-year university to prepare them for fulfilling careers. Involving them is done partly by guest lectures about computational biology and programming at SCCC.  All the software and data generated by this research are released free and in open source, so other scientists have access and can use them in their research.&lt;br/&gt;&lt;br/&gt;The research concerns the evolutionary importance of variation in gene expression, chromatin accessibility, and non-coding DNA in budding yeast and the possible mechanisms. Comparing genetic sequences within and between species provides a window into how organisms adapt to their environments over evolutionary time. These comparisons have suggested that adaptation is primarily driven by protein-coding genes, because such genes are often much more similar between species than are other parts of the genome. However, recent discoveries in molecular biology suggest an important role for non-coding regions of the genome in shaping organism form and function. To understand how non-coding DNA is important during evolution, yeast is used as a model system. Numerous genetic tools are available for yeast, which makes it excellent for testing hypotheses about the evolution of molecular biological features.  After developing theoretical models that make predictions about the kinds of patterns that should be seen in non-coding DNA if these molecular biological effects are important during evolution, genome and molecular biology data are generated from multiple individuals taken from three yeast species. Using these data, hypotheses about how evolution has shaped yeast at multiple levels can be tested.</AbstractNarration>
<MinAmdLetterDate>06/30/2014</MinAmdLetterDate>
<MaxAmdLetterDate>06/30/2014</MaxAmdLetterDate>
<ARRAAmount/>
<AwardID>1402120</AwardID>
<Investigator>
<FirstName>Joshua</FirstName>
<LastName>Schraiber</LastName>
<EmailAddress/>
<StartDate>06/30/2014</StartDate>
<EndDate/>
<RoleCode>Principal Investigator</RoleCode>
</Investigator>
<Institution>
<Name>Schraiber               Joshua         G</Name>
<CityName>Berkeley</CityName>
<ZipCode>947091243</ZipCode>
<PhoneNumber/>
<StreetAddress/>
<CountryName>United States</CountryName>
<StateName>California</StateName>
<StateCode>CA</StateCode>
</Institution>
<ProgramElement>
<Code>8054</Code>
<Text>Inters Biol and Math and Phys</Text>
</ProgramElement>
<ProgramReference>
<Code>7137</Code>
<Text>POSTDOCTORAL FELLOWSHIPS</Text>
</ProgramReference>
<ProgramReference>
<Code>7174</Code>
<Text>POSTDOC FELLOW IN SCI, MATH EN</Text>
</ProgramReference>
</Award>
</rootTag>
