<?xml version="1.0" encoding="UTF-8"?>
<rootTag>
<Award>
<AwardTitle>Representation Theory, Geometry, and Cohomology in Tensor Triangulated Categories</AwardTitle>
<AwardEffectiveDate>09/01/2014</AwardEffectiveDate>
<AwardExpirationDate>08/31/2018</AwardExpirationDate>
<AwardAmount>158301</AwardAmount>
<AwardInstrument>
<Value>Standard Grant</Value>
</AwardInstrument>
<Organization>
<Code>03040000</Code>
<Directorate>
<LongName>Direct For Mathematical &amp; Physical Scien</LongName>
</Directorate>
<Division>
<LongName>Division Of Mathematical Sciences</LongName>
</Division>
</Organization>
<ProgramOfficer>
<SignBlockName>Matthew  Douglass</SignBlockName>
</ProgramOfficer>
<AbstractNarration>Algebraic structures like groups, Lie algebras, and Lie superalgebras have internal symmetries that have been used in many different physical applications in biology, chemistry, and physics. Representation theory, a method to codify information about groups and algebras through matrix realizations, has played a fundamental role in mathematics over the past one hundred years. Modern trends in representation theory have involved using tools from topology (i.e., cohomology) and algebraic geometry to package the representations of an algebraic object via the tensor product structure to connect the representation theory to ambient geometric structures. This project will use these deep interactions between the representations, the geometry, and the cohomology as a powerful device to prove new results about these algebraic structures and to answer important questions pertaining to geometric and homological invariants (like the complexity and atypicality) for these representations. The PI will organize conferences in algebra with an emphasis toward the development of junior mathematicians, and he will disseminate working knowledge of modern methods in representation theory through lectures at seminars, workshops, and summer schools.&lt;br/&gt;&lt;br/&gt;This project explores central problems of interest in the representation theory of reductive algebraic groups, Lie algebras, and Lie superalgebras. This study includes discovering new conjectures about the characters of simple modules for reductive algebraic groups in positive characteristic, and classical Lie superalgebras in characteristic zero. The determination of formulas for extensions between irreducible representations for finite Chevalley groups and loop algebras will also be explored. In this investigation, the PI will make use of tensor triangulated geometry and other geometric constructions in triangulated categories to compute cohomological invariants (e.g. cohomology groups, module varieties) of representations for the aforementioned algebraic objects.</AbstractNarration>
<MinAmdLetterDate>09/03/2014</MinAmdLetterDate>
<MaxAmdLetterDate>09/03/2014</MaxAmdLetterDate>
<ARRAAmount/>
<AwardID>1402271</AwardID>
<Investigator>
<FirstName>Daniel</FirstName>
<LastName>Nakano</LastName>
<EmailAddress>nakano@math.uga.edu</EmailAddress>
<StartDate>09/03/2014</StartDate>
<EndDate/>
<RoleCode>Principal Investigator</RoleCode>
</Investigator>
<Institution>
<Name>University of Georgia Research Foundation Inc</Name>
<CityName>ATHENS</CityName>
<ZipCode>306021589</ZipCode>
<PhoneNumber>7065425939</PhoneNumber>
<StreetAddress>310 East Campus Rd</StreetAddress>
<CountryName>United States</CountryName>
<StateName>Georgia</StateName>
<StateCode>GA</StateCode>
</Institution>
<ProgramElement>
<Code>1264</Code>
<Text>ALGEBRA,NUMBER THEORY,AND COM</Text>
</ProgramElement>
</Award>
</rootTag>
