<?xml version="1.0" encoding="UTF-8"?>
<rootTag>
<Award>
<AwardTitle>NSF Postdoctoral Fellowship in Biology FY 2014</AwardTitle>
<AwardEffectiveDate>09/01/2014</AwardEffectiveDate>
<AwardExpirationDate>08/31/2016</AwardExpirationDate>
<AwardAmount>174112</AwardAmount>
<AwardInstrument>
<Value>Fellowship</Value>
</AwardInstrument>
<Organization>
<Code>08080000</Code>
<Directorate>
<LongName>Direct For Biological Sciences</LongName>
</Directorate>
<Division>
<LongName>Div Of Biological Infrastructure</LongName>
</Division>
</Organization>
<ProgramOfficer>
<SignBlockName>Daniel Marenda</SignBlockName>
</ProgramOfficer>
<AbstractNarration>This action funds an NSF Postdoctoral Research Fellowship in Biology for FY 2014, International. The fellowship supports a research and training plan in a host international laboratory for the Fellow.  The title of the research plan for this fellowship to Eric N. Rittmeyer is "Genomic Inference of Comparative Biogeography across Multiple Barriers in Reptiles and Amphibians of the Sahul Shelf." The host institution for this fellowship is the Australian National University, and the sponsoring scientist is Dr. Craig Moritz. &lt;br/&gt;&lt;br/&gt;Isolation across barriers to dispersal is a powerful driver of evolution. Often, the evolutionary history of multiple co-occurring species may be impacted by multiple shared barriers and shared historic events (such as sea level change). However, current analyses do not enable multiple barriers to be examined in multiple species simultaneously, nor do they allow for the analysis of large-scale, genomic datasets collected using new next-generation sequencing (NGS) technologies. This project develops novel analytical methods for comparative biogeography that enable researchers to examine shared evolutionary histories and test for simultaneous divergence among multiple taxa and across multiple barriers using NGS data. These methods are being tested using a genomic dataset collected using NGS of ultraconserved elements for 14 species of herpetofauna (reptiles and amphibians) co-distributed across the Sahul Shelf region of Australia and New Guinea. This project also investigates how incorporating multiple barriers into a single analysis impacts inferences, and how differential ecology, such as species living in different habitats or with different dispersal capabilities, impacts divergence across barriers to dispersal. These data provide extensive insight into the evolutionary impacts of the physical features of barriers, the ecological traits of taxa, and the dynamic interactions of multiple barriers.&lt;br/&gt;&lt;br/&gt;Training objectives involve developing the bioinformatic, programming, and genomic skills necessary for modern research in evolutionary biology. Broader impacts include the development of novel analyses made freely available as open-source software, the collection of museum specimens and genetic samples that are a valuable resource for future research on reptiles and amphibians, and fostering international collaboration among researchers from Australia, Papua New Guinea, and the United States. The Fellow is involved in outreach activities, including the distribution of educational materials to local villagers in Papua New Guinea. Combined, these efforts on a broad variety of fronts promise a lasting, positive effect on collaborative relationships, research in New Guinea, and public awareness of biodiversity and biological research.</AbstractNarration>
<MinAmdLetterDate>06/09/2014</MinAmdLetterDate>
<MaxAmdLetterDate>08/11/2014</MaxAmdLetterDate>
<ARRAAmount/>
<AwardID>1402285</AwardID>
<Investigator>
<FirstName>Eric</FirstName>
<LastName>Rittmeyer</LastName>
<EmailAddress/>
<StartDate>06/09/2014</StartDate>
<EndDate/>
<RoleCode>Principal Investigator</RoleCode>
</Investigator>
<Institution>
<Name>Rittmeyer               Eric           N</Name>
<CityName>Baton Rouge</CityName>
<ZipCode>708060000</ZipCode>
<PhoneNumber/>
<StreetAddress/>
<CountryName>United States</CountryName>
<StateName>Louisiana</StateName>
<StateCode>LA</StateCode>
</Institution>
<ProgramElement>
<Code>5956</Code>
<Text>IRFP</Text>
</ProgramElement>
<ProgramElement>
<Code>8210</Code>
<Text>Intl Bio Postdoc Res Fellowshp</Text>
</ProgramElement>
<ProgramReference>
<Code>5912</Code>
<Text>AUSTRALIA</Text>
</ProgramReference>
<ProgramReference>
<Code>5956</Code>
<Text>IRFP</Text>
</ProgramReference>
<ProgramReference>
<Code>7137</Code>
<Text>POSTDOCTORAL FELLOWSHIPS</Text>
</ProgramReference>
<ProgramReference>
<Code>7174</Code>
<Text>POSTDOC FELLOW IN SCI, MATH EN</Text>
</ProgramReference>
<ProgramReference>
<Code>9150</Code>
<Text>EXP PROG TO STIM COMP RES</Text>
</ProgramReference>
</Award>
</rootTag>
