<?xml version="1.0" encoding="UTF-8"?>
<rootTag>
<Award>
<AwardTitle>NSF Postdoctoral Fellowship in Biology FY 2014</AwardTitle>
<AwardEffectiveDate>08/15/2014</AwardEffectiveDate>
<AwardExpirationDate>07/31/2017</AwardExpirationDate>
<AwardAmount>207000</AwardAmount>
<AwardInstrument>
<Value>Fellowship</Value>
</AwardInstrument>
<Organization>
<Code>08080000</Code>
<Directorate>
<LongName>Direct For Biological Sciences</LongName>
</Directorate>
<Division>
<LongName>Div Of Biological Infrastructure</LongName>
</Division>
</Organization>
<ProgramOfficer>
<SignBlockName>Daniel Marenda</SignBlockName>
</ProgramOfficer>
<AbstractNarration>NSF Postdoctoral Fellowships in Biology combine research and training components to prepare young scientists for careers in biology and require a plan to broaden participation of groups under-represented in science and engineering.  The fellowships advance NSF efforts to diversify the STEM workforce now and in the future.  This fellowship to C. Marisa Tellez supports research and training in predicting the health status of aquatic ecosystems by studying crocodilian top predators and their parasites.  The host institution is the University of California, Santa Barbara under the sponsorship of Dr. Armand Kuris.  The lack of data on community diversity of crocodilian habitats hinders the ability of conservation managers to properly assess how anthropogenic disturbances affect wildlife.  Training objectives include techniques in community ecology, biochemistry, and parasitology in order to assay biological indicators.&lt;br/&gt;&lt;br/&gt;The research examines the significance of parasites as biodiversity and health indicators of crocodilian habitats. First, the study determines if parasite species richness correlates with biodiversity. Second, heavy metal analyses of hosts and parasites, representing three different trophic levels, are being used to evaluate human impact. Analyzing pollutant levels in both hosts and parasites is a novel approach to assess anthropogenic impact. This may provide a more advantageous indicator of ecosystem functioning, and of environmental quality, than is presently available. Overall, the proposed analyses  foster novel theories and ideals about the function of community interactions, energy flow and food web relationships in tropical systems.</AbstractNarration>
<MinAmdLetterDate>08/11/2014</MinAmdLetterDate>
<MaxAmdLetterDate>08/11/2014</MaxAmdLetterDate>
<ARRAAmount/>
<AwardID>1402172</AwardID>
<Investigator>
<FirstName>Christina</FirstName>
<LastName>Tellez</LastName>
<EmailAddress/>
<StartDate>08/11/2014</StartDate>
<EndDate/>
<RoleCode>Principal Investigator</RoleCode>
</Investigator>
<Institution>
<Name>Tellez                  Christina      M</Name>
<CityName>Alhambra</CityName>
<ZipCode>918012856</ZipCode>
<PhoneNumber/>
<StreetAddress/>
<CountryName>United States</CountryName>
<StateName>California</StateName>
<StateCode>CA</StateCode>
</Institution>
<ProgramElement>
<Code>1157</Code>
<Text>Broadening Participation of Gr</Text>
</ProgramElement>
<ProgramReference>
<Code>1036</Code>
<Text>BIO MINORITY POSTDOC RESEARCH FELLOW PGM</Text>
</ProgramReference>
<ProgramReference>
<Code>7137</Code>
<Text>POSTDOCTORAL FELLOWSHIPS</Text>
</ProgramReference>
</Award>
</rootTag>
