<?xml version="1.0" encoding="UTF-8"?>
<rootTag>
<Award>
<AwardTitle>DISSERTATION RESEARCH: Understanding a landmark social insect radiation: comparative analysis, phylogenomics, and morphology of dorylomorph ants</AwardTitle>
<AwardEffectiveDate>06/01/2014</AwardEffectiveDate>
<AwardExpirationDate>05/31/2016</AwardExpirationDate>
<AwardAmount>19932</AwardAmount>
<AwardInstrument>
<Value>Standard Grant</Value>
</AwardInstrument>
<Organization>
<Code>08010206</Code>
<Directorate>
<LongName>Direct For Biological Sciences</LongName>
</Directorate>
<Division>
<LongName>Division Of Environmental Biology</LongName>
</Division>
</Organization>
<ProgramOfficer>
<SignBlockName>Simon Malcomber</SignBlockName>
</ProgramOfficer>
<AbstractNarration>Army ants, some of the most striking organisms, are found in warm temperate and tropical regions of the world. They are the most important invertebrate predators of the tropics, making them key species in rainforest ecosystems. This research will reconstruct the evolutionary history of army ants and their close relatives. The family tree of these ants, their geographic origins and the timeline of the evolution of traits that account for their ecological dominance will be investigated. An evolutionary tree will be constructed from the ants DNA using latest advances in molecular biology and bioinformatics. This tree will then serve as a framework for testing hypotheses on the evolution of army ant characteristics. This study will also provide a new framework for identification of army ants and closely related species.&lt;br/&gt;&lt;br/&gt;&lt;br/&gt;This project will not only bring insights into the history of an ecologically important group of insects but also help to understand how the latest advances in molecular biology, statistics and computer science can improve our knowledge of evolutionary processes. New resources allowing easier and more accurate identification of these ants will aid other biologists and conservation specialists in decision making and planning further research on the group. A class on techniques in computational biology will be taught, promoting skills in efficient analysis of the ever-increasing volume of biological data.</AbstractNarration>
<MinAmdLetterDate>04/28/2014</MinAmdLetterDate>
<MaxAmdLetterDate>04/28/2014</MaxAmdLetterDate>
<ARRAAmount/>
<AwardID>1402432</AwardID>
<Investigator>
<FirstName>Marek</FirstName>
<LastName>Borowiec</LastName>
<EmailAddress>petiolus@gmail.com</EmailAddress>
<StartDate>04/28/2014</StartDate>
<EndDate/>
<RoleCode>Co-Principal Investigator</RoleCode>
</Investigator>
<Investigator>
<FirstName>Philip</FirstName>
<LastName>Ward</LastName>
<EmailAddress>psward@ucdavis.edu</EmailAddress>
<StartDate>04/28/2014</StartDate>
<EndDate/>
<RoleCode>Principal Investigator</RoleCode>
</Investigator>
<Institution>
<Name>University of California-Davis</Name>
<CityName>Davis</CityName>
<ZipCode>956186134</ZipCode>
<PhoneNumber>5307547700</PhoneNumber>
<StreetAddress>OR/Sponsored Programs</StreetAddress>
<CountryName>United States</CountryName>
<StateName>California</StateName>
<StateCode>CA</StateCode>
</Institution>
<ProgramElement>
<Code>1171</Code>
<Text>PHYLOGENETIC SYSTEMATICS</Text>
</ProgramElement>
<ProgramReference>
<Code>9169</Code>
<Text>BIODIVERSITY AND ECOSYSTEM DYNAMICS</Text>
</ProgramReference>
<ProgramReference>
<Code>9179</Code>
<Text>GRADUATE INVOLVEMENT</Text>
</ProgramReference>
<ProgramReference>
<Code>EGCH</Code>
<Text>ENVIRONMENT AND GLOBAL CHANGE</Text>
</ProgramReference>
<ProgramReference>
<Code>SMET</Code>
<Text>SCIENCE, MATH, ENG &amp; TECH EDUCATION</Text>
</ProgramReference>
</Award>
</rootTag>
