<?xml version="1.0" encoding="UTF-8"?>
<rootTag>
<Award>
<AwardTitle>PACIFIC 2014 Symposium:Particle Astrophysics and Cosmology including Fundamental InteraCtions-University of California Gump Station Moorea French Polynesia on 9/15-20/2014.</AwardTitle>
<AwardEffectiveDate>08/01/2014</AwardEffectiveDate>
<AwardExpirationDate>07/31/2015</AwardExpirationDate>
<AwardAmount>5000</AwardAmount>
<AwardInstrument>
<Value>Standard Grant</Value>
</AwardInstrument>
<Organization>
<Code>03010000</Code>
<Directorate>
<LongName>Direct For Mathematical &amp; Physical Scien</LongName>
</Directorate>
<Division>
<LongName>Division Of Physics</LongName>
</Division>
</Organization>
<ProgramOfficer>
<SignBlockName>Jean Cottam Allen</SignBlockName>
</ProgramOfficer>
<AbstractNarration>This award will provide participant support for early career scientists and graduate students to participate in the PACIFIC 2014 Symposium. This symposium will focus on the latest developments at the interface of particle physics, astrophysics, and cosmology and on their ramifications for understanding fundamental interactions.&lt;br/&gt;&lt;br/&gt;It will be held September 15-20, 2014 at the University of California Richard B. Gump South Pacific Research Station, located on the island of Moorea in French Polynesia. &lt;br/&gt;&lt;br/&gt;For Broader Impacts, it has a particular focus on early career scientists and graduate students. To make the symposium more accessible to the general public, the organizers have integrated a public lecture by one of the symposium speakers into the schedule.</AbstractNarration>
<MinAmdLetterDate>02/25/2014</MinAmdLetterDate>
<MaxAmdLetterDate>02/25/2014</MaxAmdLetterDate>
<ARRAAmount/>
<AwardID>1402090</AwardID>
<Investigator>
<FirstName>Alexander</FirstName>
<LastName>Kusenko</LastName>
<EmailAddress>kusenko@physics.ucla.edu</EmailAddress>
<StartDate>02/25/2014</StartDate>
<EndDate/>
<RoleCode>Principal Investigator</RoleCode>
</Investigator>
<Institution>
<Name>University of California-Los Angeles</Name>
<CityName>LOS ANGELES</CityName>
<ZipCode>900951406</ZipCode>
<PhoneNumber>3107940102</PhoneNumber>
<StreetAddress>10889 Wilshire Boulevard</StreetAddress>
<CountryName>United States</CountryName>
<StateName>California</StateName>
<StateCode>CA</StateCode>
</Institution>
<ProgramElement>
<Code>1643</Code>
<Text>Particle Astrophysics/Cosmic P</Text>
</ProgramElement>
<ProgramReference>
<Code>7483</Code>
<Text>PHYSICS OF THE UNIVERSE</Text>
</ProgramReference>
</Award>
</rootTag>
