<?xml version="1.0" encoding="UTF-8"?>
<rootTag>
<Award>
<AwardTitle>Luminescence as a Structural Probe of Ultra-Small Rare Earth Oxide Nanoparticles</AwardTitle>
<AwardEffectiveDate>08/16/2013</AwardEffectiveDate>
<AwardExpirationDate>07/31/2016</AwardExpirationDate>
<AwardAmount>442119</AwardAmount>
<AwardInstrument>
<Value>Continuing grant</Value>
</AwardInstrument>
<Organization>
<Code>03090000</Code>
<Directorate>
<LongName>Direct For Mathematical &amp; Physical Scien</LongName>
</Directorate>
<Division>
<LongName>Division Of Chemistry</LongName>
</Division>
</Organization>
<ProgramOfficer>
<SignBlockName>George Janini</SignBlockName>
</ProgramOfficer>
<AbstractNarration>James Dickerson at Vanderbilt University is supported by the Macromolecular, Supramolecular and Nanochemistry Program for research focusing on the concurrent experimental and theoretical analysis of ultra-small rare earth-based nanoparticles of potentially high luminescence efficiency.  This investigation will explore the synthesis, characterization, and theoretical modeling of these nanoparticles to assess the correlation among nanoparticle size, environmental conditions (symmetry, crystalline structure, surfactant properties, defects, etc.), and luminescence characteristics.  By studying theoretically and experimentally the luminescence properties of these nanophosphors, such as doped gadolinium sesquioxide, it is possible to better understand how surfactant molecules, crystal distortions, and other nanoscale structural and electronic effects influence various spectroscopic processes originating from rare earth ions.  The compounds chosen for these investigations [monodisperse, sub-3.0 nm europium (Eu2O3), terbium (Tb2O3), and doped gadolinium (Gd2O3:RE3+; RE = Eu, Tb) sesquioxide nanoparticles] have been selected due to their well-known, bulk phase luminescence characteristics, their simple crystallinity (bcc), and he unique expertise of this research group in the synthesis, the theoretical assessment, and the interpretation of their properties.  The investigation of these nanocrystalline properties can be exploited in phosphorescent device applications ranging from robust video displays to bio-imaging reagents and infrared telecommunications materials.&lt;br/&gt;&lt;br/&gt;This award focuses on the concurrent experimental and theoretical analysis of the high-efficiency light emission characteristics of extremely small, nanoscale materials comprised of rare earth elements.  This investigation will explore the production, analysis, and theoretical study of the properties of these nanoparticles to assess the relationship among their size, their intrinsic features, like symmetry and morphology, and their light emission characteristics.  By studying theoretically and experimentally these materials, a better understand will be obtained of how to optimize their properties for use in phosphorescent device applications ranging from robust, ultra-high definition video displays to next-generation, high-acuity medical imaging reagents, and high-speed telecommunications materials.  Diverse, underrepresented graduate and undergraduate students will participate in this project thanks to existing programs at Vanderbilt University, such as the Fisk-Vanderbilt Masters-to-PhD Bridge Program.</AbstractNarration>
<MinAmdLetterDate>11/25/2013</MinAmdLetterDate>
<MaxAmdLetterDate>11/25/2013</MaxAmdLetterDate>
<ARRAAmount/>
<AwardID>1402298</AwardID>
<Investigator>
<FirstName>James</FirstName>
<LastName>Dickerson</LastName>
<EmailAddress>nolongerinresearch@brown.edu</EmailAddress>
<StartDate>11/25/2013</StartDate>
<EndDate/>
<RoleCode>Principal Investigator</RoleCode>
</Investigator>
<Institution>
<Name>Brown University</Name>
<CityName>Providence</CityName>
<ZipCode>029129002</ZipCode>
<PhoneNumber>4018632777</PhoneNumber>
<StreetAddress>BOX 1929</StreetAddress>
<CountryName>United States</CountryName>
<StateName>Rhode Island</StateName>
<StateCode>RI</StateCode>
</Institution>
<ProgramElement>
<Code>6885</Code>
<Text>Macromolec/Supramolec/Nano</Text>
</ProgramElement>
<ProgramReference>
<Code>100E</Code>
<Text>Novel devices &amp; vacuum electronics</Text>
</ProgramReference>
<ProgramReference>
<Code>5560</Code>
<Text>ENERGY CONVERSION</Text>
</ProgramReference>
<ProgramReference>
<Code>7234</Code>
<Text>SENSORS NON-SOLICITATION RESEA</Text>
</ProgramReference>
<ProgramReference>
<Code>7237</Code>
<Text>NANO NON-SOLIC SCI &amp; ENG AWD</Text>
</ProgramReference>
<ProgramReference>
<Code>9150</Code>
<Text>EXP PROG TO STIM COMP RES</Text>
</ProgramReference>
<ProgramReference>
<Code>9161</Code>
<Text>SINGLE DIVISION/UNIVERSITY</Text>
</ProgramReference>
<ProgramReference>
<Code>9263</Code>
<Text>COMPUTATIONAL SCIENCE &amp; ENGING</Text>
</ProgramReference>
<ProgramReference>
<Code>AMPP</Code>
<Text>ADVANCED MATERIALS &amp; PROCESSING PROGRAM</Text>
</ProgramReference>
</Award>
</rootTag>
