<?xml version="1.0" encoding="UTF-8"?>
<rootTag>
<Award>
<AwardTitle>GOALI: Collaborative Research: Aerosol Droplets Migration in Fibrous Media</AwardTitle>
<AwardEffectiveDate>09/01/2014</AwardEffectiveDate>
<AwardExpirationDate>08/31/2017</AwardExpirationDate>
<AwardAmount>203157</AwardAmount>
<AwardInstrument>
<Value>Standard Grant</Value>
</AwardInstrument>
<Organization>
<Code>07020000</Code>
<Directorate>
<LongName>Directorate For Engineering</LongName>
</Directorate>
<Division>
<LongName>Div Of Chem, Bioeng, Env, &amp; Transp Sys</LongName>
</Division>
</Organization>
<ProgramOfficer>
<SignBlockName>Angela Lueking</SignBlockName>
</ProgramOfficer>
<AbstractNarration>Vahedi Tafreshi, Hooman / Chase, George &lt;br/&gt;1402655 / 1402336 &lt;br/&gt;Virginia Commonwealth University / University of Akron &lt;br/&gt;&lt;br/&gt;Efficient removal of finely dispersed droplets from gases or immiscible fluids is crucially important in a vast variety of applications such as diesel fuel purification to prevent corrosion and engine damage, pollution control for environmental protection and our health and safety, efficient water management in fuel cells, and even fog collection for water harvesting, among many others. Understanding the dynamics, coalescence, and migration of liquid droplets is the fundamental knowledge required for the proper design of liquid-liquid and liquid-gas separation fibrous media. As the physics of droplets coalescing on fibers of different wettability is highly complicated, the existing droplet separation media are generally manufactured through a series of inefficient and expensive trial-and-error processes. This proposal is a combined experimental-computational study to develop a generalized theory to describe the coalescence and movement of droplets on a fiber and between fibers, and thereby provide a more accurate method of designing liquid-liquid and liquid-gas separation media. The proposed research is a coupled multiscale-simulation-multiscale-experiment approach that 1) circumvents the need for excessive computational power, and 2) allows studying the physics of the problem at a fundamental level while producing an applied theory. &lt;br/&gt;&lt;br/&gt;Successful completion of this research will lead to the creation of enabling knowledge to design coalescing fibrous media based on engineering science, rather than trial-and-error. Educated design of droplet separation media can lead to significant savings in energy costs and the costs associated with pollution control. This work involves multiple students from K-12 through graduate. Students from underrepresented minorities will be recruited to participate in the proposed research program. Videos and images of droplet motions on fibers from experiments and models will be made available to the public for educational use. Educational materials will also be developed and incorporated into new graduate/undergraduate courses on multiphase transport in porous materials.</AbstractNarration>
<MinAmdLetterDate>08/21/2014</MinAmdLetterDate>
<MaxAmdLetterDate>05/26/2016</MaxAmdLetterDate>
<ARRAAmount/>
<AwardID>1402336</AwardID>
<Investigator>
<FirstName>George</FirstName>
<LastName>Chase</LastName>
<EmailAddress>gchase@uakron.edu</EmailAddress>
<StartDate>08/21/2014</StartDate>
<EndDate/>
<RoleCode>Principal Investigator</RoleCode>
</Investigator>
<Institution>
<Name>University of Akron</Name>
<CityName>Akron</CityName>
<ZipCode>443250001</ZipCode>
<PhoneNumber>3309727666</PhoneNumber>
<StreetAddress>302 Buchtel Common</StreetAddress>
<CountryName>United States</CountryName>
<StateName>Ohio</StateName>
<StateCode>OH</StateCode>
</Institution>
<ProgramElement>
<Code>1417</Code>
<Text>Process Separations</Text>
</ProgramElement>
<ProgramElement>
<Code>1504</Code>
<Text>GRANT OPP FOR ACAD LIA W/INDUS</Text>
</ProgramElement>
<ProgramReference>
<Code>045E</Code>
<Text>Adv Mats for Separation Process</Text>
</ProgramReference>
<ProgramReference>
<Code>136E</Code>
<Text>Chemical Separation Processes</Text>
</ProgramReference>
<ProgramReference>
<Code>1504</Code>
<Text>GRANT OPP FOR ACAD LIA W/INDUS</Text>
</ProgramReference>
<ProgramReference>
<Code>9251</Code>
<Text>RES EXPER FOR UNDERGRAD-SUPPLT</Text>
</ProgramReference>
</Award>
</rootTag>
