<?xml version="1.0" encoding="UTF-8"?>
<rootTag>
<Award>
<AwardTitle>DISSERTATION RESEARCH: A phylogenetic study of speciation in whirligig beetles</AwardTitle>
<AwardEffectiveDate>06/01/2014</AwardEffectiveDate>
<AwardExpirationDate>05/31/2015</AwardExpirationDate>
<AwardAmount>19606</AwardAmount>
<AwardInstrument>
<Value>Standard Grant</Value>
</AwardInstrument>
<Organization>
<Code>08010206</Code>
<Directorate>
<LongName>Direct For Biological Sciences</LongName>
</Directorate>
<Division>
<LongName>Division Of Environmental Biology</LongName>
</Division>
</Organization>
<ProgramOfficer>
<SignBlockName>Joseph Miller</SignBlockName>
</ProgramOfficer>
<AbstractNarration>Whirligig beetles are a family of aquatic beetles containing approximately 1,000 species. All whirligig beetles live in very similar ways, yet exhibit a great morphological diversity. What can explain the diversity of species in this family of beetles, who all behave and live in similar ways? This research attempts to establish if selection on reproductive traits has been a major factor in the evolution of this group leading to its diversity of species.  The investigation will look at numerous reproductively selected features in these beetles, then using a phylogenetic tree, compare related groups to see if branches of the tree with more species, also show a larger number of selected traits. One of the traits to be studied is sperm shape. Whirligig beetle sperm show a diversity of forms and the reconstructed evolution of sperm in this group will be compared to the rate of speciation.&lt;br/&gt; Selection on reproductive traits has long been promoted as a powerful force for creating new species. However, few studies supporting this idea have looked at large evolutionary scales. The study of sperm within this group can be used to test previously established hypotheses about sperm and female reproductive tract co-evolution, as well as make known the diversity of whirligig beetle sperm, including several types of conjugation and a variety of sizes.  This project will train graduate student in evolutionary biology and this student will mentor several undergraduate students in systematics and arthropod curation. Identified specimens will be accessioned at UNM and included in a publicly accessible database enhancing infrastructure for research and education.</AbstractNarration>
<MinAmdLetterDate>04/28/2014</MinAmdLetterDate>
<MaxAmdLetterDate>04/28/2014</MaxAmdLetterDate>
<ARRAAmount/>
<AwardID>1402466</AwardID>
<Investigator>
<FirstName>Kelly</FirstName>
<LastName>Miller</LastName>
<EmailAddress>kbmiller@unm.edu</EmailAddress>
<StartDate>04/28/2014</StartDate>
<EndDate/>
<RoleCode>Principal Investigator</RoleCode>
</Investigator>
<Investigator>
<FirstName>Grey</FirstName>
<LastName>Gustafson</LastName>
<EmailAddress>ggus518@unm.edu</EmailAddress>
<StartDate>04/28/2014</StartDate>
<EndDate/>
<RoleCode>Co-Principal Investigator</RoleCode>
</Investigator>
<Institution>
<Name>University of New Mexico</Name>
<CityName>Albuquerque</CityName>
<ZipCode>871310001</ZipCode>
<PhoneNumber>5052774186</PhoneNumber>
<StreetAddress>1700 Lomas Blvd. NE, Suite 2200</StreetAddress>
<CountryName>United States</CountryName>
<StateName>New Mexico</StateName>
<StateCode>NM</StateCode>
</Institution>
<ProgramElement>
<Code>1171</Code>
<Text>PHYLOGENETIC SYSTEMATICS</Text>
</ProgramElement>
<ProgramReference>
<Code>9150</Code>
<Text>EXP PROG TO STIM COMP RES</Text>
</ProgramReference>
<ProgramReference>
<Code>9169</Code>
<Text>BIODIVERSITY AND ECOSYSTEM DYNAMICS</Text>
</ProgramReference>
<ProgramReference>
<Code>9179</Code>
<Text>GRADUATE INVOLVEMENT</Text>
</ProgramReference>
<ProgramReference>
<Code>EGCH</Code>
<Text>ENVIRONMENT AND GLOBAL CHANGE</Text>
</ProgramReference>
<ProgramReference>
<Code>SMET</Code>
<Text>SCIENCE, MATH, ENG &amp; TECH EDUCATION</Text>
</ProgramReference>
</Award>
</rootTag>
