<?xml version="1.0" encoding="UTF-8"?>
<rootTag>
<Award>
<AwardTitle>NSF Postdoctoral Fellowship in Biology FY 2014</AwardTitle>
<AwardEffectiveDate>06/01/2014</AwardEffectiveDate>
<AwardExpirationDate>09/30/2017</AwardExpirationDate>
<AwardAmount>207000</AwardAmount>
<AwardInstrument>
<Value>Fellowship</Value>
</AwardInstrument>
<Organization>
<Code>08080000</Code>
<Directorate>
<LongName>Direct For Biological Sciences</LongName>
</Directorate>
<Division>
<LongName>Div Of Biological Infrastructure</LongName>
</Division>
</Organization>
<ProgramOfficer>
<SignBlockName>Daniel Marenda</SignBlockName>
</ProgramOfficer>
<AbstractNarration>NSF Postdoctoral Fellowships in Biology combine research and training components to prepare young scientists for careers in biology and require a plan to broaden participation of groups under-represented in science and engineering.  The fellowships advance NSF efforts to diversify the STEM workforce now and in the future. This fellowship to M. Joey Pakes supports a research and training plan in a host laboratory for the Fellow and a plan to broaden participation of groups under-represented in science.  The title of the research plan is "Extreme Cave Systems: Ciphers into the Evolution of Chemosynthetic Symbiosis." The host institution is Harvard University, and the sponsoring scientist is Dr. Colleen Cavanaugh. Training objectives include transcriptomics, genomics, and microscopy. The knowledge gained about fragile cave ecosystems that are highly sensitive to pollution and other human impacts may inform conservation management decisions. Educational outreach includes involving undergraduates in laboratory and computational techniques and developing inquiry based lessons focused on cave and field biology in primary schools. &lt;br/&gt;&lt;br/&gt;Underwater caves provide unique locations to study how animals and microbes in extreme environments evolved, thus providing insight into life's origins. A diversity of mutualisms between microbes and invertebrates form the basis of foodwebs in lightless habitats, for example, hydrothermal vents. Recently discovered intracellular symbioses with chemosynthetic microbes in the shrimp Typhlatya pearsei and similar extracellular symbioses of other cave crustaceans provide an opportunity to study crustacean symbioses and their evolution in extreme underwater ecosystems.  The research uses field collected specimens and environmental data, as well as metagenomics and metatranscriptomics to investigate symbiont identity and host-symbiont function.</AbstractNarration>
<MinAmdLetterDate>06/04/2014</MinAmdLetterDate>
<MaxAmdLetterDate>06/04/2014</MaxAmdLetterDate>
<ARRAAmount/>
<AwardID>1402447</AwardID>
<Investigator>
<FirstName>Joey</FirstName>
<LastName>Pakes Nelson</LastName>
<EmailAddress/>
<StartDate>06/04/2014</StartDate>
<EndDate/>
<RoleCode>Principal Investigator</RoleCode>
</Investigator>
<Institution>
<Name>Pakes                   Michal         J</Name>
<CityName>San Francisco</CityName>
<ZipCode>941104909</ZipCode>
<PhoneNumber/>
<StreetAddress/>
<CountryName>United States</CountryName>
<StateName>California</StateName>
<StateCode>CA</StateCode>
</Institution>
<ProgramElement>
<Code>1157</Code>
<Text>Broadening Participation of Gr</Text>
</ProgramElement>
<ProgramReference>
<Code>1036</Code>
<Text>BIO MINORITY POSTDOC RESEARCH FELLOW PGM</Text>
</ProgramReference>
<ProgramReference>
<Code>7137</Code>
<Text>POSTDOCTORAL FELLOWSHIPS</Text>
</ProgramReference>
</Award>
</rootTag>
