<?xml version="1.0" encoding="UTF-8"?>
<rootTag>
<Award>
<AwardTitle>RUI: Exploiting biophysical techniques to understand and manipulate the mechanism and activity of electrode-bound cytochrome P450</AwardTitle>
<AwardEffectiveDate>09/01/2014</AwardEffectiveDate>
<AwardExpirationDate>08/31/2018</AwardExpirationDate>
<AwardAmount>150000</AwardAmount>
<AwardInstrument>
<Value>Standard Grant</Value>
</AwardInstrument>
<Organization>
<Code>03090000</Code>
<Directorate>
<LongName>Direct For Mathematical &amp; Physical Scien</LongName>
</Directorate>
<Division>
<LongName>Division Of Chemistry</LongName>
</Division>
</Organization>
<ProgramOfficer>
<SignBlockName>Max Funk</SignBlockName>
</ProgramOfficer>
<AbstractNarration>The Chemistry of Life Processes Program in the Chemistry Division of the National Science Foundation is awarding Dr. Andrew K. Udit of Occidental College funds to study the mechanism and activity of electrode-bound cytochrome P450.  The cytochromes P450 are ubiquitous enzymes that can catalyze diverse chemical reactions. Reproducing the P450 activity in vitro depends on having an efficient way to deliver electrons to the enzyme.  The proposed experiments will use biophysical techniques to study electron transfer and the reactivity of P450 immobilized on a variety of electrode surfaces. The results of this research will be useful to develop a fully competent, catalytic P450 electrode, which in turn has potential industrial applications.  The research will be conducted by undergraduate and high school students and the results of the research will be used to generate course materials for undergraduate laboratories.  &lt;br/&gt;While P450-electrode electronic coupling can be achieved often with rapid electron transfer, catalysis akin to the native system is not easily realized; this is especially true for bacterial variants, whose stability, substrate plasticity, and rapid rates make them ideal candidates for in vitro applications. Dr. Udit will use biophysical methods including isothermal calorimetry, bio-layer interferometry, and electrochemistry to study the mechanism and activity of the P450 enzyme on a variety of electrode surfaces (e.g., trapped in films on- or covalently-attached to- the electrode surface) and solvent environments. The long term aim of the research is to improve the activity of electrode-coupled P450, which is of considerable practical interest for applications in areas such as biosensing and biocatalysis.</AbstractNarration>
<MinAmdLetterDate>08/07/2014</MinAmdLetterDate>
<MaxAmdLetterDate>08/07/2014</MaxAmdLetterDate>
<ARRAAmount/>
<AwardID>1402029</AwardID>
<Investigator>
<FirstName>Andrew</FirstName>
<LastName>Udit</LastName>
<EmailAddress>udit@oxy.edu</EmailAddress>
<StartDate>08/07/2014</StartDate>
<EndDate/>
<RoleCode>Principal Investigator</RoleCode>
</Investigator>
<Institution>
<Name>Occidental College</Name>
<CityName>Los Angeles</CityName>
<ZipCode>900413314</ZipCode>
<PhoneNumber>3232591414</PhoneNumber>
<StreetAddress>1600 Campus Road</StreetAddress>
<CountryName>United States</CountryName>
<StateName>California</StateName>
<StateCode>CA</StateCode>
</Institution>
<ProgramElement>
<Code>6883</Code>
<Text>Chemistry of Life Processes</Text>
</ProgramElement>
<ProgramReference>
<Code>1982</Code>
<Text>BIOLOGICAL CHEMISTRY</Text>
</ProgramReference>
<ProgramReference>
<Code>1986</Code>
<Text>UNDERGRADUATE PROGRAMS IN CHEM</Text>
</ProgramReference>
<ProgramReference>
<Code>9178</Code>
<Text>UNDERGRADUATE EDUCATION</Text>
</ProgramReference>
<ProgramReference>
<Code>9183</Code>
<Text>GENERAL FOUNDATIONS OF BIOTECHNOLOGY</Text>
</ProgramReference>
<ProgramReference>
<Code>9229</Code>
<Text>RES IN UNDERGRAD INST-RESEARCH</Text>
</ProgramReference>
</Award>
</rootTag>
