<?xml version="1.0" encoding="UTF-8"?>
<rootTag>
<Award>
<AwardTitle>NSF Postdoctoral Fellowship in Biology FY 2014</AwardTitle>
<AwardEffectiveDate>09/01/2014</AwardEffectiveDate>
<AwardExpirationDate>08/31/2016</AwardExpirationDate>
<AwardAmount>138000</AwardAmount>
<AwardInstrument>
<Value>Fellowship</Value>
</AwardInstrument>
<Organization>
<Code>08080000</Code>
<Directorate>
<LongName>Direct For Biological Sciences</LongName>
</Directorate>
<Division>
<LongName>Div Of Biological Infrastructure</LongName>
</Division>
</Organization>
<ProgramOfficer>
<SignBlockName>Daniel Marenda</SignBlockName>
</ProgramOfficer>
<AbstractNarration>NSF Postdoctoral Fellowships in Biology combine research and training components to prepare young scientists for careers in emerging areas where biology intersects with other scientific disciplines, in this case with mathematics and physical sciences.  The Fellows are expected to lead the nation's scientific workforce of the future. This fellowship to Colin T. Kremer involves mathematical modeling of the evolutionary responses of marine organisms to changing global oceans. The host institutions for this fellowship are Yale and Princeton Universities, and the sponsoring scientists are Drs. David Vasseur and Jorge Sarmiento. &lt;br/&gt;&lt;br/&gt;Marine phytoplankton (tiny plant-like organisms)contribute roughly half of all annual primary productivity on earth and form the basis of marine food webs.  Rising ocean temperatures affect the growth of marine phytoplankton and thus are having effects on global nutrient cycles.  To survive changing environmental conditions, organisms must adapt or migrate.  This research investigates interactions between ecology and evolution, that is, competition and migration versus mutation and selection, that govern the distribution and abundance of phytoplankton communities. It uses existing numerical ocean circulation models describing physical, chemical, and even ecological processes in the ocean but adds the role of evolutionary processes.  The research synthesizes evolutionary theory, marine ecology, and physical oceanography to study the response of phytoplankton to environmental change using and modifying existing models and exposes the Fellow to interdisciplinary research and training, including career development activities.  &lt;br/&gt;&lt;br/&gt;Results are of interest and are being shared with both scientific and general audiences.  Knowledge gained from research on effects on nutrient cycling and food webs in changing ocean environments can inform policy making. Other outcomes include interactive educational materials and outreach efforts focusing on explaining how scientists use mathematical and computational tools to study the natural world.</AbstractNarration>
<MinAmdLetterDate>06/02/2014</MinAmdLetterDate>
<MaxAmdLetterDate>06/02/2014</MaxAmdLetterDate>
<ARRAAmount/>
<AwardID>1402074</AwardID>
<Investigator>
<FirstName>Colin</FirstName>
<LastName>Kremer</LastName>
<EmailAddress/>
<StartDate>06/02/2014</StartDate>
<EndDate/>
<RoleCode>Principal Investigator</RoleCode>
</Investigator>
<Institution>
<Name>Kremer                  Colin          T</Name>
<CityName>Hickory Corners</CityName>
<ZipCode>490609505</ZipCode>
<PhoneNumber/>
<StreetAddress/>
<CountryName>United States</CountryName>
<StateName>Michigan</StateName>
<StateCode>MI</StateCode>
</Institution>
<ProgramElement>
<Code>8054</Code>
<Text>Inters Biol and Math and Phys</Text>
</ProgramElement>
<ProgramReference>
<Code>7137</Code>
<Text>POSTDOCTORAL FELLOWSHIPS</Text>
</ProgramReference>
<ProgramReference>
<Code>7174</Code>
<Text>POSTDOC FELLOW IN SCI, MATH EN</Text>
</ProgramReference>
</Award>
</rootTag>
