<?xml version="1.0" encoding="UTF-8"?>
<rootTag>
<Award>
<AwardTitle>NSF Postdoctoral Fellowship in Biology FY 2014</AwardTitle>
<AwardEffectiveDate>05/15/2015</AwardEffectiveDate>
<AwardExpirationDate>04/30/2017</AwardExpirationDate>
<AwardAmount>138000</AwardAmount>
<AwardInstrument>
<Value>Fellowship</Value>
</AwardInstrument>
<Organization>
<Code>08080000</Code>
<Directorate>
<LongName>Direct For Biological Sciences</LongName>
</Directorate>
<Division>
<LongName>Div Of Biological Infrastructure</LongName>
</Division>
</Organization>
<ProgramOfficer>
<SignBlockName>Daniel Marenda</SignBlockName>
</ProgramOfficer>
<AbstractNarration>NSF Postdoctoral Fellowships in Biology combine research and training components to prepare young scientists for careers in emerging areas where biology intersects with other scientific disciplines, in this case with mathematics and physical sciences.  The Fellows are expected to be leaders of the nation's scientific workforce of the future.  This fellowship to Dr. Rodrigo Olarte supports a research and training plan to understand genetic elements, called cryptic alleles, in the fungus Aspergillus flavus which can contaminate foods by producing aflatoxins.  Research results are expected to be useful in formulating better control strategies that target the reduction or elimination of aflatoxin contamination in agriculturally important crops susceptible to A. flavus infection such as corn, cotton and peanut.  The host institution for this fellowship is the University of Minnesota and the sponsoring scientists are Drs. Georgiana May and Yaniv Brandvain.  The Fellow?s training goals include learning mathematical modeling techniques and applying ecological experimentation to determine the origin, composition and distribution of the cryptic alleles in a global context.  Educational outreach activities include training and mentoring undergraduates in programs, such as the Undergraduate Research Opportunities Program.&lt;br/&gt;&lt;br/&gt;Fungi produce a wealth of metabolic compounds but little is known of the evolutionary origin or ecological importance of these diverse compounds.  In this research, aflatoxin production by A. flavus is being used as a model system to investigate the ecological factors affecting the evolution of microbial toxins.  Cryptic alleles are suggested to have arisen early in the evolution of the species and since been maintained in A. flavus populations for long periods of time.  This research aims to understand the functional significance of these cryptic alleles as they pertain to the competiveness of isolates expressing quantitative and qualitative variation in mycotoxin production.  The overall goal of this project is to gain a better understanding of how ecological and evolutionary processes affect variation at the aflatoxin gene cluster and population-level variation in A. flavus.</AbstractNarration>
<MinAmdLetterDate>07/12/2014</MinAmdLetterDate>
<MaxAmdLetterDate>07/12/2014</MaxAmdLetterDate>
<ARRAAmount/>
<AwardID>1402140</AwardID>
<Investigator>
<FirstName>Rodrigo</FirstName>
<LastName>Olarte</LastName>
<EmailAddress/>
<StartDate>07/12/2014</StartDate>
<EndDate/>
<RoleCode>Principal Investigator</RoleCode>
</Investigator>
<Institution>
<Name>Olarte                  Rodrigo        A</Name>
<CityName>Cary</CityName>
<ZipCode>275113646</ZipCode>
<PhoneNumber/>
<StreetAddress/>
<CountryName>United States</CountryName>
<StateName>North Carolina</StateName>
<StateCode>NC</StateCode>
</Institution>
<ProgramElement>
<Code>8054</Code>
<Text>Inters Biol and Math and Phys</Text>
</ProgramElement>
<ProgramReference>
<Code>7137</Code>
<Text>POSTDOCTORAL FELLOWSHIPS</Text>
</ProgramReference>
<ProgramReference>
<Code>7174</Code>
<Text>POSTDOC FELLOW IN SCI, MATH EN</Text>
</ProgramReference>
</Award>
</rootTag>
