<?xml version="1.0" encoding="UTF-8"?>
<rootTag>
<Award>
<AwardTitle>I-Corps:  Green chemical route to the small scale production of hydrogen peroxide</AwardTitle>
<AwardEffectiveDate>01/01/2014</AwardEffectiveDate>
<AwardExpirationDate>08/31/2014</AwardExpirationDate>
<AwardAmount>50000</AwardAmount>
<AwardInstrument>
<Value>Standard Grant</Value>
</AwardInstrument>
<Organization>
<Code>07070000</Code>
<Directorate>
<LongName>Directorate For Engineering</LongName>
</Directorate>
<Division>
<LongName>Div Of Industrial Innovation &amp; Partnersh</LongName>
</Division>
</Organization>
<ProgramOfficer>
<SignBlockName>Rathindra DasGupta</SignBlockName>
</ProgramOfficer>
<AbstractNarration>This project seeks to develop plasma gas-liquid reactors to produce chemical disinfectants (e.g., hydrogen peroxide and hydroxyl radicals) through plasma formation. Previous support from NSF has provided knowledge of the basic chemical reactions and the mechanisms for the formation of reactive species including hydroxyl radicals and hydrogen peroxide in small laboratory scale reactors where non-thermal plasma contacts with liquid water. The research team has discovered that higher efficiencies can be obtained when plasma formed in the gas phase contacts a flowing liquid film or an aerosol of water droplets and used this to develop a reactor system.  The reactor system developed is quite simple, durable, and robust. While it is currently of relatively small laboratory scale, we expect that the scale up can be addressed so that the system can have a potential impact on the market for small processing plants and perhaps personal use where portability and low unit expense are needed.&lt;br/&gt;&lt;br/&gt;&lt;br/&gt;The development of new technologies for disinfection, water cleaning, and chemical oxidation can address many public health and environmental problems as well as improve industrial efficiency.&lt;br/&gt;Small scale efficient gas-liquid plasma reactors may find wide use in a variety of such applications.</AbstractNarration>
<MinAmdLetterDate>11/27/2013</MinAmdLetterDate>
<MaxAmdLetterDate>11/27/2013</MaxAmdLetterDate>
<ARRAAmount/>
<AwardID>1402248</AwardID>
<Investigator>
<FirstName>Robert</FirstName>
<LastName>Wandell</LastName>
<EmailAddress>rjw05c@my.fsu.edu</EmailAddress>
<StartDate>11/27/2013</StartDate>
<EndDate/>
<RoleCode>Co-Principal Investigator</RoleCode>
</Investigator>
<Investigator>
<FirstName> Bruce</FirstName>
<LastName>Locke</LastName>
<EmailAddress>locke@eng.fsu.edu</EmailAddress>
<StartDate>11/27/2013</StartDate>
<EndDate/>
<RoleCode>Principal Investigator</RoleCode>
</Investigator>
<Institution>
<Name>Florida State University</Name>
<CityName>TALLAHASSEE</CityName>
<ZipCode>323064166</ZipCode>
<PhoneNumber>8506445260</PhoneNumber>
<StreetAddress>874 Traditions Way, 3rd Floor</StreetAddress>
<CountryName>United States</CountryName>
<StateName>Florida</StateName>
<StateCode>FL</StateCode>
</Institution>
<ProgramElement>
<Code>8023</Code>
<Text>I-Corps</Text>
</ProgramElement>
</Award>
</rootTag>
