<?xml version="1.0" encoding="UTF-8"?>
<rootTag>
<Award>
<AwardTitle>SusChem: IUPAC: The development of multi-functional catalysts to replace Pt for fuel oxidation reactions in low temperature fuel cells</AwardTitle>
<AwardEffectiveDate>02/15/2014</AwardEffectiveDate>
<AwardExpirationDate>01/31/2017</AwardExpirationDate>
<AwardAmount>390000</AwardAmount>
<AwardInstrument>
<Value>Standard Grant</Value>
</AwardInstrument>
<Organization>
<Code>03090000</Code>
<Directorate>
<LongName>Direct For Mathematical &amp; Physical Scien</LongName>
</Directorate>
<Division>
<LongName>Division Of Chemistry</LongName>
</Division>
</Organization>
<ProgramOfficer>
<SignBlockName>Carol Bessel</SignBlockName>
</ProgramOfficer>
<AbstractNarration>In this project funded by the Chemical Catalysis Program of the Chemistry Division, Professor Rongrong Chen of Indianapolis University examines the development of multi-functional catalysts to replace platinum (Pt) in low temperature fuel oxidation reactions.  Among the various alternative systems for energy production, fuel cells are particularly attractive because they allow clean and efficient conversion of chemical energy into electricity.  Currently, the most active catalysts for the oxidation of fuels such as hydrogen, methanol and ethanol in fuel cells are Pt and Pt-based materials, which are too expensive for affordable clean energy production. This research project focuses on catalysts based on cheaper materials for fuel oxidation reactions in fuel cells.  By combining electrochemical measurements, in-situ spectroscopic characterization, density functional theory simulations and fuel cell testing, the collaborative team studies reaction mechanisms of hydrogen, methanol and ethanol oxidation reactions (HORs, MORs and EORs, respectively) on various catalysts in both acid and alkaline media. New multi-functional catalysts based on low cost materials (such as palladium, nickel and other more earth abundant elements) with comparable reactivities to platinum-based catalysts are designed and characterized.&lt;br/&gt;&lt;br/&gt;This project is performed in collaboration with Professor Hebe de las Mercedes in Brazil and Professor Shi-Gang Sun in China. Together, these groups combine their separate areas of expertise to examine less expensive and more sustainable fuel cell catalysts. Other broader impacts of this work include the training of postdoctoral fellows and graduate students and an international exchange of ideas and expertise.</AbstractNarration>
<MinAmdLetterDate>02/07/2014</MinAmdLetterDate>
<MaxAmdLetterDate>02/07/2014</MaxAmdLetterDate>
<ARRAAmount/>
<AwardID>1402422</AwardID>
<Investigator>
<FirstName>Rongrong</FirstName>
<LastName>Chen</LastName>
<EmailAddress>rochen@iupui.edu</EmailAddress>
<StartDate>02/07/2014</StartDate>
<EndDate/>
<RoleCode>Principal Investigator</RoleCode>
</Investigator>
<Institution>
<Name>Indiana University</Name>
<CityName>Bloomington</CityName>
<ZipCode>474013654</ZipCode>
<PhoneNumber>8128550516</PhoneNumber>
<StreetAddress>509 E 3RD ST</StreetAddress>
<CountryName>United States</CountryName>
<StateName>Indiana</StateName>
<StateCode>IN</StateCode>
</Institution>
<ProgramElement>
<Code>1991</Code>
<Text>CHEMISTRY PROJECTS</Text>
</ProgramElement>
<ProgramReference>
<Code>7298</Code>
<Text>COLLABORATIVE RESEARCH</Text>
</ProgramReference>
<ProgramReference>
<Code>8248</Code>
<Text>SusChEM</Text>
</ProgramReference>
<ProgramReference>
<Code>8396</Code>
<Text>Clean Energy Technology</Text>
</ProgramReference>
<ProgramReference>
<Code>8604</Code>
<Text>Fuel Cells</Text>
</ProgramReference>
<ProgramReference>
<Code>8650</Code>
<Text>Sustainable Chemistry</Text>
</ProgramReference>
</Award>
</rootTag>
