<?xml version="1.0" encoding="UTF-8"?>
<rootTag>
<Award>
<AwardTitle>Environmentally Responsive Supramolecular Constructs and Models for Chemical Communication</AwardTitle>
<AwardEffectiveDate>08/01/2014</AwardEffectiveDate>
<AwardExpirationDate>07/31/2018</AwardExpirationDate>
<AwardAmount>450000</AwardAmount>
<AwardInstrument>
<Value>Standard Grant</Value>
</AwardInstrument>
<Organization>
<Code>03090000</Code>
<Directorate>
<LongName>Direct For Mathematical &amp; Physical Scien</LongName>
</Directorate>
<Division>
<LongName>Division Of Chemistry</LongName>
</Division>
</Organization>
<ProgramOfficer>
<SignBlockName>George Janini</SignBlockName>
</ProgramOfficer>
<AbstractNarration>With this award from the Macromolecular, Supramolecular and Nanochemistry Program, Jonathan L. Sessler of The University of Texas is carrying out research aimed at creating new systems that can communicate chemically. Living systems are unique in their ability to communicate by purely chemical means and a wide array of new technologies could become possible if we were able to mimic this behavior. Chemical communication in living systems can occur over short distances, which is what happens when brain cells communicate by the release and capture of neurotransmitter molecules. Or, the communication can take place over large distances, such as when insects, or even some mammals, communicate by releasing pheromones. Although these processes are well known in the world of biology, it has not yet been possible to reproduce this type of communication in an artificial system. In this work, the investigators are doing just that, using sophisticated laboratory methods they have developed to accomplish molecular design and construction in a controlled fashion. This work will likely impact the development of possible new information systems. New approaches to artificial intelligence and wireless communication may become possible as a result of this fundamental research. The work is having a further broad impact through the training of the next generation of scientists in cutting-edge laboratory techniques that will prepare the students involved in this research for work in a wide variety of technologically challenging areas.&lt;br/&gt;&lt;br/&gt;This project focuses on the use of electron rich and electron poor receptors whose features can be modulated via changes in pH, redox potential, and substrate binding. Particular emphasis is being placed on tetrathiafulvalene calixpyrrole receptors and various electron deficient substrates, including fullerene derivatives. Conformational switching, as engendered by anion binding to a calixpyrrole, for instance, is used to induce changes in equilibrium. These perturbations, in turn, serve to release small chemical species that can act as triggers for the modulation of other receptor systems, such as those built from oligopyrroles. A range of techniques, including standard spectroscopies, photochemistry, color-based reactions, and solid state crystallography is being used to characterize the systems involved in this project and the changes in their features due to induced perturbations in equilibrium behavior.</AbstractNarration>
<MinAmdLetterDate>07/31/2014</MinAmdLetterDate>
<MaxAmdLetterDate>06/02/2017</MaxAmdLetterDate>
<ARRAAmount/>
<AwardID>1402004</AwardID>
<Investigator>
<FirstName>Jonathan</FirstName>
<LastName>Sessler</LastName>
<EmailAddress>sessler@mail.utexas.edu</EmailAddress>
<StartDate>07/31/2014</StartDate>
<EndDate/>
<RoleCode>Principal Investigator</RoleCode>
</Investigator>
<Institution>
<Name>University of Texas at Austin</Name>
<CityName>Austin</CityName>
<ZipCode>787595316</ZipCode>
<PhoneNumber>5124716424</PhoneNumber>
<StreetAddress>3925 W Braker Lane, Ste 3.340</StreetAddress>
<CountryName>United States</CountryName>
<StateName>Texas</StateName>
<StateCode>TX</StateCode>
</Institution>
<ProgramElement>
<Code>6885</Code>
<Text>Macromolec/Supramolec/Nano</Text>
</ProgramElement>
<ProgramReference>
<Code>7234</Code>
<Text>SENSORS NON-SOLICITATION RESEA</Text>
</ProgramReference>
</Award>
</rootTag>
