<?xml version="1.0" encoding="UTF-8"?>
<rootTag>
<Award>
<AwardTitle>Algebraic Cycles and Motivic Cohomology in the Context of the Langlands Program</AwardTitle>
<AwardEffectiveDate>07/15/2016</AwardEffectiveDate>
<AwardExpirationDate>06/30/2019</AwardExpirationDate>
<AwardAmount>176600</AwardAmount>
<AwardInstrument>
<Value>Continuing grant</Value>
</AwardInstrument>
<Organization>
<Code>03040000</Code>
<Directorate>
<LongName>Direct For Mathematical &amp; Physical Scien</LongName>
</Directorate>
<Division>
<LongName>Division Of Mathematical Sciences</LongName>
</Division>
</Organization>
<ProgramOfficer>
<SignBlockName>Andrew D. Pollington</SignBlockName>
</ProgramOfficer>
<AbstractNarration>This research project lies at the interface of algebraic geometry and number theory. Algebraic geometry is the study of the geometry of shapes cut out by systems of polynomial equations, while in number theory one is often interested in finding explicit solutions to such systems in rational numbers or integers. The problem of finding such solutions is a foundational question in mathematics, having been studied for more than two thousand years, and is a central theme of this proposal. This project will investigate higher dimensional versions of this question in specific contexts arising from modular and automorphic functions. Modular and automorphic functions encode deep arithmetic information and are increasingly playing important roles in other fields, including theoretical physics. This project aims to broaden and deepen knowledge in this fundamental area of mathematics.&lt;br/&gt;&lt;br/&gt;More specifically, the award involves work on five distinct projects on algebraic cycles in the context of the Langlands program: (i) integral period relations for Hilbert modular forms and their analogs on quaternionic Shimura varieties; (ii) the Bloch-Beilinson conjecture for Rankin-Selberg L-functions and in particular constructing cycles corresponding to the vanishing of the central value; (iii) the construction of absolute Hodge classes corresponding to cases of Langlands functoriality; (iv) the study of the injectivity of the Abel-Jacobi map for zero cycles on surfaces over number fields; (v) the relation between motivic cohomology and the cohomology of automorphic forms. A theme in many of the projects is the construction of explicit algebraic cycles or more generally elements in motivic cohomology, whose existence is often predicted by deep general conjectures on algebraic cycles.</AbstractNarration>
<MinAmdLetterDate>07/18/2016</MinAmdLetterDate>
<MaxAmdLetterDate>06/28/2018</MaxAmdLetterDate>
<ARRAAmount/>
<AwardID>1600494</AwardID>
<Investigator>
<FirstName>Kartik</FirstName>
<LastName>Prasanna</LastName>
<EmailAddress>kartikp@umich.edu</EmailAddress>
<StartDate>07/18/2016</StartDate>
<EndDate/>
<RoleCode>Principal Investigator</RoleCode>
</Investigator>
<Institution>
<Name>University of Michigan Ann Arbor</Name>
<CityName>Ann Arbor</CityName>
<ZipCode>481091274</ZipCode>
<PhoneNumber>7347636438</PhoneNumber>
<StreetAddress>3003 South State St. Room 1062</StreetAddress>
<CountryName>United States</CountryName>
<StateName>Michigan</StateName>
<StateCode>MI</StateCode>
</Institution>
<ProgramElement>
<Code>1264</Code>
<Text>ALGEBRA,NUMBER THEORY,AND COM</Text>
</ProgramElement>
</Award>
</rootTag>
