<?xml version="1.0" encoding="UTF-8"?>
<rootTag>
<Award>
<AwardTitle>Additive Manufacturing:  Expanding Futures in Appalachia</AwardTitle>
<AwardEffectiveDate>08/01/2016</AwardEffectiveDate>
<AwardExpirationDate>07/31/2019</AwardExpirationDate>
<AwardAmount>199507</AwardAmount>
<AwardInstrument>
<Value>Standard Grant</Value>
</AwardInstrument>
<Organization>
<Code>11040100</Code>
<Directorate>
<LongName>Direct For Education and Human Resources</LongName>
</Directorate>
<Division>
<LongName>Division Of Undergraduate Education</LongName>
</Division>
</Organization>
<ProgramOfficer>
<SignBlockName>Elizabeth Teles</SignBlockName>
</ProgramOfficer>
<AbstractNarration>Rural colleges are challenged with ways to open doors to advanced technology, novel applications, and innovations for local industries. This project at Somerset Community College (SCC) is designed to stimulate both technological growth in additive manufacturing (AM), known popularly as 3D printing, and employability of technician graduates in high-wage positions in high-poverty rural regions of southeast central Kentucky. This project is geared toward more than just new technologies and skills; its purpose is to create a whole new mindset, a mindset of creative thought and empowerment. Rural entrepreneurs will be able to create and manufacture products in ways that previously would not have been possible. The project has a four pronged approach that simultaneously will engage SCC and Kentucky Community and Technical College System (KCTCS) students; SCC faculty and staff; and the community including business, industry, local K-12 school district students/teachers, and other stakeholders. The project will serve as a model for other community colleges in Kentucky and across the nation to offer an accredited AM certificate. It involves long-term outreach and sustainability with program dissemination throughout the sixteen colleges of the Kentucky Community and Technical College System (KCTCS) and the K-12 Kentucky Department of Education (KDE). These community engagement efforts facilitate expansion using the existing KCTCS online network. Engagement of K-12 faculty and students in existing partner programs with Project Lead the Way and KDE will foster AM student recruitment. Several activities are designed to engage and recruit veterans. Due to the adaptability of AM technology, this project will offer education and employment opportunities to physically limited veterans re-entering the workforce. Evaluation activities will focus on informing the project and all stakeholders about successful practices while providing guidance about improving activities for maximum impact. &lt;br/&gt;&lt;br/&gt;Initial activities will create a premier regional AM Innovation Laboratory and build awareness of AM with interactive demonstrations, hands-on workshops and presentations. A recently approved certificate program will provide pathways for students to employment. Students preparing to be technicians will connect with industry at college hosted workshops and conferences. Project personnel will attend AM and educator related conferences to facilitate awareness of AM and disseminate project results, as well as establish networking opportunities for future expansion. Students and regional industries will create new products, parts, and medical assisting devices in a few hours for comparatively small material costs. The project is based on work established by the NSF-funded National Resource Center for Material Technology Education and Research at Edmonds Community College, (0903112, 1400619) and current work of the college with 3D printing, scanning, and advanced modeling technologies. The project will provide an added focus on biomedical applications that support the advancement of technicians and existing industries in the rural Appalachian region served by the college. In addition, the project will make a targeted effort to recruit veterans. Medical practitioners and surgeons will have better tools and diagnostics with which to work. Veterans will have a new way to productively support themselves and their fellow soldiers.</AbstractNarration>
<MinAmdLetterDate>07/21/2016</MinAmdLetterDate>
<MaxAmdLetterDate>07/21/2016</MaxAmdLetterDate>
<ARRAAmount/>
<AwardID>1600081</AwardID>
<Investigator>
<FirstName>Elaine</FirstName>
<LastName>Kohrman</LastName>
<EmailAddress>elaine.kohrman@kctcs.edu</EmailAddress>
<StartDate>07/21/2016</StartDate>
<EndDate/>
<RoleCode>Co-Principal Investigator</RoleCode>
</Investigator>
<Investigator>
<FirstName>Eric</FirstName>
<LastName>Wooldridge</LastName>
<EmailAddress>eric.wooldridge@kctcs.edu</EmailAddress>
<StartDate>07/21/2016</StartDate>
<EndDate/>
<RoleCode>Principal Investigator</RoleCode>
</Investigator>
<Institution>
<Name>Kentucky Community &amp; Technical College System</Name>
<CityName>Versailles</CityName>
<ZipCode>403831245</ZipCode>
<PhoneNumber>8592563397</PhoneNumber>
<StreetAddress>300 N Main St</StreetAddress>
<CountryName>United States</CountryName>
<StateName>Kentucky</StateName>
<StateCode>KY</StateCode>
</Institution>
<ProgramElement>
<Code>7412</Code>
<Text>ADVANCED TECH EDUCATION PROG</Text>
</ProgramElement>
<ProgramReference>
<Code>1032</Code>
<Text>ADVANCED TECHNOLOGY EDUCATION</Text>
</ProgramReference>
<ProgramReference>
<Code>9150</Code>
<Text>EXP PROG TO STIM COMP RES</Text>
</ProgramReference>
<ProgramReference>
<Code>9178</Code>
<Text>UNDERGRADUATE EDUCATION</Text>
</ProgramReference>
<ProgramReference>
<Code>SMET</Code>
<Text>SCIENCE, MATH, ENG &amp; TECH EDUCATION</Text>
</ProgramReference>
</Award>
</rootTag>
