<?xml version="1.0" encoding="UTF-8"?>
<rootTag>
<Award>
<AwardTitle>Applying the Frobenius Morphism and Convexity to Study Singularities</AwardTitle>
<AwardEffectiveDate>09/01/2016</AwardEffectiveDate>
<AwardExpirationDate>08/31/2019</AwardExpirationDate>
<AwardAmount>135000</AwardAmount>
<AwardInstrument>
<Value>Standard Grant</Value>
</AwardInstrument>
<Organization>
<Code>03040000</Code>
<Directorate>
<LongName>Direct For Mathematical &amp; Physical Scien</LongName>
</Directorate>
<Division>
<LongName>Division Of Mathematical Sciences</LongName>
</Division>
</Organization>
<ProgramOfficer>
<SignBlockName>Timothy Hodges</SignBlockName>
</ProgramOfficer>
<AbstractNarration>This project concerns the study of the set of solutions to certain systems of polynomials over the rational numbers. Polynomials are among the most basic and important functions in pure and applied mathematics, and come from iterating the basic functions of addition and multiplication on a set of variables.  The set of solutions to polynomial equations can be interpreted geometrically, and many of the shapes appearing in nature such as spheres and ellipses, can be described using them.  Polynomials and the geometric objects they describe are ubiquitous, both in pure and applied mathematics, as well as in statistics, engineering, and computer science.  &lt;br/&gt;&lt;br/&gt;An important theme in this proposal is to study polynomial equations defined over the rational numbers via reduction to positive characteristic. Much of our approach involves the use of the Frobenius morphism, but also relies on basic notions from convex geometry (e.g., cones and polytopes).  More precisely, we propose to 1) use Frobenius and convexity to study Bernstein-Sato polynomials; 2) use convexity and integration to investigate certain multiplicities in positive characteristic (e.g. F-signature and Hilbert-Kunz multiplicity); and 3) study the generalized Frobenius powers of an ideal, and relate them to test and multiplier ideals.</AbstractNarration>
<MinAmdLetterDate>09/08/2016</MinAmdLetterDate>
<MaxAmdLetterDate>09/08/2016</MaxAmdLetterDate>
<ARRAAmount/>
<AwardID>1600702</AwardID>
<Investigator>
<FirstName>Daniel</FirstName>
<LastName>Hernandez</LastName>
<EmailAddress>hernandez@ku.edu</EmailAddress>
<StartDate>09/08/2016</StartDate>
<EndDate/>
<RoleCode>Principal Investigator</RoleCode>
</Investigator>
<Institution>
<Name>University of Kansas Center for Research Inc</Name>
<CityName>LAWRENCE</CityName>
<ZipCode>660457568</ZipCode>
<PhoneNumber>7858643441</PhoneNumber>
<StreetAddress>2385 IRVING HILL RD</StreetAddress>
<CountryName>United States</CountryName>
<StateName>Kansas</StateName>
<StateCode>KS</StateCode>
</Institution>
<ProgramElement>
<Code>1264</Code>
<Text>ALGEBRA,NUMBER THEORY,AND COM</Text>
</ProgramElement>
</Award>
</rootTag>
