<?xml version="1.0" encoding="UTF-8"?>
<rootTag>
<Award>
<AwardTitle>Coastal SEES Collaborative Research: Climate change impacts on the sustainability of key fisheries of the California Current System</AwardTitle>
<AwardEffectiveDate>10/01/2016</AwardEffectiveDate>
<AwardExpirationDate>09/30/2019</AwardExpirationDate>
<AwardAmount>618774</AwardAmount>
<AwardInstrument>
<Value>Standard Grant</Value>
</AwardInstrument>
<Organization>
<Code>06040000</Code>
<Directorate>
<LongName>Directorate For Geosciences</LongName>
</Directorate>
<Division>
<LongName>Division Of Ocean Sciences</LongName>
</Division>
</Organization>
<ProgramOfficer>
<SignBlockName>Baris M. Uz</SignBlockName>
</ProgramOfficer>
<AbstractNarration>The area off the California coast supports productive commercial and recreational fisheries such as squid, sardine, and lobster that are important to human cultures, economies, and livelihoods. Climate change is expected to alter the oceanic system and contribute to changes in fish populations that will directly affect fishers' profits and behavior, as well as managers' actions in setting limits on harvest. This collaborative Coastal SEES study brings together oceanographers, fisheries scientists, economists, and social scientists to develop a better understanding of interactions among the climate and coastal ocean system, fish populations, fishers and fishing communities, and resource management. The research team includes state and federal scientists, and results will be shared with the resource management community. The project will support interdisciplinary training for undergraduates, graduate students, and postdoctoral scientists, and the investigators will participate in a number of public outreach activities. &lt;br/&gt;&lt;br/&gt;This Coastal SEES project assembles a diverse team of oceanographers, fisheries scientists, economists, and social scientists to develop new, integrated understanding of climate effects on coastal fisheries. The investigators will examine how fishing behavior, income, jobs distribution, and livelihood viability will be altered by climate change. The focus is on three key commercially harvested species that are known to respond to environmental change: Pacific sardine, California market squid, and California spiny lobster. Each of these supports an economically important fishery and represents a different type of organism in terms of marine habitat, latitudinal range, and time scale of response. The approach will include global climate model projections, regional ocean modeling, fisheries modeling, economics modeling, plus studies of management scenarios and fisher behavior. The goal will be to help develop sustainable management strategies under future climate scenarios given predicted ecological, social, and economic outcomes for these three fisheries.</AbstractNarration>
<MinAmdLetterDate>07/14/2016</MinAmdLetterDate>
<MaxAmdLetterDate>07/14/2016</MaxAmdLetterDate>
<ARRAAmount/>
<AwardID>1600283</AwardID>
<Investigator>
<FirstName>Arthur</FirstName>
<LastName>Miller</LastName>
<EmailAddress>ajmiller@ucsd.edu</EmailAddress>
<StartDate>07/14/2016</StartDate>
<EndDate/>
<RoleCode>Principal Investigator</RoleCode>
</Investigator>
<Institution>
<Name>University of California-San Diego Scripps Inst of Oceanography</Name>
<CityName>LA JOLLA</CityName>
<ZipCode>920930210</ZipCode>
<PhoneNumber>8585341293</PhoneNumber>
<StreetAddress>8602 La Jolla Shores Dr</StreetAddress>
<CountryName>United States</CountryName>
<StateName>California</StateName>
<StateCode>CA</StateCode>
</Institution>
<ProgramElement>
<Code>8087</Code>
<Text>SEES Hazards</Text>
</ProgramElement>
<ProgramReference>
<Code>4444</Code>
<Text>INTERDISCIPLINARY PROPOSALS</Text>
</ProgramReference>
</Award>
</rootTag>
