<?xml version="1.0" encoding="UTF-8"?>
<rootTag>
<Award>
<AwardTitle>Structure, Colouring, and Flows in Graphs</AwardTitle>
<AwardEffectiveDate>09/01/2016</AwardEffectiveDate>
<AwardExpirationDate>08/31/2019</AwardExpirationDate>
<AwardAmount>120000</AwardAmount>
<AwardInstrument>
<Value>Standard Grant</Value>
</AwardInstrument>
<Organization>
<Code>03040000</Code>
<Directorate>
<LongName>Direct For Mathematical &amp; Physical Scien</LongName>
</Directorate>
<Division>
<LongName>Division Of Mathematical Sciences</LongName>
</Division>
</Organization>
<ProgramOfficer>
<SignBlockName>Tomek Bartoszynski</SignBlockName>
</ProgramOfficer>
<AbstractNarration>In discrete mathematics, a graph is a set of points, some of which may be joined by lines. Graphs are useful models for chemical structures, electrical grids, the internet, transportation maps, and many other objects -- anything that can be viewed as a network is, abstractly, a graph. Real world problems involving such networks benefit from the theorems, algorithms, and insight of graph theory. The PI is most interested in graph problems involving structure, coloring, and related notions -- especially problems which connect coloring and structure. This project in particular focuses on four sub-projects involving immersion, edge-coloring, and flows.&lt;br/&gt;&lt;br/&gt;The first two sub-projects are both motivated by an immersion-analog of Hadwiger's Conjecture (the Abu-Khzam--Langston Conjecture), which links coloring and immersion. One sub-project seeks to find exact structural characterizations of graphs without specific immersions; the other seeks to better understand how immersions (and colorings) are affected when creating new graphs from old. A second conjecture involving coloring and structure that interests the PI greatly is the Goldberg-Seymour Conjecture on chromatic index. The PI plans to work to improve the method of Tashkinov trees -- the dominant technique used for approximation results towards the conjecture. The final sub-project concerns flows, and is somewhat different in flavor (although flows and colorings are certainly related notions). Here, the objects of interest are 3-flows with large support, and the backdrop is Tutte's famous 3-Flow Conjecture.</AbstractNarration>
<MinAmdLetterDate>07/02/2016</MinAmdLetterDate>
<MaxAmdLetterDate>07/02/2016</MaxAmdLetterDate>
<ARRAAmount/>
<AwardID>1600551</AwardID>
<Investigator>
<FirstName>Jessica</FirstName>
<LastName>McDonald</LastName>
<EmailAddress>mcdonald@auburn.edu</EmailAddress>
<StartDate>07/02/2016</StartDate>
<EndDate/>
<RoleCode>Principal Investigator</RoleCode>
</Investigator>
<Institution>
<Name>Auburn University</Name>
<CityName>Auburn University</CityName>
<ZipCode>368490001</ZipCode>
<PhoneNumber>3348444438</PhoneNumber>
<StreetAddress>310 Samford Hall</StreetAddress>
<CountryName>United States</CountryName>
<StateName>Alabama</StateName>
<StateCode>AL</StateCode>
</Institution>
<ProgramElement>
<Code>7970</Code>
<Text>Combinatorics</Text>
</ProgramElement>
<ProgramElement>
<Code>9150</Code>
<Text>EPSCoR Co-Funding</Text>
</ProgramElement>
<ProgramReference>
<Code>9150</Code>
<Text>EXP PROG TO STIM COMP RES</Text>
</ProgramReference>
</Award>
</rootTag>
