<?xml version="1.0" encoding="UTF-8"?>
<rootTag>
<Award>
<AwardTitle>The Regularity of Cauchy-Riemann Mappings and Solutions of Systems of Nonlinear Partial Differential Equations</AwardTitle>
<AwardEffectiveDate>06/01/2016</AwardEffectiveDate>
<AwardExpirationDate>05/31/2019</AwardExpirationDate>
<AwardAmount>199687</AwardAmount>
<AwardInstrument>
<Value>Continuing grant</Value>
</AwardInstrument>
<Organization>
<Code>03040000</Code>
<Directorate>
<LongName>Direct For Mathematical &amp; Physical Scien</LongName>
</Directorate>
<Division>
<LongName>Division Of Mathematical Sciences</LongName>
</Division>
</Organization>
<ProgramOfficer>
<SignBlockName>Edward Taylor</SignBlockName>
</ProgramOfficer>
<AbstractNarration>The aim of this research project is to study the solutions of systems of partial differential equations that arise in several complex variables.  Important mathematical applications of this research include establishing the regularity of solutions and the convergence of solutions for which only Taylor series coefficients are known.  Important applications to physical systems include equations that arise in statistical mechanics and meteorology.  For example, the planar dimer model is a statistical mechanical model of certain two-dimensional surfaces in space that is a higher dimensional generalization of the simple random walk on integers. The limit shape of such surfaces is modeled by a partial differential equation closely related to the complex Burgers' equation studied in this project. The same equation is also relevant in the study of the quasi-geostrophic equations that model the behavior of certain atmospheric phenomena. &lt;br/&gt;&lt;br/&gt;The main part of the project involves the problem of understanding geometric conditions that imply that a sufficiently smooth CR mapping between two Cauchy-Riemann (CR) manifolds is smooth when the manifolds are smooth, and real analytic when the manifolds are real analytic. Closely related problems that will be investigated include the local and microlocal regularity of CR functions on abstract CR manifolds. The tools that may be used include a new family of Fourier-Bros-Iagolnitzer transforms, analytic discs, and the methods developed in the theory of holomorphic extendability of CR functions on hypersurfaces.</AbstractNarration>
<MinAmdLetterDate>04/08/2016</MinAmdLetterDate>
<MaxAmdLetterDate>05/21/2018</MaxAmdLetterDate>
<ARRAAmount/>
<AwardID>1600024</AwardID>
<Investigator>
<FirstName>Shiferaw</FirstName>
<LastName>Berhanu</LastName>
<EmailAddress>berhanu@temple.edu</EmailAddress>
<StartDate>04/08/2016</StartDate>
<EndDate/>
<RoleCode>Principal Investigator</RoleCode>
</Investigator>
<Institution>
<Name>Temple University</Name>
<CityName>Philadelphia</CityName>
<ZipCode>191226003</ZipCode>
<PhoneNumber>2157077547</PhoneNumber>
<StreetAddress>1801 N. Broad Street</StreetAddress>
<CountryName>United States</CountryName>
<StateName>Pennsylvania</StateName>
<StateCode>PA</StateCode>
</Institution>
<ProgramElement>
<Code>1281</Code>
<Text>ANALYSIS PROGRAM</Text>
</ProgramElement>
</Award>
</rootTag>
