<?xml version="1.0" encoding="UTF-8"?>
<rootTag>
<Award>
<AwardTitle>SEAM 2016: The 32nd Southeastern Analysis Meeting</AwardTitle>
<AwardEffectiveDate>03/01/2016</AwardEffectiveDate>
<AwardExpirationDate>02/28/2017</AwardExpirationDate>
<AwardAmount>24960</AwardAmount>
<AwardInstrument>
<Value>Standard Grant</Value>
</AwardInstrument>
<Organization>
<Code>03040000</Code>
<Directorate>
<LongName>Direct For Mathematical &amp; Physical Scien</LongName>
</Directorate>
<Division>
<LongName>Division Of Mathematical Sciences</LongName>
</Division>
</Organization>
<ProgramOfficer>
<SignBlockName>Bruce P. Palka</SignBlockName>
</ProgramOfficer>
<AbstractNarration>This award provides funding to help defray the expenses of participants in the conference "SEAM 2016: The 32nd Southeastern Analysis Meeting" that will be held March 13-15, 2016, on the campus of the University of South Florida.&lt;br/&gt;&lt;br/&gt;This event is the latest installment in a thirty-one-year-long series of conferences covering a wide spectrum of subareas of analysis. In particular, SEAM has become the leading conference venue in the U.S. for function-theoretic operator theory. SEAM 2016 will again span a broad swath of analysis, featuring three plenary speakers who will address topics in complex analysis (Stephen Gardiner), harmonic analysis (Alexander Volber), and approximation theory (Doron Lubinsky). A highlight of the meeting will be invited talks by five junior mathematicians: Tom Alberts, Kelly Bickel, Greg Knese, Shahaf Nitzan, and James Pascoe. The conference program provides ample opportunity for graduate students, postdocs, and other young scientists to present their work.</AbstractNarration>
<MinAmdLetterDate>11/06/2015</MinAmdLetterDate>
<MaxAmdLetterDate>11/06/2015</MaxAmdLetterDate>
<ARRAAmount/>
<AwardID>1600479</AwardID>
<Investigator>
<FirstName>Seung Yeop</FirstName>
<LastName>Lee</LastName>
<EmailAddress>lees3@usf.edu</EmailAddress>
<StartDate>11/06/2015</StartDate>
<EndDate/>
<RoleCode>Co-Principal Investigator</RoleCode>
</Investigator>
<Investigator>
<FirstName>Razvan</FirstName>
<LastName>Teodorescu</LastName>
<EmailAddress>razvan@usf.edu</EmailAddress>
<StartDate>11/06/2015</StartDate>
<EndDate/>
<RoleCode>Co-Principal Investigator</RoleCode>
</Investigator>
<Investigator>
<FirstName>Arthur</FirstName>
<LastName>Danielyan</LastName>
<EmailAddress>adaniely@usf.edu</EmailAddress>
<StartDate>11/06/2015</StartDate>
<EndDate/>
<RoleCode>Principal Investigator</RoleCode>
</Investigator>
<Investigator>
<FirstName>Sherwin</FirstName>
<LastName>Kouchekian</LastName>
<EmailAddress>skouchekian@usf.edu</EmailAddress>
<StartDate>11/06/2015</StartDate>
<EndDate/>
<RoleCode>Co-Principal Investigator</RoleCode>
</Investigator>
<Institution>
<Name>University of South Florida</Name>
<CityName>Tampa</CityName>
<ZipCode>336129446</ZipCode>
<PhoneNumber>8139742897</PhoneNumber>
<StreetAddress>3702 Spectrum Blvd.</StreetAddress>
<CountryName>United States</CountryName>
<StateName>Florida</StateName>
<StateCode>FL</StateCode>
</Institution>
<ProgramElement>
<Code>1281</Code>
<Text>ANALYSIS PROGRAM</Text>
</ProgramElement>
<ProgramReference>
<Code>7556</Code>
<Text>CONFERENCE AND WORKSHOPS</Text>
</ProgramReference>
</Award>
</rootTag>
