<?xml version="1.0" encoding="UTF-8"?>
<rootTag>
<Award>
<AwardTitle>Collaboration in Computability</AwardTitle>
<AwardEffectiveDate>05/01/2016</AwardEffectiveDate>
<AwardExpirationDate>04/30/2019</AwardExpirationDate>
<AwardAmount>100000</AwardAmount>
<AwardInstrument>
<Value>Standard Grant</Value>
</AwardInstrument>
<Organization>
<Code>03040000</Code>
<Directorate>
<LongName>Direct For Mathematical &amp; Physical Scien</LongName>
</Directorate>
<Division>
<LongName>Division Of Mathematical Sciences</LongName>
</Division>
</Organization>
<ProgramOfficer>
<SignBlockName>Tomek Bartoszynski</SignBlockName>
</ProgramOfficer>
<AbstractNarration>This award will support activities of a research network of mathematicians working in computability theory.  This project will facilitate collaborative work of faculty and graduate students from the U.S., Russia, Kazakhstan and Bulgaria.  The research is in quickly developing areas of computability, and this  project has two broad goals: the first goal is more rapid scientific progress resulting from  a network of collaborators, from all four countries, enabling them to pool their ideas to solve fundamental problems. The second goal is to provide opportunities for students and young researchers to participate actively in the world community of scientists.&lt;br/&gt;&lt;br/&gt;Computability as a research area has blossomed in recent years, with many exciting new results that involve combining techniques from pure computability with sophisticated algebra, model theory, set theory, and/or probability. There are also stronger ties with computer science. The proposal named 20 senior participants, and students and postdocs will also participate in the activities supported by the grant. The proposed work includes a variety of problems. There are problems on the difficulty in building a copy of a structure (degree spectra), and on the relative computing power of structures (Muchnik reducibility). There are problems on the internal complexity of structures (Scott rank) and on the difficulty of describing a structure, measured by the complexity of a ``Scott sentence''. In particular, there are problems on Scott sentences for groups. Some problems concern uncountable structures such as the ordered field of reals. There are problems on ``jumps'' of structures and a strong notion of ``jump inversion''. There are problems on complexity of isomorphisms, and on automorphisms, in particular, for vector spaces. There are problems on degree structures (enumeration degrees, and ``continuous'' degrees). There are problems on ``numberings''. At least two problems, one on the ``Hanf number'' for Scott sentences of computable structures, and one on the relative computing power of the ordered field of reals and an expansion by an arbitrary continuous function, have been solved since the proposal was submitted.</AbstractNarration>
<MinAmdLetterDate>04/18/2016</MinAmdLetterDate>
<MaxAmdLetterDate>04/18/2016</MaxAmdLetterDate>
<ARRAAmount/>
<AwardID>1600625</AwardID>
<Investigator>
<FirstName>Julia</FirstName>
<LastName>Knight</LastName>
<EmailAddress>knight.1@nd.edu</EmailAddress>
<StartDate>04/18/2016</StartDate>
<EndDate/>
<RoleCode>Principal Investigator</RoleCode>
</Investigator>
<Institution>
<Name>University of Notre Dame</Name>
<CityName>NOTRE DAME</CityName>
<ZipCode>465565708</ZipCode>
<PhoneNumber>5746317432</PhoneNumber>
<StreetAddress>940 Grace Hall</StreetAddress>
<CountryName>United States</CountryName>
<StateName>Indiana</StateName>
<StateCode>IN</StateCode>
</Institution>
<ProgramElement>
<Code>1268</Code>
<Text>FOUNDATIONS</Text>
</ProgramElement>
<ProgramElement>
<Code>7298</Code>
<Text>COLLABORATIVE RESEARCH</Text>
</ProgramElement>
<ProgramReference>
<Code>5914</Code>
<Text>WESTERN EUROPE, OTHER</Text>
</ProgramReference>
<ProgramReference>
<Code>5928</Code>
<Text>AFRICA AND ASIA,OTHER</Text>
</ProgramReference>
<ProgramReference>
<Code>5939</Code>
<Text>US/USSR ACTIVITIES</Text>
</ProgramReference>
</Award>
</rootTag>
