<?xml version="1.0" encoding="UTF-8"?>
<rootTag>
<Award>
<AwardTitle>Bioprinting of Bone Tissue into Defect Sites on Animal Models in Surgery Settings</AwardTitle>
<AwardEffectiveDate>08/17/2015</AwardEffectiveDate>
<AwardExpirationDate>12/31/2018</AwardExpirationDate>
<AwardAmount>310947</AwardAmount>
<AwardInstrument>
<Value>Standard Grant</Value>
</AwardInstrument>
<Organization>
<Code>07030000</Code>
<Directorate>
<LongName>Directorate For Engineering</LongName>
</Directorate>
<Division>
<LongName>Div Of Civil, Mechanical, &amp; Manufact Inn</LongName>
</Division>
</Organization>
<ProgramOfficer>
<SignBlockName>Steven R. Schmid</SignBlockName>
</ProgramOfficer>
<AbstractNarration>The goal of this project is to establish a new frontier in bioprinting science and technology. This will be accomplished by studying the bioprinting of bone tissue directly into a defect site on an animal model. The research in this study will have a direct impact on the first-time bioprinting of living cells and nucleic acid loaded in polymers in surgery settings for bone tissue fabrication, which will benefit society by working toward the establishment of an alternative solution for skull defects. Skull defects are devastating and affect millions of people each year; about 7%, or 227,500, of the children born each year in the United States are affected by birth defects in the skull. Bioprinting in surgery settings will eventually be applied to other organs and will considerably improve quality of life for the affected people. Broader-impact activities will include training, education, and participation of underrepresented populations in summer camps and workshops, as well as the integration of next-generation bioprinting science into both graduate and undergraduate education. &lt;br/&gt;&lt;br/&gt;The research objectives of this project are three-fold: 1) to understand bioprinting behavior of a composite bioink, 2) to determine the effects of bioprinting and the bioink parameters on the release profile and the transfection efficiency of plasmid, and 3) to understand bioprintability of porous tissue constructs in defects and establish the relationship between the manufacturing conditions of tissue constructs and bone tissue formation. Accomplishing these objectives will allow the exploration of advanced bioprinting technologies in operating rooms. In this project, the following tasks will be performed. First, a novel composite bioink (reinforced with collagen, stem cells, a thermo-sensitive gel, and plasmid) will be processed and characterized to research its bioprinting behavior. Then, bioprinting of plasmid will be studied to understand the role of bioprinting and the bioink parameters on sequential release and transfection efficiency of plasmid. Next, in situ multi-arm bioprinting will be studied to investigate manufacturability of multiple tissue constructs in critical-size cranial defects in rat models. Finally, the regenerated bone tissue, bioprinted under various manufacturing conditions, will be characterized and quantified using tissue histology and micro-computed tomography.</AbstractNarration>
<MinAmdLetterDate>11/30/2015</MinAmdLetterDate>
<MaxAmdLetterDate>01/13/2016</MaxAmdLetterDate>
<ARRAAmount/>
<AwardID>1600118</AwardID>
<Investigator>
<FirstName>Ibrahim</FirstName>
<LastName>Ozbolat</LastName>
<EmailAddress>ito1@psu.edu</EmailAddress>
<StartDate>11/30/2015</StartDate>
<EndDate/>
<RoleCode>Principal Investigator</RoleCode>
</Investigator>
<Institution>
<Name>Pennsylvania State Univ University Park</Name>
<CityName>UNIVERSITY PARK</CityName>
<ZipCode>168027000</ZipCode>
<PhoneNumber>8148651372</PhoneNumber>
<StreetAddress>110 Technology Center Building</StreetAddress>
<CountryName>United States</CountryName>
<StateName>Pennsylvania</StateName>
<StateCode>PA</StateCode>
</Institution>
<ProgramElement>
<Code>1468</Code>
<Text>Manufacturing Machines &amp; Equip</Text>
</ProgramElement>
<ProgramReference>
<Code>082E</Code>
<Text>MFG MACHINES &amp; METROLOGY</Text>
</ProgramReference>
<ProgramReference>
<Code>083E</Code>
<Text>MATERIAL TRANSFORMATION PROC</Text>
</ProgramReference>
<ProgramReference>
<Code>116E</Code>
<Text>RESEARCH EXP FOR UNDERGRADS</Text>
</ProgramReference>
<ProgramReference>
<Code>9146</Code>
<Text>MANUFACTURING BASE RESEARCH</Text>
</ProgramReference>
<ProgramReference>
<Code>9150</Code>
<Text>EXP PROG TO STIM COMP RES</Text>
</ProgramReference>
<ProgramReference>
<Code>9178</Code>
<Text>UNDERGRADUATE EDUCATION</Text>
</ProgramReference>
<ProgramReference>
<Code>9231</Code>
<Text>SUPPL FOR UNDERGRAD RES ASSIST</Text>
</ProgramReference>
<ProgramReference>
<Code>9251</Code>
<Text>RES EXPER FOR UNDERGRAD-SUPPLT</Text>
</ProgramReference>
<ProgramReference>
<Code>MANU</Code>
<Text>MANUFACTURING</Text>
</ProgramReference>
</Award>
</rootTag>
