<?xml version="1.0" encoding="UTF-8"?>
<rootTag>
<Award>
<AwardTitle>RUI:  Generalized Gauss Maps and Divergent Orbits</AwardTitle>
<AwardEffectiveDate>05/01/2016</AwardEffectiveDate>
<AwardExpirationDate>04/30/2019</AwardExpirationDate>
<AwardAmount>142304</AwardAmount>
<AwardInstrument>
<Value>Standard Grant</Value>
</AwardInstrument>
<Organization>
<Code>03040000</Code>
<Directorate>
<LongName>Direct For Mathematical &amp; Physical Scien</LongName>
</Directorate>
<Division>
<LongName>Division Of Mathematical Sciences</LongName>
</Division>
</Organization>
<ProgramOfficer>
<SignBlockName>Edward Taylor</SignBlockName>
</ProgramOfficer>
<AbstractNarration>The main focus of this project is on the development of technology that predicts the behavior of certain mathematically defined dynamical systems that are platonic idealizations of a broad class of mathematical models used to describe everyday physical processes of the real world.  Apart from helping us understand natural phenomena amid random fluctuations, this technology is also becoming increasingly necessary for understanding complex systems built by humans to meet the demands of modern society.  The principal investigator will participate in various workshops and conferences around the world to disseminate the most recent discoveries of his research program and to keep up with latest developments in the field.  These trips also provide the opportunity for PI to work with his collaborators.  PI will also invite some of his international collaborators to the U.S. to work with him on their joint projects.  &lt;br/&gt;&lt;br/&gt;This project addresses a long-standing problem to generalize the well-known combinatorial description of geodesics on the modular surface whose dynamical behavior is intimately tied to the theory of approximation of irrational numbers by rationals.  The principal investigator proposes several generalizations of the seamless integration of number theory and dynamics to higher dimensions using several well-chosen Poincare sections of homogeneous flows to replace the all-powerful Gauss continued fraction algorithm, and introducing Farey tilings to take the role of continued fractions and provide a combinatorial description of the special linear group under its full diagonal subgroup.  These generalizations germinated in the principal investigators previous work on the determination of the Hausdorff dimension of the set of singular vectors and promise to lead to new insights of fundamental significance in simultaneous approximation theory.</AbstractNarration>
<MinAmdLetterDate>04/07/2016</MinAmdLetterDate>
<MaxAmdLetterDate>04/07/2016</MaxAmdLetterDate>
<ARRAAmount/>
<AwardID>1600476</AwardID>
<Investigator>
<FirstName>Yitwah</FirstName>
<LastName>Cheung</LastName>
<EmailAddress>ycheung@sfsu.edu</EmailAddress>
<StartDate>04/07/2016</StartDate>
<EndDate/>
<RoleCode>Principal Investigator</RoleCode>
</Investigator>
<Institution>
<Name>San Francisco State University</Name>
<CityName>San Francisco</CityName>
<ZipCode>941321722</ZipCode>
<PhoneNumber>4153387090</PhoneNumber>
<StreetAddress>1600 Holloway Ave</StreetAddress>
<CountryName>United States</CountryName>
<StateName>California</StateName>
<StateCode>CA</StateCode>
</Institution>
<ProgramElement>
<Code>1281</Code>
<Text>ANALYSIS PROGRAM</Text>
</ProgramElement>
<ProgramReference>
<Code>9229</Code>
<Text>RES IN UNDERGRAD INST-RESEARCH</Text>
</ProgramReference>
</Award>
</rootTag>
