<?xml version="1.0" encoding="UTF-8"?>
<rootTag>
<Award>
<AwardTitle>I-Corps: Efficient Terrain-Based Measurement Gathering for Path Loss Inference</AwardTitle>
<AwardEffectiveDate>12/15/2015</AwardEffectiveDate>
<AwardExpirationDate>05/31/2016</AwardExpirationDate>
<AwardAmount>50000</AwardAmount>
<AwardInstrument>
<Value>Standard Grant</Value>
</AwardInstrument>
<Organization>
<Code>07070000</Code>
<Directorate>
<LongName>Directorate For Engineering</LongName>
</Directorate>
<Division>
<LongName>Div Of Industrial Innovation &amp; Partnersh</LongName>
</Division>
</Organization>
<ProgramOfficer>
<SignBlockName>lydia mcclure</SignBlockName>
</ProgramOfficer>
<AbstractNarration>To address multi-fold increases in cellular network demand, carrier cell range sizes have shifted downwards to maximize network capacity. In doing so, accurate and fine-grained estimation of coverage becomes a critical issue for spatial reuse, intercell interference, and smooth handoffs between cells. Historically, in-field experimentation has been used by telecommunication companies to estimate wireless propagation characteristics of a given region, which is costly due to the manpower and equipment resources required. The emerging popularity of smartphones offers a far cheaper alternative, recording in-field network observations directly from the cellular users via crowdsourcing. However, crowdsourcing often provides incomplete measurement coverage to accurately infer path loss. Further complicating the issue, different sub-regions can require differing amounts of measurements to achieve the same path loss characterization accuracy. This I-Corps team has developed a system that uses geographical feature information (e.g., building heights, foliage, free space) to predict measurement collection requirements over a region using a statistical learning framework, allowing network operators to optimize their measurement collection strategy.&lt;br/&gt;&lt;br/&gt;The proposed work will lower the financial barrier to and increase the assurance of coverage in rolling out new cellular generations and/or frequency bands over a given region of users. The project will also allow increased confidence in leveraging crowd-sourced information from users as opposed to relying on costly drive testing, thereby saving manpower and allowing a quicker feedback loop in terms of network performance. The project will allow the team members to develop commercial acumen that could increase the quality and fidelity of their research as well as train other students at all levels that have intellectual capital that could be commercially viable. By participating in the I-Corps curriculum, this team intends to clearly identify the exact amount current carriers spend, and the amount customers would be willing to pay for the proposed service.</AbstractNarration>
<MinAmdLetterDate>12/08/2015</MinAmdLetterDate>
<MaxAmdLetterDate>12/08/2015</MaxAmdLetterDate>
<ARRAAmount/>
<AwardID>1600549</AwardID>
<Investigator>
<FirstName>Joseph</FirstName>
<LastName>Camp</LastName>
<EmailAddress>camp@lyle.smu.edu</EmailAddress>
<StartDate>12/08/2015</StartDate>
<EndDate/>
<RoleCode>Principal Investigator</RoleCode>
</Investigator>
<Institution>
<Name>Southern Methodist University</Name>
<CityName>Dallas</CityName>
<ZipCode>752750302</ZipCode>
<PhoneNumber>2147682030</PhoneNumber>
<StreetAddress>6425 BOAZ</StreetAddress>
<CountryName>United States</CountryName>
<StateName>Texas</StateName>
<StateCode>TX</StateCode>
</Institution>
<ProgramElement>
<Code>8023</Code>
<Text>I-Corps</Text>
</ProgramElement>
</Award>
</rootTag>
