<?xml version="1.0" encoding="UTF-8"?>
<rootTag>
<Award>
<AwardTitle>The Positive Grassmannian:  Applications and Generalizations</AwardTitle>
<AwardEffectiveDate>07/01/2016</AwardEffectiveDate>
<AwardExpirationDate>06/30/2019</AwardExpirationDate>
<AwardAmount>376965</AwardAmount>
<AwardInstrument>
<Value>Continuing grant</Value>
</AwardInstrument>
<Organization>
<Code>03040000</Code>
<Directorate>
<LongName>Direct For Mathematical &amp; Physical Scien</LongName>
</Directorate>
<Division>
<LongName>Division Of Mathematical Sciences</LongName>
</Division>
</Organization>
<ProgramOfficer>
<SignBlockName>Tomek Bartoszynski</SignBlockName>
</ProgramOfficer>
<AbstractNarration>This project explores structures that lie at the intersection of combinatorics, representation theory, statistical physics, and integrable systems, with potential significant impact on several fields, including applications to shallow water waves, translation in protein synthesis, and scattering amplitudes in supersymmetric Yang-Mills theory.  The central structures in the mathematics of the project are Grassmannians, which parameterize subspaces of vector spaces and are ubiquitous in mathematics, appearing variously as projective spaces in projective geometry, compact smooth manifolds in differential geometry, and as a scheme in algebraic geometry. Grassmannians play an important role for spatial recognition in computer vision, in coding and communication theory, in studying shallow water waves in physics, and in the computation of scattering amplitudes of subatomic particles. This project explores features of remarkably rich subsets of real Grassmannians called totally positive and totally non-negative Grassmannians. These structures constitute refinements and extensions of the classical theory of positive definite and positive semi-definite matrices and representation theoretic work in the context of Lie Theory, and their structure will be studied from topological, representation theoretic, and combinatorial points of view. This project also seeks to increase the visibility of women mathematicians via a series of lectures at the University of California, Berkeley given by distinguished women. &lt;br/&gt;&lt;br/&gt;More concretely, this project concerns several interrelated questions surrounding the positive Grassmannian, Macdonald-Koornwinder polynomials, and the asymmetric exclusion process. In particular, the research will investigate: a new polytopal manifestation of mirror symmetry for flag varieties; the topology of the positive Grassmannian; the structure of soliton solutions to the Kadomtsev?Petviashvili equation coming from the Grassmannian; the combinatorics of the amplituhedron, a new generalization of the positive Grassmannian; and combinatorial formulas for Macdonald-Koornwinder polynomials and asymmetric simple exclusion process probabilities using rhombic tableaux.</AbstractNarration>
<MinAmdLetterDate>04/21/2016</MinAmdLetterDate>
<MaxAmdLetterDate>06/14/2018</MaxAmdLetterDate>
<ARRAAmount/>
<AwardID>1600447</AwardID>
<Investigator>
<FirstName>Lauren</FirstName>
<LastName>Williams</LastName>
<EmailAddress>williams@math.berkeley.edu</EmailAddress>
<StartDate>04/21/2016</StartDate>
<EndDate/>
<RoleCode>Principal Investigator</RoleCode>
</Investigator>
<Institution>
<Name>University of California-Berkeley</Name>
<CityName>BERKELEY</CityName>
<ZipCode>947045940</ZipCode>
<PhoneNumber>5106428109</PhoneNumber>
<StreetAddress>Sponsored Projects Office</StreetAddress>
<CountryName>United States</CountryName>
<StateName>California</StateName>
<StateCode>CA</StateCode>
</Institution>
<ProgramElement>
<Code>1253</Code>
<Text>OFFICE OF MULTIDISCIPLINARY AC</Text>
</ProgramElement>
<ProgramElement>
<Code>7970</Code>
<Text>Combinatorics</Text>
</ProgramElement>
<ProgramReference>
<Code>1515</Code>
<Text>MINORITY GRADUATE EDUC ACTIVIT</Text>
</ProgramReference>
</Award>
</rootTag>
