<?xml version="1.0" encoding="UTF-8"?>
<rootTag>
<Award>
<AwardTitle>CS Gateways 2015:  Sustaining NSF-Supported Computer Science Education Curricula</AwardTitle>
<AwardEffectiveDate>01/15/2016</AwardEffectiveDate>
<AwardExpirationDate>06/30/2016</AwardExpirationDate>
<AwardAmount>99957</AwardAmount>
<AwardInstrument>
<Value>Standard Grant</Value>
</AwardInstrument>
<Organization>
<Code>05050000</Code>
<Directorate>
<LongName>Direct For Computer &amp; Info Scie &amp; Enginr</LongName>
</Directorate>
<Division>
<LongName>Division Of Computer and Network Systems</LongName>
</Division>
</Organization>
<ProgramOfficer>
<SignBlockName>Janice E. Cuny</SignBlockName>
</ProgramOfficer>
<AbstractNarration>CS Gateways 2015 is a two-day workshop for selected project leaders from NSF-supported computer science instructional material and professional development projects. The workshop will provide an opportunity for those leaders to think collectively about the scalability and long-term sustainability of their work, as well as support structures for long-term implementation and growth.  &lt;br/&gt;&lt;br/&gt;The broad goals of the conference are to &lt;br/&gt; -- Inspire the project leaders to think beyond the development activities of their NSF-funded projects and to commit to taking steps that will lead to long-term growth and sustainability once NSF funding has ended;&lt;br/&gt;&lt;br/&gt; -- Educate the participants about key issues that should be considered now in order to facilitate scalability and sustainability of their work; provide models of potential routes to scalability and sustainability; and&lt;br/&gt; &lt;br/&gt; -- Strengthen the community of CS curriculum and professional developers; encourage collaboration and sharing of ideas and solution strategies.&lt;br/&gt;&lt;br/&gt;The workshop represents a continuation of a series of NSF sponsored "Gateways" conferences where mathematics and science curriculum developers met annually to share experiences, discuss challenges, find and identify joint solutions, and build a community of educators and leaders focused on instructional material and professional development.</AbstractNarration>
<MinAmdLetterDate>01/06/2016</MinAmdLetterDate>
<MaxAmdLetterDate>01/06/2016</MaxAmdLetterDate>
<ARRAAmount/>
<AwardID>1600990</AwardID>
<Investigator>
<FirstName>Martin</FirstName>
<LastName>Gartzman</LastName>
<EmailAddress>mgartzman@uchicago.edu</EmailAddress>
<StartDate>01/06/2016</StartDate>
<EndDate/>
<RoleCode>Principal Investigator</RoleCode>
</Investigator>
<Institution>
<Name>University of Chicago</Name>
<CityName>Chicago</CityName>
<ZipCode>606372612</ZipCode>
<PhoneNumber>7737028669</PhoneNumber>
<StreetAddress>6054 South Drexel Avenue</StreetAddress>
<CountryName>United States</CountryName>
<StateName>Illinois</StateName>
<StateCode>IL</StateCode>
</Institution>
<ProgramElement>
<Code>005Y</Code>
<Text>STEM + Computing (STEM+C) Part</Text>
</ProgramElement>
<ProgramReference>
<Code>7556</Code>
<Text>CONFERENCE AND WORKSHOPS</Text>
</ProgramReference>
</Award>
</rootTag>
