<?xml version="1.0" encoding="UTF-8"?>
<rootTag>
<Award>
<AwardTitle>Texas-Oklahoma Representations and Automorphic Forms Conference Series</AwardTitle>
<AwardEffectiveDate>02/01/2016</AwardEffectiveDate>
<AwardExpirationDate>01/31/2019</AwardExpirationDate>
<AwardAmount>13000</AwardAmount>
<AwardInstrument>
<Value>Standard Grant</Value>
</AwardInstrument>
<Organization>
<Code>03040000</Code>
<Directorate>
<LongName>Direct For Mathematical &amp; Physical Scien</LongName>
</Directorate>
<Division>
<LongName>Division Of Mathematical Sciences</LongName>
</Division>
</Organization>
<ProgramOfficer>
<SignBlockName>Timothy Hodges</SignBlockName>
</ProgramOfficer>
<AbstractNarration>This award supports participants in the Texas-Oklahoma Representations and Automorphic Forms (TORA) conference series will take place at the University of North Texas (UNT) in Denton, TX, April 8-10, 2016; at Oklahoma State University (OSU) in Stillwater, OK in Fall 2017; and at the University of Oklahoma (OU) in Norman, OK in Fall 2018.  Each TORA conference will feature three plenary guest speakers consisting of two outstanding leading research mathematicians from outside the Oklahoma-Texas region as well as a recent Ph.D. or a graduate student nearing completion of a Ph.D. In addition, regional graduate students and researchers will present their work. These weekend conferences will provide ample opportunities for collaboration and interactions among the students and researchers in the region, specializing in number theory, automorphic forms and representation theory. &lt;br/&gt;&lt;br/&gt;Automorphic forms are basic objects of study in modern number theory.  The interplay between automorphic forms and representation theory has seen a number of very exciting new developments recently which also fuel applications to several other fields. J. Arthur's work on endoscopic classification of representations of the orthogonal and symplectic groups is an example of such new developments.  Research faculty from over a half dozen universities in the Oklahoma and North Texas region work in automorphic forms and representation theory. The TORA conference series has been successful in bringing together researchers from the region and beyond, as well as their students, and propel innovation and exchange. TORA VII-IX will continue this success in collaborations and exchanges not only between institutions, but also among mathematical areas.  The webpage for the 2016 conference can be found here http://www.math.unt.edu/~richter/TORA/TORA7.html.</AbstractNarration>
<MinAmdLetterDate>01/26/2016</MinAmdLetterDate>
<MaxAmdLetterDate>01/26/2016</MaxAmdLetterDate>
<ARRAAmount/>
<AwardID>1600473</AwardID>
<Investigator>
<FirstName>Roger</FirstName>
<LastName>Zierau</LastName>
<EmailAddress>zierau@math.okstate.edu</EmailAddress>
<StartDate>01/26/2016</StartDate>
<EndDate/>
<RoleCode>Co-Principal Investigator</RoleCode>
</Investigator>
<Investigator>
<FirstName>Mahdi</FirstName>
<LastName>Asgari</LastName>
<EmailAddress>asgari@math.okstate.edu</EmailAddress>
<StartDate>01/26/2016</StartDate>
<EndDate/>
<RoleCode>Principal Investigator</RoleCode>
</Investigator>
<Institution>
<Name>Oklahoma State University</Name>
<CityName>Stillwater</CityName>
<ZipCode>740781011</ZipCode>
<PhoneNumber>4057449995</PhoneNumber>
<StreetAddress>101 WHITEHURST HALL</StreetAddress>
<CountryName>United States</CountryName>
<StateName>Oklahoma</StateName>
<StateCode>OK</StateCode>
</Institution>
<ProgramElement>
<Code>1264</Code>
<Text>ALGEBRA,NUMBER THEORY,AND COM</Text>
</ProgramElement>
<ProgramReference>
<Code>7556</Code>
<Text>CONFERENCE AND WORKSHOPS</Text>
</ProgramReference>
<ProgramReference>
<Code>9150</Code>
<Text>EXP PROG TO STIM COMP RES</Text>
</ProgramReference>
</Award>
</rootTag>
