<?xml version="1.0" encoding="UTF-8"?>
<rootTag>
<Award>
<AwardTitle>GP-EXTRA:  Using professional career experiences to strengthen pathways into the geoscience workforce</AwardTitle>
<AwardEffectiveDate>09/01/2016</AwardEffectiveDate>
<AwardExpirationDate>08/31/2019</AwardExpirationDate>
<AwardAmount>423122</AwardAmount>
<AwardInstrument>
<Value>Standard Grant</Value>
</AwardInstrument>
<Organization>
<Code>06010000</Code>
<Directorate>
<LongName>Directorate For Geosciences</LongName>
</Directorate>
<Division>
<LongName>ICER</LongName>
</Division>
</Organization>
<ProgramOfficer>
<SignBlockName>Michael Jones</SignBlockName>
</ProgramOfficer>
<AbstractNarration>The predicted national shortfall of 135,000 geoscientists by 2022 will have major consequences for the provision of energy and water resources and the quality of the environment, necessities that sustain a strong economy and ensure the health and welfare of all Americans.  This project is addressing the personnel shortfall by testing a comprehensive program of career-related extracurricular activities that aims to improve retention and achievement levels of students earning four-year college degrees in the geosciences and increase the number and diversity of these skilled scientists that succeed in the workforce after graduation.  The best practices defined from evaluating the success of the program are being used to build a model that can be followed by other universities.&lt;br/&gt;&lt;br/&gt;The project is examining the effect of experiential learning opportunities on higher student retention rates in the geosciences, improvement in academic performance, and successful career placement. A diverse group of 18 undergraduate geology majors at the University of Texas at San Antonio (a Minority-Serving and Hispanic-Serving Institution) are engaging in a sequence of three internships in different geoscience fields to provide multiple career-related work experiences. Each student is completing an academic internship involving research and teaching activities on campus, followed by two placements in the energy resources, geo-environmental assessment, and water resources fields.  The four career trajectories have clear pathways into the local employment market through private companies and governmental agencies.  Students are also participating in a suite of academic and professional workshops to enhance competencies and skills in preparation for their careers. A multi-level mentoring strategy that promotes personal and professional growth and an integrated scheme of networking opportunities aims to smooth the transition into the geoscience workforce. Program activities are being assessed through a systematic plan of surveys, interviews, and external reviews.  The project seeks to improve undergraduate education to address the projected shortfall in geoscientists, promote the participation of underrepresented groups in both geoscience majors and careers, and contribute to research on strengthening partnerships between higher education institutions and external geoscience organizations. The project will increase the number and diversity of skilled workers entering the geoscience workforce and lead to best practice strategies that can be implemented at other universities to impact meaningfully on the retention, education, and career trajectories of geoscience majors.</AbstractNarration>
<MinAmdLetterDate>03/31/2016</MinAmdLetterDate>
<MaxAmdLetterDate>12/23/2016</MaxAmdLetterDate>
<ARRAAmount/>
<AwardID>1600542</AwardID>
<Investigator>
<FirstName>Judith</FirstName>
<LastName>Haschenburger</LastName>
<EmailAddress>judy.haschenburger@utsa.edu</EmailAddress>
<StartDate>03/31/2016</StartDate>
<EndDate/>
<RoleCode>Principal Investigator</RoleCode>
</Investigator>
<Investigator>
<FirstName>Marina</FirstName>
<LastName>Suarez</LastName>
<EmailAddress>marina.suarez@utsa.edu</EmailAddress>
<StartDate>03/31/2016</StartDate>
<EndDate/>
<RoleCode>Co-Principal Investigator</RoleCode>
</Investigator>
<Investigator>
<FirstName>Alexis</FirstName>
<LastName>Godet</LastName>
<EmailAddress>alexis.godet@utsa.edu</EmailAddress>
<StartDate>03/31/2016</StartDate>
<EndDate/>
<RoleCode>Co-Principal Investigator</RoleCode>
</Investigator>
<Investigator>
<FirstName>David</FirstName>
<LastName>Young</LastName>
<EmailAddress>david.young@utsa.edu</EmailAddress>
<StartDate>03/31/2016</StartDate>
<EndDate/>
<RoleCode>Co-Principal Investigator</RoleCode>
</Investigator>
<Investigator>
<FirstName>Anne-Marie</FirstName>
<LastName>Nunez</LastName>
<EmailAddress>nunez.80@osu.edu</EmailAddress>
<StartDate>03/31/2016</StartDate>
<EndDate>12/23/2016</EndDate>
<RoleCode>Former Co-Principal Investigator</RoleCode>
</Investigator>
<Investigator>
<FirstName>Walter</FirstName>
<LastName>Gray</LastName>
<EmailAddress>walter.gray@utsa.edu</EmailAddress>
<StartDate>12/23/2016</StartDate>
<EndDate/>
<RoleCode>Co-Principal Investigator</RoleCode>
</Investigator>
<Institution>
<Name>University of Texas at San Antonio</Name>
<CityName>San Antonio</CityName>
<ZipCode>782491644</ZipCode>
<PhoneNumber>2104584340</PhoneNumber>
<StreetAddress>One UTSA Circle</StreetAddress>
<CountryName>United States</CountryName>
<StateName>Texas</StateName>
<StateCode>TX</StateCode>
</Institution>
<ProgramElement>
<Code>1998</Code>
<Text>IUSE</Text>
</ProgramElement>
<ProgramReference>
<Code>8209</Code>
<Text>Improv Undergrad STEM Ed(IUSE)</Text>
</ProgramReference>
</Award>
</rootTag>
