<?xml version="1.0" encoding="UTF-8"?>
<rootTag>
<Award>
<AwardTitle>Lake Michigan Workshop on Combinatorics and Graph Theory</AwardTitle>
<AwardEffectiveDate>03/15/2016</AwardEffectiveDate>
<AwardExpirationDate>02/28/2017</AwardExpirationDate>
<AwardAmount>15000</AwardAmount>
<AwardInstrument>
<Value>Standard Grant</Value>
</AwardInstrument>
<Organization>
<Code>03040000</Code>
<Directorate>
<LongName>Direct For Mathematical &amp; Physical Scien</LongName>
</Directorate>
<Division>
<LongName>Division Of Mathematical Sciences</LongName>
</Division>
</Organization>
<ProgramOfficer>
<SignBlockName>jacques verstraete</SignBlockName>
</ProgramOfficer>
<AbstractNarration>This award supports participation in the third Lake Michigan Workshop on Combinatorics and Graph Theory, held at Purdue University in West Lafayette, Indiana, on March 5-6, 2016. The workshop series focuses on combinatorics and graph theory, which are two very active areas of research in modern mathematics. The geographical location of the workshop is intended as a focal point for the large number of researchers and students in the Midwest and provides opportunities to strengthen research collaborations on a variety of graph theoretical and combinatorial problems. The workshop, which will be advertised to universities throughout the Midwest, will train students and beginning researchers in important classical and emerging techniques of combinatorics and graph theory. &lt;br/&gt;&lt;br/&gt;The workshop features two sets of three tutorial lectures, focusing on classical techniques and results in combinatorics that are not always presented in typical graduate sequences, and on emerging techniques on which the speakers are particularly qualified to expound. Tutorial lectures by Professor Edray Goins from Purdue University concern "q-series, Partitions, Generating Functions," "Modular Forms," and "Applications."  Tutorial lectures by Professor Margaret Readdy from the University of Kentucky concern "Quantum Combinatorics," "Coalgebraic Combinatorics," and "Whitney Stratifications and Combinatorics." In addition, the workshop features short talks by students and early-career faculty members. More details may be found at the workshop website &lt;br/&gt;www.stat.purdue.edu/lmwcgt16/</AbstractNarration>
<MinAmdLetterDate>03/17/2016</MinAmdLetterDate>
<MaxAmdLetterDate>03/17/2016</MaxAmdLetterDate>
<ARRAAmount/>
<AwardID>1600382</AwardID>
<Investigator>
<FirstName>Mark</FirstName>
<LastName>Ward</LastName>
<EmailAddress>mdw@purdue.edu</EmailAddress>
<StartDate>03/17/2016</StartDate>
<EndDate/>
<RoleCode>Principal Investigator</RoleCode>
</Investigator>
<Investigator>
<FirstName>Edinah</FirstName>
<LastName>Gnang</LastName>
<EmailAddress>egnang1@jhu.edu</EmailAddress>
<StartDate>03/17/2016</StartDate>
<EndDate/>
<RoleCode>Co-Principal Investigator</RoleCode>
</Investigator>
<Institution>
<Name>Purdue University</Name>
<CityName>West Lafayette</CityName>
<ZipCode>479072114</ZipCode>
<PhoneNumber>7654941055</PhoneNumber>
<StreetAddress>Young Hall</StreetAddress>
<CountryName>United States</CountryName>
<StateName>Indiana</StateName>
<StateCode>IN</StateCode>
</Institution>
<ProgramElement>
<Code>7970</Code>
<Text>Combinatorics</Text>
</ProgramElement>
<ProgramReference>
<Code>7556</Code>
<Text>CONFERENCE AND WORKSHOPS</Text>
</ProgramReference>
</Award>
</rootTag>
