<?xml version="1.0" encoding="UTF-8"?>
<rootTag>
<Award>
<AwardTitle>Developing and Deploying Flipped Classroom Resources for Electrical Engineering, Industrial Maintenance, and Renewable Energy Technicians</AwardTitle>
<AwardEffectiveDate>07/01/2016</AwardEffectiveDate>
<AwardExpirationDate>06/30/2019</AwardExpirationDate>
<AwardAmount>199927</AwardAmount>
<AwardInstrument>
<Value>Standard Grant</Value>
</AwardInstrument>
<Organization>
<Code>11040100</Code>
<Directorate>
<LongName>Direct For Education and Human Resources</LongName>
</Directorate>
<Division>
<LongName>Division Of Undergraduate Education</LongName>
</Division>
</Organization>
<ProgramOfficer>
<SignBlockName>David B. Campbell</SignBlockName>
</ProgramOfficer>
<AbstractNarration>This award addresses a well-documented and growing workforce need for technicians educated in electronics, mechanics, hydraulics, and motor control in a way accessible to those already employed. The focus of this project is to develop online educational resources to support a flipped classroom approach to teaching technical subjects. The flipped classroom approach offers several advantages in that students can watch lectures at the time and place of their choosing and lecture content is always available for review.  This allows a degree of flexibility for those with work and family obligations to attend a program of study. The benefits of the flipped classroom resources will be far reaching because they can be repurposed for other technical programs nationwide. The online lectures can be used to supplement or replace a textbook and cut down on student commute time and expense. The online resources allow non-traditional students with work and family obligations to maintain enrollment in a program of study.&lt;br/&gt;&lt;br/&gt;Columbia Gorge Community College (CGCC) offers a Renewable Energy Technology program that prepares students to work in the field of renewable energy technology. Technicians use electrical and electronic theory to design, build, repair, calibrate, and modify components, circuitry, controls, and machinery and are responsible for operations, maintenance, and repair of equipment at generation and transmission facilities. The content is applicable to regionally significant renewable energy generation, electrical transmission, unmanned aerial surveillance manufacturing, industrial agriculture, and general industrial maintenance, and is adaptable to other programs and regions. Previous online material developed in cooperation with the NSF ATE Center CREATE has had an immediate impact on the CGCC's Renewable Energy Technology program by allowing an evening electronics lab. Incumbent workers can take advantage of the evening labs to expand and update skills while maintaining employment.</AbstractNarration>
<MinAmdLetterDate>04/28/2016</MinAmdLetterDate>
<MaxAmdLetterDate>04/28/2016</MaxAmdLetterDate>
<ARRAAmount/>
<AwardID>1600434</AwardID>
<Investigator>
<FirstName>Jim</FirstName>
<LastName>Pytel</LastName>
<EmailAddress>jpytel@cgcc.edu</EmailAddress>
<StartDate>04/28/2016</StartDate>
<EndDate/>
<RoleCode>Principal Investigator</RoleCode>
</Investigator>
<Institution>
<Name>Columbia Gorge Community College</Name>
<CityName>The Dalles</CityName>
<ZipCode>970583447</ZipCode>
<PhoneNumber>5415066033</PhoneNumber>
<StreetAddress>400 East Scenic Drive</StreetAddress>
<CountryName>United States</CountryName>
<StateName>Oregon</StateName>
<StateCode>OR</StateCode>
</Institution>
<ProgramElement>
<Code>7412</Code>
<Text>ADVANCED TECH EDUCATION PROG</Text>
</ProgramElement>
<ProgramReference>
<Code>1032</Code>
<Text>ADVANCED TECHNOLOGY EDUCATION</Text>
</ProgramReference>
<ProgramReference>
<Code>9178</Code>
<Text>UNDERGRADUATE EDUCATION</Text>
</ProgramReference>
<ProgramReference>
<Code>SMET</Code>
<Text>SCIENCE, MATH, ENG &amp; TECH EDUCATION</Text>
</ProgramReference>
</Award>
</rootTag>
