<?xml version="1.0" encoding="UTF-8"?>
<rootTag>
<Award>
<AwardTitle>De Branges Spaces as Models for a General Theory of Function Spaces</AwardTitle>
<AwardEffectiveDate>06/01/2016</AwardEffectiveDate>
<AwardExpirationDate>05/31/2019</AwardExpirationDate>
<AwardAmount>138000</AwardAmount>
<AwardInstrument>
<Value>Standard Grant</Value>
</AwardInstrument>
<Organization>
<Code>03040000</Code>
<Directorate>
<LongName>Direct For Mathematical &amp; Physical Scien</LongName>
</Directorate>
<Division>
<LongName>Division Of Mathematical Sciences</LongName>
</Division>
</Organization>
<ProgramOfficer>
<SignBlockName>Edward Taylor</SignBlockName>
</ProgramOfficer>
<AbstractNarration>Modern processing of signals is almost always performed on the digital (discretized) version of the original signals, which is obtained by sampling the signals on a discrete set. One of the fundamental issues when converting an analog (continuous) signal to a digital (discrete) one is the following question: Can the original signals be recovered from the samples, and if so, how accurately? The answer, of course, depends heavily on the nature of the signals that are being processed. For example, signals that are more complex (oscillatory) in nature require more samples for accurate reconstruction. The precise mathematical relationship between the rate of oscillation and the required rate of sampling is surprisingly delicate, especially when the samples are non-uniform. This project is centered on the problem of understanding precisely this relationship, including several other mathematical questions that arise naturally from it. &lt;br/&gt;&lt;br/&gt;Analytic function spaces have always played an important role in the mathematical theory of signal processing. One natural class of such spaces that is particularly useful when studying non-uniform sampling is the class of de Branges spaces. Introduced in the sixties, the theory of de Branges spaces encompassed a great deal of mathematical analysis knowledge at that time, and it continues to play an important role in modern mathematics, providing a setting for the interplay of various areas of mathematics, including Fourier analysis, spectral theory, operator theory, random matrix theory, analytic number theory, and mathematical physics. The main research objective of this project is to conduct a deeper analysis of de Branges function spaces, and use the resulting findings to attack and resolve several long-standing open problems. Many of these problems are much more general in nature and go far beyond the setting of de Branges spaces. The reason that de Branges spaces serve as a model rests on the fact that this class of spaces already exhibits most of the key difficulties confronting signal processors. Another important goal of this project is to develop a theory that will unify the theory of classical function spaces, and use this unification as a guideline for developing new methods for resolving the remaining open questions about these spaces.</AbstractNarration>
<MinAmdLetterDate>04/15/2016</MinAmdLetterDate>
<MaxAmdLetterDate>04/15/2016</MaxAmdLetterDate>
<ARRAAmount/>
<AwardID>1600874</AwardID>
<Investigator>
<FirstName>Mishko</FirstName>
<LastName>Mitkovski</LastName>
<EmailAddress>mmitkov@clemson.edu</EmailAddress>
<StartDate>04/15/2016</StartDate>
<EndDate/>
<RoleCode>Principal Investigator</RoleCode>
</Investigator>
<Institution>
<Name>Clemson University</Name>
<CityName>CLEMSON</CityName>
<ZipCode>296345701</ZipCode>
<PhoneNumber>8646562424</PhoneNumber>
<StreetAddress>230 Kappa Street</StreetAddress>
<CountryName>United States</CountryName>
<StateName>South Carolina</StateName>
<StateCode>SC</StateCode>
</Institution>
<ProgramElement>
<Code>1281</Code>
<Text>ANALYSIS PROGRAM</Text>
</ProgramElement>
<ProgramReference>
<Code>9150</Code>
<Text>EXP PROG TO STIM COMP RES</Text>
</ProgramReference>
</Award>
</rootTag>
