<?xml version="1.0" encoding="UTF-8"?>
<rootTag>
<Award>
<AwardTitle>Combinatorics of Macdonald Polynomials and Schubert Calculus</AwardTitle>
<AwardEffectiveDate>08/01/2016</AwardEffectiveDate>
<AwardExpirationDate>04/30/2018</AwardExpirationDate>
<AwardAmount>185532</AwardAmount>
<AwardInstrument>
<Value>Continuing grant</Value>
</AwardInstrument>
<Organization>
<Code>03040000</Code>
<Directorate>
<LongName>Direct For Mathematical &amp; Physical Scien</LongName>
</Directorate>
<Division>
<LongName>Division Of Mathematical Sciences</LongName>
</Division>
</Organization>
<ProgramOfficer>
<SignBlockName>Tomek Bartoszynski</SignBlockName>
</ProgramOfficer>
<AbstractNarration>Combinatorics is an active and central branch of pure and applied mathematics. Because the field is concerned with the development of tools for analyzing, organizing, and arranging discrete data, combinatorial methods are essential in many scientific areas such as genomics, computer science, statistics, and physics. The methods can often be traced back to research inspired by problems in algebra and geometry. For example, the RSA public-key encryption algorithm is based on a combinatorial result in modular arithmetic. This research project is devoted to developing combinatorial techniques for attacking problems that connect to algebraic and geometric areas such as symmetric function theory, a subject with applications to probability and statistical mechanics. The investigation will make use of a computational symbolic algebra system and will further develop the SAGE open-source mathematics software suite. &lt;br/&gt;&lt;br/&gt;This research project spans combinatorial problems in representation theory, algebraic geometry, and physics. The inspiration comes from the central importance of constructions such as tableaux and Bruhat posets in the classical studies of representations of the complex linear group and Schubert calculus. The precision of combinatorics is carried to more abstract problems by a distinguished Schur basis for the algebra of symmetric functions. The project concerns variations on the classical theories that address subtle questions about geometric Gromov-Witten invariants, symmetric functions over a field of parameters, bi-graded representations, and quantum integrable systems. A priority is to develop the necessary combinatorial framework for the contemporary set of problems. The venture goes hand in hand with an investigation of refined physical, geometric, and algebraic theories attached to the combinatorics. The resulting combinatorial constructions will lend computational facility to related application areas.</AbstractNarration>
<MinAmdLetterDate>04/18/2016</MinAmdLetterDate>
<MaxAmdLetterDate>08/20/2017</MaxAmdLetterDate>
<ARRAAmount/>
<AwardID>1600953</AwardID>
<Investigator>
<FirstName>Jennifer</FirstName>
<LastName>Morse</LastName>
<EmailAddress>morsej@virginia.edu</EmailAddress>
<StartDate>04/18/2016</StartDate>
<EndDate/>
<RoleCode>Principal Investigator</RoleCode>
</Investigator>
<Institution>
<Name>Drexel University</Name>
<CityName>Philadelphia</CityName>
<ZipCode>191021119</ZipCode>
<PhoneNumber>2158955849</PhoneNumber>
<StreetAddress>1505 Race St, 10th Floor</StreetAddress>
<CountryName>United States</CountryName>
<StateName>Pennsylvania</StateName>
<StateCode>PA</StateCode>
</Institution>
<ProgramElement>
<Code>7970</Code>
<Text>Combinatorics</Text>
</ProgramElement>
</Award>
</rootTag>
