<?xml version="1.0" encoding="UTF-8"?>
<rootTag>
<Award>
<AwardTitle>Descriptive Set Theory and Measured Group Theory</AwardTitle>
<AwardEffectiveDate>07/01/2016</AwardEffectiveDate>
<AwardExpirationDate>06/30/2019</AwardExpirationDate>
<AwardAmount>150000</AwardAmount>
<AwardInstrument>
<Value>Standard Grant</Value>
</AwardInstrument>
<Organization>
<Code>03040000</Code>
<Directorate>
<LongName>Direct For Mathematical &amp; Physical Scien</LongName>
</Directorate>
<Division>
<LongName>Division Of Mathematical Sciences</LongName>
</Division>
</Organization>
<ProgramOfficer>
<SignBlockName>Tomek Bartoszynski</SignBlockName>
</ProgramOfficer>
<AbstractNarration>This project aims to address several problems in the areas of descriptive combinatorics and orbit equivalence. These topics lie at the interface of descriptive set theory, measured group theory, graph theory, ergodic theory, probability theory, and operator algebras. In recent years, mathematicians in these fields have come to realize that problems concerning algebraic, dynamical, and descriptive structural complexity of countable group and equivalence relations can be fruitfully studied via descriptive combinatorial and graph theoretic means. The principal investigator and collaborators have employed this combinatorial perspective to create new tools used to answer several open problems in these fields. In addition to a combinatorial perspective, research in these fields is also facilitated by a global perspective, from which problems in ergodic theory, for example, may be seen as topological-dynamical and descriptive problems concerning actions of the group of automorphisms of a standard probability space. This research project aims to generate more new general tools and to promote fruitful interactions among these fields. &lt;br/&gt;&lt;br/&gt;Measured group theory seeks to understand countably infinite groups through ergodic theoretic properties of their measurable actions on standard probability spaces, and particularly through structural properties of the orbit equivalence relations generated by these actions. The motivating phenomenon is that algebraic properties of an acting group are often expressed through measurable properties of the associated equivalence relation. An extreme form of this phenomenon is seen in orbit equivalence and cocycle rigidity and superrigidity theorems, which state that in certain settings an equivalence relation completely remembers the group from which it was generated. At the other extreme are what might be called orbit equivalence anti-rigidity theorems, stating that certain groups and actions cannot be distinguished by looking at the equivalence relations they generate. This research project touches upon phenomena at both of these extremes. The questions are motivated by rigidity/anti-rigidity results established by the principal investigator and collaborators, which have led to new questions addressed in this project. The project will address problems concerning algebraic, dynamical, and descriptive structural complexity of countable groups and equivalence relations, specifically in the areas of orbit equivalence, treeability, cocycle superrigidity, weak equivalence rigidity, and measurable combinatorial properties and parameters of graphs and group actions. The project pursues a descriptive combinatorial and graph theoretic approach to these problems.</AbstractNarration>
<MinAmdLetterDate>03/25/2016</MinAmdLetterDate>
<MaxAmdLetterDate>03/25/2016</MaxAmdLetterDate>
<ARRAAmount/>
<AwardID>1600904</AwardID>
<Investigator>
<FirstName>Robin</FirstName>
<LastName>Tucker-Drob</LastName>
<EmailAddress>rtuckerd@math.tamu.edu</EmailAddress>
<StartDate>03/25/2016</StartDate>
<EndDate/>
<RoleCode>Principal Investigator</RoleCode>
</Investigator>
<Institution>
<Name>Texas A&amp;M University Main Campus</Name>
<CityName>College Station</CityName>
<ZipCode>778454375</ZipCode>
<PhoneNumber>9798626777</PhoneNumber>
<StreetAddress>400 Harvey Mitchell Pkwy South</StreetAddress>
<CountryName>United States</CountryName>
<StateName>Texas</StateName>
<StateCode>TX</StateCode>
</Institution>
<ProgramElement>
<Code>1268</Code>
<Text>FOUNDATIONS</Text>
</ProgramElement>
</Award>
</rootTag>
