<?xml version="1.0" encoding="UTF-8"?>
<rootTag>
<Award>
<AwardTitle>Regional Center for Nuclear Education and Training (RCNET)</AwardTitle>
<AwardEffectiveDate>10/01/2016</AwardEffectiveDate>
<AwardExpirationDate>09/30/2021</AwardExpirationDate>
<AwardAmount>3028500</AwardAmount>
<AwardInstrument>
<Value>Standard Grant</Value>
</AwardInstrument>
<Organization>
<Code>11040100</Code>
<Directorate>
<LongName>Direct For Education and Human Resources</LongName>
</Directorate>
<Division>
<LongName>Division Of Undergraduate Education</LongName>
</Division>
</Organization>
<ProgramOfficer>
<SignBlockName>David B. Campbell</SignBlockName>
</ProgramOfficer>
<AbstractNarration>The Regional Center for Nuclear Education and Training (RCNET) provides programs in nuclear energy, nuclear environmental management, and nuclear life and plant science. RCNET brings a history of curriculum solutions and professional development to a growing nuclear community; offering best practices in areas including cross-training, nuclear culture immersion, soft skills development, and the embedding of emerging technologies (including nuclear processes in manufacturing) into the college classroom. Through this award, college nuclear programs will have increased industry involvement and more sustainable programs, which will result in better placement and graduation rates. RCNET addresses critical workforce, environmental, political, and economic concerns. Nuclear technology is embedded into multiple disciplines and is crucial to the present and future of the United States' technical fields. Nuclear energy powers over 19% of the United States, is an integral part of the Navy, and is a critical element in space exploration. Nuclear isotopes are used to diagnose and treat a spectrum of medical conditions, including cancer. One-third of all environmental management sites have a nuclear component. Nuclear technologies are even used in a wide variety of manufacturing applications. These nuclear industries account for more than 2.6 million jobs and $120 billion toward the United States Gross Domestic Product. With an aging population, natural attrition, and expected job growth, there will be over 65,000 high-paying nuclear career opportunities by 2030. By coordinating and supporting a broad network of nuclear training facilities, capable of meeting the United States industry's needs, RCNET eliminates the risk of a serious shortage in highly trained nuclear technicians. RCNET will accelerate the implementation of new nuclear technologies and facilities (ultimately facilitating the United States' quest for energy independence); assist with the development of a domestic supply of medical radioisotopes; provide for a cleaner, safer nation; and strengthen our nation's manufacturing initiatives. &lt;br/&gt;&lt;br/&gt;The Regional Center for Nuclear Education &amp; Training (RCNET) is focused on the development and sustainability of a highly technical workforce pipeline for the nuclear fields of power generation, environmental management, and life and plant sciences. The six key goals are: 1) Expand and maintain a learning repository with comprehensive standardized curriculum for power generation, environmental management, and life and plant sciences; 2) Increase academic and career pathways for students and technicians across nuclear STEM fields; 3) Develop, promote, and broaden partnerships between industry and academic institutions to increase articulation, college completion and career placement; 4) Develop and provide access to best practices in hands-on training, affective domain instruction, and emerging technologies through professional development; 5) Create and disseminate educational material to increase awareness of nuclear academic programs and careers; and 6) Promote and increase the number of under-represented populations in nuclear STEM fields.</AbstractNarration>
<MinAmdLetterDate>09/21/2016</MinAmdLetterDate>
<MaxAmdLetterDate>07/05/2017</MaxAmdLetterDate>
<ARRAAmount/>
<AwardID>1600558</AwardID>
<Investigator>
<FirstName>Heather</FirstName>
<LastName>Weber</LastName>
<EmailAddress>heather.weber@estrellamountain.edu</EmailAddress>
<StartDate>09/21/2016</StartDate>
<EndDate/>
<RoleCode>Co-Principal Investigator</RoleCode>
</Investigator>
<Investigator>
<FirstName>Kevin</FirstName>
<LastName>Cooper</LastName>
<EmailAddress>kcooper@irsc.edu</EmailAddress>
<StartDate>09/21/2016</StartDate>
<EndDate/>
<RoleCode>Principal Investigator</RoleCode>
</Investigator>
<Investigator>
<FirstName>Leonel</FirstName>
<LastName>Lagos</LastName>
<EmailAddress>lagosl@fiu.edu</EmailAddress>
<StartDate>09/21/2016</StartDate>
<EndDate/>
<RoleCode>Co-Principal Investigator</RoleCode>
</Investigator>
<Investigator>
<FirstName>Tim</FirstName>
<LastName>McGhee</LastName>
<EmailAddress>Tim.McGhee@chattanoogastate.edu</EmailAddress>
<StartDate>09/21/2016</StartDate>
<EndDate/>
<RoleCode>Co-Principal Investigator</RoleCode>
</Investigator>
<Institution>
<Name>Indian River State College</Name>
<CityName>Fort Pierce</CityName>
<ZipCode>349815541</ZipCode>
<PhoneNumber>7724624703</PhoneNumber>
<StreetAddress>3209 Virginia Avenue</StreetAddress>
<CountryName>United States</CountryName>
<StateName>Florida</StateName>
<StateCode>FL</StateCode>
</Institution>
<ProgramElement>
<Code>7412</Code>
<Text>ADVANCED TECH EDUCATION PROG</Text>
</ProgramElement>
<ProgramReference>
<Code>1032</Code>
<Text>ADVANCED TECHNOLOGY EDUCATION</Text>
</ProgramReference>
<ProgramReference>
<Code>9178</Code>
<Text>UNDERGRADUATE EDUCATION</Text>
</ProgramReference>
<ProgramReference>
<Code>SMET</Code>
<Text>SCIENCE, MATH, ENG &amp; TECH EDUCATION</Text>
</ProgramReference>
</Award>
</rootTag>
