<?xml version="1.0" encoding="UTF-8"?>
<rootTag>
<Award>
<AwardTitle>Midwest Several Complex Variables Conference</AwardTitle>
<AwardEffectiveDate>05/01/2016</AwardEffectiveDate>
<AwardExpirationDate>04/30/2017</AwardExpirationDate>
<AwardAmount>33000</AwardAmount>
<AwardInstrument>
<Value>Standard Grant</Value>
</AwardInstrument>
<Organization>
<Code>03040000</Code>
<Directorate>
<LongName>Direct For Mathematical &amp; Physical Scien</LongName>
</Directorate>
<Division>
<LongName>Division Of Mathematical Sciences</LongName>
</Division>
</Organization>
<ProgramOfficer>
<SignBlockName>Edward Taylor</SignBlockName>
</ProgramOfficer>
<AbstractNarration>This award provides funding for the  "Midwest Several Complex Variables Conference,"  to be held at the University of Toledo  from May 13 to May 15, 2016.&lt;br/&gt;&lt;br/&gt;The conference focuses on recent developments in Analysis, especially in the fields of several complex variables, Cauchy-Riemann geometry, d-bar theory, and other related topics.  A number of distinguished mathematicians have agreed to attend and speak at this conference. The award gives early career researchers, researchers who are members of underrepresented groups, researchers not funded by NSF a chance to attend and participate in this conference.  The organizing committee will strive to make this funding opportunity known to target groups through a number of different activities.  More information will be made available at: https://sites.google.com/a/umich.edu/mw-scv-16/</AbstractNarration>
<MinAmdLetterDate>11/06/2015</MinAmdLetterDate>
<MaxAmdLetterDate>11/06/2015</MaxAmdLetterDate>
<ARRAAmount/>
<AwardID>1600121</AwardID>
<Investigator>
<FirstName>Sonmez</FirstName>
<LastName>Sahutoglu</LastName>
<EmailAddress>sonmez.sahutoglu@utoledo.edu</EmailAddress>
<StartDate>11/06/2015</StartDate>
<EndDate/>
<RoleCode>Principal Investigator</RoleCode>
</Investigator>
<Institution>
<Name>University of Toledo</Name>
<CityName>TOLEDO</CityName>
<ZipCode>436063390</ZipCode>
<PhoneNumber>4195302844</PhoneNumber>
<StreetAddress>2801 W Bancroft St., MS 218</StreetAddress>
<CountryName>United States</CountryName>
<StateName>Ohio</StateName>
<StateCode>OH</StateCode>
</Institution>
<ProgramElement>
<Code>1281</Code>
<Text>ANALYSIS PROGRAM</Text>
</ProgramElement>
<ProgramReference>
<Code>7556</Code>
<Text>CONFERENCE AND WORKSHOPS</Text>
</ProgramReference>
</Award>
</rootTag>
