<?xml version="1.0" encoding="UTF-8"?>
<rootTag>
<Award>
<AwardTitle>Research Initiation Award: Leveraging Protein Structure Determination: An Efficient Algorithmic Approach</AwardTitle>
<AwardEffectiveDate>04/01/2016</AwardEffectiveDate>
<AwardExpirationDate>03/31/2019</AwardExpirationDate>
<AwardAmount>300000</AwardAmount>
<AwardInstrument>
<Value>Standard Grant</Value>
</AwardInstrument>
<Organization>
<Code>11060000</Code>
<Directorate>
<LongName>Direct For Education and Human Resources</LongName>
</Directorate>
<Division>
<LongName>Division Of Human Resource Development</LongName>
</Division>
</Organization>
<ProgramOfficer>
<SignBlockName>Martha L. James</SignBlockName>
</ProgramOfficer>
<AbstractNarration>Research Initiation Awards (RIAs) provide support for junior faculty at Historically Black Colleges and Universities (HBCUs) who are starting to build a research program, as well as for mid-career faculty who need to re-direct and re-build a research program.  It is expected that the award helps to further the faculty member's research capability and effectiveness, improves research and teaching at the researcher's home institution, and involves undergraduate students in research experiences.&lt;br/&gt;&lt;br/&gt;Traditionally, biophysics experimental techniques have been used to determine the structures of protein molecules.  The goal of Tennessee State University's (TSU) HBCU-UP RIA project is to computationally predict the structure of proteins that are difficult to determine experimentally.  The project's objectives are to 1) develop efficient algorithms to extract features from, process, and analyze the 3D cryo-EM images of protein macromolecules and 2) model protein macromolecules using their cryo-EM images.  The educational goal of the project is to expose students to multidisciplinary research using a hands-on approach to prepare them to compete with their peers in industry or academia in various areas of bioinformatics.  The educational approach and assessment will strongly support the curriculum modulation at Tennessee State University (TSU) and serve as a model for other HBCU institutions.&lt;br/&gt;&lt;br/&gt;The outcome of the research has the potential for contributions to the fields of medicine and health.</AbstractNarration>
<MinAmdLetterDate>03/11/2016</MinAmdLetterDate>
<MaxAmdLetterDate>03/11/2016</MaxAmdLetterDate>
<ARRAAmount/>
<AwardID>1600919</AwardID>
<Investigator>
<FirstName>Kamal</FirstName>
<LastName>Al Nasr</LastName>
<EmailAddress>kalnasr@tnstate.edu</EmailAddress>
<StartDate>03/11/2016</StartDate>
<EndDate/>
<RoleCode>Principal Investigator</RoleCode>
</Investigator>
<Institution>
<Name>Tennessee State University</Name>
<CityName>nashville</CityName>
<ZipCode>372091561</ZipCode>
<PhoneNumber>6159637631</PhoneNumber>
<StreetAddress>3500 John A. Merritt Blvd.</StreetAddress>
<CountryName>United States</CountryName>
<StateName>Tennessee</StateName>
<StateCode>TN</StateCode>
</Institution>
<ProgramElement>
<Code>1594</Code>
<Text>HIST BLACK COLLEGES AND UNIV</Text>
</ProgramElement>
<ProgramReference>
<Code>9150</Code>
<Text>EXP PROG TO STIM COMP RES</Text>
</ProgramReference>
<ProgramReference>
<Code>9178</Code>
<Text>UNDERGRADUATE EDUCATION</Text>
</ProgramReference>
</Award>
</rootTag>
