<?xml version="1.0" encoding="UTF-8"?>
<rootTag>
<Award>
<AwardTitle>Student Travel Support for the 14th USENIX File and Storage Technologies conference (FAST 2016)</AwardTitle>
<AwardEffectiveDate>01/01/2016</AwardEffectiveDate>
<AwardExpirationDate>06/30/2016</AwardExpirationDate>
<AwardAmount>20000</AwardAmount>
<AwardInstrument>
<Value>Standard Grant</Value>
</AwardInstrument>
<Organization>
<Code>05050000</Code>
<Directorate>
<LongName>Direct For Computer &amp; Info Scie &amp; Enginr</LongName>
</Directorate>
<Division>
<LongName>Division Of Computer and Network Systems</LongName>
</Division>
</Organization>
<ProgramOfficer>
<SignBlockName>M. Mimi McClure</SignBlockName>
</ProgramOfficer>
<AbstractNarration>The 2016 USENIX Symposium on File and Storage Technology (FAST) will be held in Santa Clara, CA. February 22-25. This is the leading conference in storage systems and includes interested participants from across academia and industry.  This award is to support students to showcase and discuss their research. Particular interest will be given to broadening participation and supporting students who would otherwise be unable to attend the conference. Special emphasis will be made to sponsor students having no other means of support from their academic departments. &lt;br/&gt;&lt;br/&gt;In addition to meeting leading practitioners of storage systems, attending regular program sessions, this year students will also students receiving assistance will be asked to participate in various ways, including: serving as scribes for the conference sessions to write summaries for a later issue of ;login: magazine. A special event is planned for students to meet informally with senior members of the community.&lt;br/&gt;&lt;br/&gt;Intellectual Merits. This conference is the premier forum for advanced professionals from academic and industrial backgrounds to meet and discuss the latest research in systems software.  &lt;br/&gt;&lt;br/&gt;Broader Impacts. Participation in USENIX 2016 provides students with the opportunity to interact with senior researchers in the field, exposes students to cutting edge advances, and is a valuable and important part of the graduate school experience.</AbstractNarration>
<MinAmdLetterDate>11/24/2015</MinAmdLetterDate>
<MaxAmdLetterDate>11/24/2015</MaxAmdLetterDate>
<ARRAAmount/>
<AwardID>1600140</AwardID>
<Investigator>
<FirstName>Donald</FirstName>
<LastName>Porter</LastName>
<EmailAddress>porter@cs.unc.edu</EmailAddress>
<StartDate>11/24/2015</StartDate>
<EndDate/>
<RoleCode>Principal Investigator</RoleCode>
</Investigator>
<Institution>
<Name>SUNY at Stony Brook</Name>
<CityName>Stony Brook</CityName>
<ZipCode>117940001</ZipCode>
<PhoneNumber>6316329949</PhoneNumber>
<StreetAddress>WEST 5510 FRK MEL LIB</StreetAddress>
<CountryName>United States</CountryName>
<StateName>New York</StateName>
<StateCode>NY</StateCode>
</Institution>
<ProgramElement>
<Code>7354</Code>
<Text>Computer Systems Research (CSR</Text>
</ProgramElement>
<ProgramReference>
<Code>7354</Code>
<Text>COMPUTER SYSTEMS</Text>
</ProgramReference>
</Award>
</rootTag>
