<?xml version="1.0" encoding="UTF-8"?>
<rootTag>
<Award>
<AwardTitle>Renormalization: From One- to Two-Dimensional Systems</AwardTitle>
<AwardEffectiveDate>09/01/2016</AwardEffectiveDate>
<AwardExpirationDate>08/31/2019</AwardExpirationDate>
<AwardAmount>180001</AwardAmount>
<AwardInstrument>
<Value>Standard Grant</Value>
</AwardInstrument>
<Organization>
<Code>03040000</Code>
<Directorate>
<LongName>Direct For Mathematical &amp; Physical Scien</LongName>
</Directorate>
<Division>
<LongName>Division Of Mathematical Sciences</LongName>
</Division>
</Organization>
<ProgramOfficer>
<SignBlockName>Edward Taylor</SignBlockName>
</ProgramOfficer>
<AbstractNarration>Dynamics studies time evolution of systems. The areas of application range from the solar system, global weather on earth, to the future and past of the cosmos and everything between. Although there is an enormous variety of systems, one often observes common features. The role of mathematics in dynamics can be found not only in fundamental contributions to geometrical and probabilistic aspects of dynamics but also in concrete algorithms for predictions. We are still very far from a global understanding of dynamics. Generally speaking we only understand the dynamics of real world systems by numerical simulations. Refined theories are only available in specific and relatively simple systems. The degree of complexity one can expect increases with the number of observables involved and the dimension of the system. Among the most refined areas of dynamics are those where the underling space is an interval or the real line.  This is what is called "one-dimensional dynamics".  Although one-dimensional dynamics is the simplest of the simplest, the one-dimensional theory is extremely rich. The central tool in one-dimensional dynamics is renormalization. It connects the combinatorial structure of the system with its geometrical and probabilistic behavior. One step up, is the theory of two-dimensional dynamics where the underlying space is the Euclidean plane or a piece of it.  This area of research is still wide open. The main goal of this project is to introduce renormalization into two-dimensional dynamics and to explore its consequences for the development of a theory for two-dimensional dynamics.&lt;br/&gt;&lt;br/&gt;Henon maps play a crucial role in understanding transitions observed in general smooth dynamics. The most famous example is the transition to chaos in dissipative dynamics. Renormalization plays the central role in understanding these transitions. This has been fully developed for general one-dimensional dynamics and for the transition to chaos in two dimensional dissipative dynamics. This success of renormalization inspired this project. The main goal of the research is to extend the period doubling renormalization theory. In particular, it will introduce Generalized Renormalization which is able to describe systems with general combinatorial structure and the corresponding transitions observed in Henon families. Secondly, it will continue the development of a theory for the dynamics of Henon maps at transition to chaos. Renormalization theory gives us invaluable insights into universality features of dynamical and parameter-regions. It should become an intrinsic part a comprehensive picture of two-dimensional dynamics.</AbstractNarration>
<MinAmdLetterDate>08/30/2016</MinAmdLetterDate>
<MaxAmdLetterDate>08/30/2016</MaxAmdLetterDate>
<ARRAAmount/>
<AwardID>1600554</AwardID>
<Investigator>
<FirstName>Marco</FirstName>
<LastName>Martens</LastName>
<EmailAddress>marco@math.sunysb.edu</EmailAddress>
<StartDate>08/30/2016</StartDate>
<EndDate/>
<RoleCode>Principal Investigator</RoleCode>
</Investigator>
<Institution>
<Name>SUNY at Stony Brook</Name>
<CityName>Stony Brook</CityName>
<ZipCode>117940001</ZipCode>
<PhoneNumber>6316329949</PhoneNumber>
<StreetAddress>WEST 5510 FRK MEL LIB</StreetAddress>
<CountryName>United States</CountryName>
<StateName>New York</StateName>
<StateCode>NY</StateCode>
</Institution>
<ProgramElement>
<Code>1281</Code>
<Text>ANALYSIS PROGRAM</Text>
</ProgramElement>
</Award>
</rootTag>
