<?xml version="1.0" encoding="UTF-8"?>
<rootTag>
<Award>
<AwardTitle>Utility Based Pricing and Hedging in Incomplete Markets with Stochastic Preferences in a Unifying Framework of Admissibility</AwardTitle>
<AwardEffectiveDate>09/15/2015</AwardEffectiveDate>
<AwardExpirationDate>08/31/2019</AwardExpirationDate>
<AwardAmount>115237</AwardAmount>
<AwardInstrument>
<Value>Standard Grant</Value>
</AwardInstrument>
<Organization>
<Code>03040000</Code>
<Directorate>
<LongName>Direct For Mathematical &amp; Physical Scien</LongName>
</Directorate>
<Division>
<LongName>Division Of Mathematical Sciences</LongName>
</Division>
</Organization>
<ProgramOfficer>
<SignBlockName>Michael H. Steuerwalt</SignBlockName>
</ProgramOfficer>
<AbstractNarration>The problems of pricing and hedging of financial instruments are of fundamental importance from both theoretical and practical sides of mathematical finance.  In this research project, the investigator develops a novel framework and an approach for analysis of various notions of prices and hedging strategies in general models of financial markets.  He aims to develop a utility-based pricing method for contingent claims with embedded payment streams. &lt;br/&gt;&lt;br/&gt;In a complete financial market every contingent claim can be replicated by a portfolio of the traded securities and therefore admits a unique arbitrage-free price, which is an initial value of the replicating strategy.  In an incomplete market, to every contingent claim is associated an interval of arbitrage-free prices (unless the claim is replicable).  In order to overcome the issue of non-uniqueness, alternative (equilibrium- or utility-based) approaches have been developed.  The present project focuses on the probabilistic process-theoretic aspects of the problems of utility-based pricing and hedging of contingent claims and income streams.  The aim of this project is twofold -- investigation of different notions of prices, hedging strategies, and relationships between them, in the settings that include stochastic utility (as a natural generalization of the utility function concept), and a construction of a utility-based pricing methodology for the contingent claims with embedded payment streams, in incomplete continuous-time models of financial markets.  A novel concept of a unified framework of admissibility is introduced for the accomplishment of the goals described above.  The unified framework permits consideration of the underlying utility maximization problems with different types of budget constraints, in one formulation.  On the technical level, the analysis relies on the existing and new techniques drawing on the general theory of semimartingales, stochastic optimal control, and convex analysis.  The approach provides a firm ground for an extension of the scope of applicability of the utility-based pricing techniques and for asymptotic expansions of the utility-based prices and hedging strategies.</AbstractNarration>
<MinAmdLetterDate>10/22/2015</MinAmdLetterDate>
<MaxAmdLetterDate>10/22/2015</MaxAmdLetterDate>
<ARRAAmount/>
<AwardID>1600307</AwardID>
<Investigator>
<FirstName>Oleksii</FirstName>
<LastName>Mostovyi</LastName>
<EmailAddress>oleksii.mostovyi@uconn.edu</EmailAddress>
<StartDate>10/22/2015</StartDate>
<EndDate/>
<RoleCode>Principal Investigator</RoleCode>
</Investigator>
<Institution>
<Name>University of Connecticut</Name>
<CityName>Storrs</CityName>
<ZipCode>062691133</ZipCode>
<PhoneNumber>8604863622</PhoneNumber>
<StreetAddress>438 Whitney Road Ext.</StreetAddress>
<CountryName>United States</CountryName>
<StateName>Connecticut</StateName>
<StateCode>CT</StateCode>
</Institution>
<ProgramElement>
<Code>1266</Code>
<Text>APPLIED MATHEMATICS</Text>
</ProgramElement>
</Award>
</rootTag>
