<?xml version="1.0" encoding="UTF-8"?>
<rootTag>
<Award>
<AwardTitle>TWC: Small: Securing Smart Power Grids under Data Measurement Cyber Threats</AwardTitle>
<AwardEffectiveDate>08/16/2015</AwardEffectiveDate>
<AwardExpirationDate>07/31/2019</AwardExpirationDate>
<AwardAmount>515550</AwardAmount>
<AwardInstrument>
<Value>Standard Grant</Value>
</AwardInstrument>
<Organization>
<Code>05050000</Code>
<Directorate>
<LongName>Direct For Computer &amp; Info Scie &amp; Enginr</LongName>
</Directorate>
<Division>
<LongName>Division Of Computer and Network Systems</LongName>
</Division>
</Organization>
<ProgramOfficer>
<SignBlockName>David Corman</SignBlockName>
</ProgramOfficer>
<AbstractNarration>Power systems are changing with the rapid deployment of remote sensing devices such as Phasor Measurement Units (PMU) and integration of more capable Supervisory Control and Data Acquisition (SCADA) systems. PMU measurements, generated every second, are used by power system operators to make critical decisions. With more utilities adopting PMUs for real-time system monitoring, power systems are exposed to more cyber-threats targeting these devices.&lt;br/&gt;&lt;br/&gt;This research investigates means to determine the impacts of data intrusion on PMU devices, and will propose mitigation strategies. The outcomes will identify cyber-attacks that can result in cascading blackouts as well as the most critical components of power systems that are likely to be targeted by cyber threats. This multidisciplinary research will focus on three fundamental goals: (1) Quantifying the impact and severity of false data injection; (2) Detection of anomalies; and (3) Mitigation of the impacts. The project delineates differences between trivial and critical data manipulations and evinces the need to protect some measurements more than others. The project will systematically identify the most critical power system measurements that are best candidates for additional protection.&lt;br/&gt;&lt;br/&gt;The findings of this research will establish the foundations for protecting the most critical assets in power grids. As part of the broader impacts of this research, a diverse group of graduate and undergraduate students, especially women and underrepresented students can be trained in smart grid protection and planning. Mitigation methods proposed in this research can be extended to other complex networks and the proposed methods for identifying most critical components can be employed in other industries.</AbstractNarration>
<MinAmdLetterDate>10/22/2015</MinAmdLetterDate>
<MaxAmdLetterDate>05/29/2018</MaxAmdLetterDate>
<ARRAAmount/>
<AwardID>1600058</AwardID>
<Investigator>
<FirstName>Sara</FirstName>
<LastName>Eftekharnejad</LastName>
<EmailAddress>seftekha@syr.edu</EmailAddress>
<StartDate>10/22/2015</StartDate>
<EndDate/>
<RoleCode>Principal Investigator</RoleCode>
</Investigator>
<Institution>
<Name>Syracuse University</Name>
<CityName>SYRACUSE</CityName>
<ZipCode>132441200</ZipCode>
<PhoneNumber>3154432807</PhoneNumber>
<StreetAddress>OFFICE OF SPONSORED PROGRAMS</StreetAddress>
<CountryName>United States</CountryName>
<StateName>New York</StateName>
<StateCode>NY</StateCode>
</Institution>
<ProgramElement>
<Code>1714</Code>
<Text>SPECIAL PROJECTS - CISE</Text>
</ProgramElement>
<ProgramElement>
<Code>8060</Code>
<Text>Secure &amp;Trustworthy Cyberspace</Text>
</ProgramElement>
<ProgramReference>
<Code>025Z</Code>
<Text>SaTC: Secure and Trustworthy Cyberspace</Text>
</ProgramReference>
<ProgramReference>
<Code>7434</Code>
<Text>CNCI</Text>
</ProgramReference>
<ProgramReference>
<Code>7923</Code>
<Text>SMALL PROJECT</Text>
</ProgramReference>
<ProgramReference>
<Code>9102</Code>
<Text>WOMEN, MINORITY, DISABLED, NEC</Text>
</ProgramReference>
<ProgramReference>
<Code>9150</Code>
<Text>EXP PROG TO STIM COMP RES</Text>
</ProgramReference>
<ProgramReference>
<Code>9178</Code>
<Text>UNDERGRADUATE EDUCATION</Text>
</ProgramReference>
<ProgramReference>
<Code>9251</Code>
<Text>RES EXPER FOR UNDERGRAD-SUPPLT</Text>
</ProgramReference>
</Award>
</rootTag>
