<?xml version="1.0" encoding="UTF-8"?>
<rootTag>
<Award>
<AwardTitle>Proof Theory: Finite Data from Infinite Mathematics</AwardTitle>
<AwardEffectiveDate>09/01/2016</AwardEffectiveDate>
<AwardExpirationDate>08/31/2019</AwardExpirationDate>
<AwardAmount>113141</AwardAmount>
<AwardInstrument>
<Value>Continuing grant</Value>
</AwardInstrument>
<Organization>
<Code>03040000</Code>
<Directorate>
<LongName>Direct For Mathematical &amp; Physical Scien</LongName>
</Directorate>
<Division>
<LongName>Division Of Mathematical Sciences</LongName>
</Division>
</Organization>
<ProgramOfficer>
<SignBlockName>Tomek Bartoszynski</SignBlockName>
</ProgramOfficer>
<AbstractNarration>Many mathematical questions can be solved in multiple ways, each with its own advantages.  Short, conceptual proofs can avoid complicated calculations, but sometimes cannot provide the detailed quantitative information those calculations would reveal.  A recent insight is that, sometimes, mathematics can have it both ways.  By studying the structure of mathematical proof itself, techniques from the field known as proof theory make it possible to take abstract proofs and to extract detailed calculations from them.  Used in the opposite direction, these techniques can take certain kinds of lengthy calculations and replace them with short, abstract arguments which can then be generalized to prove new results.  The focus of this project is to both further extend these techniques to new areas, particularly recently discovered applications in statistics, as well as continue the application of known techniques to new problems, especially in areas where probability and randomness play a central role.&lt;br/&gt;&lt;br/&gt;In this project, Towsner will build on previous applications of ultraproducts to studying the way mathematical objects can be separated into structured and random parts.  An explicit quantitative approach to such dichotomies has long been central to extremal graph theory, but recent work has shown that these can also be viewed in measure-theoretic terms by using ultraproducts to mediate between the finitary and infinitary perspectives, leading to new results in the area.  Towsner will study this connection systematically, both developing new tools in the infinitary setting and using the proof-theoretic functional interpretation to translate these tools back to the classical setting, extracting explicit calculations from these infinitary arguments.</AbstractNarration>
<MinAmdLetterDate>03/10/2016</MinAmdLetterDate>
<MaxAmdLetterDate>07/19/2017</MaxAmdLetterDate>
<ARRAAmount/>
<AwardID>1600263</AwardID>
<Investigator>
<FirstName>Henry</FirstName>
<LastName>Towsner</LastName>
<EmailAddress>htowsner@gmail.com</EmailAddress>
<StartDate>03/10/2016</StartDate>
<EndDate/>
<RoleCode>Principal Investigator</RoleCode>
</Investigator>
<Institution>
<Name>University of Pennsylvania</Name>
<CityName>Philadelphia</CityName>
<ZipCode>191046205</ZipCode>
<PhoneNumber>2158987293</PhoneNumber>
<StreetAddress>Research Services</StreetAddress>
<CountryName>United States</CountryName>
<StateName>Pennsylvania</StateName>
<StateCode>PA</StateCode>
</Institution>
<ProgramElement>
<Code>1268</Code>
<Text>FOUNDATIONS</Text>
</ProgramElement>
<ProgramElement>
<Code>7970</Code>
<Text>Combinatorics</Text>
</ProgramElement>
</Award>
</rootTag>
