<?xml version="1.0" encoding="UTF-8"?>
<rootTag>
<Award>
<AwardTitle>Operator Algebras before and after Jiang-Su Stability</AwardTitle>
<AwardEffectiveDate>09/01/2016</AwardEffectiveDate>
<AwardExpirationDate>08/31/2019</AwardExpirationDate>
<AwardAmount>180000</AwardAmount>
<AwardInstrument>
<Value>Standard Grant</Value>
</AwardInstrument>
<Organization>
<Code>03040000</Code>
<Directorate>
<LongName>Direct For Mathematical &amp; Physical Scien</LongName>
</Directorate>
<Division>
<LongName>Division Of Mathematical Sciences</LongName>
</Division>
</Organization>
<ProgramOfficer>
<SignBlockName>Edward Taylor</SignBlockName>
</ProgramOfficer>
<AbstractNarration>This project aims to study the way in which infinite-dimensional space can be transformed. The various transformations involved are collectively known as operators. There are some well-behaved subcollections of such operators that first came to prominence as a tool introduced by John von Neumann to further his work in quantum mechanics and that are now known as operator algebras. The principal investigator seeks to collect detailed information about these algebras. Within the class of operator algebras are those that can be obtained by simply moving a geometric shape around, such as rotating a circle. These are known as the algebras associated with dynamical systems. The project will concentrate on this class of algebras.&lt;br/&gt;&lt;br/&gt;The project aims to study the question of whether the seemingly weak technical condition of strict comparison entails the seemingly stronger condition of Jiang-Su absorption for the operator algebras associated with topological dynamical systems. This would complete a conjecture of Winter and the principal investigator for algebras of this type, a conjecture that has been largely confirmed otherwise. In the absence of Jiang-Su absorption the goal is to show that these algebras do at least possess a less stringent property, namely, that the set of invertible elements of such an algebra constitutes a dense subset of the algebra.</AbstractNarration>
<MinAmdLetterDate>08/16/2016</MinAmdLetterDate>
<MaxAmdLetterDate>08/16/2016</MaxAmdLetterDate>
<ARRAAmount/>
<AwardID>1600901</AwardID>
<Investigator>
<FirstName>Andrew</FirstName>
<LastName>Toms</LastName>
<EmailAddress>atoms@purdue.edu</EmailAddress>
<StartDate>08/16/2016</StartDate>
<EndDate/>
<RoleCode>Principal Investigator</RoleCode>
</Investigator>
<Institution>
<Name>Purdue University</Name>
<CityName>West Lafayette</CityName>
<ZipCode>479072114</ZipCode>
<PhoneNumber>7654941055</PhoneNumber>
<StreetAddress>Young Hall</StreetAddress>
<CountryName>United States</CountryName>
<StateName>Indiana</StateName>
<StateCode>IN</StateCode>
</Institution>
<ProgramElement>
<Code>1281</Code>
<Text>ANALYSIS PROGRAM</Text>
</ProgramElement>
</Award>
</rootTag>
