<?xml version="1.0" encoding="UTF-8"?>
<rootTag>
<Award>
<AwardTitle>On the Automorphic Discrete Spectrum of Classical Groups: Constructions and Characterizations</AwardTitle>
<AwardEffectiveDate>06/01/2016</AwardEffectiveDate>
<AwardExpirationDate>05/31/2019</AwardExpirationDate>
<AwardAmount>336000</AwardAmount>
<AwardInstrument>
<Value>Continuing grant</Value>
</AwardInstrument>
<Organization>
<Code>03040000</Code>
<Directorate>
<LongName>Direct For Mathematical &amp; Physical Scien</LongName>
</Directorate>
<Division>
<LongName>Division Of Mathematical Sciences</LongName>
</Division>
</Organization>
<ProgramOfficer>
<SignBlockName>Andrew D. Pollington</SignBlockName>
</ProgramOfficer>
<AbstractNarration>This project concerns research in number theory, a branch of mathematics that has connections to many other subjects, including data security and physics.  Automorphic forms, which play an important role in modern number theory, are functions with abundant symmetries. In applications, these symmetries serve as guidelines to understand the intrinsic structures of objects in our universe. In mathematics, these symmetries are common ground for many different subjects, including geometry, number theory, mathematical physics, algebra, and analysis; the modern theory of automorphic forms provides the organizing principle for further research in these areas.  This research project aims to investigate basic structures of automorphic forms and to advance understanding of the discrete spectrum of automorphic forms, with potential applications to fundamental questions in number theory and arithmetic.  Graduate students are involved in the project.&lt;br/&gt;&lt;br/&gt;This research project investigates a set of fundamental questions on square integrable automorphic forms, as well as the corresponding local problems in the representations of complex, real, and p-adic groups.  The goal is to understand refined structures of automorphic forms and their connections to harmonic analysis and number theory. The investigator intends to construct explicit modules for cuspidal automorphic forms. In addition, the project aims to develop the local theory, relating it to basic problems in harmonic analysis of p-adic groups. The long-term goal is to understand the general local-global-automorphic principles in the theory of automorphic forms, which reflects one of the basic principles in arithmetic and number theory.</AbstractNarration>
<MinAmdLetterDate>04/26/2016</MinAmdLetterDate>
<MaxAmdLetterDate>05/16/2018</MaxAmdLetterDate>
<ARRAAmount/>
<AwardID>1600685</AwardID>
<Investigator>
<FirstName>Dihua</FirstName>
<LastName>Jiang</LastName>
<EmailAddress>dhjiang@math.umn.edu</EmailAddress>
<StartDate>04/26/2016</StartDate>
<EndDate/>
<RoleCode>Principal Investigator</RoleCode>
</Investigator>
<Institution>
<Name>University of Minnesota-Twin Cities</Name>
<CityName>Minneapolis</CityName>
<ZipCode>554552070</ZipCode>
<PhoneNumber>6126245599</PhoneNumber>
<StreetAddress>200 OAK ST SE</StreetAddress>
<CountryName>United States</CountryName>
<StateName>Minnesota</StateName>
<StateCode>MN</StateCode>
</Institution>
<ProgramElement>
<Code>1264</Code>
<Text>ALGEBRA,NUMBER THEORY,AND COM</Text>
</ProgramElement>
</Award>
</rootTag>
