<?xml version="1.0" encoding="UTF-8"?>
<rootTag>
<Award>
<AwardTitle>Carolina Dynamics Symposium 2016-2018</AwardTitle>
<AwardEffectiveDate>01/01/2016</AwardEffectiveDate>
<AwardExpirationDate>12/31/2018</AwardExpirationDate>
<AwardAmount>30228</AwardAmount>
<AwardInstrument>
<Value>Continuing grant</Value>
</AwardInstrument>
<Organization>
<Code>03040000</Code>
<Directorate>
<LongName>Direct For Mathematical &amp; Physical Scien</LongName>
</Directorate>
<Division>
<LongName>Division Of Mathematical Sciences</LongName>
</Division>
</Organization>
<ProgramOfficer>
<SignBlockName>Edward Taylor</SignBlockName>
</ProgramOfficer>
<AbstractNarration>The "Carolina Dynamics Symposium" is a continued two day weekend conference, which will take place in April 2016 at Furman University Greenville, SC and in April 2017 at Agnes Scott College, Atlanta, GA.  In April 2018 it will be hosted either by the University of North Carolina at Charlotte,  the University of Charleston, or by Wake Forest University.&lt;br/&gt; &lt;br/&gt;The Carolina Dynamics Symposium is a two day conference that has been taking place for thirteen years at different colleges and  universities in the Carolinas and Georgia.  In addition to the traditional lively interaction among mathematicians from the Southeast there have been hour talks by invited leaders in the field from outside the region.  The Carolina Dynamics Symposia feature one plenary speaker who will deliver a public lecture on the Friday before the conference begins, as well as about three hour-long plenary speakers during the conference weekend.  All meetings will also have twenty to thirty minute contributed talks and invited talks from Southeastern participants. Typically a significant number of talks are given by (graduate) students and young researchers. The conferences have led to successful research projects and publications in the past.  We are continuing a very successful model with participants of diverse levels and backgrounds, among those a particularly large number of female participants, speakers and organizers.&lt;br/&gt; &lt;br/&gt;For further information on the Symposium, we maintain a webpage: http://www.devio.us/~ppunosevac/cdynsys/pmwiki.php?n=Main.Announcements.</AbstractNarration>
<MinAmdLetterDate>12/07/2015</MinAmdLetterDate>
<MaxAmdLetterDate>02/27/2018</MaxAmdLetterDate>
<ARRAAmount/>
<AwardID>1600746</AwardID>
<Investigator>
<FirstName>Jane</FirstName>
<LastName>Hawkins</LastName>
<EmailAddress>jmh@math.unc.edu</EmailAddress>
<StartDate>12/07/2015</StartDate>
<EndDate/>
<RoleCode>Co-Principal Investigator</RoleCode>
</Investigator>
<Investigator>
<FirstName>Martin</FirstName>
<LastName>Schmoll</LastName>
<EmailAddress>schmoll@clemson.edu</EmailAddress>
<StartDate>12/07/2015</StartDate>
<EndDate/>
<RoleCode>Principal Investigator</RoleCode>
</Investigator>
<Investigator>
<FirstName>Rachel</FirstName>
<LastName>Bayless</LastName>
<EmailAddress>rbayless@agnesscott.edu</EmailAddress>
<StartDate>12/07/2015</StartDate>
<EndDate/>
<RoleCode>Co-Principal Investigator</RoleCode>
</Investigator>
<Institution>
<Name>Clemson University</Name>
<CityName>CLEMSON</CityName>
<ZipCode>296345701</ZipCode>
<PhoneNumber>8646562424</PhoneNumber>
<StreetAddress>230 Kappa Street</StreetAddress>
<CountryName>United States</CountryName>
<StateName>South Carolina</StateName>
<StateCode>SC</StateCode>
</Institution>
<ProgramElement>
<Code>1281</Code>
<Text>ANALYSIS PROGRAM</Text>
</ProgramElement>
<ProgramReference>
<Code>7556</Code>
<Text>CONFERENCE AND WORKSHOPS</Text>
</ProgramReference>
<ProgramReference>
<Code>9150</Code>
<Text>EXP PROG TO STIM COMP RES</Text>
</ProgramReference>
</Award>
</rootTag>
