<?xml version="1.0" encoding="UTF-8"?>
<rootTag>
<Award>
<AwardTitle>Combinatorics of Cluster Varieties</AwardTitle>
<AwardEffectiveDate>07/01/2016</AwardEffectiveDate>
<AwardExpirationDate>06/30/2019</AwardExpirationDate>
<AwardAmount>299999</AwardAmount>
<AwardInstrument>
<Value>Continuing grant</Value>
</AwardInstrument>
<Organization>
<Code>03040000</Code>
<Directorate>
<LongName>Direct For Mathematical &amp; Physical Scien</LongName>
</Directorate>
<Division>
<LongName>Division Of Mathematical Sciences</LongName>
</Division>
</Organization>
<ProgramOfficer>
<SignBlockName>Tomek Bartoszynski</SignBlockName>
</ProgramOfficer>
<AbstractNarration>Cluster algebras are a fundamental mathematical structure employed to describe highly symmetric mathematical objects. In the last decade, cluster structures have been constructed on spaces throughout representation theory and mathematical physics, most recently in the theory of scattering amplitudes in high-energy particle physics. This project comprises fundamental mathematical research into the combinatorial structure of several crucial cluster algebras, and the geometric spaces related to them. &lt;br/&gt;&lt;br/&gt;This research project addresses several questions concerning the combinatorial structure of various cluster algebras. Most of these cluster algebras come from natural spaces in algebraic geometry, such as open positroid varieties, which occur in stratifying the Grassmannian and generalized Teichmuller spaces. The first part of the project investigates the coefficients of the Laurent polynomials that occur in changing from one cluster to another in the Grassmannian (and other related spaces). The second part of the project aims to determine the relation between the parametrizations of positroid cells by dimer configurations on tori and the values of Plucker coordinates as charts on those cells. The third part of the project investigates the cohomology of cluster varieties, trying to find presentations for the cohomology ring that are as explicit and combinatorial as the presentations already known for the coordinate rings.</AbstractNarration>
<MinAmdLetterDate>03/25/2016</MinAmdLetterDate>
<MaxAmdLetterDate>06/18/2018</MaxAmdLetterDate>
<ARRAAmount/>
<AwardID>1600223</AwardID>
<Investigator>
<FirstName>David</FirstName>
<LastName>Speyer</LastName>
<EmailAddress>speyer@umich.edu</EmailAddress>
<StartDate>03/25/2016</StartDate>
<EndDate/>
<RoleCode>Principal Investigator</RoleCode>
</Investigator>
<Institution>
<Name>University of Michigan Ann Arbor</Name>
<CityName>Ann Arbor</CityName>
<ZipCode>481091274</ZipCode>
<PhoneNumber>7347636438</PhoneNumber>
<StreetAddress>3003 South State St. Room 1062</StreetAddress>
<CountryName>United States</CountryName>
<StateName>Michigan</StateName>
<StateCode>MI</StateCode>
</Institution>
<ProgramElement>
<Code>7970</Code>
<Text>Combinatorics</Text>
</ProgramElement>
<ProgramReference>
<Code>9251</Code>
<Text>RES EXPER FOR UNDERGRAD-SUPPLT</Text>
</ProgramReference>
</Award>
</rootTag>
