<?xml version="1.0" encoding="UTF-8"?>
<rootTag>
<Award>
<AwardTitle>Conference on Advances in Geometric Representation Theory</AwardTitle>
<AwardEffectiveDate>03/01/2016</AwardEffectiveDate>
<AwardExpirationDate>02/28/2017</AwardExpirationDate>
<AwardAmount>35000</AwardAmount>
<AwardInstrument>
<Value>Standard Grant</Value>
</AwardInstrument>
<Organization>
<Code>03040000</Code>
<Directorate>
<LongName>Direct For Mathematical &amp; Physical Scien</LongName>
</Directorate>
<Division>
<LongName>Division Of Mathematical Sciences</LongName>
</Division>
</Organization>
<ProgramOfficer>
<SignBlockName>Matthew  Douglass</SignBlockName>
</ProgramOfficer>
<AbstractNarration>The conference "Advances in geometric representation theory" will be held May 8-13, 2016 at the University of Michigan. Geometric representation theory is the study of symmetry via geometric spaces. It is an expanding branch of mathematics with wide-reaching applications and connections to other fields. The timing of the conference has been chosen in anticipation of the first results emerging from the 2014 program in geometric representation theory at the Mathematical Sciences Research Institute in Berkeley, as well as intensive semester programs in Canada and Sweden. The conference will provide a venue to disseminate major new results in this rapidly developing field of mathematics and make the corresponding new methods and points of view available to a broad range of researchers. In particular, the organizers will make specific efforts to include graduate students and post-docs, as well as members of underrepresented groups.&lt;br/&gt;&lt;br/&gt;Classically, problems of classification of representations have been attacked with a wide variety of algebraic, analytic, and combinatorial methods. Since the more recent discovery of equivalences with geometric objects such as D-modules, the door has been opened to the application of powerful tools from geometry, such as Hodge theory and the decomposition theorem. The conference will focus on these recent developments. New categorical techniques and relationships to physics and algebraic geometry will draw the participation of researchers from those fields, which will contribute to further interdisciplinary interactions. The conference website is  http://www-personal.umich.edu/~snkitche/Conference/.</AbstractNarration>
<MinAmdLetterDate>01/22/2016</MinAmdLetterDate>
<MaxAmdLetterDate>01/22/2016</MaxAmdLetterDate>
<ARRAAmount/>
<AwardID>1600220</AwardID>
<Investigator>
<FirstName>Thomas</FirstName>
<LastName>Nevins</LastName>
<EmailAddress>nevins@illinois.edu</EmailAddress>
<StartDate>01/22/2016</StartDate>
<EndDate/>
<RoleCode>Co-Principal Investigator</RoleCode>
</Investigator>
<Investigator>
<FirstName>Sarah</FirstName>
<LastName>Kitchen</LastName>
<EmailAddress>snkitche@mtu.edu</EmailAddress>
<StartDate>01/22/2016</StartDate>
<EndDate/>
<RoleCode>Principal Investigator</RoleCode>
</Investigator>
<Institution>
<Name>University of Michigan Ann Arbor</Name>
<CityName>Ann Arbor</CityName>
<ZipCode>481091274</ZipCode>
<PhoneNumber>7347636438</PhoneNumber>
<StreetAddress>3003 South State St. Room 1062</StreetAddress>
<CountryName>United States</CountryName>
<StateName>Michigan</StateName>
<StateCode>MI</StateCode>
</Institution>
<ProgramElement>
<Code>1264</Code>
<Text>ALGEBRA,NUMBER THEORY,AND COM</Text>
</ProgramElement>
<ProgramReference>
<Code>7556</Code>
<Text>CONFERENCE AND WORKSHOPS</Text>
</ProgramReference>
</Award>
</rootTag>
