<?xml version="1.0" encoding="UTF-8"?>
<rootTag>
<Award>
<AwardTitle>Quantum Algebras, Quiver Varieties, and Applications</AwardTitle>
<AwardEffectiveDate>07/01/2016</AwardEffectiveDate>
<AwardExpirationDate>06/30/2019</AwardExpirationDate>
<AwardAmount>181200</AwardAmount>
<AwardInstrument>
<Value>Continuing grant</Value>
</AwardInstrument>
<Organization>
<Code>03040000</Code>
<Directorate>
<LongName>Direct For Mathematical &amp; Physical Scien</LongName>
</Directorate>
<Division>
<LongName>Division Of Mathematical Sciences</LongName>
</Division>
</Organization>
<ProgramOfficer>
<SignBlockName>Matthew  Douglass</SignBlockName>
</ProgramOfficer>
<AbstractNarration>Representation theory is the study of symmetries in mathematics, while algebraic geometry is the study of spaces that can be described by algebraic equations. The interface between these two fields is a rich subject, which has had recent applications to various branches of mathematics, theoretical physics, and combinatorics. In this project the principal investigator will study a particular class of spaces called quiver varieties, which are determined by certain graphs, from which they inherit many interesting symmetries. Abstracting the properties of quiver varieties allows mathematicians to discover many fascinating formulas, whose applications range between such distant fields as string theory and the study of knots. &lt;br/&gt; &lt;br/&gt;The approach of the principal investigator is two-fold: first, to study the general properties of quiver varieties (cohomology, K-theory, derived categories) by using a technical tool called the shuffle algebra, and second, to apply these techniques in important particular cases in order to solve concrete problems. For example, the study of flag Hilbert schemes leads to a geometric realization of knot invariants. Similarly, the study of moduli spaces of higher rank sheaves leads to a mathematical understanding of the relations between gauge theory and conformal field theory. These and other applications will be pursued by the principal investigator and his coauthors.</AbstractNarration>
<MinAmdLetterDate>04/21/2016</MinAmdLetterDate>
<MaxAmdLetterDate>05/16/2018</MaxAmdLetterDate>
<ARRAAmount/>
<AwardID>1600375</AwardID>
<Investigator>
<FirstName>Andrei</FirstName>
<LastName>Negut</LastName>
<EmailAddress>anegut@mit.edu</EmailAddress>
<StartDate>04/21/2016</StartDate>
<EndDate/>
<RoleCode>Principal Investigator</RoleCode>
</Investigator>
<Institution>
<Name>Massachusetts Institute of Technology</Name>
<CityName>Cambridge</CityName>
<ZipCode>021394301</ZipCode>
<PhoneNumber>6172531000</PhoneNumber>
<StreetAddress>77 MASSACHUSETTS AVE</StreetAddress>
<CountryName>United States</CountryName>
<StateName>Massachusetts</StateName>
<StateCode>MA</StateCode>
</Institution>
<ProgramElement>
<Code>1264</Code>
<Text>ALGEBRA,NUMBER THEORY,AND COM</Text>
</ProgramElement>
</Award>
</rootTag>
