<?xml version="1.0" encoding="UTF-8"?>
<rootTag>
<Award>
<AwardTitle>Exponential systems and related topics</AwardTitle>
<AwardEffectiveDate>06/01/2016</AwardEffectiveDate>
<AwardExpirationDate>05/31/2019</AwardExpirationDate>
<AwardAmount>150000</AwardAmount>
<AwardInstrument>
<Value>Continuing grant</Value>
</AwardInstrument>
<Organization>
<Code>03040000</Code>
<Directorate>
<LongName>Direct For Mathematical &amp; Physical Scien</LongName>
</Directorate>
<Division>
<LongName>Division Of Mathematical Sciences</LongName>
</Division>
</Organization>
<ProgramOfficer>
<SignBlockName>Edward Taylor</SignBlockName>
</ProgramOfficer>
<AbstractNarration>This research project is in the field of harmonic analysis, a mathematical area that grew from the fact that many functions defined over an interval can be decomposed as sums of the simple sine and cosine functions. The principal investigator plans to study cases where such a decomposition is not possible, or is not efficient enough, for example because the functions in question are no longer defined over intervals. The question is whether similar decompositions are possible in such cases, with the sines and cosines replaced by other functions of a simple structure. The goal is to use functions that mimic the structure of the sines and cosines, in one way or another, as good replacements for the trigonometric functions, which provide an excellent tool for studying properties of functions and the interrelationships between them. In particular, this project includes the development of efficient ways to sample, interpolate, and approximate signals.&lt;br/&gt;&lt;br/&gt;The principal investigator and collaborators have recently shown that any finite union of intervals admits a Riesz basis of exponentials.  While a big advance in the area, there remain many aspects of the question that the principal investigator will study, such as clarifying whether this is a generic property of all sets of finite measure and understanding whether the result holds for Riesz bases with "good bounds." Further, she plans to study the benefits of using even weaker notions (e.g., frames, Riesz sequences) for the same purposes. Of particular interest is the relation between the study of such systems and the development of techniques to analyze sampling and interpolating sequences. Finally, the project will explore applications to Gabor systems in time-frequency analysis, for instance, possible extensions of the Balian-Low theorem and linear independence of Gabor elements.</AbstractNarration>
<MinAmdLetterDate>05/24/2016</MinAmdLetterDate>
<MaxAmdLetterDate>05/21/2018</MaxAmdLetterDate>
<ARRAAmount/>
<AwardID>1600726</AwardID>
<Investigator>
<FirstName>Sigal</FirstName>
<LastName>Nitzan</LastName>
<EmailAddress>shahaf.nitzan@math.gatech.edu</EmailAddress>
<StartDate>05/24/2016</StartDate>
<EndDate/>
<RoleCode>Principal Investigator</RoleCode>
</Investigator>
<Institution>
<Name>Georgia Tech Research Corporation</Name>
<CityName>Atlanta</CityName>
<ZipCode>303320420</ZipCode>
<PhoneNumber>4048944819</PhoneNumber>
<StreetAddress>Office of Sponsored Programs</StreetAddress>
<CountryName>United States</CountryName>
<StateName>Georgia</StateName>
<StateCode>GA</StateCode>
</Institution>
<ProgramElement>
<Code>1281</Code>
<Text>ANALYSIS PROGRAM</Text>
</ProgramElement>
</Award>
</rootTag>
