<?xml version="1.0" encoding="UTF-8"?>
<rootTag>
<Award>
<AwardTitle>The Interplay between Spectral and Combinatorial Properties of Graphs and Association Schemes</AwardTitle>
<AwardEffectiveDate>08/01/2016</AwardEffectiveDate>
<AwardExpirationDate>07/31/2019</AwardExpirationDate>
<AwardAmount>130002</AwardAmount>
<AwardInstrument>
<Value>Standard Grant</Value>
</AwardInstrument>
<Organization>
<Code>03040000</Code>
<Directorate>
<LongName>Direct For Mathematical &amp; Physical Scien</LongName>
</Directorate>
<Division>
<LongName>Division Of Mathematical Sciences</LongName>
</Division>
</Organization>
<ProgramOfficer>
<SignBlockName>Tomek Bartoszynski</SignBlockName>
</ProgramOfficer>
<AbstractNarration>Graph theory is essential for analyzing the structure and function of networks. Often the sizes of such networks are so large that analyzing their structures by brute force is not feasible. The challenge is to use parameters that can efficiently capture the shapes of networks. Spectral graph theory provides important tools for studying structural properties of graphs and has close connections to computer science and network design. Although the eigenvalues do not determine a graph in general, they contain important structural information that in some situations, could not be obtained by any other means. Association schemes are combinatorial and algebraic structures with high degree of regularity that sit at the core of algebraic combinatorics and have important applications in coding theory, geometry and quantum computing.  In this project, the close connections between the spectral and combinatorial properties of graphs and association schemes will be investigated. This project will involve graduate and undergraduate students at University of Delaware.&lt;br/&gt; &lt;br/&gt;This project encompasses recent progress in spectral graph theory on combinatorial and spectral problems and conjectures involving simplicial rook graphs, Wenger graphs and friendship graphs as well as in the theory of association schemes by answering questions of Brouwer regarding the connectivity of strongly regular and distance-regular graphs and their subconstituents. The project will investigate conjectures of Haemers that almost all graphs are determined by their spectrum, of Godsil and Brouwer regarding the edge- and vertex-connectivity of graphs in association schemes as well as related problems such as understanding the spectral and isoperimetric properties of graphs defined by systems of equations over finite fields or graphs arising in other combinatorial problems.</AbstractNarration>
<MinAmdLetterDate>07/02/2016</MinAmdLetterDate>
<MaxAmdLetterDate>07/02/2016</MaxAmdLetterDate>
<ARRAAmount/>
<AwardID>1600768</AwardID>
<Investigator>
<FirstName>Sebastian</FirstName>
<LastName>Cioaba</LastName>
<EmailAddress>cioaba@udel.edu</EmailAddress>
<StartDate>07/02/2016</StartDate>
<EndDate/>
<RoleCode>Principal Investigator</RoleCode>
</Investigator>
<Institution>
<Name>University of Delaware</Name>
<CityName>Newark</CityName>
<ZipCode>197162553</ZipCode>
<PhoneNumber>3028312136</PhoneNumber>
<StreetAddress>210 Hullihen Hall</StreetAddress>
<CountryName>United States</CountryName>
<StateName>Delaware</StateName>
<StateCode>DE</StateCode>
</Institution>
<ProgramElement>
<Code>7970</Code>
<Text>Combinatorics</Text>
</ProgramElement>
<ProgramElement>
<Code>9150</Code>
<Text>EPSCoR Co-Funding</Text>
</ProgramElement>
<ProgramReference>
<Code>9150</Code>
<Text>EXP PROG TO STIM COMP RES</Text>
</ProgramReference>
</Award>
</rootTag>
