<?xml version="1.0" encoding="UTF-8"?>
<rootTag>
<Award>
<AwardTitle>DISSERTATION RESEARCH:   Phylogeny and evolutionary exploration of the C3-CAM phenotypic space in Calandrinia (Montiaceae)</AwardTitle>
<AwardEffectiveDate>06/01/2016</AwardEffectiveDate>
<AwardExpirationDate>05/31/2017</AwardExpirationDate>
<AwardAmount>20792</AwardAmount>
<AwardInstrument>
<Value>Standard Grant</Value>
</AwardInstrument>
<Organization>
<Code>08010206</Code>
<Directorate>
<LongName>Direct For Biological Sciences</LongName>
</Directorate>
<Division>
<LongName>Division Of Environmental Biology</LongName>
</Division>
</Organization>
<ProgramOfficer>
<SignBlockName>Simon Malcomber</SignBlockName>
</ProgramOfficer>
<AbstractNarration>Crassulacean Acid Metabolism (CAM) photosynthesis is a complex set of traits that improves water use and photosynthetic efficiency in plants under drought and temperature stress.  Calandrinia (Montiaceae) is an ideal lineage in which to investigate the evolutionary assembly of CAM photosynthesis. This research integrates phylogenetics, anatomy, ecology, physiology, greenhouse experiments, and gene expression studies to unravel the incremental assembly of CAM photosynthesis in Calandrinia. In light of ongoing global change and the increasing acidification of the global landscape (~40% of terrestrial Earth is already considered arid, semi-arid or sub-humid), CAM photosynthesis will likely play an important role in the future of carbon sequestration, sustainable biomass production, and food-crop security. With such imminent change ahead, it is more important than ever that we understand the evolutionary underpinnings of CAM photosynthesis, which may guide current efforts to engineer this syndrome into food and biofuel crops.&lt;br/&gt;&lt;br/&gt;The researchers will conduct a comparative gene expression study across species that represent C3, CAM, and CAM-intermediate types. They will use a comparative transcriptomic approach to answer the following questions: 1) how does differential gene expression of key CAM genes vary across the potentially intermediate types, 2) which gene copies are being recruited into new CAM function, 3) are there parallel nucleotide/ amino acid changes in gene copies recruited to perform CAM, and 4) how can transcriptome data help us to better differentiate and define these C3-CAM intermediates? Results from this study will yield the first lineage-based model of CAM evolution.</AbstractNarration>
<MinAmdLetterDate>03/09/2016</MinAmdLetterDate>
<MaxAmdLetterDate>03/09/2016</MaxAmdLetterDate>
<ARRAAmount/>
<AwardID>1600971</AwardID>
<Investigator>
<FirstName>Erika</FirstName>
<LastName>Edwards</LastName>
<EmailAddress>erika.edwards@yale.edu</EmailAddress>
<StartDate>03/09/2016</StartDate>
<EndDate/>
<RoleCode>Principal Investigator</RoleCode>
</Investigator>
<Investigator>
<FirstName>Lillian</FirstName>
<LastName>Hancock</LastName>
<EmailAddress>lillianpinehancock@gmail.com</EmailAddress>
<StartDate>03/09/2016</StartDate>
<EndDate/>
<RoleCode>Co-Principal Investigator</RoleCode>
</Investigator>
<Institution>
<Name>Brown University</Name>
<CityName>Providence</CityName>
<ZipCode>029129002</ZipCode>
<PhoneNumber>4018632777</PhoneNumber>
<StreetAddress>BOX 1929</StreetAddress>
<CountryName>United States</CountryName>
<StateName>Rhode Island</StateName>
<StateCode>RI</StateCode>
</Institution>
<ProgramElement>
<Code>7374</Code>
<Text>Systematics &amp; Biodiversity Sci</Text>
</ProgramElement>
<ProgramReference>
<Code>9150</Code>
<Text>EXP PROG TO STIM COMP RES</Text>
</ProgramReference>
<ProgramReference>
<Code>9179</Code>
<Text>GRADUATE INVOLVEMENT</Text>
</ProgramReference>
<ProgramReference>
<Code>SMET</Code>
<Text>SCIENCE, MATH, ENG &amp; TECH EDUCATION</Text>
</ProgramReference>
</Award>
</rootTag>
