<?xml version="1.0" encoding="UTF-8"?>
<rootTag>
<Award>
<AwardTitle>Delgado Community College Biotechnology/Synthetic Biology Initiative and Biotechnology Incubator</AwardTitle>
<AwardEffectiveDate>07/01/2016</AwardEffectiveDate>
<AwardExpirationDate>06/30/2019</AwardExpirationDate>
<AwardAmount>184904</AwardAmount>
<AwardInstrument>
<Value>Standard Grant</Value>
</AwardInstrument>
<Organization>
<Code>11040100</Code>
<Directorate>
<LongName>Direct For Education and Human Resources</LongName>
</Directorate>
<Division>
<LongName>Division Of Undergraduate Education</LongName>
</Division>
</Organization>
<ProgramOfficer>
<SignBlockName>V. Celeste  Carter</SignBlockName>
</ProgramOfficer>
<AbstractNarration>Since hurricane Katrina, the New Orleans regional area has undergone a massive infrastructure transformation towards technology-driven and knowledge-based industries. National and local growth predictions for employment in the STEM fields and biosciences highlight an increasing need for a skilled workforce ranging from highly qualified technicians to senior research scientists. The Division of Science and Mathematics faculty at Delgado Community College (DCC) have initiated a new Science Laboratory Technology (SLT) Program with a concentration in Biotechnology to support the need for highly qualified technicians in the biosciences. &lt;br/&gt;&lt;br/&gt;This project aims to further enhance the SLT program. DCC faculty will: (1) develop a biofuels special topics course working in partnership with the Joint BioEnergy Institute (JBEI), (2) develop a Biotechnology Colloquium featuring speakers from industry as well as faculty from local institutions, and (3) expand the Summer STEM Challenges activities to support iGEM team activities. Efforts will also be initiated to recruit and retain underrepresented students in the SLT program. Project outcomes will be disseminated via the ATE Center, BioLink, and ATE Central.</AbstractNarration>
<MinAmdLetterDate>05/10/2016</MinAmdLetterDate>
<MaxAmdLetterDate>05/10/2016</MaxAmdLetterDate>
<ARRAAmount/>
<AwardID>1600736</AwardID>
<Investigator>
<FirstName>James</FirstName>
<LastName>Guenther</LastName>
<EmailAddress>jguent@dcc.edu</EmailAddress>
<StartDate>05/10/2016</StartDate>
<EndDate/>
<RoleCode>Principal Investigator</RoleCode>
</Investigator>
<Institution>
<Name>Delgado Community College</Name>
<CityName>New Orleans</CityName>
<ZipCode>701194324</ZipCode>
<PhoneNumber>5046715602</PhoneNumber>
<StreetAddress>501 City Park Avenue</StreetAddress>
<CountryName>United States</CountryName>
<StateName>Louisiana</StateName>
<StateCode>LA</StateCode>
</Institution>
<ProgramElement>
<Code>7412</Code>
<Text>ADVANCED TECH EDUCATION PROG</Text>
</ProgramElement>
<ProgramReference>
<Code>1032</Code>
<Text>ADVANCED TECHNOLOGY EDUCATION</Text>
</ProgramReference>
<ProgramReference>
<Code>9150</Code>
<Text>EXP PROG TO STIM COMP RES</Text>
</ProgramReference>
<ProgramReference>
<Code>9178</Code>
<Text>UNDERGRADUATE EDUCATION</Text>
</ProgramReference>
<ProgramReference>
<Code>SMET</Code>
<Text>SCIENCE, MATH, ENG &amp; TECH EDUCATION</Text>
</ProgramReference>
</Award>
</rootTag>
