<?xml version="1.0" encoding="UTF-8"?>
<rootTag>
<Award>
<AwardTitle>Strengthening the Teaching and Learning of Electro-Mechanical Technology</AwardTitle>
<AwardEffectiveDate>08/15/2016</AwardEffectiveDate>
<AwardExpirationDate>07/31/2019</AwardExpirationDate>
<AwardAmount>765224</AwardAmount>
<AwardInstrument>
<Value>Standard Grant</Value>
</AwardInstrument>
<Organization>
<Code>11040100</Code>
<Directorate>
<LongName>Direct For Education and Human Resources</LongName>
</Directorate>
<Division>
<LongName>Division Of Undergraduate Education</LongName>
</Division>
</Organization>
<ProgramOfficer>
<SignBlockName>Heather Watson</SignBlockName>
</ProgramOfficer>
<AbstractNarration>The "Strengthening the Teaching and Learning of Electro-Mechanical Technology (STLET)" project is responding to a significant demand for highly skilled advanced manufacturing technicians in the Southeastern Pennsylvania (SEPA) region.  Meeting this need is critical because the advanced manufacturing sector is growing in the region, where it is a major economic driver, with an estimated $36 million Gross Regional Product (GRP).  The STLET Project is employing curricular improvements and professional development activities to enhance and deliver advanced manufacturing technician education that meets industry needs.  The main project activities are a) improving and implementing an industry-aligned, apprenticeship-based early college-to-university Electro-Mechanical technology career preparation pathway and b) upgrading the teaching competencies of faculty through competency assessment, formal pedagogy training, and engagement in a community of practice.&lt;br/&gt;&lt;br/&gt;The intellectual merit of the STLET design and approach is that it is comprehensive, innovative and replicable.  It is comprehensive in that it is addressing both teaching and learning outcomes.  STLET is innovative because it is integrating two proven educational programs (early college programs and community college-university transfer agreements) and a competency-based apprenticeship into a career preparation pathway.  Normally these three programs, with demonstrated success in improving completion outcomes at both high school and college/university levels, are offered independent of one another.  In STLET, however, they are interwoven to provide a structured career preparation pathway.  This pathway is replicable and can be adopted by other community colleges seeking to assist in the economic development of their regions.  This demonstrates STLET's broader impact to the larger advanced technological community.</AbstractNarration>
<MinAmdLetterDate>08/12/2016</MinAmdLetterDate>
<MaxAmdLetterDate>12/17/2017</MaxAmdLetterDate>
<ARRAAmount/>
<AwardID>1600744</AwardID>
<Investigator>
<FirstName>Sherrod</FirstName>
<LastName>Watson</LastName>
<EmailAddress>swatson@dccc.edu</EmailAddress>
<StartDate>08/12/2016</StartDate>
<EndDate/>
<RoleCode>Co-Principal Investigator</RoleCode>
</Investigator>
<Investigator>
<FirstName>Michael</FirstName>
<LastName>Pezzano</LastName>
<EmailAddress>mpezzano@dccc.edu</EmailAddress>
<StartDate>08/12/2016</StartDate>
<EndDate/>
<RoleCode>Co-Principal Investigator</RoleCode>
</Investigator>
<Investigator>
<FirstName>Karen</FirstName>
<LastName>Kozachyn</LastName>
<EmailAddress>kkozachyn@dccc.edu</EmailAddress>
<StartDate>12/17/2017</StartDate>
<EndDate/>
<RoleCode>Principal Investigator</RoleCode>
</Investigator>
<Investigator>
<FirstName>Karen</FirstName>
<LastName>Kozachyn</LastName>
<EmailAddress>kkozachyn@dccc.edu</EmailAddress>
<StartDate>08/12/2016</StartDate>
<EndDate>12/17/2017</EndDate>
<RoleCode>Former Co-Principal Investigator</RoleCode>
</Investigator>
<Investigator>
<FirstName>Radecka</FirstName>
<LastName>Appiah-Padi</LastName>
<EmailAddress>rappiahpadi@dccc.edu</EmailAddress>
<StartDate>08/12/2016</StartDate>
<EndDate>12/17/2017</EndDate>
<RoleCode>Former Principal Investigator</RoleCode>
</Investigator>
<Institution>
<Name>Delaware County Community College</Name>
<CityName>Media</CityName>
<ZipCode>190631094</ZipCode>
<PhoneNumber>6103595000</PhoneNumber>
<StreetAddress>901 South Media Line Road</StreetAddress>
<CountryName>United States</CountryName>
<StateName>Pennsylvania</StateName>
<StateCode>PA</StateCode>
</Institution>
<ProgramElement>
<Code>7412</Code>
<Text>ADVANCED TECH EDUCATION PROG</Text>
</ProgramElement>
<ProgramReference>
<Code>1032</Code>
<Text>ADVANCED TECHNOLOGY EDUCATION</Text>
</ProgramReference>
<ProgramReference>
<Code>9178</Code>
<Text>UNDERGRADUATE EDUCATION</Text>
</ProgramReference>
<ProgramReference>
<Code>SMET</Code>
<Text>SCIENCE, MATH, ENG &amp; TECH EDUCATION</Text>
</ProgramReference>
</Award>
</rootTag>
