<?xml version="1.0" encoding="UTF-8"?>
<rootTag>
<Award>
<AwardTitle>Conference: Evolution Equations on Singular Spaces; Luminy, France; April 25-29, 2016</AwardTitle>
<AwardEffectiveDate>03/01/2016</AwardEffectiveDate>
<AwardExpirationDate>02/28/2017</AwardExpirationDate>
<AwardAmount>10500</AwardAmount>
<AwardInstrument>
<Value>Standard Grant</Value>
</AwardInstrument>
<Organization>
<Code>03040000</Code>
<Directorate>
<LongName>Direct For Mathematical &amp; Physical Scien</LongName>
</Directorate>
<Division>
<LongName>Division Of Mathematical Sciences</LongName>
</Division>
</Organization>
<ProgramOfficer>
<SignBlockName>Edward Taylor</SignBlockName>
</ProgramOfficer>
<AbstractNarration>This award provides funding for US participation in the conference "Evolution Equations on Singular Spaces," to be held at the Centre Internationale de Recontres Mathematiques in Luminy, France  from  April 25 to 29, 2016.&lt;br/&gt;&lt;br/&gt;The conference focuses on recent developments in Analysis, especially in the field of partial differential equations.  A number of distinguished mathematicians have agreed to attend and speak at this conference. The award gives early career researchers, researchers who are members of underrepresented groups, researchers not funded by NSF a chance to attend and participate in this conference.  The organizing committee will strive to make this funding opportunity known to target groups through a number of different activities.  More information will be made available at:&lt;br/&gt;&lt;br/&gt;http://scientific-events.weebly.com/1396.html</AbstractNarration>
<MinAmdLetterDate>11/05/2015</MinAmdLetterDate>
<MaxAmdLetterDate>11/05/2015</MaxAmdLetterDate>
<ARRAAmount/>
<AwardID>1600014</AwardID>
<Investigator>
<FirstName>Jared</FirstName>
<LastName>Wunsch</LastName>
<EmailAddress>jwunsch@math.northwestern.edu</EmailAddress>
<StartDate>11/05/2015</StartDate>
<EndDate/>
<RoleCode>Principal Investigator</RoleCode>
</Investigator>
<Institution>
<Name>Northwestern University</Name>
<CityName>Evanston</CityName>
<ZipCode>602013149</ZipCode>
<PhoneNumber>8474913003</PhoneNumber>
<StreetAddress>1801 Maple Ave.</StreetAddress>
<CountryName>United States</CountryName>
<StateName>Illinois</StateName>
<StateCode>IL</StateCode>
</Institution>
<ProgramElement>
<Code>1281</Code>
<Text>ANALYSIS PROGRAM</Text>
</ProgramElement>
<ProgramReference>
<Code>7556</Code>
<Text>CONFERENCE AND WORKSHOPS</Text>
</ProgramReference>
</Award>
</rootTag>
