<?xml version="1.0" encoding="UTF-8"?>
<rootTag>
<Award>
<AwardTitle>Broadband Seismological Observations of Aftershocks of the September 16, 2015 Mw 8.3 Illapel Earthquake, Chile</AwardTitle>
<AwardEffectiveDate>12/01/2015</AwardEffectiveDate>
<AwardExpirationDate>11/30/2017</AwardExpirationDate>
<AwardAmount>99990</AwardAmount>
<AwardInstrument>
<Value>Standard Grant</Value>
</AwardInstrument>
<Organization>
<Code>06030204</Code>
<Directorate>
<LongName>Directorate For Geosciences</LongName>
</Directorate>
<Division>
<LongName>Division Of Earth Sciences</LongName>
</Division>
</Organization>
<ProgramOfficer>
<SignBlockName>Eva E. Zanzerkia</SignBlockName>
</ProgramOfficer>
<AbstractNarration>The PIs proposed to deploy 20 broadband seismic stations for one year in the rupture zone of the Mw 8.3 Illapel, Chile earthquake. The instruments will enable locating and characterizing thousands of aftershocks from the large earthquake. This data can be used to better understand the Nazca-South America plate interface as well as the processes behind the megathrust rupture and postseismic activity. The ability to capture the high seismicity rate immediately after the earthquake will enable both a finer picture of the subduction structure, as well improve our understanding of seismic hazard in the region. &lt;br/&gt;&lt;br/&gt;The vigorous aftershock series now occurring in the wake of the 2015 Illapel, Chile Earthquake provides a rare opportunity to study syuduction zone segmentation, as delineated by adjacent megathrust ruptures. While the aftershock seismicity rate is high, researchers can take advantage to illuminate the Nazca and South American interplate interface, looking for evidence of differences in slip regime as discernible from aftershock locations and characteristics such as focal mechanisms, slip speed and spectral and attenuation characteristics. The deployment will produce a high quality, open access data set that will capture time-limited phenomena.</AbstractNarration>
<MinAmdLetterDate>11/27/2015</MinAmdLetterDate>
<MaxAmdLetterDate>11/27/2015</MaxAmdLetterDate>
<ARRAAmount/>
<AwardID>1600890</AwardID>
<Investigator>
<FirstName>Raymond</FirstName>
<LastName>Russo</LastName>
<EmailAddress>rrusso@ufl.edu</EmailAddress>
<StartDate>11/27/2015</StartDate>
<EndDate/>
<RoleCode>Principal Investigator</RoleCode>
</Investigator>
<Investigator>
<FirstName>Steven</FirstName>
<LastName>Roecker</LastName>
<EmailAddress>roecks@rpi.edu</EmailAddress>
<StartDate>11/27/2015</StartDate>
<EndDate/>
<RoleCode>Co-Principal Investigator</RoleCode>
</Investigator>
<Institution>
<Name>University of Florida</Name>
<CityName>GAINESVILLE</CityName>
<ZipCode>326112002</ZipCode>
<PhoneNumber>3523923516</PhoneNumber>
<StreetAddress>1 UNIVERSITY OF FLORIDA</StreetAddress>
<CountryName>United States</CountryName>
<StateName>Florida</StateName>
<StateCode>FL</StateCode>
</Institution>
<ProgramElement>
<Code>7298</Code>
<Text>COLLABORATIVE RESEARCH</Text>
</ProgramElement>
<ProgramElement>
<Code>7571</Code>
<Text>DEEP EARTH PROCESSES SECTION</Text>
</ProgramElement>
<ProgramReference>
<Code>1576</Code>
<Text>NATIONL EARTHQK HZRD REDCT PRG</Text>
</ProgramReference>
<ProgramReference>
<Code>5974</Code>
<Text>CHILE</Text>
</ProgramReference>
<ProgramReference>
<Code>7914</Code>
<Text>RAPID</Text>
</ProgramReference>
</Award>
</rootTag>
