<?xml version="1.0" encoding="UTF-8"?>
<rootTag>
<Award>
<AwardTitle>Conference on Statistical Properties of Nonequilibrium Dynamical Systems</AwardTitle>
<AwardEffectiveDate>01/01/2016</AwardEffectiveDate>
<AwardExpirationDate>12/31/2017</AwardExpirationDate>
<AwardAmount>45000</AwardAmount>
<AwardInstrument>
<Value>Standard Grant</Value>
</AwardInstrument>
<Organization>
<Code>03040000</Code>
<Directorate>
<LongName>Direct For Mathematical &amp; Physical Scien</LongName>
</Directorate>
<Division>
<LongName>Division Of Mathematical Sciences</LongName>
</Division>
</Organization>
<ProgramOfficer>
<SignBlockName>Edward Taylor</SignBlockName>
</ProgramOfficer>
<AbstractNarration>The Conference on Statistical Properties of Nonequilibrium Dynamical Systems will be held from August 1 through August 5, 2016, at the Academy of Mathematics and Systems Science (AMSS) of the Chinese Academy of Sciences, in Beijing China. The conference will be an integrated, collaborative research program aimed to significantly increase our understanding of the statistical properties of dynamical systems of physical origin. The conference topics are central to equilibrium and non-equilibrium physical systems, with applications to the theory of gases, mixing of fluids, diffusion and transport phenomena. They involve novel classes of systems and methods of analysis which have the potential to produce significant progress in our understanding of certain general types of stochastic and deterministic dynamical systems. &lt;br/&gt;&lt;br/&gt;The goal of the conference is to bring together an excellent group of researchers from around the world to discuss new research results, explore new ideas and powerful new mathematical tools to deepen our theoretical understanding of the dynamical underpinnings of non-equilibrium systems and classical statistical physics. Progress in this area would significantly improve both our conceptual understanding of physical systems and our ability to predict their behavior. While successful collaborations have taken place among subsets of the participants, the conference will provide a valuable opportunity for these international researchers to gather and have face to face discussions.  The organizers will take the opportunity to encourage more young researchers and junior faculties to work on dynamical systems and related research topics.&lt;br/&gt; &lt;br/&gt;The conference webpage is: http://people.math.umass.edu/~hongkun/conference2016.html</AbstractNarration>
<MinAmdLetterDate>11/23/2015</MinAmdLetterDate>
<MaxAmdLetterDate>02/11/2016</MaxAmdLetterDate>
<ARRAAmount/>
<AwardID>1600808</AwardID>
<Investigator>
<FirstName>Hong-Kun</FirstName>
<LastName>Zhang</LastName>
<EmailAddress>hongkun@math.umass.edu</EmailAddress>
<StartDate>11/23/2015</StartDate>
<EndDate/>
<RoleCode>Principal Investigator</RoleCode>
</Investigator>
<Institution>
<Name>University of Massachusetts Amherst</Name>
<CityName>Hadley</CityName>
<ZipCode>010359450</ZipCode>
<PhoneNumber>4135450698</PhoneNumber>
<StreetAddress>Research Administration Building</StreetAddress>
<CountryName>United States</CountryName>
<StateName>Massachusetts</StateName>
<StateCode>MA</StateCode>
</Institution>
<ProgramElement>
<Code>1281</Code>
<Text>ANALYSIS PROGRAM</Text>
</ProgramElement>
<ProgramReference>
<Code>7556</Code>
<Text>CONFERENCE AND WORKSHOPS</Text>
</ProgramReference>
</Award>
</rootTag>
