<?xml version="1.0" encoding="UTF-8"?>
<rootTag>
<Award>
<AwardTitle>Large Permutations</AwardTitle>
<AwardEffectiveDate>06/01/2016</AwardEffectiveDate>
<AwardExpirationDate>05/31/2019</AwardExpirationDate>
<AwardAmount>269997</AwardAmount>
<AwardInstrument>
<Value>Continuing grant</Value>
</AwardInstrument>
<Organization>
<Code>03040000</Code>
<Directorate>
<LongName>Direct For Mathematical &amp; Physical Scien</LongName>
</Directorate>
<Division>
<LongName>Division Of Mathematical Sciences</LongName>
</Division>
</Organization>
<ProgramOfficer>
<SignBlockName>Tomek Bartoszynski</SignBlockName>
</ProgramOfficer>
<AbstractNarration>A permutation is an arrangement of objects in some order: cards in a deck, atoms in a linear polymer, physical or historical events in a chronology. This award supports research into the understanding of permutations from a mathematical perspective, in particular permutations involving large numbers of objects. Powerful new techniques at the interface of combinatorics and probability allow the large-scale study of the behavior of ensembles of permutations. Experience with other large combinatorial objects has led mathematicians to expect them to behave in certain predictable ways. As a result, when such permutations arise in nature and do not have the predicted properties, scientists know to seek a hidden explanation. For example, this involves the study of the significance of the order of genes on a chromosome, and the knowledge of the behavior of ensembles of large random permutations may tell geneticists when to look for a pattern.&lt;br/&gt;&lt;br/&gt;New discoveries have made it possible to learn much more about the nature of large permutations. In particular, the space of permutations of all sizes can be completed by limit objects that are probability measures on the unit square with uniform marginals. By maximizing a certain entropy integral, one can, in principle, find the limit object that describes nearly all permutations with certain given properties. The proposer and his collaborators will be using both analytic and experimental techniques to exploit this variational principle. One important objective, barely begun, is to plot the landscape of permutations with two fixed pattern densities and determine, for each feasible point, the number and character of the corresponding permutations.</AbstractNarration>
<MinAmdLetterDate>03/24/2016</MinAmdLetterDate>
<MaxAmdLetterDate>05/24/2018</MaxAmdLetterDate>
<ARRAAmount/>
<AwardID>1600116</AwardID>
<Investigator>
<FirstName>Peter</FirstName>
<LastName>Winkler</LastName>
<EmailAddress>peter.winkler@dartmouth.edu</EmailAddress>
<StartDate>03/24/2016</StartDate>
<EndDate/>
<RoleCode>Principal Investigator</RoleCode>
</Investigator>
<Institution>
<Name>Dartmouth College</Name>
<CityName>HANOVER</CityName>
<ZipCode>037551404</ZipCode>
<PhoneNumber>6036463007</PhoneNumber>
<StreetAddress>OFFICE OF SPONSORED PROJECTS</StreetAddress>
<CountryName>United States</CountryName>
<StateName>New Hampshire</StateName>
<StateCode>NH</StateCode>
</Institution>
<ProgramElement>
<Code>1263</Code>
<Text>PROBABILITY</Text>
</ProgramElement>
<ProgramElement>
<Code>7970</Code>
<Text>Combinatorics</Text>
</ProgramElement>
<ProgramReference>
<Code>9150</Code>
<Text>EXP PROG TO STIM COMP RES</Text>
</ProgramReference>
</Award>
</rootTag>
