<?xml version="1.0" encoding="UTF-8"?>
<rootTag>
<Award>
<AwardTitle>Free Probability and the Large N Limit (V)</AwardTitle>
<AwardEffectiveDate>02/01/2016</AwardEffectiveDate>
<AwardExpirationDate>01/31/2017</AwardExpirationDate>
<AwardAmount>22500</AwardAmount>
<AwardInstrument>
<Value>Standard Grant</Value>
</AwardInstrument>
<Organization>
<Code>03040000</Code>
<Directorate>
<LongName>Direct For Mathematical &amp; Physical Scien</LongName>
</Directorate>
<Division>
<LongName>Division Of Mathematical Sciences</LongName>
</Division>
</Organization>
<ProgramOfficer>
<SignBlockName>Bruce P. Palka</SignBlockName>
</ProgramOfficer>
<AbstractNarration>This award provides funding to help defray the expenses of participants in the conference "Free Probability and the Large N Limit (V)" that will be held March 22-26, 2016, on the campus of the University of California-Berkeley.&lt;br/&gt;&lt;br/&gt;This event is the fifth in a series of workshops that have focused on the subject of free probability, an active research area closely tied to the theory of operator algebras. The meeting will bring together and foster collaborations amongst researchers from the following fields: free probability; operator algebras; random matrix theory; probability theory; subfactor theory; combinatorics. The conference program provides ample opportunity for graduate students, postdocs, and other young scientists to present their work.</AbstractNarration>
<MinAmdLetterDate>11/23/2015</MinAmdLetterDate>
<MaxAmdLetterDate>11/23/2015</MaxAmdLetterDate>
<ARRAAmount/>
<AwardID>1600469</AwardID>
<Investigator>
<FirstName>Dan-Virgil</FirstName>
<LastName>Voiculescu</LastName>
<EmailAddress>dvv@math.berkeley.edu</EmailAddress>
<StartDate>11/23/2015</StartDate>
<EndDate/>
<RoleCode>Principal Investigator</RoleCode>
</Investigator>
<Institution>
<Name>University of California-Berkeley</Name>
<CityName>BERKELEY</CityName>
<ZipCode>947045940</ZipCode>
<PhoneNumber>5106428109</PhoneNumber>
<StreetAddress>Sponsored Projects Office</StreetAddress>
<CountryName>United States</CountryName>
<StateName>California</StateName>
<StateCode>CA</StateCode>
</Institution>
<ProgramElement>
<Code>1281</Code>
<Text>ANALYSIS PROGRAM</Text>
</ProgramElement>
<ProgramReference>
<Code>7556</Code>
<Text>CONFERENCE AND WORKSHOPS</Text>
</ProgramReference>
</Award>
</rootTag>
