<?xml version="1.0" encoding="UTF-8"?>
<rootTag>
<Award>
<AwardTitle>360 Manufacturing and Applied Engineering ATE Regional Center</AwardTitle>
<AwardEffectiveDate>09/15/2016</AwardEffectiveDate>
<AwardExpirationDate>08/31/2019</AwardExpirationDate>
<AwardAmount>2551618</AwardAmount>
<AwardInstrument>
<Value>Standard Grant</Value>
</AwardInstrument>
<Organization>
<Code>11040100</Code>
<Directorate>
<LongName>Direct For Education and Human Resources</LongName>
</Directorate>
<Division>
<LongName>Division Of Undergraduate Education</LongName>
</Division>
</Organization>
<ProgramOfficer>
<SignBlockName>V. Celeste  Carter</SignBlockName>
</ProgramOfficer>
<AbstractNarration>360 Manufacturing and Applied Engineering ATE Regional Center of Excellence (360 Center) addresses critical manufacturing workforce needs that are imperative to our nation's economic strength and national defense. The 360 Center team is comprised of 15 higher educational institutions (14 of which are 2-year colleges), manufacturing associations, and manufacturers. The Center uses SMART goals, including baseline measures, tied directly to the needs of the manufacturing industry to develop and expand technician education programs resulting in improved student learning, making manufacturing education programs more accessible, and leading to more individuals being qualified for employment in the manufacturing industry. The use of Creative Commons licenses and the archiving of materials with ATE Central will ensure that innovative best practices and discoveries have nationwide impact, as they will be broadly shared with the ATE network and other key stakeholders.&lt;br/&gt;&lt;br/&gt;The 360 Center will expand and improve the 360 eTECH high school program; expand the 360 Advanced Manufacturing Education Mediated Telepresence model to meet technician education needs; develop a 360 Center Competency-Based Education model integrated into the 360 Seamless Career Pathway; develop and deploy 360 Advanced Skills curriculum and courses, aligning with the Career Pathway; expand Dream It! Do It! Minnesota recruitment strategies; and increase the number of females gaining new and improved manufacturing skills. Target audiences are secondary school students and teachers, parents, advanced manufacturing technicians, traditional and non-traditional students, and females.</AbstractNarration>
<MinAmdLetterDate>09/16/2016</MinAmdLetterDate>
<MaxAmdLetterDate>09/15/2017</MaxAmdLetterDate>
<ARRAAmount/>
<AwardID>1600927</AwardID>
<Investigator>
<FirstName>Karen</FirstName>
<LastName>White</LastName>
<EmailAddress>kwhite@bemidjistate.edu</EmailAddress>
<StartDate>09/16/2016</StartDate>
<EndDate>10/31/2016</EndDate>
<RoleCode>Former Principal Investigator</RoleCode>
</Investigator>
<Investigator>
<FirstName>Jeremy</FirstName>
<LastName>Leffelman</LastName>
<EmailAddress>jleffelman@bemidjistate.edu</EmailAddress>
<StartDate>10/31/2016</StartDate>
<EndDate/>
<RoleCode>Principal Investigator</RoleCode>
</Investigator>
<Investigator>
<FirstName>Darrin</FirstName>
<LastName>Strosahl</LastName>
<EmailAddress>darrin.strosahl@ntcmn.edu</EmailAddress>
<StartDate>09/15/2017</StartDate>
<EndDate/>
<RoleCode>Co-Principal Investigator</RoleCode>
</Investigator>
<Investigator>
<FirstName>Heidi</FirstName>
<LastName>Braun-Kahn</LastName>
<EmailAddress>heidi.braun@pine.edu</EmailAddress>
<StartDate>09/15/2017</StartDate>
<EndDate/>
<RoleCode>Co-Principal Investigator</RoleCode>
</Investigator>
<Investigator>
<FirstName>Matt</FirstName>
<LastName>Leaf</LastName>
<EmailAddress>matt.leaf@hennepintech.edu</EmailAddress>
<StartDate>09/15/2017</StartDate>
<EndDate/>
<RoleCode>Co-Principal Investigator</RoleCode>
</Investigator>
<Institution>
<Name>Bemidji State University</Name>
<CityName>Bemidji</CityName>
<ZipCode>566012699</ZipCode>
<PhoneNumber>2187552903</PhoneNumber>
<StreetAddress>1500 Birchmont Dr. NE</StreetAddress>
<CountryName>United States</CountryName>
<StateName>Minnesota</StateName>
<StateCode>MN</StateCode>
</Institution>
<ProgramElement>
<Code>7412</Code>
<Text>ADVANCED TECH EDUCATION PROG</Text>
</ProgramElement>
<ProgramReference>
<Code>1032</Code>
<Text>ADVANCED TECHNOLOGY EDUCATION</Text>
</ProgramReference>
<ProgramReference>
<Code>9178</Code>
<Text>UNDERGRADUATE EDUCATION</Text>
</ProgramReference>
<ProgramReference>
<Code>SMET</Code>
<Text>SCIENCE, MATH, ENG &amp; TECH EDUCATION</Text>
</ProgramReference>
</Award>
</rootTag>
