<?xml version="1.0" encoding="UTF-8"?>
<rootTag>
<Award>
<AwardTitle>CAREER:  Closing the Loop on Walking:  From Hybrid Systems to Bipedal Robots to Prosthetic Devices and Back</AwardTitle>
<AwardEffectiveDate>07/01/2015</AwardEffectiveDate>
<AwardExpirationDate>05/31/2016</AwardExpirationDate>
<AwardAmount>135144</AwardAmount>
<AwardInstrument>
<Value>Continuing grant</Value>
</AwardInstrument>
<Organization>
<Code>05050000</Code>
<Directorate>
<LongName>Direct For Computer &amp; Info Scie &amp; Enginr</LongName>
</Directorate>
<Division>
<LongName>Division Of Computer and Network Systems</LongName>
</Division>
</Organization>
<ProgramOfficer>
<SignBlockName>M. Mimi McClure</SignBlockName>
</ProgramOfficer>
<AbstractNarration>This Faculty Early Career Development (CAREER) grant provides funding for contributions to the foundations of hybrid systems through the anthropomorphically motivated study of dynamic walking of bipedal robots, with a special focus on behavior unique to hybrid systems and applications to prosthesis design.&lt;br/&gt; &lt;br/&gt;Bipedal walking is a quintessential example of complex dynamically stable behavior.   Hybrid systems---systems with both continuous and discrete behavior---provide a modeling paradigm in which to capture the behavior of highly complex systems, resulting in new phenomena not found in continuous and discrete systems.   Bipedal walking robots are naturally modeled as hybrid systems, and it is the confluence of these two areas---bipedal walking and hybrid systems---that affords a unique opportunity to further the understanding of each of these areas. &lt;br/&gt;   &lt;br/&gt;This project uses studies of human walking to obtain accurate and anthropomorphic hybrid models of bipedal robots, designs control laws that yield human-like walking through the use of geometric reduction, formally studies the stability and robustness of the resulting hybrid systems, and uses this cumulative understanding of bipedal walking to design prosthesis devices.  &lt;br/&gt; &lt;br/&gt;The applications of the ideas underlying this project are far reaching, providing new research directions in hybrid systems and a new understanding of the fundamental mechanisms underlying walking.  &lt;br/&gt;Applying this understanding to the design of prosthesis devices could have a dramatic impact on the quality of life of the millions of lower body extremity amputees.   Furthermore, the anthropomorphic nature of bipedal locomotion has wide appeal to people of all ages and demographics, greatly facilitating outreach and education.</AbstractNarration>
<MinAmdLetterDate>10/19/2015</MinAmdLetterDate>
<MaxAmdLetterDate>10/19/2015</MaxAmdLetterDate>
<ARRAAmount/>
<AwardID>1600803</AwardID>
<Investigator>
<FirstName>Aaron</FirstName>
<LastName>Ames</LastName>
<EmailAddress>ames@caltech.edu</EmailAddress>
<StartDate>10/19/2015</StartDate>
<EndDate/>
<RoleCode>Principal Investigator</RoleCode>
</Investigator>
<Institution>
<Name>Georgia Tech Research Corporation</Name>
<CityName>Atlanta</CityName>
<ZipCode>303320420</ZipCode>
<PhoneNumber>4048944819</PhoneNumber>
<StreetAddress>Office of Sponsored Programs</StreetAddress>
<CountryName>United States</CountryName>
<StateName>Georgia</StateName>
<StateCode>GA</StateCode>
</Institution>
<ProgramElement>
<Code>7354</Code>
<Text>Computer Systems Research (CSR</Text>
</ProgramElement>
<ProgramReference>
<Code>1045</Code>
<Text>CAREER: FACULTY EARLY CAR DEV</Text>
</ProgramReference>
</Award>
</rootTag>
