<?xml version="1.0" encoding="UTF-8"?>
<rootTag>
<Award>
<AwardTitle>GP-EXTRA:Pathways to atmospheric science through immersion in geoscience research</AwardTitle>
<AwardEffectiveDate>09/01/2016</AwardEffectiveDate>
<AwardExpirationDate>08/31/2019</AwardExpirationDate>
<AwardAmount>456589</AwardAmount>
<AwardInstrument>
<Value>Standard Grant</Value>
</AwardInstrument>
<Organization>
<Code>06010000</Code>
<Directorate>
<LongName>Directorate For Geosciences</LongName>
</Directorate>
<Division>
<LongName>ICER</LongName>
</Division>
</Organization>
<ProgramOfficer>
<SignBlockName>Michael Jones</SignBlockName>
</ProgramOfficer>
<AbstractNarration>As the U.S. becomes increasingly a nation of ethnic minorities along with increasing numbers of women in the workforce, the Science, Technology, Engineering and Mathematics (STEM) workforce is not as diverse and does not reflect the change in demographics. The low numbers of African-American, Hispanic, and Native-American students graduating with either undergraduate or graduate degrees in the geosciences is the lowest within all of the STEM fields. In general, the rate at which geoscientists are trained in this country will not be enough to fill the large number of vacant STEM positions to be created in the near future.  Despite continued efforts, the geosciences community still has difficulty recruiting and retaining students and faculty from underrepresented groups, and there are very few geosciences programs at minority serving institutions like Historically Black Colleges and Universities (HBCUs). Training of geoscientists is critical for the nation since informed decisions on important global issues related to energy, water management, climate change, and air quality require training in the geosciences.  For example, because severe weather events have impacted the most vulnerable (low income and minority) communities, it is imperative that students from these communities be trained in the geosciences to help create a pool of qualified professionals who can then address the issues of severe weather impacts in disadvantaged communities and provide climate and severe weather literacy. &lt;br/&gt;&lt;br/&gt;&lt;br/&gt;The objective of this proposal is to develop a sustainable pipeline to undergraduate and/or graduate programs in atmospheric sciences at NCAT through a new program design. The program design has four components: 1) Recruitment of qualified students through competitive selection criteria and financial support, 2) Cohort building activities based on reported best practices, 3) Undergraduate year round research opportunity at NCAT complemented with field trips to atmospheric sciences and meteorology facilities in the region and the state, and 4) Short but intensive research trip to Colorado State University and the National Center for Atmospheric Research (NCAR).&lt;br/&gt;The proposed program will provide carefully designed problem-based academic-year geosciences (atmospheric sciences) research experience for cohorts of eight undergraduate students competitively selected annually (24 over the life of the grant). The cohort will be recruited from a pool of undeclared majors (sophomores and juniors) at NCAT, pre-service teachers and seniors from the Early STEM College high school on the campus of NCAT. The research experience will include topics that are socially relevant in atmospheric chemistry and weather and climate modeling.  The key mechanisms for creating an environment of innovation will be exposure to the cutting-edge research in major university and national research laboratories during internships. The research experience is enhanced and enriched through short visits to Colorado State University and NCAR and daylong field trips to local National Weather Service facilities, NOAA, facilities, university facilities and private weather and climate related facilities.</AbstractNarration>
<MinAmdLetterDate>08/12/2016</MinAmdLetterDate>
<MaxAmdLetterDate>08/12/2016</MaxAmdLetterDate>
<ARRAAmount/>
<AwardID>1600415</AwardID>
<Investigator>
<FirstName>Solomon</FirstName>
<LastName>Bililign</LastName>
<EmailAddress>Bililign@ncat.edu</EmailAddress>
<StartDate>08/12/2016</StartDate>
<EndDate/>
<RoleCode>Principal Investigator</RoleCode>
</Investigator>
<Investigator>
<FirstName>A</FirstName>
<LastName>Denning</LastName>
<EmailAddress>denning@atmos.colostate.edu</EmailAddress>
<StartDate>08/12/2016</StartDate>
<EndDate/>
<RoleCode>Co-Principal Investigator</RoleCode>
</Investigator>
<Investigator>
<FirstName>Jing</FirstName>
<LastName>Zhang</LastName>
<EmailAddress>jzhang1@ncat.edu</EmailAddress>
<StartDate>08/12/2016</StartDate>
<EndDate/>
<RoleCode>Co-Principal Investigator</RoleCode>
</Investigator>
<Investigator>
<FirstName>Yuh-Lang</FirstName>
<LastName>Lin</LastName>
<EmailAddress>ylin@ncat.edu</EmailAddress>
<StartDate>08/12/2016</StartDate>
<EndDate/>
<RoleCode>Co-Principal Investigator</RoleCode>
</Investigator>
<Investigator>
<FirstName>Manoj</FirstName>
<LastName>Jha</LastName>
<EmailAddress>mkjha@ncat.edu</EmailAddress>
<StartDate>08/12/2016</StartDate>
<EndDate/>
<RoleCode>Co-Principal Investigator</RoleCode>
</Investigator>
<Institution>
<Name>North Carolina Agricultural &amp; Technical State University</Name>
<CityName>Greensboro</CityName>
<ZipCode>274110001</ZipCode>
<PhoneNumber>3363347995</PhoneNumber>
<StreetAddress>1601 E. Market Street</StreetAddress>
<CountryName>United States</CountryName>
<StateName>North Carolina</StateName>
<StateCode>NC</StateCode>
</Institution>
<ProgramElement>
<Code>1594</Code>
<Text>HIST BLACK COLLEGES AND UNIV</Text>
</ProgramElement>
<ProgramElement>
<Code>7699</Code>
<Text>ICER</Text>
</ProgramElement>
<ProgramReference>
<Code>8209</Code>
<Text>Improv Undergrad STEM Ed(IUSE)</Text>
</ProgramReference>
<ProgramReference>
<Code>9178</Code>
<Text>UNDERGRADUATE EDUCATION</Text>
</ProgramReference>
</Award>
</rootTag>
