<?xml version="1.0" encoding="UTF-8"?>
<rootTag>
<Award>
<AwardTitle>NSF-ATE: Partnership for Advanced Marine and Environmental Science Training for Pacific Islanders</AwardTitle>
<AwardEffectiveDate>05/01/2016</AwardEffectiveDate>
<AwardExpirationDate>04/30/2019</AwardExpirationDate>
<AwardAmount>899977</AwardAmount>
<AwardInstrument>
<Value>Standard Grant</Value>
</AwardInstrument>
<Organization>
<Code>11040100</Code>
<Directorate>
<LongName>Direct For Education and Human Resources</LongName>
</Directorate>
<Division>
<LongName>Division Of Undergraduate Education</LongName>
</Division>
</Organization>
<ProgramOfficer>
<SignBlockName>Elizabeth Teles</SignBlockName>
</ProgramOfficer>
<AbstractNarration>The Pacific Islands are an exceptional natural laboratory, with highly diverse and unique coral reef and terrestrial ecosystems that are already under elevated levels of stress and degradation due to the effects of changing global environmental conditions, development pressures, and the effects of overfishing and coastal pollution. The future of the Islands and their populations depends on the technical skills and knowledge available to local resource managers, policy makers and stakeholders. This project will provide critical access to accurate and adequate technical information to strengthen the capacity of the local institutions of higher education. Input from local agencies, businesses and stakeholders have identified key technological skills needed by community college graduates to fill positions within the governments, NGO community and private sector.  These students will develop strong STEM-related skills to enter the U.S. Mainland workforce in technology related fields and to successfully pursue 4-year and graduate degrees.&lt;br/&gt;&lt;br/&gt;This project will enhance marine and environmental science education at the five minority-serving community colleges of the Pacific Islands:  American Samoa Community College, the College of Micronesia - FSM, the College of the Marshall Islands, Northern Marianas College, and Palau Community College.  The project will support relevant curriculum development, the professional development of the college faculty, internships and field experiences for students, and strengthen the scientific infrastructure of the participating institutions. The focus will be on island ecosystems and climate science, and activities will include advanced training for faculty to modernize their courses, expanded use of new tools and technologies, and support for student internships and research experiences.</AbstractNarration>
<MinAmdLetterDate>03/17/2016</MinAmdLetterDate>
<MaxAmdLetterDate>03/17/2016</MaxAmdLetterDate>
<ARRAAmount/>
<AwardID>1601119</AwardID>
<Investigator>
<FirstName>Patrick</FirstName>
<LastName>Tellei</LastName>
<EmailAddress>tellei@palau.edu</EmailAddress>
<StartDate>03/17/2016</StartDate>
<EndDate/>
<RoleCode>Co-Principal Investigator</RoleCode>
</Investigator>
<Investigator>
<FirstName>Vernice</FirstName>
<LastName>Yuji</LastName>
<EmailAddress>vernicey@palau.edu</EmailAddress>
<StartDate>03/17/2016</StartDate>
<EndDate/>
<RoleCode>Co-Principal Investigator</RoleCode>
</Investigator>
<Investigator>
<FirstName>Donald</FirstName>
<LastName>Hess</LastName>
<EmailAddress>cmihess@gmail.com</EmailAddress>
<StartDate>03/17/2016</StartDate>
<EndDate/>
<RoleCode>Co-Principal Investigator</RoleCode>
</Investigator>
<Investigator>
<FirstName>Robert</FirstName>
<LastName>Richmond</LastName>
<EmailAddress>richmond@hawaii.edu</EmailAddress>
<StartDate>03/17/2016</StartDate>
<EndDate/>
<RoleCode>Principal Investigator</RoleCode>
</Investigator>
<Institution>
<Name>University of Hawaii</Name>
<CityName>HONOLULU</CityName>
<ZipCode>968222234</ZipCode>
<PhoneNumber>8089567800</PhoneNumber>
<StreetAddress>2440 Campus Road, Box 368</StreetAddress>
<CountryName>United States</CountryName>
<StateName>Hawaii</StateName>
<StateCode>HI</StateCode>
</Institution>
<ProgramElement>
<Code>7412</Code>
<Text>ADVANCED TECH EDUCATION PROG</Text>
</ProgramElement>
<ProgramReference>
<Code>1032</Code>
<Text>ADVANCED TECHNOLOGY EDUCATION</Text>
</ProgramReference>
<ProgramReference>
<Code>9150</Code>
<Text>EXP PROG TO STIM COMP RES</Text>
</ProgramReference>
<ProgramReference>
<Code>9178</Code>
<Text>UNDERGRADUATE EDUCATION</Text>
</ProgramReference>
<ProgramReference>
<Code>SMET</Code>
<Text>SCIENCE, MATH, ENG &amp; TECH EDUCATION</Text>
</ProgramReference>
</Award>
</rootTag>
