<?xml version="1.0" encoding="UTF-8"?>
<rootTag>
<Award>
<AwardTitle>Comprehensive Integration of Advanced Manufacturing Competencies throughout an Associates Degree and a Stackable Certificate Curricula</AwardTitle>
<AwardEffectiveDate>09/15/2016</AwardEffectiveDate>
<AwardExpirationDate>08/31/2019</AwardExpirationDate>
<AwardAmount>768272</AwardAmount>
<AwardInstrument>
<Value>Standard Grant</Value>
</AwardInstrument>
<Organization>
<Code>11040100</Code>
<Directorate>
<LongName>Direct For Education and Human Resources</LongName>
</Directorate>
<Division>
<LongName>Division Of Undergraduate Education</LongName>
</Division>
</Organization>
<ProgramOfficer>
<SignBlockName>Heather Watson</SignBlockName>
</ProgramOfficer>
<AbstractNarration>Rowan College at Burlington County, in partnership with Rowan University, is conducting the project entitled "Comprehensive Integration of Advanced Manufacturing Competencies throughout an Associates Degree and a Stackable Certificate Curricula." The motivating rationale for this project stems from direct observations and experiences supporting the fact that there is a tremendous regional and national need for graduates to possess the skills and competencies valued by industry. This project leverages past NSF-funded work as well as new workforce development initiatives to emphasize the critical skills and competencies needed to support advanced manufacturing curricula and industry. &lt;br/&gt;&lt;br/&gt;The goals of this project are to strengthen and expand an Engineering Technology program and to serve as a conduit for the creation of programs and educational pathways that address unmet training needs and the needs of emergent high growth industries, both in the region and nationally. These goals will be accomplished by highlighting technical and non-technical skills across the curriculum, by developing an applications library that will serve as a curriculum resource to incorporate direct examples of relevant principles, by creating and strengthening industrial advisory committees, and by creating new advanced manufacturing educational pathways including degree and certificate programs, and facilities. This project involves the close collaboration between educational, industrial, and professional partners to develop flexible educational pathways, a comprehensive and strategic regional network, and a clearinghouse of accessible and effective resources, all for the purpose of preparing students to meet the needs of advanced manufacturing employers.</AbstractNarration>
<MinAmdLetterDate>09/06/2016</MinAmdLetterDate>
<MaxAmdLetterDate>10/17/2016</MaxAmdLetterDate>
<ARRAAmount/>
<AwardID>1601487</AwardID>
<Investigator>
<FirstName>Edem</FirstName>
<LastName>Tetteh</LastName>
<EmailAddress>etetteh@rcbc.edu</EmailAddress>
<StartDate>10/17/2016</StartDate>
<EndDate/>
<RoleCode>Co-Principal Investigator</RoleCode>
</Investigator>
<Investigator>
<FirstName>Anand</FirstName>
<LastName>Ramaswami</LastName>
<EmailAddress>aramaswami@bcc.edu</EmailAddress>
<StartDate>09/06/2016</StartDate>
<EndDate>10/17/2016</EndDate>
<RoleCode>Former Co-Principal Investigator</RoleCode>
</Investigator>
<Investigator>
<FirstName>David</FirstName>
<LastName>Spang</LastName>
<EmailAddress>dspang@rcbc.edu</EmailAddress>
<StartDate>09/06/2016</StartDate>
<EndDate/>
<RoleCode>Principal Investigator</RoleCode>
</Investigator>
<Investigator>
<FirstName>Eric</FirstName>
<LastName>Constans</LastName>
<EmailAddress>constans@rowan.edu</EmailAddress>
<StartDate>09/06/2016</StartDate>
<EndDate/>
<RoleCode>Co-Principal Investigator</RoleCode>
</Investigator>
<Institution>
<Name>Rowan College of Burlington County</Name>
<CityName>Pemberton</CityName>
<ZipCode>080681599</ZipCode>
<PhoneNumber>8562425263</PhoneNumber>
<StreetAddress>601 Pemberton-Browns Mills Rd</StreetAddress>
<CountryName>United States</CountryName>
<StateName>New Jersey</StateName>
<StateCode>NJ</StateCode>
</Institution>
<ProgramElement>
<Code>7412</Code>
<Text>ADVANCED TECH EDUCATION PROG</Text>
</ProgramElement>
<ProgramReference>
<Code>1032</Code>
<Text>ADVANCED TECHNOLOGY EDUCATION</Text>
</ProgramReference>
<ProgramReference>
<Code>9178</Code>
<Text>UNDERGRADUATE EDUCATION</Text>
</ProgramReference>
<ProgramReference>
<Code>SMET</Code>
<Text>SCIENCE, MATH, ENG &amp; TECH EDUCATION</Text>
</ProgramReference>
</Award>
</rootTag>
