<?xml version="1.0" encoding="UTF-8"?>
<rootTag>
<Award>
<AwardTitle>Macaulay2 Development Workshop, 2016</AwardTitle>
<AwardEffectiveDate>05/01/2016</AwardEffectiveDate>
<AwardExpirationDate>04/30/2017</AwardExpirationDate>
<AwardAmount>30400</AwardAmount>
<AwardInstrument>
<Value>Standard Grant</Value>
</AwardInstrument>
<Organization>
<Code>03040000</Code>
<Directorate>
<LongName>Direct For Mathematical &amp; Physical Scien</LongName>
</Directorate>
<Division>
<LongName>Division Of Mathematical Sciences</LongName>
</Division>
</Organization>
<ProgramOfficer>
<SignBlockName>Timothy Hodges</SignBlockName>
</ProgramOfficer>
<AbstractNarration>This award supports participants at the Macaulay2 Development Workshop, May 7th-10th, 2016, at the University of Utah.  Macaulay2 is one of the world's leading open source software systems devoted to supporting research in commutative algebra and algebraic geometry. The aim of this workshop is to bring together researchers in these fields to develop new packages and functions that utilize Macaulay2's existing functionality to perform computations essential for research in algebra and geometry. These are then made available for use by other mathematicians throughout the world.  Many of the current Macaulay2 packages were started at, or greatly enhanced by, work at workshops such as this one. More information is available at the conference website&lt;br/&gt;http://wiki.macaulay2.com/Macaulay2/index.php?title=Utah2016_-_Main_Page&lt;br/&gt;&lt;br/&gt;This workshop is designed to help guide researchers, including graduate students and faculty members at both research universities and 4-year colleges, in the development of packages for Macaulay2.  This will be done by having groups of participants consisting of a mix of experienced and novice members work intensively on developing packages.  Many of these packages will eventually be integrated into Macaulay2, with some of those also going through a peer-review process at the Journal of Software for Algebra and Geometry.  These packages can then be used by researchers throughout the world.</AbstractNarration>
<MinAmdLetterDate>01/20/2016</MinAmdLetterDate>
<MaxAmdLetterDate>01/20/2016</MaxAmdLetterDate>
<ARRAAmount/>
<AwardID>1601205</AwardID>
<Investigator>
<FirstName>Amelia</FirstName>
<LastName>Taylor</LastName>
<EmailAddress>Amelia.Taylor@ColoradoCollege.edu</EmailAddress>
<StartDate>01/20/2016</StartDate>
<EndDate/>
<RoleCode>Co-Principal Investigator</RoleCode>
</Investigator>
<Investigator>
<FirstName>Adam</FirstName>
<LastName>Boocher</LastName>
<EmailAddress>aboocher@gmail.com</EmailAddress>
<StartDate>01/20/2016</StartDate>
<EndDate/>
<RoleCode>Principal Investigator</RoleCode>
</Investigator>
<Investigator>
<FirstName>Karl</FirstName>
<LastName>Schwede</LastName>
<EmailAddress>schwede@math.utah.edu</EmailAddress>
<StartDate>01/20/2016</StartDate>
<EndDate/>
<RoleCode>Co-Principal Investigator</RoleCode>
</Investigator>
<Institution>
<Name>University of Utah</Name>
<CityName>SALT LAKE CITY</CityName>
<ZipCode>841128930</ZipCode>
<PhoneNumber>8015816903</PhoneNumber>
<StreetAddress>75 S 2000 E</StreetAddress>
<CountryName>United States</CountryName>
<StateName>Utah</StateName>
<StateCode>UT</StateCode>
</Institution>
<ProgramElement>
<Code>1264</Code>
<Text>ALGEBRA,NUMBER THEORY,AND COM</Text>
</ProgramElement>
<ProgramReference>
<Code>7556</Code>
<Text>CONFERENCE AND WORKSHOPS</Text>
</ProgramReference>
<ProgramReference>
<Code>9150</Code>
<Text>EXP PROG TO STIM COMP RES</Text>
</ProgramReference>
</Award>
</rootTag>
