<?xml version="1.0" encoding="UTF-8"?>
<rootTag>
<Award>
<AwardTitle>Opening Pathways to Employment through Nontraditional Geospatial Applications in Technical Education (OPEN-GATE)</AwardTitle>
<AwardEffectiveDate>07/15/2016</AwardEffectiveDate>
<AwardExpirationDate>06/30/2019</AwardExpirationDate>
<AwardAmount>898073</AwardAmount>
<AwardInstrument>
<Value>Standard Grant</Value>
</AwardInstrument>
<Organization>
<Code>11040100</Code>
<Directorate>
<LongName>Direct For Education and Human Resources</LongName>
</Directorate>
<Division>
<LongName>Division Of Undergraduate Education</LongName>
</Division>
</Organization>
<ProgramOfficer>
<SignBlockName>Elizabeth Teles</SignBlockName>
</ProgramOfficer>
<AbstractNarration>Opening Pathways to Employment through Nontraditional Geospatial Applications in Technical Education (OPEN-GATE) is a collaboration among four community colleges in the University of Arkansas system and the University of Arkansas-Fayetteville that will enable the development of a workforce with job-specific geospatial skills for local industry and government. Regional surveys have shown a strong interest among employers for employees with skills in location-based services and other geospatial technologies as well as their industry-specific skills. OPEN-GATE will develop geospatial technology skill sets in targeted business sectors and emerging industries by augmenting existing programs of study at the four two-year institutions with relevant and industry-specific geospatial applications. The project will leverage educational materials developed by the GeoTech Center, an NSF ATE-funded center, as well as online content already developed by the University of Arkansas. Traditionally, the primary job market for people with strong geospatial educations has been in large cities. The selected integration of these skills with industry-specific training will help increase efficiency, competitiveness, and sustainability of businesses and government in the rural heartland.&lt;br/&gt;&lt;br/&gt;The growing demand for geospatial technicians across multiple domains illustrates the need for a workforce which understands and utilizes spatial thinking and analysis, at the same time that the rapid evolution and incorporation of geospatial technology into daily life demands a spatially literate community. The goals of the OPEN-GATE project are to increase adoption of geospatial technologies statewide and to expand access to education and training in geospatial technologies in support of industry and government, including transportation, oil and gas, local government, and others. Working together, the UA system partners will formalize agreements to develop a system-wide structure for shared degrees, technical certificates, and/or certificates of proficiency to clearly articulate multiple educational pathways. Employer Advisory Boards for each program of study, made up of industry representatives and local employers, will advise the development of educational curricula to insure that it meets industry needs and act as liaisons between industry and educators. Annual industry-education partnership conferences will facilitate ongoing interaction between industry, faculty, and students, while outreach to secondary school teachers and students will foster early awareness of geospatial technologies, shaping the future workforce and economic development of the region. By enhancing the capacity of educational institutions in the region, the project will expand opportunities for education and training to regions of the state that are currently unserved or underserved.</AbstractNarration>
<MinAmdLetterDate>07/13/2016</MinAmdLetterDate>
<MaxAmdLetterDate>07/13/2016</MaxAmdLetterDate>
<ARRAAmount/>
<AwardID>1601552</AwardID>
<Investigator>
<FirstName>Debby</FirstName>
<LastName>King</LastName>
<EmailAddress>dking@pccua.edu</EmailAddress>
<StartDate>07/13/2016</StartDate>
<EndDate/>
<RoleCode>Co-Principal Investigator</RoleCode>
</Investigator>
<Investigator>
<FirstName>Robyn</FirstName>
<LastName>Lane</LastName>
<EmailAddress>robyn@cast.uark.edu</EmailAddress>
<StartDate>07/13/2016</StartDate>
<EndDate/>
<RoleCode>Co-Principal Investigator</RoleCode>
</Investigator>
<Investigator>
<FirstName>Jackson</FirstName>
<LastName>Cothren</LastName>
<EmailAddress>jcothre@uark.edu</EmailAddress>
<StartDate>07/13/2016</StartDate>
<EndDate/>
<RoleCode>Principal Investigator</RoleCode>
</Investigator>
<Investigator>
<FirstName>W. Frederick</FirstName>
<LastName>Limp</LastName>
<EmailAddress>fred@cast.uark.edu</EmailAddress>
<StartDate>07/13/2016</StartDate>
<EndDate/>
<RoleCode>Co-Principal Investigator</RoleCode>
</Investigator>
<Investigator>
<FirstName>Tamara</FirstName>
<LastName>Griffin</LastName>
<EmailAddress>tamara.griffin@uaccb.edu</EmailAddress>
<StartDate>07/13/2016</StartDate>
<EndDate/>
<RoleCode>Co-Principal Investigator</RoleCode>
</Investigator>
<Institution>
<Name>University of Arkansas</Name>
<CityName>FAYETTEVILLE</CityName>
<ZipCode>727011201</ZipCode>
<PhoneNumber>4795753845</PhoneNumber>
<StreetAddress>210 Administration Building</StreetAddress>
<CountryName>United States</CountryName>
<StateName>Arkansas</StateName>
<StateCode>AR</StateCode>
</Institution>
<ProgramElement>
<Code>7412</Code>
<Text>ADVANCED TECH EDUCATION PROG</Text>
</ProgramElement>
<ProgramReference>
<Code>1032</Code>
<Text>ADVANCED TECHNOLOGY EDUCATION</Text>
</ProgramReference>
<ProgramReference>
<Code>9150</Code>
<Text>EXP PROG TO STIM COMP RES</Text>
</ProgramReference>
<ProgramReference>
<Code>9178</Code>
<Text>UNDERGRADUATE EDUCATION</Text>
</ProgramReference>
<ProgramReference>
<Code>SMET</Code>
<Text>SCIENCE, MATH, ENG &amp; TECH EDUCATION</Text>
</ProgramReference>
</Award>
</rootTag>
