<?xml version="1.0" encoding="UTF-8"?>
<rootTag>
<Award>
<AwardTitle>Chemical and BioEnergy Technology for Sustainability</AwardTitle>
<AwardEffectiveDate>06/01/2016</AwardEffectiveDate>
<AwardExpirationDate>05/31/2019</AwardExpirationDate>
<AwardAmount>915894</AwardAmount>
<AwardInstrument>
<Value>Standard Grant</Value>
</AwardInstrument>
<Organization>
<Code>11040100</Code>
<Directorate>
<LongName>Direct For Education and Human Resources</LongName>
</Directorate>
<Division>
<LongName>Division Of Undergraduate Education</LongName>
</Division>
</Organization>
<ProgramOfficer>
<SignBlockName>David B. Campbell</SignBlockName>
</ProgramOfficer>
<AbstractNarration>Bronx Community College (BCC), working with industrial, governmental, and academic partners, will develop an Associates of Applied Science degree in Chemical and BioEnergy Technology for Sustainability. This degree program will combine the disciplines of biology, chemistry, and engineering, and educate community college students for careers in the emerging bio-economy and at the interface of green chemistry and fermentation science. The project will leverage ongoing projects at BCC, such as the Center for Sustainable Energy, the Renewable Fuel and Sustainable Product Laboratory and the College Now program. College Now will allow high school students to earn college credits towards careers in this emerging field. Due to BCC's urban location in the City of New York, many of the students who have access to this project will come from traditionally underserved backgrounds. &lt;br/&gt;&lt;br/&gt;The goals of this project are to prepare students for careers in emerging STEM fields that address the need for cleaner, renewable energy and chemicals using a biomass feedstock platform. The new degree program will educate community college students in fields associated with biomanufacturing, renewable transportation fuels, and green chemical feedstocks. This program will leverage the principal investigator's current work in Bionic Liquids (NSF I-Corp Award #1443859) and prior ATE awards made to BCC in pharmtech and chemtech (Award #0202386 and #0936994). BCC is a minority-serving institution in the City of New York that educates approximately 11,500 students annually. It is part of the 24 college City University of New York system and has significant interactions with high schools in its service area. This will allow the project to impact a sizable number of students underrepresented in the STEM fields and contribute to the economic development of the region. The program will be a model for crossing disciplinary boundaries to prepare students for STEM careers and developing students' important middle employment skills. Project evaluation will focus on the progress of the developing the program and measuring student performance indicators such enrollment, success, and retention.</AbstractNarration>
<MinAmdLetterDate>04/29/2016</MinAmdLetterDate>
<MaxAmdLetterDate>09/20/2017</MaxAmdLetterDate>
<ARRAAmount/>
<AwardID>1601636</AwardID>
<Investigator>
<FirstName>Amanda</FirstName>
<LastName>Simson</LastName>
<EmailAddress>asimson@newhaven.edu</EmailAddress>
<StartDate>04/29/2016</StartDate>
<EndDate/>
<RoleCode>Co-Principal Investigator</RoleCode>
</Investigator>
<Investigator>
<FirstName>Aaron</FirstName>
<LastName>Socha</LastName>
<EmailAddress>sochaa@queens.edu</EmailAddress>
<StartDate>09/20/2017</StartDate>
<EndDate/>
<RoleCode>Co-Principal Investigator</RoleCode>
</Investigator>
<Investigator>
<FirstName>Aaron</FirstName>
<LastName>Socha</LastName>
<EmailAddress>sochaa@queens.edu</EmailAddress>
<StartDate>04/29/2016</StartDate>
<EndDate>09/08/2017</EndDate>
<RoleCode>Former Principal Investigator</RoleCode>
</Investigator>
<Investigator>
<FirstName>Soosairaj</FirstName>
<LastName>Therese</LastName>
<EmailAddress>soosairaj.therese@bcc.cuny.edu</EmailAddress>
<StartDate>09/08/2017</StartDate>
<EndDate/>
<RoleCode>Principal Investigator</RoleCode>
</Investigator>
<Investigator>
<FirstName>Elizabeth</FirstName>
<LastName>Biddinger</LastName>
<EmailAddress>ebiddinger@ccny.cuny.edu</EmailAddress>
<StartDate>04/29/2016</StartDate>
<EndDate/>
<RoleCode>Co-Principal Investigator</RoleCode>
</Investigator>
<Institution>
<Name>CUNY Bronx Community College</Name>
<CityName>Bronx</CityName>
<ZipCode>104532804</ZipCode>
<PhoneNumber>7182895183</PhoneNumber>
<StreetAddress>2155 University Ave.</StreetAddress>
<CountryName>United States</CountryName>
<StateName>New York</StateName>
<StateCode>NY</StateCode>
</Institution>
<ProgramElement>
<Code>7412</Code>
<Text>ADVANCED TECH EDUCATION PROG</Text>
</ProgramElement>
<ProgramReference>
<Code>1032</Code>
<Text>ADVANCED TECHNOLOGY EDUCATION</Text>
</ProgramReference>
<ProgramReference>
<Code>9178</Code>
<Text>UNDERGRADUATE EDUCATION</Text>
</ProgramReference>
<ProgramReference>
<Code>SMET</Code>
<Text>SCIENCE, MATH, ENG &amp; TECH EDUCATION</Text>
</ProgramReference>
</Award>
</rootTag>
