<?xml version="1.0" encoding="UTF-8"?>
<rootTag>
<Award>
<AwardTitle>Competency-Based, Open Entry, Open Exit Biotechnology Education (CBOE-Biotech)</AwardTitle>
<AwardEffectiveDate>06/15/2016</AwardEffectiveDate>
<AwardExpirationDate>05/31/2019</AwardExpirationDate>
<AwardAmount>819416</AwardAmount>
<AwardInstrument>
<Value>Standard Grant</Value>
</AwardInstrument>
<Organization>
<Code>11040100</Code>
<Directorate>
<LongName>Direct For Education and Human Resources</LongName>
</Directorate>
<Division>
<LongName>Division Of Undergraduate Education</LongName>
</Division>
</Organization>
<ProgramOfficer>
<SignBlockName>Pushpa Ramakrishna</SignBlockName>
</ProgramOfficer>
<AbstractNarration>Salt Lake Community College (SLCC) will develop new competency-based, open-entry, open-exit program for their biotechnology credentials, complemented by an open lab during extended evening and weekend hours. This will allow SLCC to offer students and incumbent workers opportunities for flexible scheduling and accelerated program completion. The benefits to students will be reduced costs and enhanced well-being, especially for students who have families and jobs. Complementing the project is a targeted effort to recruit underserved populations. Working with the local biotechnology industry through an advisory board, the curriculum will be tailored to the needs of local employers to ensure it provides well-educated technicians for a growing industry. &lt;br/&gt;&lt;br/&gt;As a result of this project, SLCC will develop new practices in competency-based, open-entry, open-exit instruction and delivery that increases student access to biotechnology education and helps them earn a credential. This flexibility will save students money and support family life. This project leverages an existing Title III grant from the Department of Education. The new curriculum will be informed by a DACUM process that involves input from local industry. This will ensure that it meets the evolving needs of Utah biotechnology companies, articulates with local baccalaureate degree program, and develops the student skills needed by industry. Through proactive mentoring and advising, use of student analytics, and project evaluation, this project will identify effective practices and potential pitfalls of competency-based education programs in technician education. Through dissemination via the ATE community, this project will become a model for other programs serving students with similar needs.</AbstractNarration>
<MinAmdLetterDate>06/13/2016</MinAmdLetterDate>
<MaxAmdLetterDate>06/13/2016</MaxAmdLetterDate>
<ARRAAmount/>
<AwardID>1601521</AwardID>
<Investigator>
<FirstName>Jean</FirstName>
<LastName>Bower</LastName>
<EmailAddress>jean.bower@slcc.edu</EmailAddress>
<StartDate>06/13/2016</StartDate>
<EndDate/>
<RoleCode>Principal Investigator</RoleCode>
</Investigator>
<Investigator>
<FirstName>Mary</FirstName>
<LastName>Nelson</LastName>
<EmailAddress>mary.nelson@slcc.edu</EmailAddress>
<StartDate>06/13/2016</StartDate>
<EndDate/>
<RoleCode>Co-Principal Investigator</RoleCode>
</Investigator>
<Institution>
<Name>Salt Lake Community College</Name>
<CityName>Salt Lake City</CityName>
<ZipCode>841300808</ZipCode>
<PhoneNumber>8019574209</PhoneNumber>
<StreetAddress>P.O. Box 30808</StreetAddress>
<CountryName>United States</CountryName>
<StateName>Utah</StateName>
<StateCode>UT</StateCode>
</Institution>
<ProgramElement>
<Code>7412</Code>
<Text>ADVANCED TECH EDUCATION PROG</Text>
</ProgramElement>
<ProgramReference>
<Code>1032</Code>
<Text>ADVANCED TECHNOLOGY EDUCATION</Text>
</ProgramReference>
<ProgramReference>
<Code>9150</Code>
<Text>EXP PROG TO STIM COMP RES</Text>
</ProgramReference>
<ProgramReference>
<Code>9178</Code>
<Text>UNDERGRADUATE EDUCATION</Text>
</ProgramReference>
<ProgramReference>
<Code>SMET</Code>
<Text>SCIENCE, MATH, ENG &amp; TECH EDUCATION</Text>
</ProgramReference>
</Award>
</rootTag>
