<?xml version="1.0" encoding="UTF-8"?>
<rootTag>
<Award>
<AwardTitle>DISSERTATION RESEARCH:   Gastropod shells: A window into the developmental origins of diversity</AwardTitle>
<AwardEffectiveDate>06/01/2016</AwardEffectiveDate>
<AwardExpirationDate>05/31/2018</AwardExpirationDate>
<AwardAmount>11897</AwardAmount>
<AwardInstrument>
<Value>Standard Grant</Value>
</AwardInstrument>
<Organization>
<Code>08010207</Code>
<Directorate>
<LongName>Direct For Biological Sciences</LongName>
</Directorate>
<Division>
<LongName>Division Of Environmental Biology</LongName>
</Division>
</Organization>
<ProgramOfficer>
<SignBlockName>Leslie Rissler</SignBlockName>
</ProgramOfficer>
<AbstractNarration>This project investigates how different types of shell shapes are encoded in snail embryos. Animal form is marvelously varied. This study addresses the question: what are the developmental mechanisms that produce such diversity? Snails have long been a model system for studying biological form. They have diverse shapes but are easy to measure due to their mathematically regular coiling and have been a major study group since Charles Darwin's famous voyage around the world. Darwin's approach to the study of animal form included investigations of patterns of change in the snail-rich fossil record (paleontology). Modern developmental biology uses molecular tools to understand how genes determine snail form. This project will determine the genetic and environmental interactions that may underlie a conspicuous pattern in paleontology, the repeated evolution of non-coiled shells from coiled ancestors. The researchers will combine computer imaging technology, genetic manipulation and paleontology to provide unparalleled precision in determining how both genes and their environment shape an organism through time. Broader societal impacts will result from this work due in part to the design and implementation of a workshop on visual literacy. This workshop will improve the ability of the researchers and the scientific community to understand and convey complex visual information to the public. The workshop materials will be posted online for increased access. &lt;br/&gt;&lt;br/&gt;This project investigates the developmental basis of snail shell morphology and the transition from coiled to non-coiled shells in the emerging model system, the Common Slipper Shell (Crepidula fornicata). Specifically, it evaluates the hypothesis that simple modification in signaling patterns in a protein named decapentaplegic could be the basis for a pattern of non-coiled shell evolution. Other shell developmental genes also will be evaluated for the ability to affect shell patterning more generally. Genetic pathways influenced by changes in shell coiling will be manipulated in developing animals to isolate their individual effects on morphology. Detailed morphological data is required for this work. Scanning electron microscopy will be used to visualize the process of torsion and to assess morphological changes across the entire embryo in response to genetic perturbations. Computed tomography (CT scanning) will enable the use of 3-dimensional shape analysis of embryo and shell form with enhanced precision. The use of these computer-assisted technologies combined with molecular techniques will allow new insight into how paleontological patterns are formed.</AbstractNarration>
<MinAmdLetterDate>04/04/2016</MinAmdLetterDate>
<MaxAmdLetterDate>04/04/2016</MaxAmdLetterDate>
<ARRAAmount/>
<AwardID>1601509</AwardID>
<Investigator>
<FirstName>Darcy</FirstName>
<LastName>Ross</LastName>
<EmailAddress>darcylross@uchicago.edu</EmailAddress>
<StartDate>04/04/2016</StartDate>
<EndDate/>
<RoleCode>Co-Principal Investigator</RoleCode>
</Investigator>
<Investigator>
<FirstName>Neil</FirstName>
<LastName>Shubin</LastName>
<EmailAddress>nshubin@uchicago.edu</EmailAddress>
<StartDate>04/04/2016</StartDate>
<EndDate/>
<RoleCode>Principal Investigator</RoleCode>
</Investigator>
<Institution>
<Name>University of Chicago</Name>
<CityName>Chicago</CityName>
<ZipCode>606372612</ZipCode>
<PhoneNumber>7737028669</PhoneNumber>
<StreetAddress>6054 South Drexel Avenue</StreetAddress>
<CountryName>United States</CountryName>
<StateName>Illinois</StateName>
<StateCode>IL</StateCode>
</Institution>
<ProgramElement>
<Code>7378</Code>
<Text>EVOLUTIONARY GENETICS</Text>
</ProgramElement>
<ProgramReference>
<Code>9179</Code>
<Text>GRADUATE INVOLVEMENT</Text>
</ProgramReference>
</Award>
</rootTag>
