<?xml version="1.0" encoding="UTF-8"?>
<rootTag>
<Award>
<AwardTitle>DISSERTATION RESEARCH:   The role of Maternal Hormones in Programming Offspring Aggression</AwardTitle>
<AwardEffectiveDate>06/01/2016</AwardEffectiveDate>
<AwardExpirationDate>05/31/2018</AwardExpirationDate>
<AwardAmount>18719</AwardAmount>
<AwardInstrument>
<Value>Standard Grant</Value>
</AwardInstrument>
<Organization>
<Code>08090500</Code>
<Directorate>
<LongName>Direct For Biological Sciences</LongName>
</Directorate>
<Division>
<LongName>Division Of Integrative Organismal Systems</LongName>
</Division>
</Organization>
<ProgramOfficer>
<SignBlockName>Jodie Jawor</SignBlockName>
</ProgramOfficer>
<AbstractNarration>A mother's hormonal response to her current environment can cause permanent changes in her developing offspring, potentially determining whether those offspring live or die in their future environment. Females breeding in more competitive environments tend to transfer more testosterone to their offspring prenatally, which permanently makes offspring more aggressive. This maternal effect may help offspring adapt to competitive environments, yet it is still unclear how maternally derived testosterone permanently impacts offspring behavior. Without knowing how it happens, it is difficult to characterize the heritability of this maternal effect and how it fits into larger evolutionary frameworks. This research is among the first to test if molecular mechanisms, such as changes in gene expression and control, mediate the effects of maternal testosterone on offspring aggression using birds, in which this maternal effect is best studied. This research will take a novel approach by exploring differences in aggression-related genes from several brain pathways. The results of this research will help clarify what contributes to long-lasting variation in aggressive behaviors and why differences in animal behaviors exist. The researchers will also train undergraduate students in laboratory methods and bioinformatics. Additionally, this research has lent itself to a citizen science project with songbird breeders throughout the United States to explore factors influencing avian reproduction. &lt;br/&gt;&lt;br/&gt;Specifically, the researchers will experimentally determine if an epigenetic mechanism (i.e., DNA methylation) underlies the programming of offspring aggression by maternal hormones in songbirds. Birds are excellent models for maternal effects because their young develop externally in eggs and females allocate substantial amounts of testosterone to their egg yolks. The researchers will inject zebra finch eggs with a control vehicle or testosterone and measure aggressive and competitive behaviors (i.e., growth rate and begging rate) in the resulting offspring. In a subset of these offspring, the researchers will test for evidence of epigenetic programming. Aggressive behaviors are initiated across many interacting genes (i.e., steroid receptors, histamine, dopamine, somatostatin, arginine vasotocin, etc.). Thus, the researchers will use RNA-seq and methyl-seq analyses to explore genome-wide differences in mRNA expression and site-specific methylation patterns of aggression-related genes in two socially-relevant brain regions, the telencephalon and diencephalon. This research will greatly expand our knowledge of how different gene networks interact across brain regions to express aggression and will provide one of the first avian DNA methylomes. All data generated in this project will be archived in appropriate electronic repositories.</AbstractNarration>
<MinAmdLetterDate>03/24/2016</MinAmdLetterDate>
<MaxAmdLetterDate>03/24/2016</MaxAmdLetterDate>
<ARRAAmount/>
<AwardID>1601396</AwardID>
<Investigator>
<FirstName>Kristen</FirstName>
<LastName>Navara</LastName>
<EmailAddress>knavara@uga.edu</EmailAddress>
<StartDate>03/24/2016</StartDate>
<EndDate/>
<RoleCode>Principal Investigator</RoleCode>
</Investigator>
<Investigator>
<FirstName>Alexandra</FirstName>
<LastName>Bentz</LastName>
<EmailAddress>abbentz@uga.edu</EmailAddress>
<StartDate>03/24/2016</StartDate>
<EndDate/>
<RoleCode>Co-Principal Investigator</RoleCode>
</Investigator>
<Institution>
<Name>University of Georgia Research Foundation Inc</Name>
<CityName>ATHENS</CityName>
<ZipCode>306021589</ZipCode>
<PhoneNumber>7065425939</PhoneNumber>
<StreetAddress>310 East Campus Rd</StreetAddress>
<CountryName>United States</CountryName>
<StateName>Georgia</StateName>
<StateCode>GA</StateCode>
</Institution>
<ProgramElement>
<Code>7659</Code>
<Text>ANIMAL BEHAVIOR</Text>
</ProgramElement>
<ProgramReference>
<Code>9178</Code>
<Text>UNDERGRADUATE EDUCATION</Text>
</ProgramReference>
<ProgramReference>
<Code>9179</Code>
<Text>GRADUATE INVOLVEMENT</Text>
</ProgramReference>
</Award>
</rootTag>
