<?xml version="1.0" encoding="UTF-8"?>
<rootTag>
<Award>
<AwardTitle>Invariant Theory, Tensors, and Applications</AwardTitle>
<AwardEffectiveDate>07/01/2016</AwardEffectiveDate>
<AwardExpirationDate>06/30/2019</AwardExpirationDate>
<AwardAmount>172504</AwardAmount>
<AwardInstrument>
<Value>Continuing grant</Value>
</AwardInstrument>
<Organization>
<Code>03040000</Code>
<Directorate>
<LongName>Direct For Mathematical &amp; Physical Scien</LongName>
</Directorate>
<Division>
<LongName>Division Of Mathematical Sciences</LongName>
</Division>
</Organization>
<ProgramOfficer>
<SignBlockName>Timothy Hodges</SignBlockName>
</ProgramOfficer>
<AbstractNarration>In many areas of science and engineering, including signal processing, data mining, neuroscience, and chemometrics, data often appear in multidimensional arrays. Such multidimensional arrays are known as tensors. To understand the internal structure of the data at hand, it is useful to decompose a given tensor as a sum of simpler tensors. However, the classical method for such decompositions has flaws, such as numerical instability. One of the main goals of this research project is to develop the theoretical underpinning of a new method for tensor decomposition that will perform better in applications, particularly in biomedical signal processing. The project involves graduate and undergraduate students in the research.&lt;br/&gt;&lt;br/&gt;This research project studies tensors and invariant theory. The project aims to develop methods for lower and upper bounds for the rank of a tensor. The theory of convex decompositions of tensors will be developed and generalized. This new theoretical framework for tensor decompositions is an alternative to the low rank (PARAFAC) decomposition and is expected to behave better numerically. The investigator will study rings of (semi-)invariants for quivers and quivers with potentials. He will also explore tensor invariants and their relations to twisted commutative algebras.</AbstractNarration>
<MinAmdLetterDate>04/26/2016</MinAmdLetterDate>
<MaxAmdLetterDate>07/11/2017</MaxAmdLetterDate>
<ARRAAmount/>
<AwardID>1601229</AwardID>
<Investigator>
<FirstName>Harm</FirstName>
<LastName>Derksen</LastName>
<EmailAddress>hderksen@umich.edu</EmailAddress>
<StartDate>04/26/2016</StartDate>
<EndDate/>
<RoleCode>Principal Investigator</RoleCode>
</Investigator>
<Institution>
<Name>University of Michigan Ann Arbor</Name>
<CityName>Ann Arbor</CityName>
<ZipCode>481091274</ZipCode>
<PhoneNumber>7347636438</PhoneNumber>
<StreetAddress>3003 South State St. Room 1062</StreetAddress>
<CountryName>United States</CountryName>
<StateName>Michigan</StateName>
<StateCode>MI</StateCode>
</Institution>
<ProgramElement>
<Code>1264</Code>
<Text>ALGEBRA,NUMBER THEORY,AND COM</Text>
</ProgramElement>
<ProgramElement>
<Code>7970</Code>
<Text>Combinatorics</Text>
</ProgramElement>
<ProgramReference>
<Code>9251</Code>
<Text>RES EXPER FOR UNDERGRAD-SUPPLT</Text>
</ProgramReference>
</Award>
</rootTag>
