<?xml version="1.0" encoding="UTF-8"?>
<rootTag>
<Award>
<AwardTitle>Frontiers in Mathematical Physics</AwardTitle>
<AwardEffectiveDate>03/15/2016</AwardEffectiveDate>
<AwardExpirationDate>02/28/2017</AwardExpirationDate>
<AwardAmount>35000</AwardAmount>
<AwardInstrument>
<Value>Standard Grant</Value>
</AwardInstrument>
<Organization>
<Code>03040000</Code>
<Directorate>
<LongName>Direct For Mathematical &amp; Physical Scien</LongName>
</Directorate>
<Division>
<LongName>Division Of Mathematical Sciences</LongName>
</Division>
</Organization>
<ProgramOfficer>
<SignBlockName>Edward Taylor</SignBlockName>
</ProgramOfficer>
<AbstractNarration>This award provides funding for the conference "Frontiers in Mathematical Physics", to be held at the Centre de Recherches Mathematique at the University of Montreal  from August 28 to September 1, 2016.&lt;br/&gt;&lt;br/&gt;The conference focuses on recent developments in Analysis, especially in the fields of spectral theory, quantum mechanics, and statistical mechanics.  A number of distinguished mathematicians have agreed to attend and speak at this conference. The award gives early career researchers, researchers who are members of underrepresented groups, researchers not funded by NSF a chance to attend and participate in this conference.  The organizing committee will strive to make this funding opportunity known to target groups through a number of different activities.  More information will be made available at:&lt;br/&gt;http://www.crm.umontreal.ca/2016/Simon16/index_e.php</AbstractNarration>
<MinAmdLetterDate>11/05/2015</MinAmdLetterDate>
<MaxAmdLetterDate>11/05/2015</MaxAmdLetterDate>
<ARRAAmount/>
<AwardID>1601270</AwardID>
<Investigator>
<FirstName>George</FirstName>
<LastName>Hagedorn</LastName>
<EmailAddress>hagedorn@math.vt.edu</EmailAddress>
<StartDate>11/05/2015</StartDate>
<EndDate/>
<RoleCode>Principal Investigator</RoleCode>
</Investigator>
<Institution>
<Name>Virginia Polytechnic Institute and State University</Name>
<CityName>BLACKSBURG</CityName>
<ZipCode>240610001</ZipCode>
<PhoneNumber>5402315281</PhoneNumber>
<StreetAddress>Sponsored Programs 0170</StreetAddress>
<CountryName>United States</CountryName>
<StateName>Virginia</StateName>
<StateCode>VA</StateCode>
</Institution>
<ProgramElement>
<Code>1281</Code>
<Text>ANALYSIS PROGRAM</Text>
</ProgramElement>
<ProgramReference>
<Code>7556</Code>
<Text>CONFERENCE AND WORKSHOPS</Text>
</ProgramReference>
</Award>
</rootTag>
