<?xml version="1.0" encoding="UTF-8"?>
<rootTag>
<Award>
<AwardTitle>DISSERTATION RESEARCH: Integrative Taxonomy and Species Delimitation of Hakes (Merluccius, Merlucciidae)</AwardTitle>
<AwardEffectiveDate>06/01/2016</AwardEffectiveDate>
<AwardExpirationDate>11/30/2018</AwardExpirationDate>
<AwardAmount>18685</AwardAmount>
<AwardInstrument>
<Value>Standard Grant</Value>
</AwardInstrument>
<Organization>
<Code>08010206</Code>
<Directorate>
<LongName>Direct For Biological Sciences</LongName>
</Directorate>
<Division>
<LongName>Division Of Environmental Biology</LongName>
</Division>
</Organization>
<ProgramOfficer>
<SignBlockName>Christopher Schneider</SignBlockName>
</ProgramOfficer>
<AbstractNarration>How the distinction between species is recognized is becoming increasingly objective and cross-disciplinary. Despite the computational challenges of large datasets, new methods allow genetic and non-genetic data to be analyzed together. These methods offer great potential for genome-wide sampling of variation at different evolutionary scales and an opportunity to understand taxonomic groups with complex evolutionary histories. The 16 currently recognized species of hake, a commercially valuable group of fishes, are often difficult to identify because they are very similar morphologically and there is a high level of within-species variation. This confusion has increased in recent years because there has been continuous splitting and lumping of species based on limited sampling, and limited data on morphological and genetic variability. Some hake species are of conservation concern, with at least one population of the North Pacific Hake being listed under the Endangered Species Act. The poor understanding of the taxonomy of these fishes has led to inaccuracies in fisheries data, making management and conservation difficult. This research seeks to shed new light on the taxonomy of hakes by applying the new approaches of using both genetic and anatomical information together. &lt;br/&gt;&lt;br/&gt;The possibility of genome-wide biases, such as rate heterogeneity, underscores the need for corroboration from independent data such as morphology. In contrast, morphological data contains a mixture of informative and misleading traits that are able to delimit some taxa but unable to retrieve others. This study will empirically test the applicability of new integrative methods that combine genome-wide single nucleotide polymorphisms (SNP) and morphological data in a Bayesian framework for delimiting hake species. A two-step approach to species delimitation will be used: a species 'discovery' step (without a priori species hypotheses) to assign individuals to putative groups, followed by a 'validation' step, which tests the robustness of the groups. This study will result in a better understanding of the evolution and taxonomy of a group of commercially valuable fishes, and these results can be directly applied to fisheries management.</AbstractNarration>
<MinAmdLetterDate>03/15/2016</MinAmdLetterDate>
<MaxAmdLetterDate>03/15/2016</MaxAmdLetterDate>
<ARRAAmount/>
<AwardID>1601433</AwardID>
<Investigator>
<FirstName>Adela</FirstName>
<LastName>Roa-Varon</LastName>
<EmailAddress>aroavaron@vims.edu</EmailAddress>
<StartDate>03/15/2016</StartDate>
<EndDate/>
<RoleCode>Co-Principal Investigator</RoleCode>
</Investigator>
<Investigator>
<FirstName>Eric</FirstName>
<LastName>Hilton</LastName>
<EmailAddress>ehilton@vims.edu</EmailAddress>
<StartDate>03/15/2016</StartDate>
<EndDate/>
<RoleCode>Principal Investigator</RoleCode>
</Investigator>
<Institution>
<Name>College of William &amp; Mary Virginia Institute of Marine Science</Name>
<CityName>Gloucester Point</CityName>
<ZipCode>230621346</ZipCode>
<PhoneNumber>8046847000</PhoneNumber>
<StreetAddress>P.O. Box 1346</StreetAddress>
<CountryName>United States</CountryName>
<StateName>Virginia</StateName>
<StateCode>VA</StateCode>
</Institution>
<ProgramElement>
<Code>7374</Code>
<Text>Systematics &amp; Biodiversity Sci</Text>
</ProgramElement>
<ProgramReference>
<Code>9179</Code>
<Text>GRADUATE INVOLVEMENT</Text>
</ProgramReference>
<ProgramReference>
<Code>SMET</Code>
<Text>SCIENCE, MATH, ENG &amp; TECH EDUCATION</Text>
</ProgramReference>
</Award>
</rootTag>
