<?xml version="1.0" encoding="UTF-8"?>
<rootTag>
<Award>
<AwardTitle>Educator's Equity in STEM II</AwardTitle>
<AwardEffectiveDate>09/15/2016</AwardEffectiveDate>
<AwardExpirationDate>08/31/2019</AwardExpirationDate>
<AwardAmount>899961</AwardAmount>
<AwardInstrument>
<Value>Standard Grant</Value>
</AwardInstrument>
<Organization>
<Code>11040100</Code>
<Directorate>
<LongName>Direct For Education and Human Resources</LongName>
</Directorate>
<Division>
<LongName>Division Of Undergraduate Education</LongName>
</Division>
</Organization>
<ProgramOfficer>
<SignBlockName>Connie K. Della-Piana</SignBlockName>
</ProgramOfficer>
<AbstractNarration>The Educators' Equity in STEM II project tests and refines a model of professional development for secondary teachers and postsecondary faculty at community colleges whose responsibilities are in the area of career and technician education.  The project engages 100 participants (technician faculty and teachers) and 100 supporters (key personnel in selected departments and on campuses) in testing, refining and implementing equitable and inclusive students experiences in classrooms that transform teaching practices in courses in technician education programs.  The cornerstone of the proposed professional development is the "Micro-messaging to Reach and Teach Every Student Program" developed with funding from programs administered in the NSF Division of Human Resource Development and the Division of Undergraduate Education. Based on a localized implementation of the program (prior support), the project hypothesizes that attention and action focused on micro-messaging geared to increasing equity and inclusiveness in the classroom could increase the confidence and success of students in technician education programs across the nation.  &lt;br/&gt;&lt;br/&gt;Project effectiveness will be assessed using the Learning Forward 2011 Standards for Professional Learning and a project evaluation that adapts and integrates the Context-Input-Process-Product Evaluation model with models for evaluating professional development.  In recognition of performance appraisals at the secondary and post-secondary education levels, participants will earn graduate education credits through Castleton University in Vermont.</AbstractNarration>
<MinAmdLetterDate>09/13/2016</MinAmdLetterDate>
<MaxAmdLetterDate>08/28/2017</MaxAmdLetterDate>
<ARRAAmount/>
<AwardID>1601548</AwardID>
<Investigator>
<FirstName>John</FirstName>
<LastName>Walker</LastName>
<EmailAddress>jwalker@nmsu.edu</EmailAddress>
<StartDate>09/13/2016</StartDate>
<EndDate>08/28/2017</EndDate>
<RoleCode>Former Co-Principal Investigator</RoleCode>
</Investigator>
<Investigator>
<FirstName>Meagan</FirstName>
<LastName>Pollock</LastName>
<EmailAddress>mpollock@napequity.org</EmailAddress>
<StartDate>09/13/2016</StartDate>
<EndDate/>
<RoleCode>Co-Principal Investigator</RoleCode>
</Investigator>
<Investigator>
<FirstName>Benjamin</FirstName>
<LastName>Williams</LastName>
<EmailAddress>bwilliams@napequity.org</EmailAddress>
<StartDate>09/13/2016</StartDate>
<EndDate/>
<RoleCode>Principal Investigator</RoleCode>
</Investigator>
<Investigator>
<FirstName>Andrew</FirstName>
<LastName>Stephan</LastName>
<EmailAddress>astephan@starkstate.edu</EmailAddress>
<StartDate>09/13/2016</StartDate>
<EndDate/>
<RoleCode>Co-Principal Investigator</RoleCode>
</Investigator>
<Investigator>
<FirstName>Natalee</FirstName>
<LastName>Hilt</LastName>
<EmailAddress>mhilt@starkstate.edu</EmailAddress>
<StartDate>09/13/2016</StartDate>
<EndDate/>
<RoleCode>Co-Principal Investigator</RoleCode>
</Investigator>
<Investigator>
<FirstName>Fred</FirstName>
<LastName>Owensby</LastName>
<EmailAddress>fowensby@dacc.nmsu.edu</EmailAddress>
<StartDate>08/28/2017</StartDate>
<EndDate/>
<RoleCode>Co-Principal Investigator</RoleCode>
</Investigator>
<Institution>
<Name>National Alliance for Partnerships in Equity Education Foundatio</Name>
<CityName>Gap</CityName>
<ZipCode>175279579</ZipCode>
<PhoneNumber>7174075118</PhoneNumber>
<StreetAddress>91 Newport Pike</StreetAddress>
<CountryName>United States</CountryName>
<StateName>Pennsylvania</StateName>
<StateCode>PA</StateCode>
</Institution>
<ProgramElement>
<Code>7412</Code>
<Text>ADVANCED TECH EDUCATION PROG</Text>
</ProgramElement>
<ProgramReference>
<Code>1032</Code>
<Text>ADVANCED TECHNOLOGY EDUCATION</Text>
</ProgramReference>
<ProgramReference>
<Code>9178</Code>
<Text>UNDERGRADUATE EDUCATION</Text>
</ProgramReference>
<ProgramReference>
<Code>SMET</Code>
<Text>SCIENCE, MATH, ENG &amp; TECH EDUCATION</Text>
</ProgramReference>
</Award>
</rootTag>
