<?xml version="1.0" encoding="UTF-8"?>
<rootTag>
<Award>
<AwardTitle>MakerTEC - Manufacturing Alliance Keeping Education Relevant to Technical Employee Competence</AwardTitle>
<AwardEffectiveDate>09/15/2016</AwardEffectiveDate>
<AwardExpirationDate>08/31/2020</AwardExpirationDate>
<AwardAmount>799128</AwardAmount>
<AwardInstrument>
<Value>Standard Grant</Value>
</AwardInstrument>
<Organization>
<Code>11040100</Code>
<Directorate>
<LongName>Direct For Education and Human Resources</LongName>
</Directorate>
<Division>
<LongName>Division Of Undergraduate Education</LongName>
</Division>
</Organization>
<ProgramOfficer>
<SignBlockName>Heather Watson</SignBlockName>
</ProgramOfficer>
<AbstractNarration>The MakerTEC Coordination Network addresses technician preparation activities for a variety of technology careers by seeking cross-cutting threads which improve workplace readiness and employee retention that are recognized and accepted in today's high performance manufacturing industries.  By coordinating work ethics standards, level of preparation assessments and curriculum development support that aligns technician education with skills credentialing programs, employee suitability will be addressed early in the employee recruitment cycle, ultimately resulting in lower employer costs through reduced applicant screening and better-prepared employees resulting in less employee turnover.  MakerTEC is applicable to a host of STEM organizations and industries by providing collaborative technician preparation strategies as options for public and private entities struggling to meet industry's employer skill needs.  &lt;br/&gt;&lt;br/&gt;The MakerTEC project enhances recruitment actions underway by workforce and placement agencies with candidate action plans assessing/highlighting existing skills gaps, assisting educators with hybrid/virtual education and distance learning strategies reaching beyond traditional classrooms and identifying credentialing options for employability skills needed at entry level and beyond.  These activities focus on joint efforts to catalog and cross-reference related programs and activities for participating organizations to maximize available resources. Through databases created by region, industry-defined performance standards and credentialing options, employers will have access to tools for evidence-based hiring decisions. In this way, MakerTEC will establish a network to foster broad acceptance by participants and reward those seeking living-wage jobs with opportunities for employment in key industries.</AbstractNarration>
<MinAmdLetterDate>09/14/2016</MinAmdLetterDate>
<MaxAmdLetterDate>07/30/2017</MaxAmdLetterDate>
<ARRAAmount/>
<AwardID>1601710</AwardID>
<Investigator>
<FirstName>Steven</FirstName>
<LastName>Kane</LastName>
<EmailAddress>kanes@easternflorida.edu</EmailAddress>
<StartDate>09/14/2016</StartDate>
<EndDate/>
<RoleCode>Principal Investigator</RoleCode>
</Investigator>
<Investigator>
<FirstName>William</FirstName>
<LastName>Fletcher</LastName>
<EmailAddress>fletcherw@brevardcc.edu</EmailAddress>
<StartDate>09/14/2016</StartDate>
<EndDate/>
<RoleCode>Co-Principal Investigator</RoleCode>
</Investigator>
<Investigator>
<FirstName>Dana</FirstName>
<LastName>Schirer</LastName>
<EmailAddress>dschirer@wsutech.edu</EmailAddress>
<StartDate>07/30/2017</StartDate>
<EndDate/>
<RoleCode>Co-Principal Investigator</RoleCode>
</Investigator>
<Investigator>
<FirstName>Sheree</FirstName>
<LastName>Utash</LastName>
<EmailAddress>sutash@watc.edu</EmailAddress>
<StartDate>09/14/2016</StartDate>
<EndDate>07/30/2017</EndDate>
<RoleCode>Former Co-Principal Investigator</RoleCode>
</Investigator>
<Institution>
<Name>Wichita Area Technical College</Name>
<CityName>Wichita</CityName>
<ZipCode>672268101</ZipCode>
<PhoneNumber>3166771972</PhoneNumber>
<StreetAddress>4004 North Webb Road</StreetAddress>
<CountryName>United States</CountryName>
<StateName>Kansas</StateName>
<StateCode>KS</StateCode>
</Institution>
<ProgramElement>
<Code>7412</Code>
<Text>ADVANCED TECH EDUCATION PROG</Text>
</ProgramElement>
<ProgramReference>
<Code>1032</Code>
<Text>ADVANCED TECHNOLOGY EDUCATION</Text>
</ProgramReference>
<ProgramReference>
<Code>9150</Code>
<Text>EXP PROG TO STIM COMP RES</Text>
</ProgramReference>
<ProgramReference>
<Code>9178</Code>
<Text>UNDERGRADUATE EDUCATION</Text>
</ProgramReference>
<ProgramReference>
<Code>SMET</Code>
<Text>SCIENCE, MATH, ENG &amp; TECH EDUCATION</Text>
</ProgramReference>
</Award>
</rootTag>
