<?xml version="1.0" encoding="UTF-8"?>
<rootTag>
<Award>
<AwardTitle>Asymptotic Commutative Algebra and Multigraded Syzygies</AwardTitle>
<AwardEffectiveDate>08/01/2016</AwardEffectiveDate>
<AwardExpirationDate>07/31/2019</AwardExpirationDate>
<AwardAmount>143477</AwardAmount>
<AwardInstrument>
<Value>Continuing grant</Value>
</AwardInstrument>
<Organization>
<Code>03040000</Code>
<Directorate>
<LongName>Direct For Mathematical &amp; Physical Scien</LongName>
</Directorate>
<Division>
<LongName>Division Of Mathematical Sciences</LongName>
</Division>
</Organization>
<ProgramOfficer>
<SignBlockName>Timothy Hodges</SignBlockName>
</ProgramOfficer>
<AbstractNarration>This research project concerns commutative algebra, which provides the foundation for a broad range of mathematics, including algebraic geometry and algebraic number theory. Commutative algebra finds application in many fields of science and engineering, including computer science, cryptography, coding theory, robotics, pattern recognition, and theoretical physics.  Part of the work in this project aims to connect the Kakeya needle problem, a classical analysis problem about the amount of space needed to turn a needle in a full circle, with modern ideas from commutative algebra. Another part of the project will use commutative algebra to design new algorithms for performing geometric computations about a class of shapes with extraordinary symmetries, among other applications. &lt;br/&gt;&lt;br/&gt;This research will build new frontiers between commutative algebra and other fields. The first project connects commutative algebra with harmonic analysis. The Kakeya conjecture is a central problem in harmonic analysis that has spawned a parallel literature over finite fields. The project aims to expand this parallel to the p-adic integers, yielding closer connections with the original analytic questions. The second project develops homological algebra methods for new geometric settings. For a variety embedded in something other than projective space, free resolutions often fail to provide sharp connections with geometry; this project will develop homological machinery better suited to toric geometry. This multifaceted project offers an array of potential applications: splitting theorems for vector bundles on toric varieties, rationality proofs for Hurwitz spaces, and new sheaf cohomology algorithms.</AbstractNarration>
<MinAmdLetterDate>04/26/2016</MinAmdLetterDate>
<MaxAmdLetterDate>04/26/2016</MaxAmdLetterDate>
<ARRAAmount/>
<AwardID>1601619</AwardID>
<Investigator>
<FirstName>Daniel</FirstName>
<LastName>Erman</LastName>
<EmailAddress>derman@math.wisc.edu</EmailAddress>
<StartDate>04/26/2016</StartDate>
<EndDate/>
<RoleCode>Principal Investigator</RoleCode>
</Investigator>
<Institution>
<Name>University of Wisconsin-Madison</Name>
<CityName>MADISON</CityName>
<ZipCode>537151218</ZipCode>
<PhoneNumber>6082623822</PhoneNumber>
<StreetAddress>21 North Park Street</StreetAddress>
<CountryName>United States</CountryName>
<StateName>Wisconsin</StateName>
<StateCode>WI</StateCode>
</Institution>
<ProgramElement>
<Code>1264</Code>
<Text>ALGEBRA,NUMBER THEORY,AND COM</Text>
</ProgramElement>
</Award>
</rootTag>
