<?xml version="1.0" encoding="UTF-8"?>
<rootTag>
<Award>
<AwardTitle>Composites Recycling Technician Education Program</AwardTitle>
<AwardEffectiveDate>07/01/2016</AwardEffectiveDate>
<AwardExpirationDate>06/30/2019</AwardExpirationDate>
<AwardAmount>194076</AwardAmount>
<AwardInstrument>
<Value>Standard Grant</Value>
</AwardInstrument>
<Organization>
<Code>11040100</Code>
<Directorate>
<LongName>Direct For Education and Human Resources</LongName>
</Directorate>
<Division>
<LongName>Division Of Undergraduate Education</LongName>
</Division>
</Organization>
<ProgramOfficer>
<SignBlockName>V. Celeste  Carter</SignBlockName>
</ProgramOfficer>
<AbstractNarration>Technician training and industry practices have not yet kept pace with sustainability initiatives recommending reduced landfill use. This project will advance knowledge across multiple fields and industries, and provide technicians with the foundational knowledge, skills and abilities needed to handle composite waste stream materials, treating them as a new resource. The project will create a platform to develop protocols and best management processes with industry while simultaneously creating curriculum scalable to certificate and associate degree pathways for student learners and incumbent technicians.  Community college students, graduate students, university and community college faculty, and industry partners will work alongside one another in an educational environment to define the functions necessary for technicians to properly work with composite waste stream material. The focus is on technician education in an emerging demand field, and will enhance educational infrastructure.&lt;br/&gt;&lt;br/&gt;Skagit Valley College (SVC) and The University of Alabama at Birmingham (UAB) will collaborate to create curriculum for composite technicians working with composite waste stream material. With industry subject matter experts, the project team will develop protocols and processes for the identification and proper handling of recaptured fiberglass and carbon fiber composite material; develop curriculum modules to educate technicians; and develop a template for a database learning tool to identify and track waste stream material. Project results will be disseminated nationally and internationally through ATE Central, the community and technical college system, the four-year university system, open source formats and professional and standards-based organizations. Internationally, companies are seeking the methods and means to reduce waste and waste management costs, as highlighted by the European Union initiative Zero Waste Communities. This project will show linkage between composites recycling and both environmental and economic benefits.</AbstractNarration>
<MinAmdLetterDate>04/11/2016</MinAmdLetterDate>
<MaxAmdLetterDate>09/22/2017</MaxAmdLetterDate>
<ARRAAmount/>
<AwardID>1601216</AwardID>
<Investigator>
<FirstName>Selvum</FirstName>
<LastName>Pillay</LastName>
<EmailAddress>pillay@uab.edu</EmailAddress>
<StartDate>04/11/2016</StartDate>
<EndDate/>
<RoleCode>Co-Principal Investigator</RoleCode>
</Investigator>
<Investigator>
<FirstName>Darren</FirstName>
<LastName>Greeno</LastName>
<EmailAddress>darren.greeno@skagit.edu</EmailAddress>
<StartDate>09/22/2017</StartDate>
<EndDate/>
<RoleCode>Principal Investigator</RoleCode>
</Investigator>
<Investigator>
<FirstName>Ann</FirstName>
<LastName>Avary</LastName>
<EmailAddress>Ann.Avary@skagit.edu</EmailAddress>
<StartDate>04/11/2016</StartDate>
<EndDate>09/22/2017</EndDate>
<RoleCode>Former Principal Investigator</RoleCode>
</Investigator>
<Institution>
<Name>Skagit Valley College</Name>
<CityName>Mount Vernon</CityName>
<ZipCode>982735821</ZipCode>
<PhoneNumber>2064281261</PhoneNumber>
<StreetAddress>2405 College Way</StreetAddress>
<CountryName>United States</CountryName>
<StateName>Washington</StateName>
<StateCode>WA</StateCode>
</Institution>
<ProgramElement>
<Code>7412</Code>
<Text>ADVANCED TECH EDUCATION PROG</Text>
</ProgramElement>
<ProgramReference>
<Code>1032</Code>
<Text>ADVANCED TECHNOLOGY EDUCATION</Text>
</ProgramReference>
<ProgramReference>
<Code>9178</Code>
<Text>UNDERGRADUATE EDUCATION</Text>
</ProgramReference>
<ProgramReference>
<Code>SMET</Code>
<Text>SCIENCE, MATH, ENG &amp; TECH EDUCATION</Text>
</ProgramReference>
</Award>
</rootTag>
