<?xml version="1.0" encoding="UTF-8"?>
<rootTag>
<Award>
<AwardTitle>DISSERTATION RESEARCH:   Mitochondrial Epistasis in Yeast</AwardTitle>
<AwardEffectiveDate>06/01/2016</AwardEffectiveDate>
<AwardExpirationDate>12/31/2018</AwardExpirationDate>
<AwardAmount>20150</AwardAmount>
<AwardInstrument>
<Value>Standard Grant</Value>
</AwardInstrument>
<Organization>
<Code>08010207</Code>
<Directorate>
<LongName>Direct For Biological Sciences</LongName>
</Directorate>
<Division>
<LongName>Division Of Environmental Biology</LongName>
</Division>
</Organization>
<ProgramOfficer>
<SignBlockName>George W. Gilchrist</SignBlockName>
</ProgramOfficer>
<AbstractNarration>This project will investigate how interactions among mitochondrial genes influence mitochondrial function and evolution. Mitochondria produce much of the energy used by cells, and this production depends upon precise interactions of multiple genes. Currently, interactions among mitochondrial genes have not been demonstrated, mainly because these genes are normally inherited as a single unit from the mother and such uniparental inheritance makes it difficult to study gene interactions. To get around this challenge, the researchers will study baker's yeast (Saccharomyces cerevisiae), which inherit mitochondrial DNA from both parents. They will first generate unique combinations of mitochondrial genes from a large yeast population to evaluate how these influence energy production. Then they will sequence single mitochondrial genomes to identify the specific genes involved. The project will advance our understanding of the mechanics of mitochondrial protein interactions and how they shape evolution. Additionally, the research will be integrated into a genetics laboratory course and engage 128 undergraduate students in hands-on research.&lt;br/&gt;&lt;br/&gt;Respiratory function relies on compatible interactions between nuclear and mitochondrial genes, which leads to mitochondrial-nuclear epistasis and, theoretically, interactions between mitochondrial genes (mt-mt epistasis). Natural variation in mtDNAs contributes to differences in fitness, but because mtDNAs are typically uniparentally inherited and do not recombine, it is difficult to functionally dissect individual vs. epistatic effects of mtDNA polymorphisms. The yeast Saccharomyces cerevisiae has bi-parental inheritance and recombination of mtDNAs. The natural distribution of mt-mt epistasis will be assessed by mating strains with identical nuclear genotypes but divergent mtDNAs, and the resulting strains containing mitochondrial recombinants will be functionally screened for evidence of mt-mt epistasis. Individual mitochondrial recombinant genomes will be sequenced and interacting loci mapped by comparing differences in allele pair frequencies between phenotypically distinct groups. This research will determine the role mt-mt epistasis plays in natural populations and provide information on mitochondrial recombination in yeast at the resolution of individual recombinant mtDNA haplotypes.</AbstractNarration>
<MinAmdLetterDate>03/31/2016</MinAmdLetterDate>
<MaxAmdLetterDate>03/31/2016</MaxAmdLetterDate>
<ARRAAmount/>
<AwardID>1601580</AwardID>
<Investigator>
<FirstName>Heather</FirstName>
<LastName>Fiumera</LastName>
<EmailAddress>hfiumera@gmail.com</EmailAddress>
<StartDate>03/31/2016</StartDate>
<EndDate/>
<RoleCode>Principal Investigator</RoleCode>
</Investigator>
<Investigator>
<FirstName>John</FirstName>
<LastName>Wolters</LastName>
<EmailAddress>jwolter1@binghamton.edu</EmailAddress>
<StartDate>03/31/2016</StartDate>
<EndDate/>
<RoleCode>Co-Principal Investigator</RoleCode>
</Investigator>
<Institution>
<Name>SUNY at Binghamton</Name>
<CityName>BINGHAMTON</CityName>
<ZipCode>139026000</ZipCode>
<PhoneNumber>6077776136</PhoneNumber>
<StreetAddress>4400 VESTAL PKWY E</StreetAddress>
<CountryName>United States</CountryName>
<StateName>New York</StateName>
<StateCode>NY</StateCode>
</Institution>
<ProgramElement>
<Code>7378</Code>
<Text>EVOLUTIONARY GENETICS</Text>
</ProgramElement>
<ProgramReference>
<Code>9179</Code>
<Text>GRADUATE INVOLVEMENT</Text>
</ProgramReference>
</Award>
</rootTag>
