<?xml version="1.0" encoding="UTF-8"?>
<rootTag>
<Award>
<AwardTitle>Dissertation Research:   Functional Genomics of Ornament Production in a Warbler</AwardTitle>
<AwardEffectiveDate>06/01/2016</AwardEffectiveDate>
<AwardExpirationDate>05/31/2019</AwardExpirationDate>
<AwardAmount>18359</AwardAmount>
<AwardInstrument>
<Value>Standard Grant</Value>
</AwardInstrument>
<Organization>
<Code>08090500</Code>
<Directorate>
<LongName>Direct For Biological Sciences</LongName>
</Directorate>
<Division>
<LongName>Division Of Integrative Organismal Systems</LongName>
</Division>
</Organization>
<ProgramOfficer>
<SignBlockName>Michelle M. Elekonich</SignBlockName>
</ProgramOfficer>
<AbstractNarration>Ornamental traits, such as the long tails and bright colors of some birds, are thought to be honest indicators of male quality to potential mates, because only males with relatively more resources can afford to produce them. However, in some cases the energetic cost of producing an ornament does not appear to be large, and, thus, it is not clear what limits individuals from producing elaborate ornaments. In common yellowthroats (Geothlypis trichas) males with larger black facial masks are preferred as mates by females, yet producing the color of the mask feathers is not thought to be costly. In this project, the researchers will examine the physiological processes associated with producing larger black ornaments by studying the expression of genes in developing ornamental (facial mask) and non-ornamental (back) feathers. The goal of this research is to test three hypotheses that predict which genes are of importance during the development of ornaments and, thus, determine what information these ornaments are signaling to potential mates. A deeper understanding of feather development will also be of interest to other disciplines, including those concerned with avian disease and husbandry. The researchers will share the results of this study through public presentations at local nature centers, in addition to presentations at scientific conferences and publications in peer-reviewed journals. &lt;br/&gt;&lt;br/&gt;The production of elaborate   ornaments selected through mate choice is likely affected by the expression of genes involved in important physiological processes. Genes that may be of particular importance during ornament development include those involved in oxidative phosphorylation (OXPHOS hypothesis), immune function (Hamilton and Zuk hypothesis), and growth (e.g., insulin and insulin-like growth factor genes; insulin/IGF hypothesis). In common yellowthroats the black facial mask is thought to honestly signal male quality because mask size is positively related to immune gene (MHC class II) variation, antibody production, and resistance to oxidative stress. In this study, researchers will use RNA-sequencing to determine if genes involved in important physiological functions (e.g., OXPHOS, immune, insulin/IGF) are more highly expressed in developing feathers that form part of a sexually selected ornament (the mask) than those from other non-sexually selected parts of the plumage (the back). This research will provide the first comparison of transcriptomes of developing ornamental and non-ornamental feathers.</AbstractNarration>
<MinAmdLetterDate>05/05/2016</MinAmdLetterDate>
<MaxAmdLetterDate>05/05/2016</MaxAmdLetterDate>
<ARRAAmount/>
<AwardID>1601093</AwardID>
<Investigator>
<FirstName>Amberleigh</FirstName>
<LastName>Henschen</LastName>
<EmailAddress>hensche9@uwm.edu</EmailAddress>
<StartDate>05/05/2016</StartDate>
<EndDate/>
<RoleCode>Co-Principal Investigator</RoleCode>
</Investigator>
<Investigator>
<FirstName>Linda</FirstName>
<LastName>Whittingham</LastName>
<EmailAddress>whitting@uwm.edu</EmailAddress>
<StartDate>05/05/2016</StartDate>
<EndDate/>
<RoleCode>Principal Investigator</RoleCode>
</Investigator>
<Institution>
<Name>University of Wisconsin-Milwaukee</Name>
<CityName>Milwaukee</CityName>
<ZipCode>532010340</ZipCode>
<PhoneNumber>4142294853</PhoneNumber>
<StreetAddress>P O BOX 340</StreetAddress>
<CountryName>United States</CountryName>
<StateName>Wisconsin</StateName>
<StateCode>WI</StateCode>
</Institution>
<ProgramElement>
<Code>7659</Code>
<Text>ANIMAL BEHAVIOR</Text>
</ProgramElement>
<ProgramReference>
<Code>9178</Code>
<Text>UNDERGRADUATE EDUCATION</Text>
</ProgramReference>
<ProgramReference>
<Code>9179</Code>
<Text>GRADUATE INVOLVEMENT</Text>
</ProgramReference>
</Award>
</rootTag>
