<?xml version="1.0" encoding="UTF-8"?>
<rootTag>
<Award>
<AwardTitle>Irrational Vertex Algebras, Quantum Modular Forms, and Unrolled Quantum Groups</AwardTitle>
<AwardEffectiveDate>09/01/2016</AwardEffectiveDate>
<AwardExpirationDate>08/31/2019</AwardExpirationDate>
<AwardAmount>138000</AwardAmount>
<AwardInstrument>
<Value>Standard Grant</Value>
</AwardInstrument>
<Organization>
<Code>03040000</Code>
<Directorate>
<LongName>Direct For Mathematical &amp; Physical Scien</LongName>
</Directorate>
<Division>
<LongName>Division Of Mathematical Sciences</LongName>
</Division>
</Organization>
<ProgramOfficer>
<SignBlockName>Matthew  Douglass</SignBlockName>
</ProgramOfficer>
<AbstractNarration>Quantum field theories provide a conceptual framework for modern particle physics. Conformal field theories are quantum field theories that that have angle-preserving, or conformal, symmetries. Two dimensional conformal theories, which have important applications to string theory, can be rigorously constructed mathematically using what are known as vertex algebras. Over the the last thirty years, deep and surprising connections have been discovered between vertex algebras and other areas of mathematics. In this project, interactions between vertex algebras and topics in algebra and number theory will be investigated. The grant will also support the training of graduate students.&lt;br/&gt;&lt;br/&gt;In more detail, this project will deepen our understanding of irrational vertex algebras by investigating their representations, intertwining operators among modules, and modular transformation properties of characters of their modules. This will be done by using ideas coming from the theory of quantum groups and the theory of modular forms. In one direction, a Kazhdan-Lusztig-type correspondence between certain irrational W-algebras and certain quantum groups at roots of unity will be studied. The non-standard quantum groups that appear have recently been used to construct new powerful invariants of knots and 3-manifolds. In another direction, transformation properties of modular forms in connection with characters of modules of irrational vertex algebras will be investigated. In a third direction, a continuous version of the Verlinde formula in irrational theories and construction of projective covers for vertex algebras coming from kernels of screening operators will be studied. This project also has implications for the study of logarithmic conformal field theory in physics.</AbstractNarration>
<MinAmdLetterDate>08/23/2016</MinAmdLetterDate>
<MaxAmdLetterDate>08/23/2016</MaxAmdLetterDate>
<ARRAAmount/>
<AwardID>1601070</AwardID>
<Investigator>
<FirstName>Antun</FirstName>
<LastName>Milas</LastName>
<EmailAddress>amilas@math.albany.edu</EmailAddress>
<StartDate>08/23/2016</StartDate>
<EndDate/>
<RoleCode>Principal Investigator</RoleCode>
</Investigator>
<Institution>
<Name>SUNY at Albany</Name>
<CityName>Albany</CityName>
<ZipCode>122220100</ZipCode>
<PhoneNumber>5184374550</PhoneNumber>
<StreetAddress>1400 WASHINGTON AVE</StreetAddress>
<CountryName>United States</CountryName>
<StateName>New York</StateName>
<StateCode>NY</StateCode>
</Institution>
<ProgramElement>
<Code>1264</Code>
<Text>ALGEBRA,NUMBER THEORY,AND COM</Text>
</ProgramElement>
</Award>
</rootTag>
