<?xml version="1.0" encoding="UTF-8"?>
<rootTag>
<Award>
<AwardTitle>DISSERTATION RESEARCH:   Quantifying the Strength of Spatial Coexistence Mechanisms in Experimental Metacommunities</AwardTitle>
<AwardEffectiveDate>04/15/2016</AwardEffectiveDate>
<AwardExpirationDate>03/31/2019</AwardExpirationDate>
<AwardAmount>19266</AwardAmount>
<AwardInstrument>
<Value>Standard Grant</Value>
</AwardInstrument>
<Organization>
<Code>08010208</Code>
<Directorate>
<LongName>Direct For Biological Sciences</LongName>
</Directorate>
<Division>
<LongName>Division Of Environmental Biology</LongName>
</Division>
</Organization>
<ProgramOfficer>
<SignBlockName>Betsy Von Holle</SignBlockName>
</ProgramOfficer>
<AbstractNarration>Understanding the ecological processes that promote biological diversity and allow multiple species to coexist is fundamental for conservation and management. Understanding how the abiotic environment, such as light or nutrient levels, changes from place to place and how individuals of multiple species are clustered is often overlooked, but is critically important. This research will develop a method to directly measure how structure in the abiotic environment and in the clustering of individuals promotes coexistence between species.  The scientific workforce will be strengthened through support for the education and training of a doctoral student and undergraduate students in theoretical and experimental ecology, and a high school teaching module will be developed to expose students to biological diversity experiments in ecology.&lt;br/&gt;&lt;br/&gt;The role of landscape structure in promoting diversity will be examined by combining a laboratory experimental system of freshwater microorganisms with mathematical models.  Two hypotheses will be tested: (1) clustering of individuals will be the dominant mechanism leading to coexistence, and (2) stochasticity will reduce the strength of coexistence by weakening the effect of clustering. Diversity outcomes will be examined for multispecies communities of aquatic microorganisms in replicated laboratory experiments, where spatial structure, species abundance, dispersal, and abiotic conditions will be systematically manipulated. Mathematical models tailored to the experimental system will be developed to indirectly quantify and compare the contributions of different mechanisms of coexistence. The performance of the indirect method, which is commonly used for quantifying coexistence, will be assessed against the new experimental method developed. The proposed work will lead to a deeper understanding of how spatial structure promotes biodiversity.</AbstractNarration>
<MinAmdLetterDate>03/24/2016</MinAmdLetterDate>
<MaxAmdLetterDate>03/24/2016</MaxAmdLetterDate>
<ARRAAmount/>
<AwardID>1601349</AwardID>
<Investigator>
<FirstName>Brett</FirstName>
<LastName>Melbourne</LastName>
<EmailAddress>brett.melbourne@colorado.edu</EmailAddress>
<StartDate>03/24/2016</StartDate>
<EndDate/>
<RoleCode>Principal Investigator</RoleCode>
</Investigator>
<Investigator>
<FirstName>Lauren</FirstName>
<LastName>Shoemaker</LastName>
<EmailAddress>lauren.shoemaker@colorado.edu</EmailAddress>
<StartDate>03/24/2016</StartDate>
<EndDate/>
<RoleCode>Co-Principal Investigator</RoleCode>
</Investigator>
<Institution>
<Name>University of Colorado at Boulder</Name>
<CityName>Boulder</CityName>
<ZipCode>803031058</ZipCode>
<PhoneNumber>3034926221</PhoneNumber>
<StreetAddress>3100 Marine Street, Room 481</StreetAddress>
<CountryName>United States</CountryName>
<StateName>Colorado</StateName>
<StateCode>CO</StateCode>
</Institution>
<ProgramElement>
<Code>1182</Code>
<Text>POP &amp; COMMUNITY ECOL PROG</Text>
</ProgramElement>
<ProgramReference>
<Code>9179</Code>
<Text>GRADUATE INVOLVEMENT</Text>
</ProgramReference>
<ProgramReference>
<Code>SMET</Code>
<Text>SCIENCE, MATH, ENG &amp; TECH EDUCATION</Text>
</ProgramReference>
</Award>
</rootTag>
