<?xml version="1.0" encoding="UTF-8"?>
<rootTag>
<Award>
<AwardTitle>DISSERTATION RESEARCH: Phylogenomics and Biogeography of Early-diverging Laniatores (Opiliones) using Ultraconserved Elements</AwardTitle>
<AwardEffectiveDate>06/01/2016</AwardEffectiveDate>
<AwardExpirationDate>05/31/2017</AwardExpirationDate>
<AwardAmount>19500</AwardAmount>
<AwardInstrument>
<Value>Standard Grant</Value>
</AwardInstrument>
<Organization>
<Code>08010206</Code>
<Directorate>
<LongName>Direct For Biological Sciences</LongName>
</Directorate>
<Division>
<LongName>Division Of Environmental Biology</LongName>
</Division>
</Organization>
<ProgramOfficer>
<SignBlockName>Ashley Dowling</SignBlockName>
</ProgramOfficer>
<AbstractNarration>The spider group known as Opiliones, or harvestmen, is understudied, particularly the suborder Laniatores where the evolutionary relationships among major lineages are uncertain. To date, research on the relationships among major lineages of Laniatores has produced conflicting results in regards to the proper classification. The current research project will use newly developed DNA sequencing technologies combined with fieldwork targeting key harvestmen groups distributed across the world, including a collaboration between researchers in the U.S. and New Zealand. The goals of this research are to reconstruct the evolutionary relationships among these lineages, producing a stable taxonomy, and to infer the biogeographic history of this group in the southern hemisphere, testing specific biogeographic scenarios. By using newly developed methods, this research will establish the UCE approach as a valid and useful method for other harvestmen and arachnid researchers, which may have a potentially transformative effect on harvestmen systematics, and increase the visibility of harvestmen in the broader field of systematics.&lt;br/&gt;&lt;br/&gt;The field of molecular systematics is transitioning from traditional studies using single- or multi-gene datasets to phylogenomic studies with 100s - 1000s of genes. This increase in the amount of data helps resolve relationships and settle taxonomic issues, particularly in understudied groups like arachnids. This research will attempt to address unresolved systematic and taxonomic issues through a phylogenomic approach using ultraconserved elements. The inclusion of these key taxa whose placement is uncertain coupled with phylogenomics will lead to a stable taxonomy. Additionally, the general biological characteristics of these harvestmen (low dispersal ability and restricted distributions) make them ideal candidates for hypothesis-based biogeographic analyses. The disjunct worldwide distribution and recently estimated divergence times suggest that these lineages are ancient, likely predating the breakup of Pangea.</AbstractNarration>
<MinAmdLetterDate>03/29/2016</MinAmdLetterDate>
<MaxAmdLetterDate>03/29/2016</MaxAmdLetterDate>
<ARRAAmount/>
<AwardID>1601208</AwardID>
<Investigator>
<FirstName>Marshal</FirstName>
<LastName>Hedin</LastName>
<EmailAddress>mhedin@mail.sdsu.edu</EmailAddress>
<StartDate>03/29/2016</StartDate>
<EndDate/>
<RoleCode>Principal Investigator</RoleCode>
</Investigator>
<Investigator>
<FirstName>Shahan</FirstName>
<LastName>Derkarabetian</LastName>
<EmailAddress>sderkarabetian@gmail.com</EmailAddress>
<StartDate>03/29/2016</StartDate>
<EndDate/>
<RoleCode>Co-Principal Investigator</RoleCode>
</Investigator>
<Institution>
<Name>San Diego State University Foundation</Name>
<CityName>San Diego</CityName>
<ZipCode>921822190</ZipCode>
<PhoneNumber>6195945731</PhoneNumber>
<StreetAddress>5250 Campanile Drive</StreetAddress>
<CountryName>United States</CountryName>
<StateName>California</StateName>
<StateCode>CA</StateCode>
</Institution>
<ProgramElement>
<Code>7374</Code>
<Text>Systematics &amp; Biodiversity Sci</Text>
</ProgramElement>
<ProgramReference>
<Code>9179</Code>
<Text>GRADUATE INVOLVEMENT</Text>
</ProgramReference>
<ProgramReference>
<Code>SMET</Code>
<Text>SCIENCE, MATH, ENG &amp; TECH EDUCATION</Text>
</ProgramReference>
</Award>
</rootTag>
