<?xml version="1.0" encoding="UTF-8"?>
<rootTag>
<Award>
<AwardTitle>DISSERTATION RESEARCH: The influence of plant-plant interactions on pollination and plant reproduction near poleward range margins</AwardTitle>
<AwardEffectiveDate>07/01/2016</AwardEffectiveDate>
<AwardExpirationDate>12/31/2017</AwardExpirationDate>
<AwardAmount>17366</AwardAmount>
<AwardInstrument>
<Value>Standard Grant</Value>
</AwardInstrument>
<Organization>
<Code>08010208</Code>
<Directorate>
<LongName>Direct For Biological Sciences</LongName>
</Directorate>
<Division>
<LongName>Division Of Environmental Biology</LongName>
</Division>
</Organization>
<ProgramOfficer>
<SignBlockName>Betsy Von Holle</SignBlockName>
</ProgramOfficer>
<AbstractNarration>Climate change may alleviate stressful environmental conditions, such as cold temperatures and a shorter growing season, that directly hinder flowering plants in northern regions. In addition, climate change may alter interactions between plants and other organisms.  Will competition with neighbors affect whether plants respond to increasing temperatures?  Observations and experiments on shrubs and pollinators at different distances from a glacier will answer this question.  The scientific workforce will be strengthened through support for the education and training of a doctoral student and participation of undergraduates. Science communication will be enhanced through citizen scientist participation and outreach to middle-school and high-school students. &lt;br/&gt;&lt;br/&gt;The stress-gradient hypothesis, which posits that plant-plant interactions transition from being competitive to facilitative with increasing stress, will be extended to include pollinator networks. The low-shrub tundra of Kangerlussuaq, Greenland, which is near the poleward range edge of many plants, including our focal species, Vaccinium uliginosum (Ericaceae) encompasses a gradient of 3 degrees C, which mirrors the expected temperature increase in West Greenland over the next 70 years. Using a vegetation removal experiment, how co-occurring plants affect the reproduction of Vaccinium will be determined.  Plant traits associated with pollinator attraction and pollinator visitation will be observed, and pollen supplementation treatments will assess pollen limitation.  Fruit set and seed production will be measured to assess pollinator-mediated mechanisms in the stress gradient hypothesis.  The outcome will improve understanding of the processes of increasing shrub cover in Arctic tundra.</AbstractNarration>
<MinAmdLetterDate>03/24/2016</MinAmdLetterDate>
<MaxAmdLetterDate>03/24/2016</MaxAmdLetterDate>
<ARRAAmount/>
<AwardID>1601526</AwardID>
<Investigator>
<FirstName>Rebecca</FirstName>
<LastName>Irwin</LastName>
<EmailAddress>reirwin@ncsu.edu</EmailAddress>
<StartDate>03/24/2016</StartDate>
<EndDate/>
<RoleCode>Principal Investigator</RoleCode>
</Investigator>
<Investigator>
<FirstName>Christine</FirstName>
<LastName>Urbanowicz</LastName>
<EmailAddress>Christine.M.Urbanowicz.GR@dartmouth.edu</EmailAddress>
<StartDate>03/24/2016</StartDate>
<EndDate/>
<RoleCode>Co-Principal Investigator</RoleCode>
</Investigator>
<Institution>
<Name>Dartmouth College</Name>
<CityName>HANOVER</CityName>
<ZipCode>037551404</ZipCode>
<PhoneNumber>6036463007</PhoneNumber>
<StreetAddress>OFFICE OF SPONSORED PROJECTS</StreetAddress>
<CountryName>United States</CountryName>
<StateName>New Hampshire</StateName>
<StateCode>NH</StateCode>
</Institution>
<ProgramElement>
<Code>1182</Code>
<Text>POP &amp; COMMUNITY ECOL PROG</Text>
</ProgramElement>
<ProgramReference>
<Code>9150</Code>
<Text>EXP PROG TO STIM COMP RES</Text>
</ProgramReference>
<ProgramReference>
<Code>9179</Code>
<Text>GRADUATE INVOLVEMENT</Text>
</ProgramReference>
<ProgramReference>
<Code>SMET</Code>
<Text>SCIENCE, MATH, ENG &amp; TECH EDUCATION</Text>
</ProgramReference>
</Award>
</rootTag>
