<?xml version="1.0" encoding="UTF-8"?>
<rootTag>
<Award>
<AwardTitle>Quantum Invariants, Enhanced Moduli, and Integrable Systems</AwardTitle>
<AwardEffectiveDate>07/01/2016</AwardEffectiveDate>
<AwardExpirationDate>06/30/2019</AwardExpirationDate>
<AwardAmount>121397</AwardAmount>
<AwardInstrument>
<Value>Standard Grant</Value>
</AwardInstrument>
<Organization>
<Code>03040000</Code>
<Directorate>
<LongName>Direct For Mathematical &amp; Physical Scien</LongName>
</Directorate>
<Division>
<LongName>Division Of Mathematical Sciences</LongName>
</Division>
</Organization>
<ProgramOfficer>
<SignBlockName>Timothy Hodges</SignBlockName>
</ProgramOfficer>
<AbstractNarration>This award supports research in the field of algebraic geometry. The research sets the stage for understanding the basic structure of fundamental problems in a way suitable for pragmatic use in a broad spectrum of applications. The results of the work are intended to be immediately relevant to questions in the theory of integrable systems, string theory, gauge theory, and the study of topological insulators.  In addition, the research project aims to have concrete applications to field theory and quantization.  The project also aims to build a new arsenal of geometric techniques applicable to the theory of algebraic cycles, symplectic topology, and high energy physics. This will be achieved by providing research opportunities on the interface of geometry and string theory for graduate students and postdoctoral associates in mathematics and physics, and by development of courses on formal localization and shifted quantization and on Calabi-Yau integrable systems and higher Donaldson-Thomas theory. &lt;br/&gt;&lt;br/&gt;The project integrates ideas from derived geometry and quantum field theory to unravel the hidden complexity of moduli problems, to extract new enumerative invariants of varieties, and to study completely integrable systems. The resolution of these questions will consolidate and demystify several existing quantization schemes in geometry, symplectic topology, and field theory. Three directions will be studied. The first aims to characterize those moduli spaces that admit a realization as the critical locus of a potential. The characterization requires the development of the formalism of shifted symplectic and Poisson structures in derived geometry and the theory of isotropic foliations. In the second project a new method will be investigated for constructing motivic orientation data on non-abelian cohomology by building explicit Lagrangian foliations and computing the associated potential functions. The project aims to construct higher Chern-Simons functionals, and sets the stage for extracting enumerative invariants from higher dimensional quantum field theory. The final project searches for Calabi-Yau integrable systems that realize the tame or wild meromorphic Hitchin fibrations for ADE structure groups.</AbstractNarration>
<MinAmdLetterDate>04/15/2016</MinAmdLetterDate>
<MaxAmdLetterDate>04/15/2016</MaxAmdLetterDate>
<ARRAAmount/>
<AwardID>1601438</AwardID>
<Investigator>
<FirstName>Tony</FirstName>
<LastName>Pantev</LastName>
<EmailAddress>tpantev@math.upenn.edu</EmailAddress>
<StartDate>04/15/2016</StartDate>
<EndDate/>
<RoleCode>Principal Investigator</RoleCode>
</Investigator>
<Institution>
<Name>University of Pennsylvania</Name>
<CityName>Philadelphia</CityName>
<ZipCode>191046205</ZipCode>
<PhoneNumber>2158987293</PhoneNumber>
<StreetAddress>Research Services</StreetAddress>
<CountryName>United States</CountryName>
<StateName>Pennsylvania</StateName>
<StateCode>PA</StateCode>
</Institution>
<ProgramElement>
<Code>1264</Code>
<Text>ALGEBRA,NUMBER THEORY,AND COM</Text>
</ProgramElement>
</Award>
</rootTag>
