<?xml version="1.0" encoding="UTF-8"?>
<rootTag>
<Award>
<AwardTitle>DISSERTATION RESEARCH: A trait-based approach to characterize microbial community composition</AwardTitle>
<AwardEffectiveDate>06/01/2016</AwardEffectiveDate>
<AwardExpirationDate>05/31/2017</AwardExpirationDate>
<AwardAmount>20085</AwardAmount>
<AwardInstrument>
<Value>Standard Grant</Value>
</AwardInstrument>
<Organization>
<Code>08010208</Code>
<Directorate>
<LongName>Direct For Biological Sciences</LongName>
</Directorate>
<Division>
<LongName>Division Of Environmental Biology</LongName>
</Division>
</Organization>
<ProgramOfficer>
<SignBlockName>Douglas Levey</SignBlockName>
</ProgramOfficer>
<AbstractNarration>One of the most surprising scientific discoveries is the critical role that bacteria and other microbes play in human and environmental biology. These small organisms determine the availability of nutrients that are essential to all life. Little is known about the factors that influence where microbes live, however, or how they work together to provide life's basic needs. This project will determine the importance of factors such as temperature, water, birth, death, and movement to the size, location, and composition of natural microbial communities. It focuses on microbes that cycle nitrogen, a nutrient that is critical for plant, animal, and human health across the globe. The project will advance the education and training of a doctoral student in modern scientific techniques and their application to natural communities. Results have the potential to improve agriculture and industrial output as well as human health. They will be translated to the general public through educational media and presentations at a California state park. The investigators will present their research to local communities through the Discovery Cube Science Center of Orange County, a non-profit organization with a goal to inspire citizens through science education. &lt;br/&gt;&lt;br/&gt;This project will investigate the contribution of deterministic versus stochastic forces to variation in microbial community composition and function. Two hypotheses will be tested: 1) Stochastic variation of functional gene diversity will be lower than that of microbial taxonomic diversity and 2) Stochastic variation of functions carried out by fewer taxa (narrow functions such as nitrogen fixation) will be higher than stochastic variation of functions carried out by many taxa (broad functions such as ammonia assimilation). Deterministic variability derives from theoretically predictable factors such as precipitation or nutrient availability. In contrast, stochasticity affects diversity mainly through drift, which is in turn influenced by dispersal. This project will use bags filled with plant litter to replicate natural microbial communities. A crossed experimental design will manipulate a known, deterministic effect (ambient versus added precipitation) and dispersal (open versus closed to immigration). Metagenomes will be generated from three replicate samples per bag and for the initial inoculum. This genetic information about the microbial community will then be compared within and across treatments, looking both at taxonomic composition and functional genes, with a focus on the nitrogen cycle. Results will significantly advance current understanding of the primary factors affecting natural microbial communities.</AbstractNarration>
<MinAmdLetterDate>03/24/2016</MinAmdLetterDate>
<MaxAmdLetterDate>03/24/2016</MaxAmdLetterDate>
<ARRAAmount/>
<AwardID>1601106</AwardID>
<Investigator>
<FirstName>Jennifer</FirstName>
<LastName>Martiny</LastName>
<EmailAddress>jmartiny@uci.edu</EmailAddress>
<StartDate>03/24/2016</StartDate>
<EndDate/>
<RoleCode>Principal Investigator</RoleCode>
</Investigator>
<Investigator>
<FirstName>Michaeline</FirstName>
<LastName>Nelson</LastName>
<EmailAddress>nelsonmb@uci.edu</EmailAddress>
<StartDate>03/24/2016</StartDate>
<EndDate/>
<RoleCode>Co-Principal Investigator</RoleCode>
</Investigator>
<Institution>
<Name>University of California-Irvine</Name>
<CityName>Irvine</CityName>
<ZipCode>926173213</ZipCode>
<PhoneNumber>9498247295</PhoneNumber>
<StreetAddress>141 Innovation Drive, Ste 250</StreetAddress>
<CountryName>United States</CountryName>
<StateName>California</StateName>
<StateCode>CA</StateCode>
</Institution>
<ProgramElement>
<Code>1182</Code>
<Text>POP &amp; COMMUNITY ECOL PROG</Text>
</ProgramElement>
<ProgramReference>
<Code>9169</Code>
<Text>BIODIVERSITY AND ECOSYSTEM DYNAMICS</Text>
</ProgramReference>
<ProgramReference>
<Code>9179</Code>
<Text>GRADUATE INVOLVEMENT</Text>
</ProgramReference>
<ProgramReference>
<Code>EGCH</Code>
<Text>ENVIRONMENT AND GLOBAL CHANGE</Text>
</ProgramReference>
<ProgramReference>
<Code>SMET</Code>
<Text>SCIENCE, MATH, ENG &amp; TECH EDUCATION</Text>
</ProgramReference>
</Award>
</rootTag>
