<?xml version="1.0" encoding="UTF-8"?>
<rootTag>
<Award>
<AwardTitle>Western US Center Planning Grant for Lasers+Photonics Education</AwardTitle>
<AwardEffectiveDate>09/01/2016</AwardEffectiveDate>
<AwardExpirationDate>08/31/2018</AwardExpirationDate>
<AwardAmount>69425</AwardAmount>
<AwardInstrument>
<Value>Standard Grant</Value>
</AwardInstrument>
<Organization>
<Code>11040100</Code>
<Directorate>
<LongName>Direct For Education and Human Resources</LongName>
</Directorate>
<Division>
<LongName>Division Of Undergraduate Education</LongName>
</Division>
</Organization>
<ProgramOfficer>
<SignBlockName>V. Celeste  Carter</SignBlockName>
</ProgramOfficer>
<AbstractNarration>Jobs in lasers, precision optics, camera systems, photonics, and other technical areas that employ the science of light are essential aspects of our nation's technical competitiveness. The results of a recent national survey of photonics industries in the US conducted by the Advanced Technological Education (ATE) National Center, OP-TEC, showed that, in the Western US, companies currently employ nearly 5000 photonics technicians, and projected a need for over 1100 additional technicians over the five-year period following the survey. Irvine Valley College (IVC) is leveraging an NSF award in photonics that has led to the development of for-credit courses and an Associates' Degree program in Laser and Photonics Technology to recruit both additional industry and educational partners. Together the partners will develop a plan for a Regional Center in Photonics in the western US to respond to industry need for photonics technicians.&lt;br/&gt; &lt;br/&gt;This planning effort brings together industry and educational partners from the states of California, Oregon, Washington, Arizona, Nevada, Utah, Idaho, Montana and Wyoming to develop a comprehensive plan for a Regional Center in Optics and Photonics that would prepare students for entry-level technical positions in the industry. IVC will continue to work with the ATE National Center, OP-TEC, during the planning process.</AbstractNarration>
<MinAmdLetterDate>08/24/2016</MinAmdLetterDate>
<MaxAmdLetterDate>09/22/2017</MaxAmdLetterDate>
<ARRAAmount/>
<AwardID>1601295</AwardID>
<Investigator>
<FirstName>Brian</FirstName>
<LastName>Monacelli</LastName>
<EmailAddress>bmonacelli@ivc.edu</EmailAddress>
<StartDate>08/24/2016</StartDate>
<EndDate/>
<RoleCode>Principal Investigator</RoleCode>
</Investigator>
<Investigator>
<FirstName>Desire</FirstName>
<LastName>Whitmore</LastName>
<EmailAddress>Dwhitmore@ivc.edu</EmailAddress>
<StartDate>06/13/2017</StartDate>
<EndDate/>
<RoleCode>Co-Principal Investigator</RoleCode>
</Investigator>
<Investigator>
<FirstName>Roy</FirstName>
<LastName>McCord</LastName>
<EmailAddress>rmccord@ivc.edu</EmailAddress>
<StartDate>08/24/2016</StartDate>
<EndDate>06/13/2017</EndDate>
<RoleCode>Former Co-Principal Investigator</RoleCode>
</Investigator>
<Institution>
<Name>Irvine Valley College</Name>
<CityName>Irvine</CityName>
<ZipCode>926180301</ZipCode>
<PhoneNumber>9494515326</PhoneNumber>
<StreetAddress>5500 Irvine Center Drive</StreetAddress>
<CountryName>United States</CountryName>
<StateName>California</StateName>
<StateCode>CA</StateCode>
</Institution>
<ProgramElement>
<Code>7412</Code>
<Text>ADVANCED TECH EDUCATION PROG</Text>
</ProgramElement>
<ProgramReference>
<Code>1032</Code>
<Text>ADVANCED TECHNOLOGY EDUCATION</Text>
</ProgramReference>
<ProgramReference>
<Code>9178</Code>
<Text>UNDERGRADUATE EDUCATION</Text>
</ProgramReference>
<ProgramReference>
<Code>SMET</Code>
<Text>SCIENCE, MATH, ENG &amp; TECH EDUCATION</Text>
</ProgramReference>
</Award>
</rootTag>
