<?xml version="1.0" encoding="UTF-8"?>
<rootTag>
<Award>
<AwardTitle>Learning Program for Cobots in Advanced Manufacturing Systems</AwardTitle>
<AwardEffectiveDate>09/15/2016</AwardEffectiveDate>
<AwardExpirationDate>08/31/2019</AwardExpirationDate>
<AwardAmount>309206</AwardAmount>
<AwardInstrument>
<Value>Standard Grant</Value>
</AwardInstrument>
<Organization>
<Code>11040100</Code>
<Directorate>
<LongName>Direct For Education and Human Resources</LongName>
</Directorate>
<Division>
<LongName>Division Of Undergraduate Education</LongName>
</Division>
</Organization>
<ProgramOfficer>
<SignBlockName>Heather Watson</SignBlockName>
</ProgramOfficer>
<AbstractNarration>U.S. manufacturing competiveness relies on workers trained in advanced manufacturing technologies. This project focuses on the use of cobots in advanced manufacturing systems, and aims to develop critical industry-driven, hands-on learning content for cobot technicians, engineering technologists, and robotic automation teachers and faculty. Cobots, or collaborative robots, are safe and flexible enough to operate in the vicinity of and harmoniously with human operators. With a predicted 150,000 cobots to be installed worldwide in the next three years, cobots will become standard practice in advanced manufacturing systems and will cause manufacturers to re-evaluate traditional barriers between human, semi-automated, and automated tasks. &lt;br/&gt;&lt;br/&gt;The Oakland Community College Department of Engineering, Manufacturing, and Industrial Technology (OCC-EMIT) and the Wayne State University Division of Engineering Technology and Industrial and Systems Engineering Department (WSU-DET) will: (1) develop a cobot  course and create an industry-based cobot laboratory at OCC-EMIT to educate community college students and develop their cobot skills and competencies; (2) develop a two-day cobot short course at WSU-DET to teach community college instructors advanced cobot topics; (3) develop and deliver seminars for community college faculty, secondary STEM teachers, and industry professionals to broaden cobot awareness; and (4) establish articulation agreements to create a pathway for OCC-EMIT students to continue cobot education at WSU-DET. Evaluation and assessment activities will be used to measure the effectiveness of the cobot learning program. The deliverables of this project include comprehensive educational material for STEM secondary teachers, community college and university faculty to educate  manufacturing workers in cobot technology.  Cobot learning modules, materials, seminars, short-course, and labs will be disseminated through  OCC-EMIT and WSU-DET websites and will be available for distance learning and industry-based training.</AbstractNarration>
<MinAmdLetterDate>09/06/2016</MinAmdLetterDate>
<MaxAmdLetterDate>06/14/2018</MaxAmdLetterDate>
<ARRAAmount/>
<AwardID>1601454</AwardID>
<Investigator>
<FirstName>Ana</FirstName>
<LastName>Djuric</LastName>
<EmailAddress>ana.djuric2@wayne.edu</EmailAddress>
<StartDate>09/06/2016</StartDate>
<EndDate/>
<RoleCode>Co-Principal Investigator</RoleCode>
</Investigator>
<Investigator>
<FirstName>Jeremy</FirstName>
<LastName>Rickli</LastName>
<EmailAddress>jlrickli@wayne.edu</EmailAddress>
<StartDate>09/06/2016</StartDate>
<EndDate/>
<RoleCode>Co-Principal Investigator</RoleCode>
</Investigator>
<Investigator>
<FirstName>Deborah</FirstName>
<LastName>Bayer</LastName>
<EmailAddress>dabayer@oaklandcc.edu</EmailAddress>
<StartDate>09/06/2016</StartDate>
<EndDate>08/04/2017</EndDate>
<RoleCode>Former Principal Investigator</RoleCode>
</Investigator>
<Investigator>
<FirstName>John</FirstName>
<LastName>Sefcovic</LastName>
<EmailAddress>jpsefcov@oaklandcc.edu</EmailAddress>
<StartDate>09/06/2016</StartDate>
<EndDate/>
<RoleCode>Co-Principal Investigator</RoleCode>
</Investigator>
<Investigator>
<FirstName>Michael</FirstName>
<LastName>Goldin</LastName>
<EmailAddress>mmgoldin@oaklandcc.edu</EmailAddress>
<StartDate>08/04/2017</StartDate>
<EndDate>06/14/2018</EndDate>
<RoleCode>Former Principal Investigator</RoleCode>
</Investigator>
<Investigator>
<FirstName>Donald</FirstName>
<LastName>Hutchison</LastName>
<EmailAddress>dshutchi@oaklandcc.edu</EmailAddress>
<StartDate>06/14/2018</StartDate>
<EndDate/>
<RoleCode>Principal Investigator</RoleCode>
</Investigator>
<Institution>
<Name>Oakland Community College</Name>
<CityName>Bloomfield Hills</CityName>
<ZipCode>483042223</ZipCode>
<PhoneNumber>2483412130</PhoneNumber>
<StreetAddress>2480 Opdyke Road</StreetAddress>
<CountryName>United States</CountryName>
<StateName>Michigan</StateName>
<StateCode>MI</StateCode>
</Institution>
<ProgramElement>
<Code>7412</Code>
<Text>ADVANCED TECH EDUCATION PROG</Text>
</ProgramElement>
<ProgramReference>
<Code>1032</Code>
<Text>ADVANCED TECHNOLOGY EDUCATION</Text>
</ProgramReference>
<ProgramReference>
<Code>9178</Code>
<Text>UNDERGRADUATE EDUCATION</Text>
</ProgramReference>
<ProgramReference>
<Code>SMET</Code>
<Text>SCIENCE, MATH, ENG &amp; TECH EDUCATION</Text>
</ProgramReference>
</Award>
</rootTag>
