<?xml version="1.0" encoding="UTF-8"?>
<rootTag>
<Award>
<AwardTitle>DISSERTATION RESEARCH: Systematics, host-specificity, and genome evolution of holoparasitic plants: A case study in Orobanche (Orobanchaceae)</AwardTitle>
<AwardEffectiveDate>07/01/2016</AwardEffectiveDate>
<AwardExpirationDate>06/30/2018</AwardExpirationDate>
<AwardAmount>20344</AwardAmount>
<AwardInstrument>
<Value>Standard Grant</Value>
</AwardInstrument>
<Organization>
<Code>08010206</Code>
<Directorate>
<LongName>Direct For Biological Sciences</LongName>
</Directorate>
<Division>
<LongName>Division Of Environmental Biology</LongName>
</Division>
</Organization>
<ProgramOfficer>
<SignBlockName>Simon Malcomber</SignBlockName>
</ProgramOfficer>
<AbstractNarration>Parasitism is a unique life history strategy that has evolved independently dozens of times in plants, animals, and other organisms. Due to its high biodiversity and a good understanding of its mode of parasitism, the non-photosynthetic parasitic plant genus Orobanche provides a remarkable opportunity for understanding the unique macro- and microevolutionary consequences of parasitism in a phylogenetic framework. Recent work has identified both evolutionary and genetic consequences, including numerous host specific lineages as well as host-to-parasite horizontal gene transfer. This research will use genomic-scale sequencing of new-world Orobanche and field studies across North America to develop the following: (1) a fine-scale understanding of tempo and mode of genome evolution in parasitic plants, (2) a better understanding of host-breadth, and (3) abiotic and biotic habitat characteristics, with a taxonomic revision to follow. In addition to advancing the fields of evolutionary biology and ecology, an improved understanding of host specificity and parasite genomics may be of use in combating several species of Orobanche that cause severe agricultural damage to tomato, sunflower, and other crops in Europe, Asia, and the Americas. One graduate and several undergraduate students will receive training in laboratory and museum research techniques, and will have the opportunity to present the results at regional and national meetings.&lt;br/&gt;&lt;br/&gt;Specifically, we will use a genome skimming approach, coupled with field studies across North America to study (1) fine-scale tempo and mode of plastid and mitochondrial evolution in new-world Orobanche, (2) host-breadth of numerous lineages, (3) abiotic and biotic habitat characteristics to better understand distributions, and (4) diagnosable features of lineages, leading directly to taxonomic revision. Out of several genome reduction techniques available, genome-skimming (whole-genome shotgun sequencing) will provide the most cost-effective way to&amp;#8232;capture the high-copy fraction of genomic DNA, including the&amp;#8232;nuclear ribosomal cistron, plastome, and mitogenome, even from degraded material such as that found on herbarium sheets.</AbstractNarration>
<MinAmdLetterDate>03/29/2016</MinAmdLetterDate>
<MaxAmdLetterDate>03/29/2016</MaxAmdLetterDate>
<ARRAAmount/>
<AwardID>1601504</AwardID>
<Investigator>
<FirstName>Adam</FirstName>
<LastName>Schneider</LastName>
<EmailAddress>acschneider@berkeley.edu</EmailAddress>
<StartDate>03/29/2016</StartDate>
<EndDate/>
<RoleCode>Co-Principal Investigator</RoleCode>
</Investigator>
<Investigator>
<FirstName>Bruce</FirstName>
<LastName>Baldwin</LastName>
<EmailAddress>bbaldwin@berkeley.edu</EmailAddress>
<StartDate>03/29/2016</StartDate>
<EndDate/>
<RoleCode>Principal Investigator</RoleCode>
</Investigator>
<Institution>
<Name>University of California-Berkeley</Name>
<CityName>BERKELEY</CityName>
<ZipCode>947045940</ZipCode>
<PhoneNumber>5106428109</PhoneNumber>
<StreetAddress>Sponsored Projects Office</StreetAddress>
<CountryName>United States</CountryName>
<StateName>California</StateName>
<StateCode>CA</StateCode>
</Institution>
<ProgramElement>
<Code>7374</Code>
<Text>Systematics &amp; Biodiversity Sci</Text>
</ProgramElement>
<ProgramReference>
<Code>9179</Code>
<Text>GRADUATE INVOLVEMENT</Text>
</ProgramReference>
<ProgramReference>
<Code>SMET</Code>
<Text>SCIENCE, MATH, ENG &amp; TECH EDUCATION</Text>
</ProgramReference>
</Award>
</rootTag>
