<?xml version="1.0" encoding="UTF-8"?>
<rootTag>
<Award>
<AwardTitle>Strengthening Farms and the Rural Economy through Agricultural Mechanics</AwardTitle>
<AwardEffectiveDate>08/15/2016</AwardEffectiveDate>
<AwardExpirationDate>07/31/2019</AwardExpirationDate>
<AwardAmount>198671</AwardAmount>
<AwardInstrument>
<Value>Standard Grant</Value>
</AwardInstrument>
<Organization>
<Code>11040100</Code>
<Directorate>
<LongName>Direct For Education and Human Resources</LongName>
</Directorate>
<Division>
<LongName>Division Of Undergraduate Education</LongName>
</Division>
</Organization>
<ProgramOfficer>
<SignBlockName>Elizabeth Teles</SignBlockName>
</ProgramOfficer>
<AbstractNarration>The project at Snow College in Utah will advance knowledge in the field of agricultural mechanics by integrating education and training in the mechanics of modern, computer-driven technologies with traditional farm equipment mechanics training. Maintenance and repair of precision irrigation equipment, an important innovation that conserves water while enabling profitable farming in drought-ridden areas, requires advanced skills that students will develop as they work with state-of-the-art equipment. The use of drones and GPS makes it possible to identify and monitor problems that directly impact agricultural productivity, and drones also require very specialized maintenance and repair skills. The precision irrigation component of the project will support more efficient use of scarce water resources. Business owners and farmers will provide input into program and curriculum design by serving on the Ag Mechanics Advisory Committee. A formative and summative evaluation process will be employed to continuously enhance the project activities and provide opportunities for researching and evaluating the success of the project and deliverables.&lt;br/&gt;&lt;br/&gt;This project is designed to develop a new Agricultural Mechanics (Ag Mechanics) program that will meet the growing need for education and training in installing, maintaining, diagnosing/troubleshooting, using, and repairing complex and integrated agricultural equipment. A multidisciplinary curriculum will focus on both traditional gasoline- and diesel-powered equipment and on new computer-driven technologies, including precision irrigation equipment, as well as drones and GPS for crop monitoring and mapping. The new program will consist of existing courses that are relevant to Ag Mechanics, existing courses that are modified to integrate new content, and newly created courses. A rich curriculum will serve students who plan to work in agriculture, both those working on family and commercial farms, and students preparing to become skilled technicians in service industries that repair, sell, and service farm equipment. Ag Mechanics will offer two certificates and an A.A.S. degree. Students who are interested in more advanced studies will be able to transfer to a four-year degree program in Agricultural Systems Technology at Utah State University. An important component of the project will be the development of a pathway program that connects high school students in agricultural courses to the Ag Mechanics program. College faculty will work with high school instructors to promote the pathway and develop a concurrent enrollment course in Ag Mechanics. Area high schools that participate in the pathway program will be able to provide their students with a broader educational experience. Because their high school classes are the beginning of a pathway that can lead to a certificate, a two-year degree, and a four-year baccalaureate degree, participating students will be motivated to complete high school and seek college-level education.  The program will provide a model for other technical colleges as the focus on both traditional and modern equipment is an approach that can be replicated at colleges throughout the nation. The multidisciplinary design, which combines existing courses with new and modified courses, is an excellent template for other small schools that lack the financial and human resources to create completely new curricula.</AbstractNarration>
<MinAmdLetterDate>04/11/2016</MinAmdLetterDate>
<MaxAmdLetterDate>11/21/2017</MaxAmdLetterDate>
<ARRAAmount/>
<AwardID>1601397</AwardID>
<Investigator>
<FirstName>Matthew</FirstName>
<LastName>Goble</LastName>
<EmailAddress>Matthew.Goble@snow.edu</EmailAddress>
<StartDate>11/21/2017</StartDate>
<EndDate/>
<RoleCode>Co-Principal Investigator</RoleCode>
</Investigator>
<Investigator>
<FirstName>Jay</FirstName>
<LastName>Olsen</LastName>
<EmailAddress>Jay.Olsen@snow.edu</EmailAddress>
<StartDate>11/21/2017</StartDate>
<EndDate/>
<RoleCode>Principal Investigator</RoleCode>
</Investigator>
<Investigator>
<FirstName>Jay</FirstName>
<LastName>Olsen</LastName>
<EmailAddress>Jay.Olsen@snow.edu</EmailAddress>
<StartDate>04/11/2016</StartDate>
<EndDate>11/21/2017</EndDate>
<RoleCode>Former Co-Principal Investigator</RoleCode>
</Investigator>
<Investigator>
<FirstName>Michael</FirstName>
<LastName>Medley</LastName>
<EmailAddress>michael.medley@snow.edu</EmailAddress>
<StartDate>04/11/2016</StartDate>
<EndDate>11/21/2017</EndDate>
<RoleCode>Former Principal Investigator</RoleCode>
</Investigator>
<Institution>
<Name>Snow College</Name>
<CityName>Ephraim</CityName>
<ZipCode>846271550</ZipCode>
<PhoneNumber>4352837072</PhoneNumber>
<StreetAddress>150 East College Avenue</StreetAddress>
<CountryName>United States</CountryName>
<StateName>Utah</StateName>
<StateCode>UT</StateCode>
</Institution>
<ProgramElement>
<Code>7412</Code>
<Text>ADVANCED TECH EDUCATION PROG</Text>
</ProgramElement>
<ProgramReference>
<Code>1032</Code>
<Text>ADVANCED TECHNOLOGY EDUCATION</Text>
</ProgramReference>
<ProgramReference>
<Code>9150</Code>
<Text>EXP PROG TO STIM COMP RES</Text>
</ProgramReference>
<ProgramReference>
<Code>9178</Code>
<Text>UNDERGRADUATE EDUCATION</Text>
</ProgramReference>
<ProgramReference>
<Code>SMET</Code>
<Text>SCIENCE, MATH, ENG &amp; TECH EDUCATION</Text>
</ProgramReference>
</Award>
</rootTag>
