<?xml version="1.0" encoding="UTF-8"?>
<rootTag>
<Award>
<AwardTitle>DISSERTATION RESEARCH:   Can the degree of mimicry predict levels of genetic structure among populations? A test using mimetic ground beetles</AwardTitle>
<AwardEffectiveDate>06/01/2016</AwardEffectiveDate>
<AwardExpirationDate>05/31/2018</AwardExpirationDate>
<AwardAmount>20150</AwardAmount>
<AwardInstrument>
<Value>Standard Grant</Value>
</AwardInstrument>
<Organization>
<Code>08010207</Code>
<Directorate>
<LongName>Direct For Biological Sciences</LongName>
</Directorate>
<Division>
<LongName>Division Of Environmental Biology</LongName>
</Division>
</Organization>
<ProgramOfficer>
<SignBlockName>George W. Gilchrist</SignBlockName>
</ProgramOfficer>
<AbstractNarration>This project will analyze spatial patterns of genetic diversity in a novel mimicry system from South America to investigate whether the processes driving resemblance in mimicry systems can also promote diversity within species. Mimicry systems, where multiple species evolve mutual resemblance to reduce predation, are excellent natural laboratories to study the processes generating biodiversity. Species in mimetic systems often exhibit diverse geographic morphologies, which raises questions about how this diversity originated and is maintained. Addressing this question will quantify the role of natural selection in promoting and maintaining genetic differentiation among populations. Additionally, this research will provide a basis for using morphological traits to predict levels of genetic structure. The later will be especially useful for conservation purposes, particularly in groups or systems in which genetic data might not be available.&lt;br/&gt;&lt;br/&gt;These goals will be addressed by conducting a fine scale landscape genetic study on mimetic beetles from the genus Ceroglossus using next generation sequencing data. Samples will be collected across areas with different geographic morphs and levels of phenotypic matching, and from two or three different species. Correlation tests between color differences and genetic differentiation will inform whether selection for mimicry can impact levels of genetic structure, whereas model-based demographic inferences will provide statistical rigor to distinguish between specific mechanisms driving such patterns. This project will encourage collaborative work with Chilean researchers and students on the study of a new and fascinating model system.</AbstractNarration>
<MinAmdLetterDate>03/11/2016</MinAmdLetterDate>
<MaxAmdLetterDate>03/11/2016</MaxAmdLetterDate>
<ARRAAmount/>
<AwardID>1601260</AwardID>
<Investigator>
<FirstName>L. Lacey</FirstName>
<LastName>Knowles</LastName>
<EmailAddress>knowlesl@umich.edu</EmailAddress>
<StartDate>03/11/2016</StartDate>
<EndDate/>
<RoleCode>Principal Investigator</RoleCode>
</Investigator>
<Investigator>
<FirstName>Carlos</FirstName>
<LastName>Munoz Ramirez</LastName>
<EmailAddress>carmunoz@umich.edu</EmailAddress>
<StartDate>03/11/2016</StartDate>
<EndDate/>
<RoleCode>Co-Principal Investigator</RoleCode>
</Investigator>
<Institution>
<Name>University of Michigan Ann Arbor</Name>
<CityName>Ann Arbor</CityName>
<ZipCode>481091274</ZipCode>
<PhoneNumber>7347636438</PhoneNumber>
<StreetAddress>3003 South State St. Room 1062</StreetAddress>
<CountryName>United States</CountryName>
<StateName>Michigan</StateName>
<StateCode>MI</StateCode>
</Institution>
<ProgramElement>
<Code>7378</Code>
<Text>EVOLUTIONARY GENETICS</Text>
</ProgramElement>
<ProgramReference>
<Code>9179</Code>
<Text>GRADUATE INVOLVEMENT</Text>
</ProgramReference>
</Award>
</rootTag>
