<?xml version="1.0" encoding="UTF-8"?>
<rootTag>
<Award>
<AwardTitle>DISSERTATION RESEARCH: Speciation, niche divergence, and character displacement at multiple scales in Lasiopogon robber flies (Diptera: Asilidae)</AwardTitle>
<AwardEffectiveDate>06/01/2016</AwardEffectiveDate>
<AwardExpirationDate>05/31/2018</AwardExpirationDate>
<AwardAmount>20040</AwardAmount>
<AwardInstrument>
<Value>Standard Grant</Value>
</AwardInstrument>
<Organization>
<Code>08010206</Code>
<Directorate>
<LongName>Direct For Biological Sciences</LongName>
</Directorate>
<Division>
<LongName>Division Of Environmental Biology</LongName>
</Division>
</Organization>
<ProgramOfficer>
<SignBlockName>Simon Malcomber</SignBlockName>
</ProgramOfficer>
<AbstractNarration>How are distinct niches in communities filled when interactions among species may constrain potential overlap? Robber flies in the genus Lasiopogon are a widespread group of insect predators that hunt in many environments, such as dunes, beaches, trails, streamsides, and sagebrush landscapes. Specializations such as perching habits or seasonal emergence times provide a way for species with overlapping ranges to reduce competition. The goal of this project is to compare diversification patterns and similarities in geographic range, niche, and morphology throughout the 60 species of North American Lasiopogon to uncover not just when and where a given species split, but how regional communities (i.e., who it evolved with) influenced this diversification. Understanding the processes of adaptation at regional and local scales will help show how environmental cues and interactions among species maintain and promote biodiversity, providing lessons about potential responses of species to shifting environments. This research will promote taxonomic expertise and training in a diverse but understudied group of insects (robber flies). Furthermore, since many Lasiopogon species have highly specialized habitat requirements, this work will provide data for studying community changes precipitated by urban spread, manmade irrigation, and climate change. An undergraduate student will be trained in Asilidae taxonomic and biodiversity research, and distributional and ecological information&amp;#8232;from this study will be shared on general and taxon-specific websites. &lt;br/&gt;&lt;br/&gt;&lt;br/&gt;Species niches are a distillation of their interactions with other members of the community and their phylogenetic history. This research will estimate evolutionary relationships among North American Lasiopogon from sequencing multiple loci. Microniche characteristics and ecological niche models will be estimated from museum specimens and samples by the PIs. Phylogenetic comparative methods will then be used to examine the effects of ecological specialization at different spatial scales and morphological character displacement on diversification and community assembly. This study design will reveal whether ecological and morphological differences accumulated during or after species divergence, and which axes of variation (coarse- or fine-scaled ecology, morphology, phenology) have been more influential in fueling character displacement and competitive specialization.</AbstractNarration>
<MinAmdLetterDate>03/28/2016</MinAmdLetterDate>
<MaxAmdLetterDate>03/28/2016</MaxAmdLetterDate>
<ARRAAmount/>
<AwardID>1601389</AwardID>
<Investigator>
<FirstName>Tristan</FirstName>
<LastName>McKnight</LastName>
<EmailAddress>trismckn@umich.edu</EmailAddress>
<StartDate>03/28/2016</StartDate>
<EndDate/>
<RoleCode>Co-Principal Investigator</RoleCode>
</Investigator>
<Investigator>
<FirstName>L. Lacey</FirstName>
<LastName>Knowles</LastName>
<EmailAddress>knowlesl@umich.edu</EmailAddress>
<StartDate>03/28/2016</StartDate>
<EndDate/>
<RoleCode>Principal Investigator</RoleCode>
</Investigator>
<Institution>
<Name>University of Michigan Ann Arbor</Name>
<CityName>Ann Arbor</CityName>
<ZipCode>481091274</ZipCode>
<PhoneNumber>7347636438</PhoneNumber>
<StreetAddress>3003 South State St. Room 1062</StreetAddress>
<CountryName>United States</CountryName>
<StateName>Michigan</StateName>
<StateCode>MI</StateCode>
</Institution>
<ProgramElement>
<Code>7374</Code>
<Text>Systematics &amp; Biodiversity Sci</Text>
</ProgramElement>
<ProgramReference>
<Code>9179</Code>
<Text>GRADUATE INVOLVEMENT</Text>
</ProgramReference>
<ProgramReference>
<Code>SMET</Code>
<Text>SCIENCE, MATH, ENG &amp; TECH EDUCATION</Text>
</ProgramReference>
</Award>
</rootTag>
