<?xml version="1.0" encoding="UTF-8"?>
<rootTag>
<Award>
<AwardTitle>Arithmetic and Geometry Around Relative Trace Formulae</AwardTitle>
<AwardEffectiveDate>07/01/2016</AwardEffectiveDate>
<AwardExpirationDate>06/30/2018</AwardExpirationDate>
<AwardAmount>216264</AwardAmount>
<AwardInstrument>
<Value>Continuing grant</Value>
</AwardInstrument>
<Organization>
<Code>03040000</Code>
<Directorate>
<LongName>Direct For Mathematical &amp; Physical Scien</LongName>
</Directorate>
<Division>
<LongName>Division Of Mathematical Sciences</LongName>
</Division>
</Organization>
<ProgramOfficer>
<SignBlockName>Andrew D. Pollington</SignBlockName>
</ProgramOfficer>
<AbstractNarration>This project concerns research in number theory, which studies properties of the whole numbers and is at the core of modern cryptography. One central theme in number theory is to study the relationship between algebraic and geometric objects and special values of L-functions (generalizations of the Riemann zeta function introduced by Euler in the eighteenth century and studied extensively by Riemann in the nineteenth century). A motivating example is the conjecture of Birch and Swinnerton-Dyer, which relates rational points on elliptic curves (one of the simplest classes of polynomial equations) to the analytic property of L-functions. This research project explores several topics in number theory and aims to deepen understanding of these relationships.&lt;br/&gt;&lt;br/&gt;The project aims to study the Birch and Swinnerton-Dyer conjecture and its high dimensional generalizations, one of which is the arithmetic Gan-Gross-Prasad conjecture for unitary Shimura varieties.  The investigator previously discovered a relative trace formula approach to study the first derivative of certain automorphic L-functions and intersection numbers on Shimura varieties, and recent work of the investigator and collaborator extends the idea to higher derivatives for L-functions for the general linear group of rank two over function fields. This research project aims to extend the relative trace formula approach to more general settings, for instance, to L-functions for the general linear groups of higher rank.</AbstractNarration>
<MinAmdLetterDate>04/18/2016</MinAmdLetterDate>
<MaxAmdLetterDate>06/09/2017</MaxAmdLetterDate>
<ARRAAmount/>
<AwardID>1601144</AwardID>
<Investigator>
<FirstName>Wei</FirstName>
<LastName>Zhang</LastName>
<EmailAddress>wz2113@mit.edu</EmailAddress>
<StartDate>04/18/2016</StartDate>
<EndDate/>
<RoleCode>Principal Investigator</RoleCode>
</Investigator>
<Institution>
<Name>Columbia University</Name>
<CityName>NEW YORK</CityName>
<ZipCode>100276902</ZipCode>
<PhoneNumber>2128546851</PhoneNumber>
<StreetAddress>2960 Broadway</StreetAddress>
<CountryName>United States</CountryName>
<StateName>New York</StateName>
<StateCode>NY</StateCode>
</Institution>
<ProgramElement>
<Code>1264</Code>
<Text>ALGEBRA,NUMBER THEORY,AND COM</Text>
</ProgramElement>
</Award>
</rootTag>
