<?xml version="1.0" encoding="UTF-8"?>
<rootTag>
<Award>
<AwardTitle>DISSERTATION RESEARCH:   Do accelerated microbial - organic matter interactions feed back to promote shrub growth in arctic tundra?</AwardTitle>
<AwardEffectiveDate>07/01/2016</AwardEffectiveDate>
<AwardExpirationDate>09/30/2018</AwardExpirationDate>
<AwardAmount>17264</AwardAmount>
<AwardInstrument>
<Value>Standard Grant</Value>
</AwardInstrument>
<Organization>
<Code>08010209</Code>
<Directorate>
<LongName>Direct For Biological Sciences</LongName>
</Directorate>
<Division>
<LongName>Division Of Environmental Biology</LongName>
</Division>
</Organization>
<ProgramOfficer>
<SignBlockName>John Schade</SignBlockName>
</ProgramOfficer>
<AbstractNarration>The arctic holds the largest pool of soil carbon across land ecosystems. As the climate warms, changes to this carbon pool become increasingly important to understand. Carbon release from soils would increase concentrations of carbon dioxide in the atmosphere, while increases in soil carbon pools would remove carbon dioxide from the atmosphere. Higher temperatures have already trigged widespread expansion of large, woody shrubs across arctic tundra, and appear to stimulate the loss of soil carbon.  This research examines whether shrubs change the composition of microbial communities in a way that positively impacts the shrub growth. This information is critical to understanding how shrubs affect carbon pools of plants and soils in the arctic. Using arctic soils from Alaska, the investigators will establish a plant growth experiment to determine how shrubs respond to different treatments of soil microbes and nutrients. By investigating plants, soils, and microbes in one experiment, this work will improve the accuracy of models of arctic carbon dynamics. In addition, this work will train undergraduates in both field and laboratory research skills and provide hands-on scientific experience. The results of this research will also be integrated into lesson plans for elementary, middle, and high school students through a collaboration between the researchers and local Georgia teachers. &lt;br/&gt;&lt;br/&gt;Previous research by these investigators demonstrates that shrubs promote a more active and less nutrient limited microbial community, which may lead to carbon loss from shrub soils. These findings suggest that shrubs stimulate soil microbial activity as a mechanism to improve nutrient availability, but it is unclear if shrub-induced changes to microbial communities benefit shrub growth.  Using arctic soils, the researchers will establish a plant growth experiment using a fully factorial design crossing soil microbial source (shrub vs non-shrub) by nitrogen (+/-) and phosphorus (+/-) with a sterile control for three species of shrubs (Alnus fruticosa, Betula nana, and Salix pulchra). Collected data will include plant biomass, quantification of root symbioses, and soil microbial biomass. These data will be used to understand the magnitude and direction of shrub-microbial relationships and if carbon loss induced by microbial activity can be counterbalance by shrub carbon gain.</AbstractNarration>
<MinAmdLetterDate>04/04/2016</MinAmdLetterDate>
<MaxAmdLetterDate>04/04/2016</MaxAmdLetterDate>
<ARRAAmount/>
<AwardID>1601088</AwardID>
<Investigator>
<FirstName>Nina</FirstName>
<LastName>Wurzburger</LastName>
<EmailAddress>ninawurz@uga.edu</EmailAddress>
<StartDate>04/04/2016</StartDate>
<EndDate/>
<RoleCode>Principal Investigator</RoleCode>
</Investigator>
<Investigator>
<FirstName>Carly</FirstName>
<LastName>Phillips</LastName>
<EmailAddress>cphil@uga.edu</EmailAddress>
<StartDate>04/04/2016</StartDate>
<EndDate/>
<RoleCode>Co-Principal Investigator</RoleCode>
</Investigator>
<Institution>
<Name>University of Georgia Research Foundation Inc</Name>
<CityName>ATHENS</CityName>
<ZipCode>306021589</ZipCode>
<PhoneNumber>7065425939</PhoneNumber>
<StreetAddress>310 East Campus Rd</StreetAddress>
<CountryName>United States</CountryName>
<StateName>Georgia</StateName>
<StateCode>GA</StateCode>
</Institution>
<ProgramElement>
<Code>1181</Code>
<Text>ECOSYSTEM STUDIES</Text>
</ProgramElement>
<ProgramReference>
<Code>9179</Code>
<Text>GRADUATE INVOLVEMENT</Text>
</ProgramReference>
<ProgramReference>
<Code>SMET</Code>
<Text>SCIENCE, MATH, ENG &amp; TECH EDUCATION</Text>
</ProgramReference>
</Award>
</rootTag>
