<?xml version="1.0" encoding="UTF-8"?>
<rootTag>
<Award>
<AwardTitle>Unique Functionals and Quantum Groups</AwardTitle>
<AwardEffectiveDate>08/01/2016</AwardEffectiveDate>
<AwardExpirationDate>07/31/2019</AwardExpirationDate>
<AwardAmount>127540</AwardAmount>
<AwardInstrument>
<Value>Continuing grant</Value>
</AwardInstrument>
<Organization>
<Code>03040000</Code>
<Directorate>
<LongName>Direct For Mathematical &amp; Physical Scien</LongName>
</Directorate>
<Division>
<LongName>Division Of Mathematical Sciences</LongName>
</Division>
</Organization>
<ProgramOfficer>
<SignBlockName>Andrew D. Pollington</SignBlockName>
</ProgramOfficer>
<AbstractNarration>This is a research project at the interface of number theory, representation theory, and theoretical physics. Recent work of the investigator and collaborators has shown that certain matrices, known as R-matrices, that arise in theoretical physics in the study of statistical mechanics and phase transitions also arise in the study of a class of functions, known as Whittaker functions, that encode arithmetic information when these functions are viewed representation-theoretically, that is, when inherent algebraic symmetries are taken into account. This discovery opens the door to a rich collection of questions that will be explored in this project. It is anticipated that in the process, important new connections between number theory and mathematical physics will be developed.&lt;br/&gt;&lt;br/&gt;In more detail, Whittaker functions on p-adic groups are a fundamental tool in automorphic forms. Whittaker functions on metaplectic covers of these groups are less well-understood, but the corresponding matrices on intertwining operators have been computed. The investigator and collaborators have shown that these matrices for the n-fold mataplectic cover of GL(n) agree with the R-matrices for a quantum group, which is a Drinfield twist of the quantized enveloping algebra of the affinized Lie superalgebra gl(1/n). The effect of the Drinfield twisting is to introduce Gauss sums into the R-matrix, and therefore to make it "number-theoretic." This clarifies a great deal, but also presents new questions that will be explored in this project. A separate but related project that will be pursued is an on-going study of connections between unique models and representations of Hecke algebras.</AbstractNarration>
<MinAmdLetterDate>07/18/2016</MinAmdLetterDate>
<MaxAmdLetterDate>06/12/2017</MaxAmdLetterDate>
<ARRAAmount/>
<AwardID>1601026</AwardID>
<Investigator>
<FirstName>Daniel</FirstName>
<LastName>Bump</LastName>
<EmailAddress>bump@math.stanford.edu</EmailAddress>
<StartDate>07/18/2016</StartDate>
<EndDate/>
<RoleCode>Principal Investigator</RoleCode>
</Investigator>
<Institution>
<Name>Stanford University</Name>
<CityName>Palo Alto</CityName>
<ZipCode>943041212</ZipCode>
<PhoneNumber>6507232300</PhoneNumber>
<StreetAddress>3160 Porter Drive</StreetAddress>
<CountryName>United States</CountryName>
<StateName>California</StateName>
<StateCode>CA</StateCode>
</Institution>
<ProgramElement>
<Code>1264</Code>
<Text>ALGEBRA,NUMBER THEORY,AND COM</Text>
</ProgramElement>
</Award>
</rootTag>
