<?xml version="1.0" encoding="UTF-8"?>
<rootTag>
<Award>
<AwardTitle>DISSERTATION RESEARCH: Estimating the genetic and demographic response of an amphibian metapopulation to global climate change</AwardTitle>
<AwardEffectiveDate>07/01/2016</AwardEffectiveDate>
<AwardExpirationDate>06/30/2018</AwardExpirationDate>
<AwardAmount>18946</AwardAmount>
<AwardInstrument>
<Value>Standard Grant</Value>
</AwardInstrument>
<Organization>
<Code>08010207</Code>
<Directorate>
<LongName>Direct For Biological Sciences</LongName>
</Directorate>
<Division>
<LongName>Division Of Environmental Biology</LongName>
</Division>
</Organization>
<ProgramOfficer>
<SignBlockName>Leslie Rissler</SignBlockName>
</ProgramOfficer>
<AbstractNarration>This project will contrast the utility of population size estimates and migration estimates in predicting population declines and increases. It is known that populations that are too small can experience high levels of inbreeding and may lose much of their genetic diversity over time. In turn they may face higher extinction probabilities and for this reason population size could be a critical variable in many conservation plans. Population size, however, may be a poor predictor of a population's viability when additional forces are at play. Migration between locations as well as climate induced fluctuations in a population from year to year may be just as important as the average population size in predicting long term trends in a population's likelihood of survival. The researchers will examine the relative effectiveness of average population size, migration between populations and population variability in predicting the viability of populations of two salamander species. The project will develop more informative genetic monitoring techniques as well as the training of a doctoral student.&lt;br/&gt;&lt;br/&gt;This project will determine the effective population size (Ne), and gene flow patterns of two salamander species that have been monitored in the same wetland for 37 years. One of the species, Ambystoma opacum, is increasing in number while the other, Ambystoma talpoideum, is decreasing in number over the last fifteen years. This study will answer two questions: First, is the reliability of Ne as a predictor of population viability dependent on metapopulation structure? Second, how do gene flow and annual fluctuations in reproductive rate influence the long-term viability of populations? The question of how gene flow impacts viability estimates based on Ne will be addressed by collecting Single Nucleotide Polymorphism data from individuals from five connected subpopulations using next generation sequencing. Maximum likelihood estimates of Ne for the subpopulations, and Bayesian estimates of gene flow rates between the subpopulations will be calculated for both species. The importance of metapopulation structure in refining conclusions based on Ne will be determined for both declining and growing populations from that data. Individual based census data from previous years will be used to ground truth estimates obtained from genetic samples. Projection models will then be developed to predict whether the metapopulation of each species is at risk for extinction or if only individual subpopulations are expected be lost and recolonized over time.</AbstractNarration>
<MinAmdLetterDate>04/04/2016</MinAmdLetterDate>
<MaxAmdLetterDate>04/04/2016</MaxAmdLetterDate>
<ARRAAmount/>
<AwardID>1601470</AwardID>
<Investigator>
<FirstName>David</FirstName>
<LastName>Weisrock</LastName>
<EmailAddress>dweis2@uky.edu</EmailAddress>
<StartDate>04/04/2016</StartDate>
<EndDate/>
<RoleCode>Principal Investigator</RoleCode>
</Investigator>
<Investigator>
<FirstName>Schyler</FirstName>
<LastName>Nunziata</LastName>
<EmailAddress>schyler.nunziata@uky.edu</EmailAddress>
<StartDate>04/04/2016</StartDate>
<EndDate/>
<RoleCode>Co-Principal Investigator</RoleCode>
</Investigator>
<Institution>
<Name>University of Kentucky Research Foundation</Name>
<CityName>Lexington</CityName>
<ZipCode>405260001</ZipCode>
<PhoneNumber>8592579420</PhoneNumber>
<StreetAddress>109 Kinkead Hall</StreetAddress>
<CountryName>United States</CountryName>
<StateName>Kentucky</StateName>
<StateCode>KY</StateCode>
</Institution>
<ProgramElement>
<Code>7377</Code>
<Text>EVOLUTIONARY ECOLOGY</Text>
</ProgramElement>
<ProgramReference>
<Code>9150</Code>
<Text>EXP PROG TO STIM COMP RES</Text>
</ProgramReference>
<ProgramReference>
<Code>9179</Code>
<Text>GRADUATE INVOLVEMENT</Text>
</ProgramReference>
</Award>
</rootTag>
