<?xml version="1.0" encoding="UTF-8"?>
<rootTag>
<Award>
<AwardTitle>Southeastern Number Theory Meetings</AwardTitle>
<AwardEffectiveDate>08/01/2016</AwardEffectiveDate>
<AwardExpirationDate>07/31/2018</AwardExpirationDate>
<AwardAmount>14695</AwardAmount>
<AwardInstrument>
<Value>Standard Grant</Value>
</AwardInstrument>
<Organization>
<Code>03040000</Code>
<Directorate>
<LongName>Direct For Mathematical &amp; Physical Scien</LongName>
</Directorate>
<Division>
<LongName>Division Of Mathematical Sciences</LongName>
</Division>
</Organization>
<ProgramOfficer>
<SignBlockName>Matthew  Douglass</SignBlockName>
</ProgramOfficer>
<AbstractNarration>In mid-September of 2016, the first of three Southeastern Number Theory Meetings planned for the 2016-2017 academic year will be held at either the University of North Carolina at Greensboro in Greensboro, NC, or at Wofford College in Spartanburg, SC.  The University of South Carolina in Columbia, SC will host the second meeting on the first weekend of December 2016.  The third meeting will be held in April 2017 at either the University of North Florida in Jacksonville, FL, or at Washington and Lee University in Lewisburg, VA.  Further information on these meetings including the locations, dates, lists of speakers, lists of participants, and registration information will be linked to the conference home pages (below) as it becomes available.&lt;br/&gt;&lt;br/&gt;The conferences slated for 2016 will be the 26th and 27th meetings of the Palmetto Number Theory Series http://www.math.sc.edu/~boylan/seminars/pantshome.html , which is a series of meetings started in 2006 and managed jointly by the University of South Carolina and Clemson University, the two flagship research institutions in South Carolina, the Palmetto State.  The Spring 2017 meeting will be the 30th meeting of the Southeast Regional Meeting on Numbers http://www.math.clemson.edu/~kevja/SERMON/, which is a larger regional meeting started in 1988.  Recent meetings have averaged 40 - 60 participants.  The meetings consist of participant talks on current research in all areas of number theory, including analytic number theory, arithmetic geometry, and automorphic and modular forms. These topics reflect the research interests of number theorists working in the Southeast.   Each meeting features plenary talks by nationally and internationally recognized leaders in the field, invited talks by graduate students and postdoctoral researchers, and a larger number of contributed talks by mathematicians at all levels including undergraduate and graduate students, and junior and senior faculty.  Number theorists from outside the Southeast will give the invited and plenary talks, while regional researchers will give most of the contributed talks.     &lt;br/&gt;&lt;br/&gt;A primary goal of the Southeastern Number Theory Meetings is to provide members of the number theory community in the Southeast with an opportunity to learn about new and significant research in number theory and to disseminate their own research.  Students and junior researchers in the community particularly benefit from the meetings. The meetings strengthen their knowledge base, expose their work to a wider audience, and give them insightful input and feedback from other participants.  Funding from the NSF allows the organizers to achieve their goals at a low cost to individual participants.  These meetings integrate regional mathematicians into the community who may have little or no funds for professional travel such as graduate students and faculty at institutions that do not award Ph.Ds.  The organizers will continue efforts to attract a demographically diverse participant base including women and racial and ethnic minorities.</AbstractNarration>
<MinAmdLetterDate>01/22/2016</MinAmdLetterDate>
<MaxAmdLetterDate>01/22/2016</MaxAmdLetterDate>
<ARRAAmount/>
<AwardID>1601239</AwardID>
<Investigator>
<FirstName>Frank</FirstName>
<LastName>Thorne</LastName>
<EmailAddress>thorne@math.sc.edu</EmailAddress>
<StartDate>01/22/2016</StartDate>
<EndDate/>
<RoleCode>Co-Principal Investigator</RoleCode>
</Investigator>
<Investigator>
<FirstName>Matthew</FirstName>
<LastName>Boylan</LastName>
<EmailAddress>boylan@math.sc.edu</EmailAddress>
<StartDate>01/22/2016</StartDate>
<EndDate/>
<RoleCode>Principal Investigator</RoleCode>
</Investigator>
<Investigator>
<FirstName>Hui</FirstName>
<LastName>Xue</LastName>
<EmailAddress>huixue@clemson.edu</EmailAddress>
<StartDate>01/22/2016</StartDate>
<EndDate/>
<RoleCode>Co-Principal Investigator</RoleCode>
</Investigator>
<Investigator>
<FirstName>James</FirstName>
<LastName>Brown</LastName>
<EmailAddress>jimlb@g.clemson.edu</EmailAddress>
<StartDate>01/22/2016</StartDate>
<EndDate/>
<RoleCode>Co-Principal Investigator</RoleCode>
</Investigator>
<Investigator>
<FirstName>Michael</FirstName>
<LastName>Filaseta</LastName>
<EmailAddress>filaseta@math.sc.edu</EmailAddress>
<StartDate>01/22/2016</StartDate>
<EndDate/>
<RoleCode>Co-Principal Investigator</RoleCode>
</Investigator>
<Institution>
<Name>University of South Carolina at Columbia</Name>
<CityName>COLUMBIA</CityName>
<ZipCode>292080001</ZipCode>
<PhoneNumber>8037777093</PhoneNumber>
<StreetAddress>Sponsored Awards Management</StreetAddress>
<CountryName>United States</CountryName>
<StateName>South Carolina</StateName>
<StateCode>SC</StateCode>
</Institution>
<ProgramElement>
<Code>1264</Code>
<Text>ALGEBRA,NUMBER THEORY,AND COM</Text>
</ProgramElement>
<ProgramReference>
<Code>7556</Code>
<Text>CONFERENCE AND WORKSHOPS</Text>
</ProgramReference>
<ProgramReference>
<Code>9150</Code>
<Text>EXP PROG TO STIM COMP RES</Text>
</ProgramReference>
</Award>
</rootTag>
