<?xml version="1.0" encoding="UTF-8"?>
<rootTag>
<Award>
<AwardTitle>Commercial Energy Management Technology (CEM-Tech)</AwardTitle>
<AwardEffectiveDate>07/01/2016</AwardEffectiveDate>
<AwardExpirationDate>06/30/2019</AwardExpirationDate>
<AwardAmount>760812</AwardAmount>
<AwardInstrument>
<Value>Standard Grant</Value>
</AwardInstrument>
<Organization>
<Code>11040100</Code>
<Directorate>
<LongName>Direct For Education and Human Resources</LongName>
</Directorate>
<Division>
<LongName>Division Of Undergraduate Education</LongName>
</Division>
</Organization>
<ProgramOfficer>
<SignBlockName>Heather Watson</SignBlockName>
</ProgramOfficer>
<AbstractNarration>Commercial Energy Management Technology (CEM-Tech) is a three-year project to develop a certificate and an Associates of Applied Science (AAS) degree program whose aim is to address a nationwide shortage of trained building technicians and training programs in the commercial energy management area.  This is particularly important in the areas of building automation, commercial energy auditing, building commissioning and retro-commissioning.  This shortage is bound to become more acute over the next few years as current HVAC technicians in the commercial and industrial fields start reaching retirement age, and as the field of building construction advances and grows.  Raritan Valley Community College's CEM-Tech program aims to develop curricula and student experiences that will help to meet this shortage.  This will be done working closely with industry experts.  The goal is preparing students and incumbent workers in Sustainable Building Operations.  &lt;br/&gt;&lt;br/&gt;Raritan Valley Community College will work to develop an industry-aligned curriculum following rigorous academic standards, a campus as a living laboratory model, and strengthening core curriculum for general education.  The end product being a Certificate and an AAS degree in Commercial Energy Management Technology.  Industry partners and like-minded community and four-year colleges have been invited to join in a collaborative effort where curriculum-development best practices and the sharing of resources will be emphasized.  A portfolio of stand-alone seminars with stackable credentials will be developed for both facilities managers and incumbent workers.  Transfer pathways will also be developed for high school students, incumbent workers, and managers.  A special focus will be placed on developing strategies to reach minorities and under-represented populations.  Following the recommendation of industry partner, new laboratories will be equipped with state-of-the-art hardware, software, and instrumentation that is relevant in the field. The outputs of this effort will be available for nationwide dissemination and sharing.</AbstractNarration>
<MinAmdLetterDate>06/17/2016</MinAmdLetterDate>
<MaxAmdLetterDate>06/17/2016</MaxAmdLetterDate>
<ARRAAmount/>
<AwardID>1601159</AwardID>
<Investigator>
<FirstName>Paul</FirstName>
<LastName>Flor</LastName>
<EmailAddress>pflor@raritanval.edu</EmailAddress>
<StartDate>06/17/2016</StartDate>
<EndDate/>
<RoleCode>Principal Investigator</RoleCode>
</Investigator>
<Investigator>
<FirstName>Sital</FirstName>
<LastName>Wadher</LastName>
<EmailAddress>spagare@raritanval.edu</EmailAddress>
<StartDate>06/17/2016</StartDate>
<EndDate/>
<RoleCode>Co-Principal Investigator</RoleCode>
</Investigator>
<Investigator>
<FirstName>Brian</FirstName>
<LastName>ORourke</LastName>
<EmailAddress>borourke@raritanval.edu</EmailAddress>
<StartDate>06/17/2016</StartDate>
<EndDate/>
<RoleCode>Co-Principal Investigator</RoleCode>
</Investigator>
<Investigator>
<FirstName>Peter</FirstName>
<LastName>Stupak</LastName>
<EmailAddress>Peter.Stupak@raritanval.edu</EmailAddress>
<StartDate>06/17/2016</StartDate>
<EndDate/>
<RoleCode>Co-Principal Investigator</RoleCode>
</Investigator>
<Institution>
<Name>Raritan Valley Community College</Name>
<CityName>Somerville</CityName>
<ZipCode>088761265</ZipCode>
<PhoneNumber>9085261200</PhoneNumber>
<StreetAddress>P O BOX 3300</StreetAddress>
<CountryName>United States</CountryName>
<StateName>New Jersey</StateName>
<StateCode>NJ</StateCode>
</Institution>
<ProgramElement>
<Code>7412</Code>
<Text>ADVANCED TECH EDUCATION PROG</Text>
</ProgramElement>
<ProgramReference>
<Code>1032</Code>
<Text>ADVANCED TECHNOLOGY EDUCATION</Text>
</ProgramReference>
<ProgramReference>
<Code>9178</Code>
<Text>UNDERGRADUATE EDUCATION</Text>
</ProgramReference>
<ProgramReference>
<Code>SMET</Code>
<Text>SCIENCE, MATH, ENG &amp; TECH EDUCATION</Text>
</ProgramReference>
</Award>
</rootTag>
