<?xml version="1.0" encoding="UTF-8"?>
<rootTag>
<Award>
<AwardTitle>DISSERTATION RESEARCH:   The Effect of Plant Dispersal on Ecosystem Function</AwardTitle>
<AwardEffectiveDate>05/01/2016</AwardEffectiveDate>
<AwardExpirationDate>04/30/2018</AwardExpirationDate>
<AwardAmount>16361</AwardAmount>
<AwardInstrument>
<Value>Standard Grant</Value>
</AwardInstrument>
<Organization>
<Code>08010208</Code>
<Directorate>
<LongName>Direct For Biological Sciences</LongName>
</Directorate>
<Division>
<LongName>Division Of Environmental Biology</LongName>
</Division>
</Organization>
<ProgramOfficer>
<SignBlockName>Douglas Levey</SignBlockName>
</ProgramOfficer>
<AbstractNarration>Plant communities are the main source of energy for the rest of life. Habitat loss and fragmentation -- the conversion of large areas into isolated smaller areas -- threaten the diversity of plant communities and ecosystem functions (essential services provided by plants). Thus, it important that we understand how to maintain plant communities and how they help ecosystems function. This project explores how seed dispersal in fragmented habitats helps sustain plant diversity and promote ecosystem functions such as nutrient cycles and decomposition rates.  Investigators will examine whether habitat fragmentation has an unusually large impact on the abundance of plant species that are poor seed dispersers and, if so, how loss of these species may result in loss of ecosystem function.  Scientists working on this project will engage with the public through talks, a workshop, and internship opportunities.  Results will help inform the U.S. Army Corp of Engineers and their mission of conservation. &lt;br/&gt;&lt;br/&gt;Investigators will study impacts of habitat fragmentation on plant communities and ecosystem functions, using a set of islands in Lake Strom Thurmond, South Carolina. Plant communities, plant chemical and physical attributes, and soil properties will be measured on 20 islands of different levels of spatial isolation (near shore versus far from shore) and historic disturbance. Specifically, investigators will quantify the abundance and diversity of plant species, leaf properties of those species, soil nitrogen availability, and microbial decomposition rates. These data will be used to test the hypothesis that spatial isolation and disturbance affect ecosystem function by altering plant species composition. Statistical models will test 1) whether ecosystem carbon and nutrient fluxes are a function of spatial isolation, disturbance history, and leaf properties; and 2) whether dispersal limitation caused by island spatial isolation can drive functional composition.</AbstractNarration>
<MinAmdLetterDate>03/15/2016</MinAmdLetterDate>
<MaxAmdLetterDate>03/15/2016</MaxAmdLetterDate>
<ARRAAmount/>
<AwardID>1601508</AwardID>
<Investigator>
<FirstName>Luka</FirstName>
<LastName>Negoita</LastName>
<EmailAddress>lnegoita@syr.edu</EmailAddress>
<StartDate>03/15/2016</StartDate>
<EndDate/>
<RoleCode>Co-Principal Investigator</RoleCode>
</Investigator>
<Investigator>
<FirstName>Jason</FirstName>
<LastName>Fridley</LastName>
<EmailAddress>fridley@syr.edu</EmailAddress>
<StartDate>03/15/2016</StartDate>
<EndDate/>
<RoleCode>Principal Investigator</RoleCode>
</Investigator>
<Institution>
<Name>Syracuse University</Name>
<CityName>SYRACUSE</CityName>
<ZipCode>132441200</ZipCode>
<PhoneNumber>3154432807</PhoneNumber>
<StreetAddress>OFFICE OF SPONSORED PROGRAMS</StreetAddress>
<CountryName>United States</CountryName>
<StateName>New York</StateName>
<StateCode>NY</StateCode>
</Institution>
<ProgramElement>
<Code>1182</Code>
<Text>POP &amp; COMMUNITY ECOL PROG</Text>
</ProgramElement>
<ProgramReference>
<Code>9179</Code>
<Text>GRADUATE INVOLVEMENT</Text>
</ProgramReference>
<ProgramReference>
<Code>SMET</Code>
<Text>SCIENCE, MATH, ENG &amp; TECH EDUCATION</Text>
</ProgramReference>
</Award>
</rootTag>
