<?xml version="1.0" encoding="UTF-8"?>
<rootTag>
<Award>
<AwardTitle>DISSERTATION RESEARCH:  Genetic Mechanisms of Spatial Eco-Evolutionary Dynamics in Range Expansions</AwardTitle>
<AwardEffectiveDate>04/15/2016</AwardEffectiveDate>
<AwardExpirationDate>03/31/2017</AwardExpirationDate>
<AwardAmount>19926</AwardAmount>
<AwardInstrument>
<Value>Standard Grant</Value>
</AwardInstrument>
<Organization>
<Code>08010207</Code>
<Directorate>
<LongName>Direct For Biological Sciences</LongName>
</Directorate>
<Division>
<LongName>Division Of Environmental Biology</LongName>
</Division>
</Organization>
<ProgramOfficer>
<SignBlockName>George W. Gilchrist</SignBlockName>
</ProgramOfficer>
<AbstractNarration>The proposed research will analyze genomic patterns to test evolutionary contributions to experimental range expansion using a model laboratory system. Recent decades have seen large scale changes of species' geographic ranges, as introductions of invasive species and shifting climate patterns displace organisms from ancestral areas and expand into new regions. Many previous models of range movement rely only on ecological processes while ignoring evolution; recent research, however, suggests that evolution at the expanding range edge might play a key role. Range shifts have important conservation and economic implications that will be informed by these studies. The researchers also conduct a workshop course for K-12 teachers and provide curriculum materials to examine range shifts as a teaching tool. &lt;br/&gt;&lt;br/&gt;Several hypotheses will be tested by quantifying patterns in allele frequencies through space and time using flour beetles stored from an already completed laboratory range expansion experiment. The hypotheses to be tested are that (1) core and edge locations of a species range should grow increasingly genetically distinct through time, (2) they should accumulate different genetic variants, with edges containing variants associated with high colonization ability, and (3) the speed of range expansion should correlate with these evolved genetic patterns. Whole genome sequencing will be used to quantify allele frequencies among beetles sampled at different times and locations during the range expansion. The results will not only provide insights into the role of spatial structure in evolution, but they will also have significance for management of invasive species and species shifting ranges due to climate change.</AbstractNarration>
<MinAmdLetterDate>03/23/2016</MinAmdLetterDate>
<MaxAmdLetterDate>03/23/2016</MaxAmdLetterDate>
<ARRAAmount/>
<AwardID>1601333</AwardID>
<Investigator>
<FirstName>Brett</FirstName>
<LastName>Melbourne</LastName>
<EmailAddress>brett.melbourne@colorado.edu</EmailAddress>
<StartDate>03/23/2016</StartDate>
<EndDate/>
<RoleCode>Principal Investigator</RoleCode>
</Investigator>
<Investigator>
<FirstName>Christopher</FirstName>
<LastName>Weiss-Lehman</LastName>
<EmailAddress>christopher.weisslehman@colorado.edu</EmailAddress>
<StartDate>03/23/2016</StartDate>
<EndDate/>
<RoleCode>Co-Principal Investigator</RoleCode>
</Investigator>
<Institution>
<Name>University of Colorado at Boulder</Name>
<CityName>Boulder</CityName>
<ZipCode>803031058</ZipCode>
<PhoneNumber>3034926221</PhoneNumber>
<StreetAddress>3100 Marine Street, Room 481</StreetAddress>
<CountryName>United States</CountryName>
<StateName>Colorado</StateName>
<StateCode>CO</StateCode>
</Institution>
<ProgramElement>
<Code>7377</Code>
<Text>EVOLUTIONARY ECOLOGY</Text>
</ProgramElement>
<ProgramReference>
<Code>9179</Code>
<Text>GRADUATE INVOLVEMENT</Text>
</ProgramReference>
<ProgramReference>
<Code>SMET</Code>
<Text>SCIENCE, MATH, ENG &amp; TECH EDUCATION</Text>
</ProgramReference>
</Award>
</rootTag>
