<?xml version="1.0" encoding="UTF-8"?>
<rootTag>
<Award>
<AwardTitle>DISSERTATION RESEARCH: Transposable element dynamics across reproductive modes and ploidy levels in natural populations</AwardTitle>
<AwardEffectiveDate>07/01/2016</AwardEffectiveDate>
<AwardExpirationDate>06/30/2019</AwardExpirationDate>
<AwardAmount>19825</AwardAmount>
<AwardInstrument>
<Value>Standard Grant</Value>
</AwardInstrument>
<Organization>
<Code>08010207</Code>
<Directorate>
<LongName>Direct For Biological Sciences</LongName>
</Directorate>
<Division>
<LongName>Division Of Environmental Biology</LongName>
</Division>
</Organization>
<ProgramOfficer>
<SignBlockName>Leslie Rissler</SignBlockName>
</ProgramOfficer>
<AbstractNarration>This project investigates how an important kind of mutation (transposable elements) is impacted by reproductive mode and the number of chromosome sets in a cell. Transposable elements (often called "jumping genes") are sequences of DNA that self-replicate across genomes. They can contribute to genome expansion and are a source for rapid adaptive evolution. In addition, transposable elements are found in all organisms and likely play central roles in evolution, but how chromosome number (or other factors) influences the accumulation and evolution of transposable elements is unclear. This project addresses these fundamental questions and is relevant to all scientists interested in genome structure. Researchers are also involved in Project Lead the Way to develop genomic and molecular evolution lessons for high school students. &lt;br/&gt;&lt;br/&gt;A pool-sequencing approach will be applied to a New Zealand freshwater snail, Potamopygus anitopodarum, to test the effects of reproductive mode and ploidy level on transposable elements' evolutionary dynamics. This snail species is ideally suited for the project because otherwise similar coexisting snails vary in reproductive mode and ploidy. Whole-genome sequencing of pools of individuals is a cost-effective means for addressing population genomic questions and enables this novel test of genome-wide effects of reproductive mode and ploidy on the evolutionary dynamics of transposable elements.</AbstractNarration>
<MinAmdLetterDate>03/23/2016</MinAmdLetterDate>
<MaxAmdLetterDate>03/23/2016</MaxAmdLetterDate>
<ARRAAmount/>
<AwardID>1601242</AwardID>
<Investigator>
<FirstName>Maurine</FirstName>
<LastName>Neiman</LastName>
<EmailAddress>maurine-neiman@uiowa.edu</EmailAddress>
<StartDate>03/23/2016</StartDate>
<EndDate/>
<RoleCode>Principal Investigator</RoleCode>
</Investigator>
<Investigator>
<FirstName>Kyle</FirstName>
<LastName>McElroy</LastName>
<EmailAddress>kyle-mcelroy@uiowa.edu</EmailAddress>
<StartDate>03/23/2016</StartDate>
<EndDate/>
<RoleCode>Co-Principal Investigator</RoleCode>
</Investigator>
<Institution>
<Name>University of Iowa</Name>
<CityName>IOWA CITY</CityName>
<ZipCode>522421320</ZipCode>
<PhoneNumber>3193352123</PhoneNumber>
<StreetAddress>2 GILMORE HALL</StreetAddress>
<CountryName>United States</CountryName>
<StateName>Iowa</StateName>
<StateCode>IA</StateCode>
</Institution>
<ProgramElement>
<Code>7378</Code>
<Text>EVOLUTIONARY GENETICS</Text>
</ProgramElement>
<ProgramReference>
<Code>9150</Code>
<Text>EXP PROG TO STIM COMP RES</Text>
</ProgramReference>
<ProgramReference>
<Code>9179</Code>
<Text>GRADUATE INVOLVEMENT</Text>
</ProgramReference>
<ProgramReference>
<Code>SMET</Code>
<Text>SCIENCE, MATH, ENG &amp; TECH EDUCATION</Text>
</ProgramReference>
</Award>
</rootTag>
