<?xml version="1.0" encoding="UTF-8"?>
<rootTag>
<Award>
<AwardTitle>Arithmetic Geometry</AwardTitle>
<AwardEffectiveDate>07/01/2016</AwardEffectiveDate>
<AwardExpirationDate>06/30/2019</AwardExpirationDate>
<AwardAmount>390000</AwardAmount>
<AwardInstrument>
<Value>Continuing grant</Value>
</AwardInstrument>
<Organization>
<Code>03040000</Code>
<Directorate>
<LongName>Direct For Mathematical &amp; Physical Scien</LongName>
</Directorate>
<Division>
<LongName>Division Of Mathematical Sciences</LongName>
</Division>
</Organization>
<ProgramOfficer>
<SignBlockName>Andrew D. Pollington</SignBlockName>
</ProgramOfficer>
<AbstractNarration>The award supports the principal investigator's research in arithmetic geometry. Arithmetic geometry is a branch of mathematics that studies integer solutions of polynomial equations and has played a central role in solving many outstanding problems in number theory, such as Fermat's Last Theorem and the Mordell conjecture concerning the number of rational points on a curve. The main objects of study in this research project are Shimura varieties, which are higher dimensional analogues of modular curves that parametrize families of Riemann surfaces. The study of Shimura varieties is at the interface of algebraic geometry, number theory, and representation theory and has broad applications to a number of far-reaching and influential conjectures.&lt;br/&gt;&lt;br/&gt;One of the main topics of this research project concerns the arithmetic of Shimura varieties. One part of the work aims to relate the Hasse-Weil zeta function of a certain class of Shimura varieties -- those of Hodge type -- to automorphic L-functions, establishing a conjecture of Langlands. Another aims to study the structure of special points on these varieties and to show that, in certain situations, every mod p isogeny class contains the reduction of a special point. Other directions in the project include the Grothendieck-Katz p-curvature conjecture, as well Diophantine methods for constructing algebraic cycles.</AbstractNarration>
<MinAmdLetterDate>04/27/2016</MinAmdLetterDate>
<MaxAmdLetterDate>05/16/2018</MaxAmdLetterDate>
<ARRAAmount/>
<AwardID>1601054</AwardID>
<Investigator>
<FirstName>Mark</FirstName>
<LastName>Kisin</LastName>
<EmailAddress>kisin@math.harvard.edu</EmailAddress>
<StartDate>04/27/2016</StartDate>
<EndDate/>
<RoleCode>Principal Investigator</RoleCode>
</Investigator>
<Institution>
<Name>Harvard University</Name>
<CityName>Cambridge</CityName>
<ZipCode>021385369</ZipCode>
<PhoneNumber>6174955501</PhoneNumber>
<StreetAddress>1033 MASSACHUSETTS AVE</StreetAddress>
<CountryName>United States</CountryName>
<StateName>Massachusetts</StateName>
<StateCode>MA</StateCode>
</Institution>
<ProgramElement>
<Code>1264</Code>
<Text>ALGEBRA,NUMBER THEORY,AND COM</Text>
</ProgramElement>
</Award>
</rootTag>
