<?xml version="1.0" encoding="UTF-8"?>
<rootTag>
<Award>
<AwardTitle>DISSERTATION RESEARCH: Does genetic similarity of trees explain beta diversity of soil microbes and the strength of negative plant-soil feedbacks in a tropical tree population?</AwardTitle>
<AwardEffectiveDate>05/01/2016</AwardEffectiveDate>
<AwardExpirationDate>04/30/2018</AwardExpirationDate>
<AwardAmount>19960</AwardAmount>
<AwardInstrument>
<Value>Standard Grant</Value>
</AwardInstrument>
<Organization>
<Code>08010208</Code>
<Directorate>
<LongName>Direct For Biological Sciences</LongName>
</Directorate>
<Division>
<LongName>Division Of Environmental Biology</LongName>
</Division>
</Organization>
<ProgramOfficer>
<SignBlockName>Betsy Von Holle</SignBlockName>
</ProgramOfficer>
<AbstractNarration>Adult trees in tropical forests prevent their offspring from sprouting nearby. This parent-offspring interaction can explain high species diversity in tropical forests. The genetic foundation for this negative interaction will be investigated.  The genetic diversity of mature trees, seedlings, and bacteria and fungi in the soil will be assessed.  The mechanisms by which pathogen-resistant genes influence reproduction and maintain diversity will be examined.  Efforts in conservation and in tropical reforestation will be aided by this information.  The project will strengthen the scientific workforce by training a graduate student in genetic techniques.&lt;br/&gt;&lt;br/&gt;This study will be among the first to incorporate a genetic mechanism into the classical Janzen-Connell hypothesis of seedling survival and diversity maintenance in tropical forests.  New evidence has shown that negative plant-soil feedbacks between tropical trees and their pathogens are genotype-specific (i.e., trees within a population respond differently to the same soil microbiome).  Whether plant-soil feedbacks in tropical tree communities are genetically controlled will be determined for tree-seedling genetic similarity, for tree-tree genetic similarity, and for microbial community - tree community genetic similarity.  Analyses of the genetics will complement experiments on the conditions in which pathogen-resistant genes affect population dynamics.  The degree of similarities will elucidate the biological and spatial scales at which the interactions are effective.  Training in genetic and metagenomics techniques and bioinformatics will provide research experience for the student.</AbstractNarration>
<MinAmdLetterDate>03/28/2016</MinAmdLetterDate>
<MaxAmdLetterDate>03/28/2016</MaxAmdLetterDate>
<ARRAAmount/>
<AwardID>1601588</AwardID>
<Investigator>
<FirstName>Jenalle</FirstName>
<LastName>Eck</LastName>
<EmailAddress>jenalle.eck@helsinki.fi</EmailAddress>
<StartDate>03/28/2016</StartDate>
<EndDate/>
<RoleCode>Co-Principal Investigator</RoleCode>
</Investigator>
<Investigator>
<FirstName>Liza</FirstName>
<LastName>Comita</LastName>
<EmailAddress>liza.comita@yale.edu</EmailAddress>
<StartDate>03/28/2016</StartDate>
<EndDate/>
<RoleCode>Principal Investigator</RoleCode>
</Investigator>
<Investigator>
<FirstName>James</FirstName>
<LastName>Marden</LastName>
<EmailAddress>jhm10@psu.edu</EmailAddress>
<StartDate>03/28/2016</StartDate>
<EndDate/>
<RoleCode>Co-Principal Investigator</RoleCode>
</Investigator>
<Institution>
<Name>Ohio State University</Name>
<CityName>Columbus</CityName>
<ZipCode>432101016</ZipCode>
<PhoneNumber>6146888735</PhoneNumber>
<StreetAddress>Office of Sponsored Programs</StreetAddress>
<CountryName>United States</CountryName>
<StateName>Ohio</StateName>
<StateCode>OH</StateCode>
</Institution>
<ProgramElement>
<Code>1182</Code>
<Text>POP &amp; COMMUNITY ECOL PROG</Text>
</ProgramElement>
<ProgramReference>
<Code>9179</Code>
<Text>GRADUATE INVOLVEMENT</Text>
</ProgramReference>
<ProgramReference>
<Code>SMET</Code>
<Text>SCIENCE, MATH, ENG &amp; TECH EDUCATION</Text>
</ProgramReference>
</Award>
</rootTag>
