<?xml version="1.0" encoding="UTF-8"?>
<rootTag>
<Award>
<AwardTitle>The Nanotechnology Applications and Career Knowledge (NACK) Support Center</AwardTitle>
<AwardEffectiveDate>09/01/2016</AwardEffectiveDate>
<AwardExpirationDate>02/28/2021</AwardExpirationDate>
<AwardAmount>1775781</AwardAmount>
<AwardInstrument>
<Value>Standard Grant</Value>
</AwardInstrument>
<Organization>
<Code>11040100</Code>
<Directorate>
<LongName>Direct For Education and Human Resources</LongName>
</Directorate>
<Division>
<LongName>Division Of Undergraduate Education</LongName>
</Division>
</Organization>
<ProgramOfficer>
<SignBlockName>V. Celeste  Carter</SignBlockName>
</ProgramOfficer>
<AbstractNarration>Nanotechnology is constantly impacting society through the field of nanoelectronics and large numbers of nanotechnology-based products in other fields, such as health care, automotive and transportation, safety and security, and home and leisure. The existing Nanotechnology Applications and Career Knowledge (NACK) Network will transition to the NACK Support Center with the objective of continuing to support U.S. nanotechnology workforce education. The NACK Support Center will employ its community and technical college (CC)-industry-research university (RU) partnerships to carry out: 1) resource sharing among CCs as well as among CCs and RUs; 2) dissemination of learning materials that deliver a core set of industry-recommended nanotechnology skills; 3) live-streaming of professional development webinars; and 4) creation of more effective approaches for disseminating resources and expanding dissemination methodologies through a NACK website with added services and enhanced functionality.&lt;br/&gt;&lt;br/&gt;NACK will carry out its work by: continuing to support and develop new nodes in the Remotely Accessible Instruments for Nanotechnology (RAIN) Network; adding new online-accessible characterization and processing tools; developing ways to increase awareness and usage of RAIN resources; and collecting data and statistics to evaluate RAIN's impact on nanotechnology education. Through a partnership with the industry standards organization ASTM International, NACK educational materials from its six core-skills courses will be institutionalized into industry standards. This partnership will allow students and working technicians to earn up to 6 stackable ASTM certificates with worldwide industry recognition via ASTM-administered tests based on these core courses. By continually updating core-skills course material and adapting it to online delivery via videoed lectures and labs, and by growing on-line course and equipment accessibility, educational opportunities will become increasingly available to highly diverse secondary and post-secondary level populations. The NACK Support Center's planned outreach to veterans and underrepresented student groups will address a key need to recruit these groups for advanced STEM education, and broaden nanotechnology awareness in general. Business outreach and the stackable certificate program will promote technician careers and visibility among a broad range of industries.</AbstractNarration>
<MinAmdLetterDate>04/21/2016</MinAmdLetterDate>
<MaxAmdLetterDate>03/09/2018</MaxAmdLetterDate>
<ARRAAmount/>
<AwardID>1601450</AwardID>
<Investigator>
<FirstName>Lynn</FirstName>
<LastName>Zentner</LastName>
<EmailAddress>lzentner@purdue.edu</EmailAddress>
<StartDate>04/21/2016</StartDate>
<EndDate/>
<RoleCode>Co-Principal Investigator</RoleCode>
</Investigator>
<Investigator>
<FirstName>Anthony</FirstName>
<LastName>Dalessio</LastName>
<EmailAddress>dalessio@ecc.edu</EmailAddress>
<StartDate>06/30/2016</StartDate>
<EndDate/>
<RoleCode>Co-Principal Investigator</RoleCode>
</Investigator>
<Investigator>
<FirstName>Robert</FirstName>
<LastName>Ehrmann</LastName>
<EmailAddress>rke2@psu.edu</EmailAddress>
<StartDate>04/21/2016</StartDate>
<EndDate/>
<RoleCode>Co-Principal Investigator</RoleCode>
</Investigator>
<Investigator>
<FirstName>Osama</FirstName>
<LastName>Awadelkarim</LastName>
<EmailAddress>ooa1@psu.edu</EmailAddress>
<StartDate>04/21/2016</StartDate>
<EndDate/>
<RoleCode>Principal Investigator</RoleCode>
</Investigator>
<Investigator>
<FirstName>Michael</FirstName>
<LastName>Lesiecki</LastName>
<EmailAddress>mlesiecki@gmail.com</EmailAddress>
<StartDate>04/21/2016</StartDate>
<EndDate/>
<RoleCode>Co-Principal Investigator</RoleCode>
</Investigator>
<Institution>
<Name>Pennsylvania State Univ University Park</Name>
<CityName>UNIVERSITY PARK</CityName>
<ZipCode>168027000</ZipCode>
<PhoneNumber>8148651372</PhoneNumber>
<StreetAddress>110 Technology Center Building</StreetAddress>
<CountryName>United States</CountryName>
<StateName>Pennsylvania</StateName>
<StateCode>PA</StateCode>
</Institution>
<ProgramElement>
<Code>7412</Code>
<Text>ADVANCED TECH EDUCATION PROG</Text>
</ProgramElement>
<ProgramReference>
<Code>1032</Code>
<Text>ADVANCED TECHNOLOGY EDUCATION</Text>
</ProgramReference>
<ProgramReference>
<Code>9178</Code>
<Text>UNDERGRADUATE EDUCATION</Text>
</ProgramReference>
<ProgramReference>
<Code>SMET</Code>
<Text>SCIENCE, MATH, ENG &amp; TECH EDUCATION</Text>
</ProgramReference>
</Award>
</rootTag>
