<?xml version="1.0" encoding="UTF-8"?>
<rootTag>
<Award>
<AwardTitle>Advanced Design and Fabrication of Prosthetic and Medical Devices</AwardTitle>
<AwardEffectiveDate>09/01/2016</AwardEffectiveDate>
<AwardExpirationDate>08/31/2019</AwardExpirationDate>
<AwardAmount>811064</AwardAmount>
<AwardInstrument>
<Value>Standard Grant</Value>
</AwardInstrument>
<Organization>
<Code>11040100</Code>
<Directorate>
<LongName>Direct For Education and Human Resources</LongName>
</Directorate>
<Division>
<LongName>Division Of Undergraduate Education</LongName>
</Division>
</Organization>
<ProgramOfficer>
<SignBlockName>Heather Watson</SignBlockName>
</ProgramOfficer>
<AbstractNarration>The United States is the world leader in the design and fabrication of medical devices, holding one-third of global market share.  Aging populations and global military conflicts alone create a rapidly growing need for the state-of-the-art production of medical devices. There is a significant gap between the market for prosthetic devices and the nation's capacity to meet production needs in the future unless engineering technology and engineering programs educate future technologists to work in this field.  In partnership with leading producers and medical professionals in this field, the Department of Mechanical Engineering and Industrial Design Technology at New York City College of Technology (City Tech) has designed an associate degree program that is well aligned with the Medical Device Harmonization Initiative created by the current Administration and the US Department of Labor, to help the medical industry address its workforce supply deficiencies. Considering that City Tech is the second most diverse institution of higher education among regional universities in the northeast producing a high number of associate degree recipients, it is anticipated that this project will also have a significant impact on the production of a diverse cohort of technologists with expertise in this critical field.  &lt;br/&gt;&lt;br/&gt;City Tech will provide students with unique classroom experiences that combine curriculum enhancement with intensive hands on experience using state of the art design and manufacturing technologies and offering advanced certificates in key technical areas. Students will gain real world experience with the field through association by working on real-world projects with the prestigious Hospital for Special Surgery in Manhattan, SUNY-Downstate Medical Center in Brooklyn, and other not-for-profit organizations, to design and fabricate prosthetic and medical devices. Students will be expanding their knowledge and multidisciplinary expertise in dental prostheses, business management, mechatronics, ethical issues in medical devices, and product lifecycle management through interaction with top experts in these fields. The project will also be introduced to grades 7-12 students and teachers in order to provide them with early exposure to this field.</AbstractNarration>
<MinAmdLetterDate>08/22/2016</MinAmdLetterDate>
<MaxAmdLetterDate>08/22/2016</MaxAmdLetterDate>
<ARRAAmount/>
<AwardID>1601522</AwardID>
<Investigator>
<FirstName>Yu</FirstName>
<LastName>Wang</LastName>
<EmailAddress>ywang@citytech.cuny.edu</EmailAddress>
<StartDate>08/22/2016</StartDate>
<EndDate/>
<RoleCode>Co-Principal Investigator</RoleCode>
</Investigator>
<Investigator>
<FirstName>sidi</FirstName>
<LastName>berri</LastName>
<EmailAddress>sberri@citytech.cuny.edu</EmailAddress>
<StartDate>08/22/2016</StartDate>
<EndDate/>
<RoleCode>Co-Principal Investigator</RoleCode>
</Investigator>
<Investigator>
<FirstName>Shaojin</FirstName>
<LastName>Zhang</LastName>
<EmailAddress>azhang@citytech.cuny.edu</EmailAddress>
<StartDate>08/22/2016</StartDate>
<EndDate/>
<RoleCode>Co-Principal Investigator</RoleCode>
</Investigator>
<Investigator>
<FirstName>Gaffar</FirstName>
<LastName>Gailani</LastName>
<EmailAddress>ggailani@citytech.cuny.edu</EmailAddress>
<StartDate>08/22/2016</StartDate>
<EndDate/>
<RoleCode>Principal Investigator</RoleCode>
</Investigator>
<Institution>
<Name>CUNY New York City College of Technology</Name>
<CityName>Brooklyn</CityName>
<ZipCode>112012902</ZipCode>
<PhoneNumber>7182605603</PhoneNumber>
<StreetAddress>300 Jay Street</StreetAddress>
<CountryName>United States</CountryName>
<StateName>New York</StateName>
<StateCode>NY</StateCode>
</Institution>
<ProgramElement>
<Code>7412</Code>
<Text>ADVANCED TECH EDUCATION PROG</Text>
</ProgramElement>
<ProgramReference>
<Code>1032</Code>
<Text>ADVANCED TECHNOLOGY EDUCATION</Text>
</ProgramReference>
<ProgramReference>
<Code>9178</Code>
<Text>UNDERGRADUATE EDUCATION</Text>
</ProgramReference>
<ProgramReference>
<Code>SMET</Code>
<Text>SCIENCE, MATH, ENG &amp; TECH EDUCATION</Text>
</ProgramReference>
</Award>
</rootTag>
