<?xml version="1.0" encoding="UTF-8"?>
<rootTag>
<Award>
<AwardTitle>DISSERTATION RESEARCH: The nexus of observation and modeling of methane emissions from inland water bodies</AwardTitle>
<AwardEffectiveDate>09/01/2016</AwardEffectiveDate>
<AwardExpirationDate>08/31/2017</AwardExpirationDate>
<AwardAmount>19065</AwardAmount>
<AwardInstrument>
<Value>Standard Grant</Value>
</AwardInstrument>
<Organization>
<Code>08010209</Code>
<Directorate>
<LongName>Direct For Biological Sciences</LongName>
</Directorate>
<Division>
<LongName>Division Of Environmental Biology</LongName>
</Division>
</Organization>
<ProgramOfficer>
<SignBlockName>louis kaplan</SignBlockName>
</ProgramOfficer>
<AbstractNarration>The impacts of climate and wetlands on each other are currently not well understood. While wetland plants consume carbon dioxide from the atmosphere, wetlands also produce methane, a powerful greenhouse gas that influences the global climate.  Methane production and its movement within the soils of wetlands results from many simultaneous processes. Microorganisms living in wetland soils where there is no oxygen can produce methane. Methane, being lighter than air, works its way through the soil and can escape into the atmosphere. However, during transport through soils, specialized bacteria can consume methane if the local chemistry is favorable to that process. Additionally, plants can facilitate the movement of methane from soils to the atmosphere. This project will study the transport of methane through wetland vegetation and improve mathematical models of that process. This will be accomplished by developing new measurement techniques that can more accurately predict how much methane is transported through wetland plants. Results from this work will improve our general understanding of how wetlands function with respect to release of methane gas, a potent greenhouse gas important in climate modeling.&lt;br/&gt;&lt;br/&gt;Plant transport is perhaps the most complex and least understood of the common methane pathways from the soil to the atmosphere.  Moreover, wetlands are frequently comprised of a tight mosaic of land cover types. However, few models currently account for the effects of plant heterogeneity within the wetland on the total methane flux. Plants move methane both through their root aeration system, aerenchymous tissue, and through their xylem and stomata. It has been hypothesized that methane dissolved into the pore water at the plant root zone is mobilized by the plant as it transpires. However, the role of stomatally conducted methane is not clear and is almost always ignored by modern methane emission models. In this project, researchers will design and deploy novel chambers to quantify plant-mediated fluxes of methane from wetlands and use those data to parameterize a general model of the process. The study site for chamber deployment will be the Old Woman Creek National Estuary Research Reserve.  These activities are part of a comprehensive measurement campaign involving traditional static chambers to measure diffusive fluxes through the water column, pore-water dialysis peepers, which provide a profile of methane concentrations in the soil, and an eddy-covariance tower, which will provide site level measurements of methane flux into the atmosphere. The plant hydrodynamics model, FETCH2, and a wetland methane model will be coupled to simulate the methane emitted through plants.</AbstractNarration>
<MinAmdLetterDate>04/12/2016</MinAmdLetterDate>
<MaxAmdLetterDate>04/12/2016</MaxAmdLetterDate>
<ARRAAmount/>
<AwardID>1601224</AwardID>
<Investigator>
<FirstName>Timothy</FirstName>
<LastName>Morin</LastName>
<EmailAddress>thmorin@esf.edu</EmailAddress>
<StartDate>04/12/2016</StartDate>
<EndDate/>
<RoleCode>Co-Principal Investigator</RoleCode>
</Investigator>
<Investigator>
<FirstName>Gil</FirstName>
<LastName>Bohrer</LastName>
<EmailAddress>bohrer.17@osu.edu</EmailAddress>
<StartDate>04/12/2016</StartDate>
<EndDate/>
<RoleCode>Principal Investigator</RoleCode>
</Investigator>
<Institution>
<Name>Ohio State University</Name>
<CityName>Columbus</CityName>
<ZipCode>432101016</ZipCode>
<PhoneNumber>6146888735</PhoneNumber>
<StreetAddress>Office of Sponsored Programs</StreetAddress>
<CountryName>United States</CountryName>
<StateName>Ohio</StateName>
<StateCode>OH</StateCode>
</Institution>
<ProgramElement>
<Code>1181</Code>
<Text>ECOSYSTEM STUDIES</Text>
</ProgramElement>
<ProgramReference>
<Code>9179</Code>
<Text>GRADUATE INVOLVEMENT</Text>
</ProgramReference>
<ProgramReference>
<Code>SMET</Code>
<Text>SCIENCE, MATH, ENG &amp; TECH EDUCATION</Text>
</ProgramReference>
</Award>
</rootTag>
