<?xml version="1.0" encoding="UTF-8"?>
<rootTag>
<Award>
<AwardTitle>Dissertation Research: Future changes in California bird communities projected from century-scale resurveys</AwardTitle>
<AwardEffectiveDate>10/01/2016</AwardEffectiveDate>
<AwardExpirationDate>09/30/2017</AwardExpirationDate>
<AwardAmount>20211</AwardAmount>
<AwardInstrument>
<Value>Standard Grant</Value>
</AwardInstrument>
<Organization>
<Code>08010208</Code>
<Directorate>
<LongName>Direct For Biological Sciences</LongName>
</Directorate>
<Division>
<LongName>Division Of Environmental Biology</LongName>
</Division>
</Organization>
<ProgramOfficer>
<SignBlockName>Douglas Levey</SignBlockName>
</ProgramOfficer>
<AbstractNarration>This project will examine why birds in California occur in different places than they did 100 years ago.  This information will be used to predict how birds will respond to future changes in climate and habitat, enabling better conservation planning. Researchers will make use of a unique historic resource: systematic surveys of birds conducted in every major ecological region of California from 1900 to 1945. These surveys were conducted at sites that have since experienced changes in climate, agricultural development, and urbanization. Thirty sites in the Los Angeles area will be re-surveyed.  The resulting data will be added to a dataset of 290 sites already re-surveyed in the Sierra Nevada, Coast Ranges, Central Valley, and Mojave Desert. Measures of how birds have responded to changes at each site will be used to predict future responses to climate and land use change. This study will enhance our understanding of how combined changes in climate and land use impact birds. Specifically, it will test whether changes in land use exacerbate problems from climate change or help some birds to live in places they would have otherwise avoided. This project is important for conservation planning and will provide training and mentoring of two students.&lt;br/&gt;&lt;br/&gt;This study will use a unique historical resource (early 20th century bird surveys conducted by Joseph Grinnell and colleagues) in conjunction with contemporary resurveys to quantify how the effects of climate and land-use change have altered bird distributions in California. These measures will be used to project bird distributions under future scenarios of climate and land-use change. Re-surveys have already been completed at 30 sites in the agriculturally-developed Central Valley, and 260 relatively protected sites in the Sierra Nevada, Coast Ranges, and Mojave Desert. This project will re-resurvey an additional 30 sites in the Los Angeles area, providing a measure of how birds have responded to greater warming and urbanization than is represented in the current dataset. By quantifying how changes in bird occupancy over the past century are driven by climate and land-use covariates, this study will then project bird responses to future scenarios of climate and land-use change based on direct measures of temporal change. Projections will be used to explore which groups of birds are expected to experience range expansions or contractions in the future, and whether this will result in the creation of no-analog bird communities.</AbstractNarration>
<MinAmdLetterDate>03/31/2016</MinAmdLetterDate>
<MaxAmdLetterDate>03/31/2016</MaxAmdLetterDate>
<ARRAAmount/>
<AwardID>1601523</AwardID>
<Investigator>
<FirstName>Sarah</FirstName>
<LastName>MacLean</LastName>
<EmailAddress>maclean@berkeley.edu</EmailAddress>
<StartDate>03/31/2016</StartDate>
<EndDate/>
<RoleCode>Co-Principal Investigator</RoleCode>
</Investigator>
<Investigator>
<FirstName>Steven</FirstName>
<LastName>Beissinger</LastName>
<EmailAddress>beis@berkeley.edu</EmailAddress>
<StartDate>03/31/2016</StartDate>
<EndDate/>
<RoleCode>Principal Investigator</RoleCode>
</Investigator>
<Institution>
<Name>University of California-Berkeley</Name>
<CityName>BERKELEY</CityName>
<ZipCode>947045940</ZipCode>
<PhoneNumber>5106428109</PhoneNumber>
<StreetAddress>Sponsored Projects Office</StreetAddress>
<CountryName>United States</CountryName>
<StateName>California</StateName>
<StateCode>CA</StateCode>
</Institution>
<ProgramElement>
<Code>1182</Code>
<Text>POP &amp; COMMUNITY ECOL PROG</Text>
</ProgramElement>
<ProgramReference>
<Code>9179</Code>
<Text>GRADUATE INVOLVEMENT</Text>
</ProgramReference>
<ProgramReference>
<Code>SMET</Code>
<Text>SCIENCE, MATH, ENG &amp; TECH EDUCATION</Text>
</ProgramReference>
</Award>
</rootTag>
