<?xml version="1.0" encoding="UTF-8"?>
<rootTag>
<Award>
<AwardTitle>CT Pathways to Innovation in Advanced Manufacturing Technologies and Entrepreneurship</AwardTitle>
<AwardEffectiveDate>07/15/2016</AwardEffectiveDate>
<AwardExpirationDate>06/30/2019</AwardExpirationDate>
<AwardAmount>899707</AwardAmount>
<AwardInstrument>
<Value>Standard Grant</Value>
</AwardInstrument>
<Organization>
<Code>11040100</Code>
<Directorate>
<LongName>Direct For Education and Human Resources</LongName>
</Directorate>
<Division>
<LongName>Division Of Undergraduate Education</LongName>
</Division>
</Organization>
<ProgramOfficer>
<SignBlockName>Heather Watson</SignBlockName>
</ProgramOfficer>
<AbstractNarration>A new industrial revolution driven by design, innovation, and digital technology is currently underway in the U.S. The manufacturing industry now requires sophisticated computing and thinking skills that are challenging the U.S. workforce, and as a result educators face a major responsibility to prepare students with the 21st century skills needed to innovate and thrive in this new manufacturing environment. The CT Pathways to Innovation Advanced Manufacturing Technologies &amp; Entrepreneurship (CPI-AMTE) project uses a research validated challenge-based learning model to transform instruction in Connecticut High School Manufacturing Technology programs to strengthen college and career readiness.  The CPI-AMTE instructional approach inspires and prepares students to become innovators and entrepreneurs who are ready to thrive in 21st century advanced manufacturing careers.&lt;br/&gt;&lt;br/&gt;CPI-AMTE is a novel instructional model designed to engage predominantly underrepresented students from both technical and comprehensive high schools in challenge-based Advanced Manufacturing Technologies (AMT) projects that align with an advanced manufacturing initiative underway in the CT State Colleges and University system. The curricula engages students in innovative project design, research, refinement, and launching, to advance 21st century AMT core competencies, workforce readiness, and entrepreneurial skills. This multifaceted project responds to four ATE activity categories, including:  1) program development and improvement, 2) curriculum and educational materials development, 3) professional development for educators, and 4) business and entrepreneurial skills development for students. The project advances replicable instructional models that develop students' entrepreneurship, 21st century skills, and STEM technical education and career interests. Research results and tested curricula will be made publically available under an Open Educational Resources license.</AbstractNarration>
<MinAmdLetterDate>07/11/2016</MinAmdLetterDate>
<MaxAmdLetterDate>07/11/2016</MaxAmdLetterDate>
<ARRAAmount/>
<AwardID>1601220</AwardID>
<Investigator>
<FirstName>Nívea</FirstName>
<LastName>Torres</LastName>
<EmailAddress>Nivea.Torres@ct.gov</EmailAddress>
<StartDate>07/11/2016</StartDate>
<EndDate/>
<RoleCode>Co-Principal Investigator</RoleCode>
</Investigator>
<Investigator>
<FirstName>Karen</FirstName>
<LastName>Wosczyna-Birch</LastName>
<EmailAddress>karenlee@snet.net</EmailAddress>
<StartDate>07/11/2016</StartDate>
<EndDate/>
<RoleCode>Co-Principal Investigator</RoleCode>
</Investigator>
<Investigator>
<FirstName>Jonathan</FirstName>
<LastName>Costa</LastName>
<EmailAddress>costa@edadvance.org</EmailAddress>
<StartDate>07/11/2016</StartDate>
<EndDate/>
<RoleCode>Principal Investigator</RoleCode>
</Investigator>
<Institution>
<Name>Education Connection</Name>
<CityName>Litchfield</CityName>
<ZipCode>067590909</ZipCode>
<PhoneNumber>8605670863</PhoneNumber>
<StreetAddress>355 Goshen Rd PO Box 909</StreetAddress>
<CountryName>United States</CountryName>
<StateName>Connecticut</StateName>
<StateCode>CT</StateCode>
</Institution>
<ProgramElement>
<Code>7412</Code>
<Text>ADVANCED TECH EDUCATION PROG</Text>
</ProgramElement>
<ProgramReference>
<Code>1032</Code>
<Text>ADVANCED TECHNOLOGY EDUCATION</Text>
</ProgramReference>
<ProgramReference>
<Code>9178</Code>
<Text>UNDERGRADUATE EDUCATION</Text>
</ProgramReference>
<ProgramReference>
<Code>SMET</Code>
<Text>SCIENCE, MATH, ENG &amp; TECH EDUCATION</Text>
</ProgramReference>
</Award>
</rootTag>
