<?xml version="1.0" encoding="UTF-8"?>
<rootTag>
<Award>
<AwardTitle>Independent Learner Energy Education Design project</AwardTitle>
<AwardEffectiveDate>07/01/2016</AwardEffectiveDate>
<AwardExpirationDate>06/30/2019</AwardExpirationDate>
<AwardAmount>618881</AwardAmount>
<AwardInstrument>
<Value>Standard Grant</Value>
</AwardInstrument>
<Organization>
<Code>11040100</Code>
<Directorate>
<LongName>Direct For Education and Human Resources</LongName>
</Directorate>
<Division>
<LongName>Division Of Undergraduate Education</LongName>
</Division>
</Organization>
<ProgramOfficer>
<SignBlockName>Heather Watson</SignBlockName>
</ProgramOfficer>
<AbstractNarration>The Lane Community College (LCC) Energy Management Program (EMP) has a long and rich history of preparing students for jobs in the commercial building energy efficiency workforce. While LCC EMP has produced many graduates who are employed throughout the energy efficiency industry, the projected demand for energy efficiency education continuous to grow. Further, while online degrees are fairly commonplace in many sectors of higher education, career-technical education lags behind in part due to the hands-on fieldwork requirements of such programs. Motivated by the demand for an energy management workforce, this project brings together the LCC EMP education with online education.  The result being the Independent Learner Energy Education Design (ILEED) effort, which provides a scalable solution of changing the current LCC EMP traditional classroom model into an online hybrid option that expands energy efficiency educational opportunities to traditional and nontraditional students, but also a broader and more diverse population across the Pacific Northwest. This project also serves to develop, manage, and support a network of utility mentor partners that will provide the essential energy-related fieldwork at multiple remote locations. Northwest utilities and utility professional associations have agreed to provide employee-mentors for this innovative education project.&lt;br/&gt;&lt;br/&gt;To increase participation of a wider sector of potential students, and to cover a broader geographic range, ILEED updates the existing online coursework and couples it with fieldwork experiences through local, public utilities and industry connections (similar to that of an internship or cooperative education). With this model of higher education and industry partnerships, energy management education will be available to students who are currently outside the local area. ILEED faculty will still teach and assess, but also coordinate with industry mentors so ILEED students can complete their field-work component of instruction, regardless of their geographic location. Students who participate will be able to earn a full, two-year Associate of Applied Science degree through the online offerings, or an incumbent worker could choose to take a few classes to augment their current profession (e.g., architects, engineers).</AbstractNarration>
<MinAmdLetterDate>05/23/2016</MinAmdLetterDate>
<MaxAmdLetterDate>05/23/2016</MaxAmdLetterDate>
<ARRAAmount/>
<AwardID>1601375</AwardID>
<Investigator>
<FirstName>Roger</FirstName>
<LastName>Ebbage</LastName>
<EmailAddress>ebbager@lanecc.edu</EmailAddress>
<StartDate>05/23/2016</StartDate>
<EndDate/>
<RoleCode>Principal Investigator</RoleCode>
</Investigator>
<Institution>
<Name>Lane Community College</Name>
<CityName>Eugene</CityName>
<ZipCode>974050640</ZipCode>
<PhoneNumber>5414635853</PhoneNumber>
<StreetAddress>4000 East 30th Avenue</StreetAddress>
<CountryName>United States</CountryName>
<StateName>Oregon</StateName>
<StateCode>OR</StateCode>
</Institution>
<ProgramElement>
<Code>7412</Code>
<Text>ADVANCED TECH EDUCATION PROG</Text>
</ProgramElement>
<ProgramReference>
<Code>1032</Code>
<Text>ADVANCED TECHNOLOGY EDUCATION</Text>
</ProgramReference>
<ProgramReference>
<Code>9178</Code>
<Text>UNDERGRADUATE EDUCATION</Text>
</ProgramReference>
<ProgramReference>
<Code>SMET</Code>
<Text>SCIENCE, MATH, ENG &amp; TECH EDUCATION</Text>
</ProgramReference>
</Award>
</rootTag>
