<?xml version="1.0" encoding="UTF-8"?>
<rootTag>
<Award>
<AwardTitle>DISSERTATION RESEARCH:   Carnivorous plant syndromes: The role of volatile emissions in the diversification of the pitcher plant genus Sarracenia</AwardTitle>
<AwardEffectiveDate>05/01/2016</AwardEffectiveDate>
<AwardExpirationDate>11/30/2017</AwardExpirationDate>
<AwardAmount>18840</AwardAmount>
<AwardInstrument>
<Value>Standard Grant</Value>
</AwardInstrument>
<Organization>
<Code>08010206</Code>
<Directorate>
<LongName>Direct For Biological Sciences</LongName>
</Directorate>
<Division>
<LongName>Division Of Environmental Biology</LongName>
</Division>
</Organization>
<ProgramOfficer>
<SignBlockName>Simon Malcomber</SignBlockName>
</ProgramOfficer>
<AbstractNarration>Identifying the mechanisms that drive diversification within a lineage is a key interest of evolutionary biologists. For plants, interactions with insects are thought to be important drivers of biodiversity, most obviously through herbivory and pollination. Carnivorous plants are unique in that, while they largely rely on insects as pollinators, they also prey upon them as a vital nutrient resource. This research studies how plant-insect interactions have contributed to carnivorous plant evolution using the North American Pitcher Plant genus, Sarracenia, as a model. Specifically, it studies how these interactions have contributed to the chemical signaling that carnivorous plants use to attract and capture insects as prey, while simultaneously avoiding capturing their insect pollinators. One undergraduate will be mentored in field and laboratory techniques. Results from this research will be incorporated into K-12 education programs and undergraduate classes, and will be broadly disseminated to the public. &lt;br/&gt;&lt;br/&gt;Previous research suggests that there are 'carnivorous syndromes', or tightly correlated trapping traits (e.g., trichome density, height) that are associated with prey specialization or prey partitioning. This research will examine whether 'attractive' trap traits, specifically volatile emissions, are additionally correlated with prey partitioning across Sarracenia species. By using a recent phylogeny generated by the researchers as a framework and an outdoor common garden maintained by the Atlanta Botanical Garden, this project examines whether mechanisms to alleviate capturing pollinators have further resulted in prey specialization. Volatiles emissions will be collected from 14 putative Sarracenia taxa over the 30-day lifespan of the traps. Statistical correlations among volatile profiles and previously measured trap traits will be examined using a phylogenetic generalized least square analysis. The resulting volatile emissions will be compared to prey captured also using a phylogenetic generalized least square analysis. Flower volatiles will be examined and compared to pitcher volatiles to test for variation in chemical cues. Temporal and spatial separation between flowers and traps will additionally be measured and analyzed statistically to test the overarching hypotheses.</AbstractNarration>
<MinAmdLetterDate>03/08/2016</MinAmdLetterDate>
<MaxAmdLetterDate>03/08/2016</MaxAmdLetterDate>
<ARRAAmount/>
<AwardID>1601273</AwardID>
<Investigator>
<FirstName>Jessica</FirstName>
<LastName>Stephens</LastName>
<EmailAddress>jstephens@plantbio.uga.edu</EmailAddress>
<StartDate>03/08/2016</StartDate>
<EndDate/>
<RoleCode>Co-Principal Investigator</RoleCode>
</Investigator>
<Investigator>
<FirstName>Russell</FirstName>
<LastName>Malmberg</LastName>
<EmailAddress>malmberg@uga.edu</EmailAddress>
<StartDate>03/08/2016</StartDate>
<EndDate/>
<RoleCode>Principal Investigator</RoleCode>
</Investigator>
<Institution>
<Name>University of Georgia Research Foundation Inc</Name>
<CityName>ATHENS</CityName>
<ZipCode>306021589</ZipCode>
<PhoneNumber>7065425939</PhoneNumber>
<StreetAddress>310 East Campus Rd</StreetAddress>
<CountryName>United States</CountryName>
<StateName>Georgia</StateName>
<StateCode>GA</StateCode>
</Institution>
<ProgramElement>
<Code>7374</Code>
<Text>Systematics &amp; Biodiversity Sci</Text>
</ProgramElement>
<ProgramReference>
<Code>9179</Code>
<Text>GRADUATE INVOLVEMENT</Text>
</ProgramReference>
<ProgramReference>
<Code>SMET</Code>
<Text>SCIENCE, MATH, ENG &amp; TECH EDUCATION</Text>
</ProgramReference>
</Award>
</rootTag>
