<?xml version="1.0" encoding="UTF-8"?>
<rootTag>
<Award>
<AwardTitle>Precision Technologies: Intergrating Agriculture and Geo-Sciences</AwardTitle>
<AwardEffectiveDate>07/01/2016</AwardEffectiveDate>
<AwardExpirationDate>06/30/2019</AwardExpirationDate>
<AwardAmount>402378</AwardAmount>
<AwardInstrument>
<Value>Standard Grant</Value>
</AwardInstrument>
<Organization>
<Code>11040100</Code>
<Directorate>
<LongName>Direct For Education and Human Resources</LongName>
</Directorate>
<Division>
<LongName>Division Of Undergraduate Education</LongName>
</Division>
</Organization>
<ProgramOfficer>
<SignBlockName>Elizabeth Teles</SignBlockName>
</ProgramOfficer>
<AbstractNarration>This project will respond to the needs of agricultural and green industries for more precision technicians.  Precision technologies are employed by growers across the U.S. to increase crop yield, reduce production costs and minimize negative impacts to the environment.   Precision technologies are used not only in production agriculture but by a vast number of agricultural and green industries including organic farming, nurseries and sports turf management. With the increasing use of technology, there is a need for more technicians to install, repair and maintain the new technological equipment.  Through the Precision Agriculture Program, Clark State Community College will partner with leaders in the precision agriculture industry and educational institutions to increase the number of students pursuing degrees in precision agriculture and in turn will support the needs of farmers and other green industries utilizing this emerging technology. &lt;br/&gt;&lt;br/&gt;Clark State Community College will integrate precision agriculture and the geo-sciences by working with leaders in the precision agriculture industry and other educational institutions to  (1) grow the pipeline of Precision Agriculture students through targeted recruitment; (2) increase retention by expanding career and transfer options for precision agriculture students and (3) address the rapidly changing applications of precision technologies and prepare faculty to respond to ongoing changes in industry needs. The curriculum and knowledge developed through this proposal will be shared with other community colleges and universities through the NSF ATE National GEOTech Center website; through presentations at regional and national conferences; and through in-person faculty exchanges.</AbstractNarration>
<MinAmdLetterDate>06/23/2016</MinAmdLetterDate>
<MaxAmdLetterDate>06/23/2016</MaxAmdLetterDate>
<ARRAAmount/>
<AwardID>1601512</AwardID>
<Investigator>
<FirstName>Danis</FirstName>
<LastName>Heighton</LastName>
<EmailAddress>heightond@clarkstate.edu</EmailAddress>
<StartDate>06/23/2016</StartDate>
<EndDate/>
<RoleCode>Co-Principal Investigator</RoleCode>
</Investigator>
<Investigator>
<FirstName>Larry</FirstName>
<LastName>Everett</LastName>
<EmailAddress>everettl@clarkstate.edu</EmailAddress>
<StartDate>06/23/2016</StartDate>
<EndDate/>
<RoleCode>Principal Investigator</RoleCode>
</Investigator>
<Investigator>
<FirstName>Susan</FirstName>
<LastName>Everett</LastName>
<EmailAddress>everetts@clarkstate.edu</EmailAddress>
<StartDate>06/23/2016</StartDate>
<EndDate/>
<RoleCode>Co-Principal Investigator</RoleCode>
</Investigator>
<Institution>
<Name>Clark State Community College</Name>
<CityName>Springfield</CityName>
<ZipCode>455054749</ZipCode>
<PhoneNumber>9373286002</PhoneNumber>
<StreetAddress>570 East Leffel Lane</StreetAddress>
<CountryName>United States</CountryName>
<StateName>Ohio</StateName>
<StateCode>OH</StateCode>
</Institution>
<ProgramElement>
<Code>7412</Code>
<Text>ADVANCED TECH EDUCATION PROG</Text>
</ProgramElement>
<ProgramReference>
<Code>1032</Code>
<Text>ADVANCED TECHNOLOGY EDUCATION</Text>
</ProgramReference>
<ProgramReference>
<Code>9178</Code>
<Text>UNDERGRADUATE EDUCATION</Text>
</ProgramReference>
<ProgramReference>
<Code>SMET</Code>
<Text>SCIENCE, MATH, ENG &amp; TECH EDUCATION</Text>
</ProgramReference>
</Award>
</rootTag>
