<?xml version="1.0" encoding="UTF-8"?>
<rootTag>
<Award>
<AwardTitle>E-MATE 2.0: Building Capacity for Interactive Teaching and Learning</AwardTitle>
<AwardEffectiveDate>09/01/2016</AwardEffectiveDate>
<AwardExpirationDate>08/31/2019</AwardExpirationDate>
<AwardAmount>899899</AwardAmount>
<AwardInstrument>
<Value>Standard Grant</Value>
</AwardInstrument>
<Organization>
<Code>11040100</Code>
<Directorate>
<LongName>Direct For Education and Human Resources</LongName>
</Directorate>
<Division>
<LongName>Division Of Undergraduate Education</LongName>
</Division>
</Organization>
<ProgramOfficer>
<SignBlockName>Stephanie August</SignBlockName>
</ProgramOfficer>
<AbstractNarration>There is strong evidence that the targeted use of interactive instructional content creates an immersive, non-linear environment that engages students and improves learning and understanding. The project advances the creation and adoption of interactive instructional materials within the ATE community simultaneously providing students engaging, interactive content and addressing spiraling textbook costs. Workshops and a self-paced online course will train educators to create interactive content using free and relatively inexpensive tools and empower them to develop their own interactive, immersive and engaging learning elements and share what they have learned and developed with colleagues and students.&lt;br/&gt;&lt;br/&gt;The project will positively impact teaching and learning by infusing interactivity with purpose to help students grasp difficult concepts and increase the number of students successfully completing Science, Technology, Engineering, and Mathematics (STEM) programs. Existing NSF centers and projects and industry contributors will be solicited to provide content for interactive materials and review the materials developed. Significant efforts will also be made to engage faculty and institutions that serve underrepresented populations. Collaboration with five ATE national centers will impact a significant number of students and faculty, including the participating subject matter experts (SMEs) and their students as well as colleges, high schools and individual faculty associated with these centers and the ATE community at-large. Underrepresented populations will be reached through existing outreach efforts of these partners, face-to-face workshops at predominantly minority-serving institutions and via promotion of the self-paced online course to organizations, publications and social media connected with educators and institutions that serve traditionally underrepresented populations.</AbstractNarration>
<MinAmdLetterDate>05/20/2016</MinAmdLetterDate>
<MaxAmdLetterDate>05/20/2016</MaxAmdLetterDate>
<ARRAAmount/>
<AwardID>1601612</AwardID>
<Investigator>
<FirstName>Kelly</FirstName>
<LastName>Parr</LastName>
<EmailAddress>kparr@brookdalecc.edu</EmailAddress>
<StartDate>05/20/2016</StartDate>
<EndDate/>
<RoleCode>Co-Principal Investigator</RoleCode>
</Investigator>
<Investigator>
<FirstName>Michael</FirstName>
<LastName>Qaissaunee</LastName>
<EmailAddress>mqaissaunee@brookdalecc.edu</EmailAddress>
<StartDate>05/20/2016</StartDate>
<EndDate/>
<RoleCode>Principal Investigator</RoleCode>
</Investigator>
<Institution>
<Name>Brookdale Community College</Name>
<CityName>Lincroft</CityName>
<ZipCode>077381599</ZipCode>
<PhoneNumber>2018421900</PhoneNumber>
<StreetAddress>765 Newman Springs Road</StreetAddress>
<CountryName>United States</CountryName>
<StateName>New Jersey</StateName>
<StateCode>NJ</StateCode>
</Institution>
<ProgramElement>
<Code>7412</Code>
<Text>ADVANCED TECH EDUCATION PROG</Text>
</ProgramElement>
<ProgramReference>
<Code>1032</Code>
<Text>ADVANCED TECHNOLOGY EDUCATION</Text>
</ProgramReference>
<ProgramReference>
<Code>9178</Code>
<Text>UNDERGRADUATE EDUCATION</Text>
</ProgramReference>
<ProgramReference>
<Code>SMET</Code>
<Text>SCIENCE, MATH, ENG &amp; TECH EDUCATION</Text>
</ProgramReference>
</Award>
</rootTag>
