<?xml version="1.0" encoding="UTF-8"?>
<rootTag>
<Award>
<AwardTitle>Northeast Iowa Advanced Manufacturing Technicians</AwardTitle>
<AwardEffectiveDate>09/01/2016</AwardEffectiveDate>
<AwardExpirationDate>08/31/2019</AwardExpirationDate>
<AwardAmount>638143</AwardAmount>
<AwardInstrument>
<Value>Standard Grant</Value>
</AwardInstrument>
<Organization>
<Code>11040100</Code>
<Directorate>
<LongName>Direct For Education and Human Resources</LongName>
</Directorate>
<Division>
<LongName>Division Of Undergraduate Education</LongName>
</Division>
</Organization>
<ProgramOfficer>
<SignBlockName>Heather Watson</SignBlockName>
</ProgramOfficer>
<AbstractNarration>This project is motivated by the growing demand for a middle-skill advanced manufacturing technician workforce in the region, and will focus on developing flexible career pathways with a particular emphasis on women and other rural students. The project team will work to modularize existing curricula as well as develop a core curriculum that will be used by advanced manufacturing technician tracks. The Northeast Iowa Community College NICC and a number of industry members and northeast Iowa secondary schools will collaborate closely in completing the project.&lt;br/&gt;&lt;br/&gt;This study will examine the skills and body of knowledge required across advanced manufacturing technician occupations. Project activities will include 1) an analysis of common curricula in multiple technician programs, 2) training opportunities for secondary school teachers and College faculty to better align curriculum along the K-14 experience, 3) development of distance learning options to expand access, 4) a study of the efficacy of an open lab model that enables high school, college, career pathway students, and industry professionals to work simultaneously, 5) development of work experience options for technician students including apprenticeships. The results of this project will build on a body of evidence documenting the benefits of open lab structure, competency-based education, and co-operative education. Project activities will align the efforts of secondary educators, community college faculty, and industry needs.</AbstractNarration>
<MinAmdLetterDate>05/20/2016</MinAmdLetterDate>
<MaxAmdLetterDate>11/17/2016</MaxAmdLetterDate>
<ARRAAmount/>
<AwardID>1601043</AwardID>
<Investigator>
<FirstName>Lisa</FirstName>
<LastName>Digman</LastName>
<EmailAddress>digmanli@nicc.edu</EmailAddress>
<StartDate>05/20/2016</StartDate>
<EndDate/>
<RoleCode>Co-Principal Investigator</RoleCode>
</Investigator>
<Investigator>
<FirstName>Randy</FirstName>
<LastName>Schofield</LastName>
<EmailAddress>schofieldr@nicc.edu</EmailAddress>
<StartDate>05/20/2016</StartDate>
<EndDate>11/17/2016</EndDate>
<RoleCode>Former Principal Investigator</RoleCode>
</Investigator>
<Investigator>
<FirstName>Christopher</FirstName>
<LastName>Carlson</LastName>
<EmailAddress>carlsonc@nicc.edu</EmailAddress>
<StartDate>11/17/2016</StartDate>
<EndDate/>
<RoleCode>Principal Investigator</RoleCode>
</Investigator>
<Institution>
<Name>Northeast Iowa Community College</Name>
<CityName>Calmar</CityName>
<ZipCode>521320400</ZipCode>
<PhoneNumber>5635565110</PhoneNumber>
<StreetAddress>Box 400</StreetAddress>
<CountryName>United States</CountryName>
<StateName>Iowa</StateName>
<StateCode>IA</StateCode>
</Institution>
<ProgramElement>
<Code>7412</Code>
<Text>ADVANCED TECH EDUCATION PROG</Text>
</ProgramElement>
<ProgramReference>
<Code>1032</Code>
<Text>ADVANCED TECHNOLOGY EDUCATION</Text>
</ProgramReference>
<ProgramReference>
<Code>9150</Code>
<Text>EXP PROG TO STIM COMP RES</Text>
</ProgramReference>
<ProgramReference>
<Code>9178</Code>
<Text>UNDERGRADUATE EDUCATION</Text>
</ProgramReference>
<ProgramReference>
<Code>SMET</Code>
<Text>SCIENCE, MATH, ENG &amp; TECH EDUCATION</Text>
</ProgramReference>
</Award>
</rootTag>
