<?xml version="1.0" encoding="UTF-8"?>
<rootTag>
<Award>
<AwardTitle>Troubleshooting and Safety Simulator for Wind Turbine Technician Education</AwardTitle>
<AwardEffectiveDate>07/01/2016</AwardEffectiveDate>
<AwardExpirationDate>06/30/2019</AwardExpirationDate>
<AwardAmount>869180</AwardAmount>
<AwardInstrument>
<Value>Standard Grant</Value>
</AwardInstrument>
<Organization>
<Code>11040100</Code>
<Directorate>
<LongName>Direct For Education and Human Resources</LongName>
</Directorate>
<Division>
<LongName>Division Of Undergraduate Education</LongName>
</Division>
</Organization>
<ProgramOfficer>
<SignBlockName>Heather Watson</SignBlockName>
</ProgramOfficer>
<AbstractNarration>This project will address two critical national issues in community college wind energy technical education: 1) a lack of qualified entry-level technicians in the growing wind energy industry; and 2) the limited ability of students to transfer learned concepts from the classroom to actual applications. The U.S. Department of Energy's Wind Vision report details a plan for 35% of the nation's electrical capacity to come from wind by 2050, which will require over 3,000 new wind technicians each year for the next 15 years.  Moreover, many new wind turbine technicians lack the skills of working safely and effective troubleshooting due to ineffective, outdated, teaching materials.  Through a partnership of community colleges, universities and industry, teaching practices in community college wind energy programs will be transformed using engaging, dynamic content and realistic simulations.  This project will have direct positive impact on over 500 community college students. Broader impacts will include: 1) providing a better-prepared skilled and diverse workforce to meet the demand of the wind energy industry; 2) improving the effectiveness of technology education; 3) providing a model for workforce development in other fields, and 4) inspiring K-12 students in STEM education.  &lt;br/&gt;&lt;br/&gt;The project team will develop a web-based interactive 3D simulator incorporating numerous scenarios and education modules based on real world situations. The simulator will be designed to meet specific learning objectives with activities to facilitate learning. It will be used to teach troubleshooting and safety strategies that enable students to solve problems in a safe, cost-effective and timely context. These learning modules will include open-ended questions for students to learn critical thinking and problem solving skills. The simulator will be used in existing community college courses. The effectiveness of the simulator and derivative formats for improving the learning outcomes will be continuously assessed, and such formative assessment throughout the project will enable cyclical improvements. The project will contribute to the body of knowledge on the effectiveness, perceptions, and attitudes regarding web-based interactive 3D simulators for technical education and also measure the learning that comes from the different formats (web-based interactive 3D simulator, videos, and text-based materials). An expected outcome of this project is that computer-based simulators will be increasingly used in the future for transferring learned concepts to practical applications. The simulator will be taught and assessed in four community colleges. The project outcomes can be used by community colleges all over the nation.</AbstractNarration>
<MinAmdLetterDate>06/17/2016</MinAmdLetterDate>
<MaxAmdLetterDate>06/17/2016</MaxAmdLetterDate>
<ARRAAmount/>
<AwardID>1601707</AwardID>
<Investigator>
<FirstName>Emily</FirstName>
<LastName>Hixon</LastName>
<EmailAddress>hixone@purduecal.edu</EmailAddress>
<StartDate>06/17/2016</StartDate>
<EndDate/>
<RoleCode>Co-Principal Investigator</RoleCode>
</Investigator>
<Investigator>
<FirstName>John</FirstName>
<LastName>Roudebush</LastName>
<EmailAddress>jroudebush6@ivytech.edu</EmailAddress>
<StartDate>06/17/2016</StartDate>
<EndDate/>
<RoleCode>Co-Principal Investigator</RoleCode>
</Investigator>
<Investigator>
<FirstName>Chenn</FirstName>
<LastName>Zhou</LastName>
<EmailAddress>czhou@pnw.edu</EmailAddress>
<StartDate>06/17/2016</StartDate>
<EndDate/>
<RoleCode>Principal Investigator</RoleCode>
</Investigator>
<Investigator>
<FirstName>Thomas</FirstName>
<LastName>Sutton</LastName>
<EmailAddress>tsutton@kvcc.edu</EmailAddress>
<StartDate>06/17/2016</StartDate>
<EndDate/>
<RoleCode>Co-Principal Investigator</RoleCode>
</Investigator>
<Investigator>
<FirstName>steven</FirstName>
<LastName>vietor</LastName>
<EmailAddress>steve.vietor@riverland.edu</EmailAddress>
<StartDate>06/17/2016</StartDate>
<EndDate/>
<RoleCode>Co-Principal Investigator</RoleCode>
</Investigator>
<Institution>
<Name>Purdue University</Name>
<CityName>West Lafayette</CityName>
<ZipCode>479072114</ZipCode>
<PhoneNumber>7654941055</PhoneNumber>
<StreetAddress>Young Hall</StreetAddress>
<CountryName>United States</CountryName>
<StateName>Indiana</StateName>
<StateCode>IN</StateCode>
</Institution>
<ProgramElement>
<Code>7412</Code>
<Text>ADVANCED TECH EDUCATION PROG</Text>
</ProgramElement>
<ProgramReference>
<Code>1032</Code>
<Text>ADVANCED TECHNOLOGY EDUCATION</Text>
</ProgramReference>
<ProgramReference>
<Code>9178</Code>
<Text>UNDERGRADUATE EDUCATION</Text>
</ProgramReference>
<ProgramReference>
<Code>SMET</Code>
<Text>SCIENCE, MATH, ENG &amp; TECH EDUCATION</Text>
</ProgramReference>
</Award>
</rootTag>
