<?xml version="1.0" encoding="UTF-8"?>
<rootTag>
<Award>
<AwardTitle>Holomorphic and CR mappings in Several Complex Variables</AwardTitle>
<AwardEffectiveDate>07/01/2018</AwardEffectiveDate>
<AwardExpirationDate>06/30/2021</AwardExpirationDate>
<AwardAmount>160783</AwardAmount>
<AwardInstrument>
<Value>Standard Grant</Value>
</AwardInstrument>
<Organization>
<Code>03040000</Code>
<Directorate>
<LongName>Direct For Mathematical &amp; Physical Scien</LongName>
</Directorate>
<Division>
<LongName>Division Of Mathematical Sciences</LongName>
</Division>
</Organization>
<ProgramOfficer>
<SignBlockName>Edward Taylor</SignBlockName>
</ProgramOfficer>
<AbstractNarration>The proposed research has interplay with many other fields of mathematics, theoretical physics, and applied science. The PI will study geometric objects (such as CR manifolds) and develop techniques (such as microlocal analysis) that arise from several complex variables. They are deeply connected with various areas in physics and engineering such as quantum field theory and control theory,  and have extensive applications to topics including magnetic hydrodynamics and electrical networks. Hermitian symmetric spaces studied in the project play a fundamental role in mathematical physics. For instance, the classical domain of type IV is biholomorphically equivalent to the future tube. The future tube in four-dimensional complex Euclidean space is a basic object in modern cosmology as it is the natural defining domain for holomorphic relativistic fields. The PI's research will deepen the understanding of the geometric structure of such objects. &lt;br/&gt;&lt;br/&gt;The principal investigator proposes to study mapping problems in complex analysis and Cauchy Riemann geometry. More precisely, the project focuses on studying the geometric, analytic and algebraic aspects of holomorphic and CR mappings by employing techniques from partial differential equations, algebra, and differential geometry, in addition to complex analysis.  In particular, the PI would like to investigate rigidity, existence and regularity problems for mappings between complex or CR manifolds,as well as related questions that arise in arithmetic algebraic geometry and complex geometry. The PI will also study the intrinsic connections between the Kahler geometry of a domain in a complex space and the CR geometry of its boundary. The techniques that are needed for this study come from several complex variables (CR invariant theory, asymptotic behavior of Bergman kernel and Chern-Moser theory, etc), Kahler geometry and geometric analysis. The objective of the research project is to further the present understanding of geometric function theory in several complex variables, as well as its profound connections with aspects of algebraic geometry, complex geometry, dynamical systems, and number theory. The PI also expects the project to develop substantially new methods and ideas that will influence these areas, and provide interesting research topics for graduate students and postdocs as well.&lt;br/&gt;&lt;br/&gt;This award reflects NSF's statutory mission and has been deemed worthy of support through evaluation using the Foundation's intellectual merit and broader impacts review criteria.</AbstractNarration>
<MinAmdLetterDate>06/08/2018</MinAmdLetterDate>
<MaxAmdLetterDate>06/08/2018</MaxAmdLetterDate>
<ARRAAmount/>
<AwardID>1800549</AwardID>
<Investigator>
<FirstName>Ming</FirstName>
<LastName>Xiao</LastName>
<EmailAddress>m3xiao@ucsd.edu</EmailAddress>
<StartDate>06/08/2018</StartDate>
<EndDate/>
<RoleCode>Principal Investigator</RoleCode>
</Investigator>
<Institution>
<Name>University of California-San Diego</Name>
<CityName>La Jolla</CityName>
<ZipCode>920930621</ZipCode>
<PhoneNumber>8585344896</PhoneNumber>
<StreetAddress>Office of Contract &amp; Grant Admin</StreetAddress>
<CountryName>United States</CountryName>
<StateName>California</StateName>
<StateCode>CA</StateCode>
</Institution>
<ProgramElement>
<Code>1281</Code>
<Text>ANALYSIS PROGRAM</Text>
</ProgramElement>
</Award>
</rootTag>
