<?xml version="1.0" encoding="UTF-8"?>
<rootTag>
<Award>
<AwardTitle>Research Initiation Award: Testing the Mechanisms Underlying Noise Avoidance by Animals</AwardTitle>
<AwardEffectiveDate>11/01/2018</AwardEffectiveDate>
<AwardExpirationDate>10/31/2021</AwardExpirationDate>
<AwardAmount>293316</AwardAmount>
<AwardInstrument>
<Value>Standard Grant</Value>
</AwardInstrument>
<Organization>
<Code>11060000</Code>
<Directorate>
<LongName>Direct For Education and Human Resources</LongName>
</Directorate>
<Division>
<LongName>Division Of Human Resource Development</LongName>
</Division>
</Organization>
<ProgramOfficer>
<SignBlockName>Andrea Johnson</SignBlockName>
</ProgramOfficer>
<AbstractNarration>The Historically Black Colleges and Universities-Undergraduate Program (HBCU-UP) Research Initiation Awards (RIAs) provide support to STEM faculty at HBCUs to pursue research at their home institution, at an NSF-funded Center, at a research intensive institution or at a national laboratory. The RIA projects are expected to help further the faculty member's research capability and effectiveness, to improve research and teaching at their home institution, and to involve undergraduate students in research experiences. With support from the National Science Foundation, Winston-Salem State University (WSSU) seeks to advance the research capacity of a biologist by developing a collaboration with a leader in the field of soundscape ecology at Boise State University. The investigator and several minority undergraduate students will work on a research project examining the influence of noise on wildlife. Noise is an important and growing component in both natural and human systems. Anthropogenic sounds, including those from transportation networks, power generation, motorized recreation, urban development, and fossil fuel extraction are loud and pervasive. Remote wilderness areas are not immune and transportation noise is a near universal component of the modern acoustical landscape with noticeable levels of airway, railway, and roadway noise reaching nearly all corners and counties in the continental USA. Meanwhile natural sounds, such as a morning birdsong chorus or the thunder of a mountain river, can be loud and prominent environmental features that are present in virtually all environments. A substantial body of work has revealed that organisms change behaviors and distributions due to noise, yet the underlying mechanisms remain largely unknown. The education and research experiences provided by this project will contribute to WSSU's efforts to broaden the participation of underrepresented groups in wildlife biology and also help prepare students for graduate school and the Nation's STEM workforce.&lt;br/&gt;&lt;br/&gt;&lt;br/&gt;Three hypotheses have been proposed to explain noise avoidance by animals: 1) masking of important auditory information (when the signal and noise acoustically overlap), 2) distraction, a limitation of available processing resources (independent of signal and noise overlap), and 3) noise aversion (associated with a stress response). To tease these hypotheses apart, the researcher and students will conduct a series of lab-based experiments focused on performance and stress in animals foraging in noise. Several species of bats and birds that vary in their reliance on sound for hunting will be pitted against prey in a large flight room. Simultaneously, behavior will be filmed with high-speed cameras and heart-rate, a measure of perception and stress, captured using radio tags. Predators will be trained to locate prey-generated sounds. During the experiments the animals will be observed foraging in quiet control or two noisy soundscape conditions (each with different frequency profiles). If masking is responsible for noise avoidance, then a reduction in foraging success should occur only when the noise overlaps with prey signals. If distraction underlies noise avoidance, foraging deficits will be equal for both noise conditions. However, if aversion explains noise avoidance, a heart rate response will be observed with no decline in foraging success. Understanding the mechanisms driving noise avoidance is critical for the development of sensory ecology theory and anthropogenic noise policy.&lt;br/&gt;&lt;br/&gt;This award reflects NSF's statutory mission and has been deemed worthy of support through evaluation using the Foundation's intellectual merit and broader impacts review criteria.</AbstractNarration>
<MinAmdLetterDate>05/21/2018</MinAmdLetterDate>
<MaxAmdLetterDate>05/21/2018</MaxAmdLetterDate>
<ARRAAmount/>
<AwardID>1800687</AwardID>
<Investigator>
<FirstName>Louise</FirstName>
<LastName>Allen</LastName>
<EmailAddress>allenl@wssu.edu</EmailAddress>
<StartDate>05/21/2018</StartDate>
<EndDate/>
<RoleCode>Principal Investigator</RoleCode>
</Investigator>
<Institution>
<Name>Winston-Salem State University</Name>
<CityName>Winston Salem</CityName>
<ZipCode>271100003</ZipCode>
<PhoneNumber>3367502413</PhoneNumber>
<StreetAddress>601 S Martin Luther King Jr Dr</StreetAddress>
<CountryName>United States</CountryName>
<StateName>North Carolina</StateName>
<StateCode>NC</StateCode>
</Institution>
<ProgramElement>
<Code>1594</Code>
<Text>HIST BLACK COLLEGES AND UNIV</Text>
</ProgramElement>
<ProgramReference>
<Code>1594</Code>
<Text>HIST BLACK COLLEGES AND UNIV</Text>
</ProgramReference>
<ProgramReference>
<Code>9264</Code>
<Text>RESEARCH INITIATION AWARD</Text>
</ProgramReference>
</Award>
</rootTag>
