<?xml version="1.0" encoding="UTF-8"?>
<rootTag>
<Award>
<AwardTitle>A Coordination Chemistry Approach to the Synthesis of Single-Molecule Magnets</AwardTitle>
<AwardEffectiveDate>05/01/2018</AwardEffectiveDate>
<AwardExpirationDate>04/30/2021</AwardExpirationDate>
<AwardAmount>187660</AwardAmount>
<AwardInstrument>
<Value>Continuing grant</Value>
</AwardInstrument>
<Organization>
<Code>03090000</Code>
<Directorate>
<LongName>Direct For Mathematical &amp; Physical Scien</LongName>
</Directorate>
<Division>
<LongName>Division Of Chemistry</LongName>
</Division>
</Organization>
<ProgramOfficer>
<SignBlockName>Tingyu Li</SignBlockName>
</ProgramOfficer>
<AbstractNarration>In this project, funded by the Chemical Structure, Dynamic &amp; Mechanism B Program of the Chemistry Division, Professor Jeffrey Long of the Department of Chemistry at the University of California, Berkeley is designing and synthesizing new single-molecule magnets. Single-molecule magnets are molecules that behave as nanoscale magnets at low temperatures and can display magnetic properties akin to both classical and quantum systems. A potential direct application of this work is in the fields of magnetic data storage, quantum computing, and spintronics, however the knowledge gained by understanding magnetic properties on the molecular level is applicable to a wide variety of magnetic materials. Single-molecule magnets typically only operate at very low temperatures (less than 60 K). The goal of this project is to synthesize new molecules which have even higher operating temperatures. The project lies at the interface of inorganic chemistry, coordination chemistry, and physics. Both Professor Long and the members of his group are active in disseminating their work to a broad scientific audience, and the graduate students in the group participate in programs which place them in local elementary and middle school classrooms for hands-on science lessons. &lt;br/&gt;&lt;br/&gt;Single-molecule magnets are molecules with magnetically bistable ground states. When thermal energy is small relative to the thermal barrier between these states the magnetic molecule can retain its magnetization in the absence of an applied field. The proposed research adopts three strategies to synthesize single-molecule magnets which operate at higher temperatures. The first is to design systems with enhanced magnetic anisotropy, which will increase the thermal barrier to magnetic relaxation. Highly axial coordination environments will be employed for both transition metal and lanthanide complexes to achieve higher magnetic anisotropy. The second strategy is to utilize strong magnetic coupling to mitigate the effect of relaxation processes which shortcut the thermal barrier. Both transition metal and lanthanide complexes will be coupled with radical bridging ligands that promote strong metal-radical magnetic exchange. For transition metal complexes, direct metal-metal interactions will also lead to strongly coupled magnetic centers. Additionally, mixed 3d-4f systems will be developed to take advantage of both the large magnetic anisotropy of the lanthanides and the strong exchange coupling of the transition metals. Finally, the third strategy will place magnetically anisotropic moieties in the rigid coordination environments of metal-organic frameworks. In this manner it may be possible to minimize the effects of low energy lattice vibrations in causing through-barrier magnetic relaxation pathways.&lt;br/&gt;&lt;br/&gt;This award reflects NSF's statutory mission and has been deemed worthy of support through evaluation using the Foundation's intellectual merit and broader impacts review criteria.</AbstractNarration>
<MinAmdLetterDate>05/02/2018</MinAmdLetterDate>
<MaxAmdLetterDate>05/02/2018</MaxAmdLetterDate>
<ARRAAmount/>
<AwardID>1800252</AwardID>
<Investigator>
<FirstName>Jeffrey</FirstName>
<LastName>Long</LastName>
<EmailAddress>jrlong@berkeley.edu</EmailAddress>
<StartDate>05/02/2018</StartDate>
<EndDate/>
<RoleCode>Principal Investigator</RoleCode>
</Investigator>
<Institution>
<Name>University of California-Berkeley</Name>
<CityName>BERKELEY</CityName>
<ZipCode>947045940</ZipCode>
<PhoneNumber>5106428109</PhoneNumber>
<StreetAddress>Sponsored Projects Office</StreetAddress>
<CountryName>United States</CountryName>
<StateName>California</StateName>
<StateCode>CA</StateCode>
</Institution>
<ProgramElement>
<Code>9102</Code>
<Text>Chem Struct,Dynmcs&amp;Mechansms B</Text>
</ProgramElement>
<ProgramReference>
<Code>057Z</Code>
<Text>(QL) Quantum Leap</Text>
</ProgramReference>
<ProgramReference>
<Code>7203</Code>
<Text>QUANTUM INFORMATION SCIENCE</Text>
</ProgramReference>
</Award>
</rootTag>
