<?xml version="1.0" encoding="UTF-8"?>
<rootTag>
<Award>
<AwardTitle>Descriptive Set Theory And Polish Groups at the Bernoulli Center</AwardTitle>
<AwardEffectiveDate>12/15/2017</AwardEffectiveDate>
<AwardExpirationDate>11/30/2018</AwardExpirationDate>
<AwardAmount>48800</AwardAmount>
<AwardInstrument>
<Value>Standard Grant</Value>
</AwardInstrument>
<Organization>
<Code>03040000</Code>
<Directorate>
<LongName>Direct For Mathematical &amp; Physical Scien</LongName>
</Directorate>
<Division>
<LongName>Division Of Mathematical Sciences</LongName>
</Division>
</Organization>
<ProgramOfficer>
<SignBlockName>Tomek Bartoszynski</SignBlockName>
</ProgramOfficer>
<AbstractNarration>This award will provide support for US based researchers to attend conferences and workshops, which will take place as part of the thematic program on Descriptive Set Theory and Polish Groups at the Bernoulli Center at the École Polytechnique Fédérale de Lausanne (EPFL) in Lausanne, Switzerland from January 1 until June 30, 2018.&lt;br/&gt;&lt;br/&gt;Descriptive set theory is classically defined as the study of definable sets in Polish spaces - those topological spaces which are separable and completely metrizable.  The subject has long thrived in its connections with classical areas of mathematics such as harmonic and functional analysis and logic. Over the course of the last 25 years, however, a vast number of new interactions have opened up the field to novel and exciting directions. The semester long program will organize a number of activities in and around modern aspects of descriptive set theory and its links with other areas of mathematics. An important focus is to facilitate research on the structure of Polish topological groups, which recently has gathered momentum partially due to work in descriptive set theory.  The website for the program can be found here:&lt;br/&gt;&lt;br/&gt;https://bernoulli.epfl.ch/semesters/32/show</AbstractNarration>
<MinAmdLetterDate>12/07/2017</MinAmdLetterDate>
<MaxAmdLetterDate>12/07/2017</MaxAmdLetterDate>
<ARRAAmount/>
<AwardID>1800263</AwardID>
<Investigator>
<FirstName>Christian</FirstName>
<LastName>Rosendal</LastName>
<EmailAddress>rosendal@math.uic.edu</EmailAddress>
<StartDate>12/07/2017</StartDate>
<EndDate/>
<RoleCode>Co-Principal Investigator</RoleCode>
</Investigator>
<Investigator>
<FirstName>Justin</FirstName>
<LastName>Moore</LastName>
<EmailAddress>justin@math.cornell.edu</EmailAddress>
<StartDate>12/07/2017</StartDate>
<EndDate/>
<RoleCode>Principal Investigator</RoleCode>
</Investigator>
<Institution>
<Name>Cornell University</Name>
<CityName>Ithaca</CityName>
<ZipCode>148502820</ZipCode>
<PhoneNumber>6072555014</PhoneNumber>
<StreetAddress>373 Pine Tree Road</StreetAddress>
<CountryName>United States</CountryName>
<StateName>New York</StateName>
<StateCode>NY</StateCode>
</Institution>
<ProgramElement>
<Code>1268</Code>
<Text>FOUNDATIONS</Text>
</ProgramElement>
<ProgramReference>
<Code>7556</Code>
<Text>CONFERENCE AND WORKSHOPS</Text>
</ProgramReference>
</Award>
</rootTag>
