<?xml version="1.0" encoding="UTF-8"?>
<rootTag>
<Award>
<AwardTitle>New Application of Equivariant Index Theory</AwardTitle>
<AwardEffectiveDate>07/01/2018</AwardEffectiveDate>
<AwardExpirationDate>06/30/2021</AwardExpirationDate>
<AwardAmount>160787</AwardAmount>
<AwardInstrument>
<Value>Standard Grant</Value>
</AwardInstrument>
<Organization>
<Code>03040000</Code>
<Directorate>
<LongName>Direct For Mathematical &amp; Physical Scien</LongName>
</Directorate>
<Division>
<LongName>Division Of Mathematical Sciences</LongName>
</Division>
</Organization>
<ProgramOfficer>
<SignBlockName>Kevin Clancey</SignBlockName>
</ProgramOfficer>
<AbstractNarration>At the scale of atomic physics, the classical laws of physics pioneered by Newton must be adjusted to the laws of quantum mechanics discovered by Heisenberg, Schrodinger, Dirac and others. This process is called quantization. Within quantum mechanics, as within classical mechanics, the laws describing the mechanical systems usually display a high degree of symmetry. This is a reflection of the nineteenth century discovery that symmetries correspond to the conserved quantities like energy and momentum. The symmetry related to the law of conservation of momentum expresses itself in the fact that the laws of physics are presumed to be the same everywhere in the universe. In this project the principal investigator will use noncommutative geometry tools such as equivariant index theory to study several interesting problems about quantization involving various symmetries.&lt;br/&gt; &lt;br/&gt;The principal investigator will pursue three research projects in geometry quantization and equivariant index theory: (1) applying index theory to geometric quantization of various generalization of symplectic manifolds such as Hamiltonian loop group spaces and log sympelctic manifolds (2) geometrically realizing an irreducible representation of a reductive Lie group as an equivariant analytic index on corresponding coadjoint orbit, and studying its restriction to its maximal compact subgroup (3) generalizing equivariant index theory to noncompact manifolds or groups, based on the KK-theory developed by Kasparov.&lt;br/&gt;&lt;br/&gt;This award reflects NSF's statutory mission and has been deemed worthy of support through evaluation using the Foundation's intellectual merit and broader impacts review criteria.</AbstractNarration>
<MinAmdLetterDate>04/05/2018</MinAmdLetterDate>
<MaxAmdLetterDate>04/05/2018</MaxAmdLetterDate>
<ARRAAmount/>
<AwardID>1800667</AwardID>
<Investigator>
<FirstName>Yanli</FirstName>
<LastName>Song</LastName>
<EmailAddress>yanlisong@wustl.edu</EmailAddress>
<StartDate>04/05/2018</StartDate>
<EndDate/>
<RoleCode>Principal Investigator</RoleCode>
</Investigator>
<Institution>
<Name>Washington University</Name>
<CityName>Saint Louis</CityName>
<ZipCode>631304862</ZipCode>
<PhoneNumber>3147474134</PhoneNumber>
<StreetAddress>CAMPUS BOX 1054</StreetAddress>
<CountryName>United States</CountryName>
<StateName>Missouri</StateName>
<StateCode>MO</StateCode>
</Institution>
<ProgramElement>
<Code>1281</Code>
<Text>ANALYSIS PROGRAM</Text>
</ProgramElement>
</Award>
</rootTag>
