<?xml version="1.0" encoding="UTF-8"?>
<rootTag>
<Award>
<AwardTitle>AF: Medium: Algorithms for Scalable Phylogenetic Network Inference</AwardTitle>
<AwardEffectiveDate>06/15/2018</AwardEffectiveDate>
<AwardExpirationDate>05/31/2022</AwardExpirationDate>
<AwardAmount>242250</AwardAmount>
<AwardInstrument>
<Value>Continuing grant</Value>
</AwardInstrument>
<Organization>
<Code>05010000</Code>
<Directorate>
<LongName>Direct For Computer &amp; Info Scie &amp; Enginr</LongName>
</Directorate>
<Division>
<LongName>Division of Computing and Communication Foundations</LongName>
</Division>
</Organization>
<ProgramOfficer>
<SignBlockName>Mitra Basu</SignBlockName>
</ProgramOfficer>
<AbstractNarration>Species phylogenies model how species split and diverge and provide important insight into fundamental biological phenomena and processes, including biodiversity, and trait evolution, while gene trees provide insight into protein structure and function as well as systems biology. Advances in sequencing technologies and assembly methods and the availability of whole-genome datasets have opened up the possibility of transformative improvements in accuracy for estimating species phylogenies and gene trees. Phylogenetic networks extend phylogenetic trees to provide an appropriate model of reticulate evolutionary histories. Reticulate evolution describes the origination of a lineage through partial merging of two ancestor lineages. Recently developed methods allow for statistical inference of phylogenetic networks in order to account for other processes that could be at play during the evolution of the genomes. However, these methods can handle fewer than a handful of genomes. This award will develop methods for estimating large-scale phylogenetic networks from sequence data as well as gene tree estimates. The award will stimulate research in computer science and statistics and will have a major impact on evolutionary biology. The award will contribute open-source code to the PhyloNet software package. Lectures and tutorials will be given to the community on the developments made in the award and on the use of PhyloNet. The award will provide ample opportunities for training students and post-doctoral fellows in cutting-edge, interdisciplinary algorithmic research.&lt;br/&gt;&lt;br/&gt;The project will be carried out through five activities that are intertwined throughout the lifetime of the award. (1) Development of novel algorithmic techniques for scalable inference of phylogenetic networks that allow for analyzing data sets with tens and even hundreds of genomes. (2) Implementation and of all methods in the PhyloNet software package. (3) Thorough evaluation of the methods in terms of accuracy and computational requirements. (4) Mentoring and training of students and post-doctoral fellows. (5) Dissemination of the results through an open-source software package, publications in peer-reviewed journals and conference proceedings, lectures and tutorials, and course materials.&lt;br/&gt;&lt;br/&gt;This award reflects NSF's statutory mission and has been deemed worthy of support through evaluation using the Foundation's intellectual merit and broader impacts review criteria.</AbstractNarration>
<MinAmdLetterDate>06/14/2018</MinAmdLetterDate>
<MaxAmdLetterDate>06/14/2018</MaxAmdLetterDate>
<ARRAAmount/>
<AwardID>1800723</AwardID>
<Investigator>
<FirstName>Luay</FirstName>
<LastName>Nakhleh</LastName>
<EmailAddress>nakhleh@rice.edu</EmailAddress>
<StartDate>06/14/2018</StartDate>
<EndDate/>
<RoleCode>Principal Investigator</RoleCode>
</Investigator>
<Institution>
<Name>William Marsh Rice University</Name>
<CityName>Houston</CityName>
<ZipCode>770051827</ZipCode>
<PhoneNumber>7133484820</PhoneNumber>
<StreetAddress>6100 MAIN ST</StreetAddress>
<CountryName>United States</CountryName>
<StateName>Texas</StateName>
<StateCode>TX</StateCode>
</Institution>
<ProgramElement>
<Code>7931</Code>
<Text>COMPUTATIONAL BIOLOGY</Text>
</ProgramElement>
<ProgramReference>
<Code>7924</Code>
<Text>MEDIUM PROJECT</Text>
</ProgramReference>
</Award>
</rootTag>
