<?xml version="1.0" encoding="UTF-8"?>
<rootTag>
<Award>
<AwardTitle>Hexacoordinate Silicon Complexes for Electronic Devices</AwardTitle>
<AwardEffectiveDate>08/01/2018</AwardEffectiveDate>
<AwardExpirationDate>07/31/2021</AwardExpirationDate>
<AwardAmount>454984</AwardAmount>
<AwardInstrument>
<Value>Standard Grant</Value>
</AwardInstrument>
<Organization>
<Code>03090000</Code>
<Directorate>
<LongName>Direct For Mathematical &amp; Physical Scien</LongName>
</Directorate>
<Division>
<LongName>Division Of Chemistry</LongName>
</Division>
</Organization>
<ProgramOfficer>
<SignBlockName>Kevin Moeller</SignBlockName>
</ProgramOfficer>
<AbstractNarration>The Chemical Synthesis Program of the Chemistry Division supports an interdisciplinary research team led by Professors Thomas A. Schmedake (Dept. of Chemistry), Michael Walter (Chemistry), and Yong Zhang (Electrical and Computer Engineering) at the University of North Carolina - Charlotte to develop hexacoordinate silicon complexes for optoelectronic device applications like the development of photovoltaics for harvesting light energy or fiber optic communications.  The goal of the project is to overcome some of the current limitations of organic electronic devices by developing new silicon-based molecular materials with electronic and optical properties superior to those of current materials.  To accomplish this goal, the team at UNC Charlotte is developing new methodology for synthesizing chemically stable and robust silicon complexes with optimized electronic and optical molecular properties.  Once made, the complexes are incorporated into prototype devices to measure their effect on device performance. This interplay between the synthesis of the complexes and device fabrication serves to elucidate the molecular-level synthetic design principles needed for macroscale device optimization.  The interdisciplinary project spans the fields of chemistry, materials science, and electrical engineering and provides exceptional training for students at various stages in their careers ranging from high school through graduate school.  In addition, the collaborators work with a local science museum, teachers, and schools to develop and provide outreach programs in chemistry and STEM.&lt;br/&gt;&lt;br/&gt;The team at UNC Charlotte is synthesizing new electron transport layer and electroluminescent materials based on neutral hexacoordinate silicon complexes with dianionic pincer ligands for added chemical stability, robust redox chemistry, low dipole moments, simple stereochemistry, and low reorganization energies.  These are ideal properties for molecular components in organic light emitting diodes, phosphorescent LEDs and other molecular electronics devices.  The complexes are also attractive candidates for vacuum deposited, high-efficiency, and earth-abundant replacements of rare-earth element phosphor coatings for inorganic LEDs. The program involves both the development of the synthetic complexes and their incorporation into prototype devices so that their properties can be measured. These research components are being integrated with both the classroom teaching of the investigators and ongoing collaborations with a local science museum, teachers, and schools to develop and provide outreach programs in chemistry and STEM.&lt;br/&gt;&lt;br/&gt;This award reflects NSF's statutory mission and has been deemed worthy of support through evaluation using the Foundation's intellectual merit and broader impacts review criteria.</AbstractNarration>
<MinAmdLetterDate>06/12/2018</MinAmdLetterDate>
<MaxAmdLetterDate>06/12/2018</MaxAmdLetterDate>
<ARRAAmount/>
<AwardID>1800331</AwardID>
<Investigator>
<FirstName>Thomas</FirstName>
<LastName>Schmedake</LastName>
<EmailAddress>tschmeda@uncc.edu</EmailAddress>
<StartDate>06/12/2018</StartDate>
<EndDate/>
<RoleCode>Principal Investigator</RoleCode>
</Investigator>
<Investigator>
<FirstName>Michael</FirstName>
<LastName>Walter</LastName>
<EmailAddress>Michael.Walter@uncc.edu</EmailAddress>
<StartDate>06/12/2018</StartDate>
<EndDate/>
<RoleCode>Co-Principal Investigator</RoleCode>
</Investigator>
<Investigator>
<FirstName>Yong</FirstName>
<LastName>Zhang</LastName>
<EmailAddress>yzhang47@uncc.edu</EmailAddress>
<StartDate>06/12/2018</StartDate>
<EndDate/>
<RoleCode>Co-Principal Investigator</RoleCode>
</Investigator>
<Institution>
<Name>University of North Carolina at Charlotte</Name>
<CityName>CHARLOTTE</CityName>
<ZipCode>282230001</ZipCode>
<PhoneNumber>7046871888</PhoneNumber>
<StreetAddress>9201 University City Boulevard</StreetAddress>
<CountryName>United States</CountryName>
<StateName>North Carolina</StateName>
<StateCode>NC</StateCode>
</Institution>
<ProgramElement>
<Code>6878</Code>
<Text>Chemical Synthesis</Text>
</ProgramElement>
<ProgramReference>
<Code>7237</Code>
<Text>NANO NON-SOLIC SCI &amp; ENG AWD</Text>
</ProgramReference>
<ProgramReference>
<Code>8037</Code>
<Text>Advanced Manufacturing</Text>
</ProgramReference>
<ProgramReference>
<Code>8676</Code>
<Text>Critical Elements</Text>
</ProgramReference>
</Award>
</rootTag>
