<?xml version="1.0" encoding="UTF-8"?>
<rootTag>
<Award>
<AwardTitle>Collaborative Research - HSI ATE Hub - Diversifying the ATE Program with Hispanic Serving Institutions using Culturally Inclusive Mentoring and ATE Resources</AwardTitle>
<AwardEffectiveDate>06/01/2018</AwardEffectiveDate>
<AwardExpirationDate>05/31/2021</AwardExpirationDate>
<AwardAmount>294081</AwardAmount>
<AwardInstrument>
<Value>Standard Grant</Value>
</AwardInstrument>
<Organization>
<Code>11040100</Code>
<Directorate>
<LongName>Direct For Education and Human Resources</LongName>
</Directorate>
<Division>
<LongName>Division Of Undergraduate Education</LongName>
</Division>
</Organization>
<ProgramOfficer>
<SignBlockName>V. Celeste  Carter</SignBlockName>
</ProgramOfficer>
<AbstractNarration>Community Colleges enroll a higher percentage of Hispanic students than any other sector of higher education.  Moreover, U.S. institutions of higher education are experiencing a growth trajectory of Hispanic student enrollment, with more than 2.3 million students currently enrolled.  Hispanic Serving Institutions (HSIs) are essential points of access because they enroll a majority of all Hispanic college students and nearly half of all HSIs are community colleges. This project will bridge two NSF initiatives: Mentor-Connect (M-C) (DUE-1204463 and DUE-1501183) and KickStarter (KS) (HRD-1450661). These initiatives support community and technical colleges in learning about funding opportunities in relevant STEM programs at the NSF, and mentor institutional teams (faculty and administrators) in developing their project ideas, crafting a proposal, and submitting to the program of interest. To date, these two programs have collectively served 32 HSIs in nine states, with student enrollments ranging from 400 to 40,000 and Hispanic enrollment percentages ranging from 27% to 97%.&lt;br/&gt;&lt;br/&gt;This project will enable Mentor-Connect and KickStarter to work together to: 1) support three annual cohorts of four teams from Community College-HSIs (CC-HSIs) with a program that combines the expertise of the two initiatives; 2) support the cohorts with mentors who are experienced ATE PIs, and/or with HSI-relevant ATE resources; 3) collect data on the effectiveness of the bridging strategy and augmentation activities; and 4) assess the impact as a proof of concept model for the ATE program (or any NSF program) to become more ethnically and racially diverse.&lt;br/&gt;&lt;br/&gt;This award reflects NSF's statutory mission and has been deemed worthy of support through evaluation using the Foundation's intellectual merit and broader impacts review criteria.</AbstractNarration>
<MinAmdLetterDate>06/01/2018</MinAmdLetterDate>
<MaxAmdLetterDate>06/01/2018</MaxAmdLetterDate>
<ARRAAmount/>
<AwardID>1800678</AwardID>
<Investigator>
<FirstName>Emery</FirstName>
<LastName>DeWitt</LastName>
<EmailAddress>Emery.DeWitt@fdtc.edu</EmailAddress>
<StartDate>06/01/2018</StartDate>
<EndDate/>
<RoleCode>Co-Principal Investigator</RoleCode>
</Investigator>
<Investigator>
<FirstName>Elaine</FirstName>
<LastName>Craft</LastName>
<EmailAddress>elaine.craft@fdtc.edu</EmailAddress>
<StartDate>06/01/2018</StartDate>
<EndDate/>
<RoleCode>Principal Investigator</RoleCode>
</Investigator>
<Investigator>
<FirstName>Richard</FirstName>
<LastName>Roberts</LastName>
<EmailAddress>Rick.Roberts@fdtc.edu</EmailAddress>
<StartDate>06/01/2018</StartDate>
<EndDate/>
<RoleCode>Co-Principal Investigator</RoleCode>
</Investigator>
<Institution>
<Name>Florence-Darlington Technical College</Name>
<CityName>Florence</CityName>
<ZipCode>295011242</ZipCode>
<PhoneNumber>8436618000</PhoneNumber>
<StreetAddress>2715 W. Lucas St.</StreetAddress>
<CountryName>United States</CountryName>
<StateName>South Carolina</StateName>
<StateCode>SC</StateCode>
</Institution>
<ProgramElement>
<Code>7412</Code>
<Text>ADVANCED TECH EDUCATION PROG</Text>
</ProgramElement>
<ProgramReference>
<Code>1032</Code>
<Text>ADVANCED TECHNOLOGY EDUCATION</Text>
</ProgramReference>
<ProgramReference>
<Code>9178</Code>
<Text>UNDERGRADUATE EDUCATION</Text>
</ProgramReference>
<ProgramReference>
<Code>SMET</Code>
<Text>SCIENCE, MATH, ENG &amp; TECH EDUCATION</Text>
</ProgramReference>
</Award>
</rootTag>
