<?xml version="1.0" encoding="UTF-8"?>
<rootTag>
<Award>
<AwardTitle>Singularities and Long Time Dynamics in Nonlinear Dispersive Flows</AwardTitle>
<AwardEffectiveDate>07/01/2018</AwardEffectiveDate>
<AwardExpirationDate>06/30/2021</AwardExpirationDate>
<AwardAmount>90001</AwardAmount>
<AwardInstrument>
<Value>Continuing grant</Value>
</AwardInstrument>
<Organization>
<Code>03040000</Code>
<Directorate>
<LongName>Direct For Mathematical &amp; Physical Scien</LongName>
</Directorate>
<Division>
<LongName>Division Of Mathematical Sciences</LongName>
</Division>
</Organization>
<ProgramOfficer>
<SignBlockName>Edward Taylor</SignBlockName>
</ProgramOfficer>
<AbstractNarration>The main goal of this project is to study the solutions to a wide class of equations that can best be described as nonlinear waves. These mathematical equations model a broad range of physical phenomena in our universe and even in our daily lives, including the water waves at the surface of our oceans and the quantum-mechanical interaction of multi-particle systems, as well as, on a broader scale, gravitational waves and their evolution in the proximity of black holes. The common feature in these models lies in the strength of the wave interactions, which drastically affects both their short-time and long-time behavior. Phenomena to be studied include both short-time breakdown of waves, as well as long-time persistence and/or dispersion and decay of waves. &lt;br/&gt;&lt;br/&gt;The objective of this project is to attack a broad array of challenging problems within the field of nonlinear dispersive equations.  The equations to be considered range from semilinear to fully nonlinear, and the types of properties to be investigated span from short-range to long-range behavior, from scattering to blow-up questions.   The research connects ideas and methods in partial differential equations to geometry, harmonic analysis, complex analysis, and microlocal analysis.&lt;br/&gt;&lt;br/&gt;This award reflects NSF's statutory mission and has been deemed worthy of support through evaluation using the Foundation's intellectual merit and broader impacts review criteria.</AbstractNarration>
<MinAmdLetterDate>04/18/2018</MinAmdLetterDate>
<MaxAmdLetterDate>04/18/2018</MaxAmdLetterDate>
<ARRAAmount/>
<AwardID>1800294</AwardID>
<Investigator>
<FirstName>Daniel</FirstName>
<LastName>Tataru</LastName>
<EmailAddress>tataru@math.berkeley.edu</EmailAddress>
<StartDate>04/18/2018</StartDate>
<EndDate/>
<RoleCode>Principal Investigator</RoleCode>
</Investigator>
<Institution>
<Name>University of California-Berkeley</Name>
<CityName>BERKELEY</CityName>
<ZipCode>947045940</ZipCode>
<PhoneNumber>5106428109</PhoneNumber>
<StreetAddress>Sponsored Projects Office</StreetAddress>
<CountryName>United States</CountryName>
<StateName>California</StateName>
<StateCode>CA</StateCode>
</Institution>
<ProgramElement>
<Code>1281</Code>
<Text>ANALYSIS PROGRAM</Text>
</ProgramElement>
</Award>
</rootTag>
