<?xml version="1.0" encoding="UTF-8"?>
<rootTag>
<Award>
<AwardTitle>STEM Core in Central Maryland for Cybersecurity Education</AwardTitle>
<AwardEffectiveDate>08/01/2018</AwardEffectiveDate>
<AwardExpirationDate>07/31/2021</AwardExpirationDate>
<AwardAmount>599505</AwardAmount>
<AwardInstrument>
<Value>Standard Grant</Value>
</AwardInstrument>
<Organization>
<Code>11040100</Code>
<Directorate>
<LongName>Direct For Education and Human Resources</LongName>
</Directorate>
<Division>
<LongName>Division Of Undergraduate Education</LongName>
</Division>
</Organization>
<ProgramOfficer>
<SignBlockName>V. Celeste  Carter</SignBlockName>
</ProgramOfficer>
<AbstractNarration>Community college students, especially those from underrepresented groups, face many barriers in their efforts to earn degrees in STEM fields. To reduce these barriers, institutions can implement creative innovations, moving away from isolated programs and toward cooperative action involving employers, high schools, non-profits, and others in the regional community. This project will implement such a strategy that was developed by Growth Sector, a non-profit devoted to opening STEM careers to students from low-income backgrounds and from groups that are currently underrepresented in STEM fields. Growth Sector's STEM Core curriculum includes accelerated mathematics and immediate immersion in technical subjects for first-year students. Student Support Specialists provide comprehensive assistance to enhance student achievement.  During the summer after their STEM Core Year, students are placed into paid internships with organizations planning to hire employees who have the skills the students are developing. &lt;br/&gt;&lt;br/&gt;The Community College of Baltimore County and Anne Arundel Community College will adapt and implement the STEM Core Year for cybersecurity students at both campuses. Both institutions will provide wraparound support through Student Support Specialists.  In addition, the Fort Meade Alliance, a consortium of 200 members (including companies and individuals), will support the summer internships for cybersecurity students who successfully complete the STEM Core Year of course work. Both institutions have significant populations of underrepresented students in STEM and recruitment efforts will aim to bring these populations into the cybersecurity programs. Fourteen community colleges in California have achieved promising results after adopting Growth Sector's STEM Core Year model. For example, a majority of STEM Core students who began in algebra, had completed calculus by the end of one academic year.  This project will provide additional insight into the possibility that the STEM Core model may be a transferable approach for increasing student success and diversity in the skilled technical workforce.&lt;br/&gt;&lt;br/&gt;This award reflects NSF's statutory mission and has been deemed worthy of support through evaluation using the Foundation's intellectual merit and broader impacts review criteria.</AbstractNarration>
<MinAmdLetterDate>05/25/2018</MinAmdLetterDate>
<MaxAmdLetterDate>05/25/2018</MaxAmdLetterDate>
<ARRAAmount/>
<AwardID>1800926</AwardID>
<Investigator>
<FirstName>Jack</FirstName>
<LastName>McLaughlin</LastName>
<EmailAddress>jmclaughlin@ccbcmd.edu</EmailAddress>
<StartDate>05/25/2018</StartDate>
<EndDate/>
<RoleCode>Co-Principal Investigator</RoleCode>
</Investigator>
<Investigator>
<FirstName>Michael</FirstName>
<LastName>Venn</LastName>
<EmailAddress>mvenn@ccbcmd.edu</EmailAddress>
<StartDate>05/25/2018</StartDate>
<EndDate/>
<RoleCode>Co-Principal Investigator</RoleCode>
</Investigator>
<Investigator>
<FirstName>Amanda</FirstName>
<LastName>Gassman</LastName>
<EmailAddress>agassman@ccbcmd.edu</EmailAddress>
<StartDate>05/25/2018</StartDate>
<EndDate/>
<RoleCode>Principal Investigator</RoleCode>
</Investigator>
<Investigator>
<FirstName>Jeffrey</FirstName>
<LastName>Feuer</LastName>
<EmailAddress>jfeuer@aacc.edu</EmailAddress>
<StartDate>05/25/2018</StartDate>
<EndDate/>
<RoleCode>Co-Principal Investigator</RoleCode>
</Investigator>
<Institution>
<Name>Community College of Baltimore County, Essex</Name>
<CityName>Essex</CityName>
<ZipCode>212373855</ZipCode>
<PhoneNumber>4438401015</PhoneNumber>
<StreetAddress>7201 Rossville Boulevard</StreetAddress>
<CountryName>United States</CountryName>
<StateName>Maryland</StateName>
<StateCode>MD</StateCode>
</Institution>
<ProgramElement>
<Code>7412</Code>
<Text>ADVANCED TECH EDUCATION PROG</Text>
</ProgramElement>
<ProgramReference>
<Code>1032</Code>
<Text>ADVANCED TECHNOLOGY EDUCATION</Text>
</ProgramReference>
<ProgramReference>
<Code>9178</Code>
<Text>UNDERGRADUATE EDUCATION</Text>
</ProgramReference>
<ProgramReference>
<Code>SMET</Code>
<Text>SCIENCE, MATH, ENG &amp; TECH EDUCATION</Text>
</ProgramReference>
</Award>
</rootTag>
