<?xml version="1.0" encoding="UTF-8"?>
<rootTag>
<Award>
<AwardTitle>CRISP Type 2/Collaborative Research: Harnessing Interdependency for Resilience: Creating an "Energy Sponge" with Cloud Electric Vehicle Sharing</AwardTitle>
<AwardEffectiveDate>08/01/2017</AwardEffectiveDate>
<AwardExpirationDate>08/31/2020</AwardExpirationDate>
<AwardAmount>233820</AwardAmount>
<AwardInstrument>
<Value>Standard Grant</Value>
</AwardInstrument>
<Organization>
<Code>05050000</Code>
<Directorate>
<LongName>Direct For Computer &amp; Info Scie &amp; Enginr</LongName>
</Directorate>
<Division>
<LongName>Division Of Computer and Network Systems</LongName>
</Division>
</Organization>
<ProgramOfficer>
<SignBlockName>M. Mimi McClure</SignBlockName>
</ProgramOfficer>
<AbstractNarration>Operating multiple interdependent infrastructure systems is often criticized as posing threats to the resilience of our modern society. However, with a smart system design, it is possible to create a reciprocal, interdependent cross-system interface to cushion local disturbances and decouple inter-system operations. This "sponge service" enhances system resilience by reserving backup resources for all the associated components, and by converting system-specific exclusive resources into system-indifferent, sharable resources. Motivated by the rapidly increasing adoption of electric vehicles (EV) in recent years, this research aims to materialize the sponge service concept based on an EV-sharing cloud. Several aspects of a potential interface between transportation and power systems will be studied by arranging EV fleets in a way that provides interchangeable mobility and energy in a "smart" way. This research will examine hypotheses, generate knowledge, and create a system design and management methodology for such novel energy sponge service, which can dynamically store and transmit energy across transportation and power systems to stabilize operations in both systems. It would have a significant societal impact due to its transformative enhancement of both the energy and transportation sectors, serving as the first domino to start a paradigm shift in the realm of traditional mobility and electricity industry. This shift could drive important behavioral change for both travelers and power providers. In addition, this research will develop novel educational modules and dissemination strategies to inspire future generations and professionals with a vision of building environments that are at once efficient and resilient. Overall, the outcomes from this research are expected to benefit infrastructure system planning and operations practices, meanwhile accelerating society towards long-term sustainability and prosperity.&lt;br/&gt;&lt;br/&gt;The research objective is to model, test, and validate this energy sponge service that leverages EV-enabled interdependency between power and transportation systems into improved resilience. The project will advance the state of the art in harnessing interdependency to enhance system resilience and enable technology for "energy sponge" systems in four interrelated ways: (i) establishing a socially-aware planning framework for the proposed EV cloud that integrates both vehicle sharing and V2G functions to provide a resilient and economic energy sponge service; (ii) develop an integrated cyber-physical information platform that utilizes large-scale empirical data to predict spatiotemporally-correlated demand trends and fluctuations in real time; (iii) analyze the interactions between demand fluctuations in these two systems and investigate EV cloud operation strategies to enhance inter-system resilience; and (iv) validate the viability and benefits of the proposed EV cloud with a customized emulator test bed integrating the dynamics of all these systems and assimilating empirical data from multiple sources, including lab-based experimental economics.</AbstractNarration>
<MinAmdLetterDate>10/20/2017</MinAmdLetterDate>
<MaxAmdLetterDate>10/20/2017</MaxAmdLetterDate>
<ARRAAmount/>
<AwardID>1800716</AwardID>
<Investigator>
<FirstName>Jianhui</FirstName>
<LastName>Wang</LastName>
<EmailAddress>jianhui@smu.edu</EmailAddress>
<StartDate>10/20/2017</StartDate>
<EndDate/>
<RoleCode>Principal Investigator</RoleCode>
</Investigator>
<Institution>
<Name>Southern Methodist University</Name>
<CityName>Dallas</CityName>
<ZipCode>752750302</ZipCode>
<PhoneNumber>2147682030</PhoneNumber>
<StreetAddress>6425 BOAZ</StreetAddress>
<CountryName>United States</CountryName>
<StateName>Texas</StateName>
<StateCode>TX</StateCode>
</Institution>
<ProgramElement>
<Code>027Y</Code>
<Text>CRISP - Critical Resilient Int</Text>
</ProgramElement>
<ProgramReference>
<Code>008Z</Code>
<Text>Critical Resilient Interdependent Infras</Text>
</ProgramReference>
<ProgramReference>
<Code>029E</Code>
<Text>INFRASTRUCTURE SYSTEMS MGT</Text>
</ProgramReference>
<ProgramReference>
<Code>036E</Code>
<Text>CIVIL INFRASTRUCTURE</Text>
</ProgramReference>
<ProgramReference>
<Code>039E</Code>
<Text>STRUCTURAL SYSTEMS</Text>
</ProgramReference>
</Award>
</rootTag>
