<?xml version="1.0" encoding="UTF-8"?>
<rootTag>
<Award>
<AwardTitle>Forcing with Large Cardinals</AwardTitle>
<AwardEffectiveDate>07/01/2018</AwardEffectiveDate>
<AwardExpirationDate>06/30/2021</AwardExpirationDate>
<AwardAmount>93956</AwardAmount>
<AwardInstrument>
<Value>Standard Grant</Value>
</AwardInstrument>
<Organization>
<Code>03040000</Code>
<Directorate>
<LongName>Direct For Mathematical &amp; Physical Scien</LongName>
</Directorate>
<Division>
<LongName>Division Of Mathematical Sciences</LongName>
</Division>
</Organization>
<ProgramOfficer>
<SignBlockName>Tomek Bartoszynski</SignBlockName>
</ProgramOfficer>
<AbstractNarration>Our study of mathematics is carried out by means of rigorous deduction from axioms, i.e., proofs. It is well-known that the results of this study are incomplete, and may lead to statements which cannot be decided from the fundamental principles of mathematics (the ZFC axioms). Set theory is a field of mathematical logic which provides tools to analyze the consistency of mathematical statements. The systematic approach by which consistency results are obtained comes through the construction of alternative mathematical universes in which the consistency of various statements can be examined and validated. This project deals with several such construction methods. It aims to develop new methods to address several important problems in infinitary combinatorics, and to study existing methods and their limitations. &lt;br/&gt;&lt;br/&gt;The main objects of study are (i) algebras in set theory; (ii) diamond sequences, (iii) the Mitchell order; and (iv) inner models of hereditarily ordinal definable sets (HOD). In connection with (i), the project aims to study different notions of singular stationary, which were introduced by Foreman and Magidor, and make advancements in answering questions regarding Jonsson algebras. In connection with (ii), the project addresses diamond type principles and their interaction with compactness principles and cardinal arithmetic assumptions.  In connection with (iii), the project aims to study the connection between forcing theory and inner model theory by studying problems concerning the consistency strength of various Mitchell order structures. In connection with (iv), the project aims to study the extent to which HOD is close to the set-theoretic universe V, and address the HOD-conjecture.&lt;br/&gt;&lt;br/&gt;This award reflects NSF's statutory mission and has been deemed worthy of support through evaluation using the Foundation's intellectual merit and broader impacts review criteria.</AbstractNarration>
<MinAmdLetterDate>04/17/2018</MinAmdLetterDate>
<MaxAmdLetterDate>04/17/2018</MaxAmdLetterDate>
<ARRAAmount/>
<AwardID>1800613</AwardID>
<Investigator>
<FirstName>Omer</FirstName>
<LastName>Ben Neria</LastName>
<EmailAddress>obneria@math.ucla.edu</EmailAddress>
<StartDate>04/17/2018</StartDate>
<EndDate/>
<RoleCode>Principal Investigator</RoleCode>
</Investigator>
<Institution>
<Name>University of California-Los Angeles</Name>
<CityName>LOS ANGELES</CityName>
<ZipCode>900951406</ZipCode>
<PhoneNumber>3107940102</PhoneNumber>
<StreetAddress>10889 Wilshire Boulevard</StreetAddress>
<CountryName>United States</CountryName>
<StateName>California</StateName>
<StateCode>CA</StateCode>
</Institution>
<ProgramElement>
<Code>1268</Code>
<Text>FOUNDATIONS</Text>
</ProgramElement>
</Award>
</rootTag>
