<?xml version="1.0" encoding="UTF-8"?>
<rootTag>
<Award>
<AwardTitle>Topics in Low Dimensional Geometric Analysis</AwardTitle>
<AwardEffectiveDate>09/01/2018</AwardEffectiveDate>
<AwardExpirationDate>08/31/2021</AwardExpirationDate>
<AwardAmount>80000</AwardAmount>
<AwardInstrument>
<Value>Continuing grant</Value>
</AwardInstrument>
<Organization>
<Code>03040000</Code>
<Directorate>
<LongName>Direct For Mathematical &amp; Physical Scien</LongName>
</Directorate>
<Division>
<LongName>Division Of Mathematical Sciences</LongName>
</Division>
</Organization>
<ProgramOfficer>
<SignBlockName>Yunping Jiang</SignBlockName>
</ProgramOfficer>
<AbstractNarration>Numerous advances in topology have arisen from applications of ideas from geometry and dynamics. This project aims to continue this line of investigation. More specifically, we aim to study 3-manifolds, harmonic maps, and Riemann surfaces. The study of 3-manifolds is in essence the study of the possible shapes of the universe and as such sits naturally at the intersection of mathematics and theoretical physics.  Surfaces are two-dimensional spaces like the surface of a ball or a doughnut. Their topological and geometric properties have been extensively studied and this research lies at the intersection of all fields of mathematics. The parameter space of all geometric structures on a given surface is called the moduli space. We study moduli spaces because to understand one particular structure on a space we must understand the structure of the space of all structures.  Theory of harmonic maps originates in the theory of minimal surfaces. It aims to establish important properties of harmonic maps which in turn provide useful information about minimal surfaces like the physical description of a soap film spanning a wire boundary.&lt;br/&gt;&lt;br/&gt;&lt;br/&gt;The principal investigator will study geometry of Teichmueller spaces, existence of equivariant harmonic maps for surface group representations, maps from surfaces into 3-manifolds, and the solutions of the 2D-Euler equation for incompressible fluids. The main goals are to: Classify Teichmueller discs where the Caratheodory and Teichmueller metrics agree; To build on the proof of the Schoen conjecture and establish results about the existence of  equivariant harmonic maps corresponding to representations of the fundamental groups of compact surfaces with boundary and  of surfaces of infinite rank; To investigate the simple loop conjecture for hyperbolic 3-manifolds; To consider whether the gradient of the vorticity in the 2D-Euler equation can achieve the double exponential growth.&lt;br/&gt;&lt;br/&gt;This award reflects NSF's statutory mission and has been deemed worthy of support through evaluation using the Foundation's intellectual merit and broader impacts review criteria.</AbstractNarration>
<MinAmdLetterDate>04/17/2018</MinAmdLetterDate>
<MaxAmdLetterDate>04/17/2018</MaxAmdLetterDate>
<ARRAAmount/>
<AwardID>1800742</AwardID>
<Investigator>
<FirstName>Vladimir</FirstName>
<LastName>Markovic</LastName>
<EmailAddress>Markovic@caltech.edu</EmailAddress>
<StartDate>04/17/2018</StartDate>
<EndDate/>
<RoleCode>Principal Investigator</RoleCode>
</Investigator>
<Institution>
<Name>California Institute of Technology</Name>
<CityName>PASADENA</CityName>
<ZipCode>911250600</ZipCode>
<PhoneNumber>6263956219</PhoneNumber>
<StreetAddress>1200 E California Blvd</StreetAddress>
<CountryName>United States</CountryName>
<StateName>California</StateName>
<StateCode>CA</StateCode>
</Institution>
<ProgramElement>
<Code>1281</Code>
<Text>ANALYSIS PROGRAM</Text>
</ProgramElement>
</Award>
</rootTag>
