<?xml version="1.0" encoding="UTF-8"?>
<rootTag>
<Award>
<AwardTitle>Revealing Hidden Safety Hazards Using Workers' Collective Bodily and Behavioral  Response Patterns</AwardTitle>
<AwardEffectiveDate>08/16/2017</AwardEffectiveDate>
<AwardExpirationDate>12/31/2018</AwardExpirationDate>
<AwardAmount>240710</AwardAmount>
<AwardInstrument>
<Value>Standard Grant</Value>
</AwardInstrument>
<Organization>
<Code>07030000</Code>
<Directorate>
<LongName>Directorate For Engineering</LongName>
</Directorate>
<Division>
<LongName>Div Of Civil, Mechanical, &amp; Manufact Inn</LongName>
</Division>
</Organization>
<ProgramOfficer>
<SignBlockName>Cynthia Chen</SignBlockName>
</ProgramOfficer>
<AbstractNarration>Current hazard-identification efforts in safety management are mostly limited by humans' abilities to recognize hazards and/or by their existing knowledge of known hazards. Consequently, numerous hazards go unidentified, creating unmanageable risks. To enhance hazard recognition capabilities, this research focuses on understanding and exploiting humans' bodily and behavioral responses in their interaction with the physical environmental system. It is well recognized that a potential hazard within the system may cause instability in actions, and ultimately accidents. However, the unpredictable nature of human behavior poses a critical challenge in utilizing the analysis of such actions for the identification of unstable system conditions. Methodologies developed in this research will enable the evaluation of collective patterns associated with human responses to estimate the likelihood of hazard locations across a construction site. Thus, knowledge gained from this research will advance our ability to utilize response information for accident prevention,  leading to reduced injuries and fatalities from construction-related accidents. Research outcomes will be integrated into engineering curriculum development, undergraduate research activities, industry workshops, and outreach activities for K-12 students and underrepresented student groups, especially women and minorities.&lt;br/&gt;&lt;br/&gt;The objective of this research is to examine whether, how, and to what extent workers' collective bodily and behavioral response patterns identify recognized/unrecognized hazards for the purpose of enhancing safety performance in construction environments. This research focuses on detecting hazards that causes fall accidents, a single most dangerous injury event within the construction industry, using workers - kinematic sensing data captured from wearable inertial measurement sensors. This research hypothesizes that the collective abnormalities apparent in multiple workers' balance and gait in one location is correlated with the likelihood of the presence (and/or the risk) of a recognized/unrecognized fall hazard in that location. To test this hypothesis, this project will: 1) identify appropriate metrics that characterize the perturbation to workers' balance and gait caused by recognized and unrecognized hazards; 2) model a near-miss index (NMI) that evaluates the abnormalities of workers' gait and balance; 3) investigate the relationship between the collective NMI patterns and the presence and risk of a hazard in each location; 4) identify and examine appropriate sensor network platforms for the scalable implementation of the approach; and 5) validate the efficacy and usefulness of the developed approach through its application within construction sites.</AbstractNarration>
<MinAmdLetterDate>01/18/2018</MinAmdLetterDate>
<MaxAmdLetterDate>01/18/2018</MaxAmdLetterDate>
<ARRAAmount/>
<AwardID>1800310</AwardID>
<Investigator>
<FirstName>Changbum</FirstName>
<LastName>Ahn</LastName>
<EmailAddress>ryanahn@tamu.edu</EmailAddress>
<StartDate>01/18/2018</StartDate>
<EndDate/>
<RoleCode>Principal Investigator</RoleCode>
</Investigator>
<Institution>
<Name>Texas A&amp;M University Main Campus</Name>
<CityName>College Station</CityName>
<ZipCode>778454375</ZipCode>
<PhoneNumber>9798626777</PhoneNumber>
<StreetAddress>400 Harvey Mitchell Pkwy South</StreetAddress>
<CountryName>United States</CountryName>
<StateName>Texas</StateName>
<StateCode>TX</StateCode>
</Institution>
<ProgramElement>
<Code>033Y</Code>
<Text>S&amp;CC: Smart &amp; Connected Commun</Text>
</ProgramElement>
<ProgramElement>
<Code>1631</Code>
<Text>CIVIL INFRASTRUCTURE SYSTEMS</Text>
</ProgramElement>
<ProgramReference>
<Code>029E</Code>
<Text>INFRASTRUCTURE SYSTEMS MGT</Text>
</ProgramReference>
<ProgramReference>
<Code>036E</Code>
<Text>CIVIL INFRASTRUCTURE</Text>
</ProgramReference>
<ProgramReference>
<Code>039E</Code>
<Text>STRUCTURAL SYSTEMS</Text>
</ProgramReference>
<ProgramReference>
<Code>1057</Code>
<Text>CIS BASE RESEARCH</Text>
</ProgramReference>
<ProgramReference>
<Code>116E</Code>
<Text>RESEARCH EXP FOR UNDERGRADS</Text>
</ProgramReference>
<ProgramReference>
<Code>9150</Code>
<Text>EXP PROG TO STIM COMP RES</Text>
</ProgramReference>
<ProgramReference>
<Code>9178</Code>
<Text>UNDERGRADUATE EDUCATION</Text>
</ProgramReference>
<ProgramReference>
<Code>9231</Code>
<Text>SUPPL FOR UNDERGRAD RES ASSIST</Text>
</ProgramReference>
<ProgramReference>
<Code>9251</Code>
<Text>RES EXPER FOR UNDERGRAD-SUPPLT</Text>
</ProgramReference>
<ProgramReference>
<Code>CVIS</Code>
<Text>CIVIL INFRASTRUCTURE</Text>
</ProgramReference>
</Award>
</rootTag>
