<?xml version="1.0" encoding="UTF-8"?>
<rootTag>
<Award>
<AwardTitle>TWC: Small: STRUCT: Enabling Secure and Trustworthy Compartments in Mobile Applications</AwardTitle>
<AwardEffectiveDate>11/01/2017</AwardEffectiveDate>
<AwardExpirationDate>08/31/2018</AwardExpirationDate>
<AwardAmount>286065</AwardAmount>
<AwardInstrument>
<Value>Standard Grant</Value>
</AwardInstrument>
<Organization>
<Code>05050000</Code>
<Directorate>
<LongName>Direct For Computer &amp; Info Scie &amp; Enginr</LongName>
</Directorate>
<Division>
<LongName>Division Of Computer and Network Systems</LongName>
</Division>
</Organization>
<ProgramOfficer>
<SignBlockName>Susanne Wetzel</SignBlockName>
</ProgramOfficer>
<AbstractNarration>Society's dependence on mobile technologies rapidly increases as we entrust mobile applications with more and more private information and capabilities. Existing security research follows a common threat model that treats apps as monolithic entities and only captures attack surface between apps. However, recent research reveals that app internal attacks are emerging quickly as complex entities with conflicting interests are commonly included inside a single app to allow for rich features and fast development.  &lt;br/&gt;&lt;br/&gt;This project, known as STRUCT, systematically investigates app compartmentalization as a novel and general approach to mitigating the critical yet unaddressed internal threats of apps. It applies this approach to major mobile platforms via solving four challenging and interesting research problems: (1) Deriving principles and models for designing intra-app security mechanisms; (2) Building compiler toolchains for automatically and securely compartmentalizing apps; (3) Building system-level enforcement mechanisms for open platforms; (4) Building app-level system-agnostic enforcement mechanisms for closed platforms.  Solutions to these challenges together form a foundation to the design and implementation of intra-app security isolation and policy enforcement, which is currently nonexistent but in high demand. &lt;br/&gt;&lt;br/&gt;STRUCT has its broader impact in fostering a new direction in mobile security research and education as well as increasing society's adoption of mobile technology in security-sensitive scenarios.</AbstractNarration>
<MinAmdLetterDate>10/27/2017</MinAmdLetterDate>
<MaxAmdLetterDate>10/27/2017</MaxAmdLetterDate>
<ARRAAmount/>
<AwardID>1800665</AwardID>
<Investigator>
<FirstName>Long</FirstName>
<LastName>Lu</LastName>
<EmailAddress>l.lu@northeastern.edu</EmailAddress>
<StartDate>10/27/2017</StartDate>
<EndDate/>
<RoleCode>Principal Investigator</RoleCode>
</Investigator>
<Institution>
<Name>Northeastern University</Name>
<CityName>BOSTON</CityName>
<ZipCode>021155005</ZipCode>
<PhoneNumber>6173733004</PhoneNumber>
<StreetAddress>360 HUNTINGTON AVE</StreetAddress>
<CountryName>United States</CountryName>
<StateName>Massachusetts</StateName>
<StateCode>MA</StateCode>
</Institution>
<ProgramElement>
<Code>1714</Code>
<Text>SPECIAL PROJECTS - CISE</Text>
</ProgramElement>
<ProgramElement>
<Code>8060</Code>
<Text>Secure &amp;Trustworthy Cyberspace</Text>
</ProgramElement>
<ProgramReference>
<Code>025Z</Code>
<Text>SaTC: Secure and Trustworthy Cyberspace</Text>
</ProgramReference>
<ProgramReference>
<Code>7434</Code>
<Text>CNCI</Text>
</ProgramReference>
<ProgramReference>
<Code>7923</Code>
<Text>SMALL PROJECT</Text>
</ProgramReference>
<ProgramReference>
<Code>9178</Code>
<Text>UNDERGRADUATE EDUCATION</Text>
</ProgramReference>
<ProgramReference>
<Code>9251</Code>
<Text>RES EXPER FOR UNDERGRAD-SUPPLT</Text>
</ProgramReference>
</Award>
</rootTag>
