<?xml version="1.0" encoding="UTF-8"?>
<rootTag>
<Award>
<AwardTitle>Annual New York State Graduate Mathematics Conference</AwardTitle>
<AwardEffectiveDate>03/01/2018</AwardEffectiveDate>
<AwardExpirationDate>02/28/2019</AwardExpirationDate>
<AwardAmount>9000</AwardAmount>
<AwardInstrument>
<Value>Standard Grant</Value>
</AwardInstrument>
<Organization>
<Code>03040000</Code>
<Directorate>
<LongName>Direct For Mathematical &amp; Physical Scien</LongName>
</Directorate>
<Division>
<LongName>Division Of Mathematical Sciences</LongName>
</Division>
</Organization>
<ProgramOfficer>
<SignBlockName>Matthew  Douglass</SignBlockName>
</ProgramOfficer>
<AbstractNarration>The 43rd Annual New York State Regional Graduate Mathematics Conference (ANYSRGMC) will be held at Syracuse University on Saturday, March 24 2018. This conference is an opportunity for graduate students in New York State and the surrounding region to come together, share current research, and interact with other graduate students in a similar phase of their academic career. Opportunities to speak at conferences are an essential part of training future mathematicians. At the ANYSRGMC graduate students in all areas of mathematics have an opportunity to present their research. In many cases this will be the first time a graduate student will speak at a conference, giving them a valuable opportunity to learn how to structure and deliver a talk. In addition, given the broad range of topics covered, graduate students have the opportunity to learn about other research going on in the region, as well be exposed to research in areas of mathematics with which they are less familiar. &lt;br/&gt;&lt;br/&gt;The ANYSRGMC is a one day conference, the majority of which consists of thirty minute graduate student talks given in parallel sessions. There will also be two invited guest speakers, an opening address in the morning and a Keynote address in the afternoon. The two speakers will be prominent mathematicians in two distinct areas of mathematics who can speak to the diverse interests of the graduate students attending the conference. The conference schedule, abstracts, and other information related to the 43rd ANYSRGMC will be posted at http://mgo.syr.edu/conferences-talks/conference/upcoming-conferences.&lt;br/&gt;&lt;br/&gt;This award reflects NSF's statutory mission and has been deemed worthy of support through evaluation using the Foundation's intellectual merit and broader impacts review criteria.</AbstractNarration>
<MinAmdLetterDate>03/07/2018</MinAmdLetterDate>
<MaxAmdLetterDate>03/07/2018</MaxAmdLetterDate>
<ARRAAmount/>
<AwardID>1800121</AwardID>
<Investigator>
<FirstName>Casey</FirstName>
<LastName>Necheles</LastName>
<EmailAddress>clnechel@syr.edu</EmailAddress>
<StartDate>03/07/2018</StartDate>
<EndDate/>
<RoleCode>Co-Principal Investigator</RoleCode>
</Investigator>
<Investigator>
<FirstName>Graham</FirstName>
<LastName>Leuschke</LastName>
<EmailAddress>gjleusch@syr.edu</EmailAddress>
<StartDate>03/07/2018</StartDate>
<EndDate/>
<RoleCode>Principal Investigator</RoleCode>
</Investigator>
<Institution>
<Name>Syracuse University</Name>
<CityName>SYRACUSE</CityName>
<ZipCode>132441200</ZipCode>
<PhoneNumber>3154432807</PhoneNumber>
<StreetAddress>OFFICE OF SPONSORED PROGRAMS</StreetAddress>
<CountryName>United States</CountryName>
<StateName>New York</StateName>
<StateCode>NY</StateCode>
</Institution>
<ProgramElement>
<Code>1260</Code>
<Text>INFRASTRUCTURE PROGRAM</Text>
</ProgramElement>
<ProgramElement>
<Code>1267</Code>
<Text>TOPOLOGY</Text>
</ProgramElement>
<ProgramElement>
<Code>1281</Code>
<Text>ANALYSIS PROGRAM</Text>
</ProgramElement>
<ProgramReference>
<Code>7556</Code>
<Text>CONFERENCE AND WORKSHOPS</Text>
</ProgramReference>
</Award>
</rootTag>
