<?xml version="1.0" encoding="UTF-8"?>
<rootTag>
<Award>
<AwardTitle>Holomorphic Dynamics</AwardTitle>
<AwardEffectiveDate>07/01/2018</AwardEffectiveDate>
<AwardExpirationDate>06/30/2021</AwardExpirationDate>
<AwardAmount>151890</AwardAmount>
<AwardInstrument>
<Value>Standard Grant</Value>
</AwardInstrument>
<Organization>
<Code>03040000</Code>
<Directorate>
<LongName>Direct For Mathematical &amp; Physical Scien</LongName>
</Directorate>
<Division>
<LongName>Division Of Mathematical Sciences</LongName>
</Division>
</Organization>
<ProgramOfficer>
<SignBlockName>Edward Taylor</SignBlockName>
</ProgramOfficer>
<AbstractNarration>Dynamical systems play an important role in all the sciences. They occur as models for predator and prey populations, orbits of planets and  weather conditions. Some of the dynamical systems that are easiest to state are obtained by the iteration of a single map, viewed as a function from the real line to the real line, or from the complex plane to the complex plane. More recently researchers in physical sciences have been interested in models given by higher dimensional mappings.  In the complex setting one can make use of complex analytic and geometric tools that are not available in the real one.&lt;br/&gt;&lt;br/&gt;&lt;br/&gt;The aim of this project is to describe the dynamics of a complex analytic map from a space of several variables to itself in the presence of a fixed point that is parabolic. The local study of holomorphic maps close to a fixed point is well understood (although not complete) in one complex dynamics. In several dimensions however, the situation becomes much more complicated. The PI will also focus on global dynamics in this setting and investigate the possible behaviors of orbits and their relation with multipliers at fixed points. Finally, the PI will explore applications of summability theory in the context of parabolic maps in several dimensions.&lt;br/&gt;&lt;br/&gt;This award reflects NSF's statutory mission and has been deemed worthy of support through evaluation using the Foundation's intellectual merit and broader impacts review criteria.</AbstractNarration>
<MinAmdLetterDate>03/16/2018</MinAmdLetterDate>
<MaxAmdLetterDate>03/16/2018</MaxAmdLetterDate>
<ARRAAmount/>
<AwardID>1800777</AwardID>
<Investigator>
<FirstName>Liz</FirstName>
<LastName>Vivas</LastName>
<EmailAddress>vivas.3@osu.edu</EmailAddress>
<StartDate>03/16/2018</StartDate>
<EndDate/>
<RoleCode>Principal Investigator</RoleCode>
</Investigator>
<Institution>
<Name>Ohio State University</Name>
<CityName>Columbus</CityName>
<ZipCode>432101016</ZipCode>
<PhoneNumber>6146888735</PhoneNumber>
<StreetAddress>Office of Sponsored Programs</StreetAddress>
<CountryName>United States</CountryName>
<StateName>Ohio</StateName>
<StateCode>OH</StateCode>
</Institution>
<ProgramElement>
<Code>1281</Code>
<Text>ANALYSIS PROGRAM</Text>
</ProgramElement>
</Award>
</rootTag>
