<?xml version="1.0" encoding="UTF-8"?>
<rootTag>
<Award>
<AwardTitle>Spring Institute on Noncommutative Geometry and Operator Algebras 2018</AwardTitle>
<AwardEffectiveDate>04/01/2018</AwardEffectiveDate>
<AwardExpirationDate>03/31/2019</AwardExpirationDate>
<AwardAmount>31000</AwardAmount>
<AwardInstrument>
<Value>Standard Grant</Value>
</AwardInstrument>
<Organization>
<Code>03040000</Code>
<Directorate>
<LongName>Direct For Mathematical &amp; Physical Scien</LongName>
</Directorate>
<Division>
<LongName>Division Of Mathematical Sciences</LongName>
</Division>
</Organization>
<ProgramOfficer>
<SignBlockName>Kevin Clancey</SignBlockName>
</ProgramOfficer>
<AbstractNarration>This proposal requests funding to help defray the expenses of participants in the annual Spring Institute in Noncommutative Geometry and Operator Algebras (NCGOA) to be held at the University of Muenster in Germany from May 14 to 19, 2018. Additional information about the institute can be found on the website https://ivv5hpp.uni-muenster.de/u/wwinter/wwinter/NCGOA.html&lt;br/&gt;&lt;br/&gt;The conference will feature several mini-courses and research talks involving a very active area in operator algebras, namely that of C*-algebras and dynamics. Recent breakthroughs in noncommutative dimension theory have led to the solution of several long-standing conjectures. Tremendous progress in understanding C*-dynamical systems has been made as a result, and many exciting concepts have been introduced in the theory of C*-algebras following ideas from von Neumann algebra theory. The present school/conference aims at fostering interactions and collaborations between these direction of operator algebras. The proposed speakers are world leaders of their fields. It is expected the conference will germinate new international based interactions between C*-algebras, dynamical systems and von Neumann algebras.&lt;br/&gt;&lt;br/&gt;This award reflects NSF's statutory mission and has been deemed worthy of support through evaluation using the Foundation's intellectual merit and broader impacts review criteria.</AbstractNarration>
<MinAmdLetterDate>12/08/2017</MinAmdLetterDate>
<MaxAmdLetterDate>12/08/2017</MaxAmdLetterDate>
<ARRAAmount/>
<AwardID>1800204</AwardID>
<Investigator>
<FirstName>Vaughan</FirstName>
<LastName>Jones</LastName>
<EmailAddress>vaughan.f.jones@vanderbilt.edu</EmailAddress>
<StartDate>12/08/2017</StartDate>
<EndDate/>
<RoleCode>Co-Principal Investigator</RoleCode>
</Investigator>
<Investigator>
<FirstName>Dietmar</FirstName>
<LastName>Bisch</LastName>
<EmailAddress>dietmar.bisch@vanderbilt.edu</EmailAddress>
<StartDate>12/08/2017</StartDate>
<EndDate/>
<RoleCode>Principal Investigator</RoleCode>
</Investigator>
<Investigator>
<FirstName>Jesse</FirstName>
<LastName>Peterson</LastName>
<EmailAddress>jesse.d.peterson@vanderbilt.edu</EmailAddress>
<StartDate>12/08/2017</StartDate>
<EndDate/>
<RoleCode>Co-Principal Investigator</RoleCode>
</Investigator>
<Institution>
<Name>Vanderbilt University</Name>
<CityName>Nashville</CityName>
<ZipCode>372350002</ZipCode>
<PhoneNumber>6153222631</PhoneNumber>
<StreetAddress>Sponsored Programs Administratio</StreetAddress>
<CountryName>United States</CountryName>
<StateName>Tennessee</StateName>
<StateCode>TN</StateCode>
</Institution>
<ProgramElement>
<Code>1281</Code>
<Text>ANALYSIS PROGRAM</Text>
</ProgramElement>
<ProgramReference>
<Code>7556</Code>
<Text>CONFERENCE AND WORKSHOPS</Text>
</ProgramReference>
</Award>
</rootTag>
