<?xml version="1.0" encoding="UTF-8"?>
<rootTag>
<Award>
<AwardTitle>Research Initiation Award: Studying the Dynamics of Network Systems by Using Ordinary Differential Equations and Boolean Frameworks</AwardTitle>
<AwardEffectiveDate>05/01/2018</AwardEffectiveDate>
<AwardExpirationDate>04/30/2021</AwardExpirationDate>
<AwardAmount>283194</AwardAmount>
<AwardInstrument>
<Value>Standard Grant</Value>
</AwardInstrument>
<Organization>
<Code>11060000</Code>
<Directorate>
<LongName>Direct For Education and Human Resources</LongName>
</Directorate>
<Division>
<LongName>Division Of Human Resource Development</LongName>
</Division>
</Organization>
<ProgramOfficer>
<SignBlockName>Claudia M. Rankins</SignBlockName>
</ProgramOfficer>
<AbstractNarration>Research Initiation Awards provide support for junior and mid-career faculty at Historically Black Colleges and Universities who are building new research programs or redirecting and rebuilding existing research programs. It is expected that the award helps to further the faculty member's research capability and effectiveness, improves research and teaching at the home institution, and involves undergraduate students in research experiences. The award to Texas Southern University has potential broader impacts in a number of areas. The goal of the project is to better understand the relationships between the structures of network systems and their dynamics. Undergraduate students will gain research experiences and the research will be integrated in a number of undergraduate courses.&lt;br/&gt;&lt;br/&gt;The research goal of this proposed study is to decipher the relationships between the architecture of network systems and their dynamics in the context of biological network systems, gene regulatory networks and neuronal networks in particular. Based on two popular modeling frameworks, Boolean networks and coupled ordinary differential equations (ODEs), this proposed study will use both numerical and analytical methods to address the following questions: What are the necessary conditions on the principle parameters in an ODE system so that a network will achieve certain target dynamics? In the context of gene regulatory networks, what are the general bifurcations with a given network architecture? What are the possible effects of missing interactions on the dynamics of networks? The potential results will facilitate the modeling and analysis of mathematical models in biology. The study will also address a problem rising from the binocular rivalry phenomenon: Can mechanisms accounting for the dynamics of bistable perceptual rivalry be extended to multi-stable perceptual rivalry?  Potential results will add to knowledge on the functions of our brain.&lt;br/&gt;&lt;br/&gt;This award reflects NSF's statutory mission and has been deemed worthy of support through evaluation using the Foundation's intellectual merit and broader impacts review criteria.</AbstractNarration>
<MinAmdLetterDate>04/16/2018</MinAmdLetterDate>
<MaxAmdLetterDate>04/16/2018</MaxAmdLetterDate>
<ARRAAmount/>
<AwardID>1800406</AwardID>
<Investigator>
<FirstName>Yunjiao</FirstName>
<LastName>Wang</LastName>
<EmailAddress>wangyx@tsu.edu</EmailAddress>
<StartDate>04/16/2018</StartDate>
<EndDate/>
<RoleCode>Principal Investigator</RoleCode>
</Investigator>
<Institution>
<Name>Texas Southern University</Name>
<CityName>Houston</CityName>
<ZipCode>770044501</ZipCode>
<PhoneNumber>7133137457</PhoneNumber>
<StreetAddress>3100 Cleburne Street</StreetAddress>
<CountryName>United States</CountryName>
<StateName>Texas</StateName>
<StateCode>TX</StateCode>
</Institution>
<ProgramElement>
<Code>1594</Code>
<Text>HIST BLACK COLLEGES AND UNIV</Text>
</ProgramElement>
<ProgramReference>
<Code>9178</Code>
<Text>UNDERGRADUATE EDUCATION</Text>
</ProgramReference>
<ProgramReference>
<Code>9264</Code>
<Text>RESEARCH INITIATION AWARD</Text>
</ProgramReference>
</Award>
</rootTag>
