<?xml version="1.0" encoding="UTF-8"?>
<rootTag>
<Award>
<AwardTitle>Spring Mini Course in Analysis and Geometry</AwardTitle>
<AwardEffectiveDate>02/01/2018</AwardEffectiveDate>
<AwardExpirationDate>01/31/2019</AwardExpirationDate>
<AwardAmount>40000</AwardAmount>
<AwardInstrument>
<Value>Standard Grant</Value>
</AwardInstrument>
<Organization>
<Code>03040000</Code>
<Directorate>
<LongName>Direct For Mathematical &amp; Physical Scien</LongName>
</Directorate>
<Division>
<LongName>Division Of Mathematical Sciences</LongName>
</Division>
</Organization>
<ProgramOfficer>
<SignBlockName>Justin Holmer</SignBlockName>
</ProgramOfficer>
<AbstractNarration>This award provides funding for US participation in the conference "Spring Mini Course in Analysis and Geometry" that will be held February 8-11, 2018 at the Louisiana State University in Baton Rouge, Louisiana, USA.&lt;br/&gt; &lt;br/&gt;The conference focuses on recent developments in Analysis, especially in the fields of harmonic analysis and geometric analysis.   A number of distinguished mathematicians have agreed to attend and speak at this conference.  This award gives early career researchers, members of underrepresented groups, researchers not funded by NSF and the like an opportunity to attend and participate in this conference.   The organizing committee will strive to make this funding opportunity known to target groups through a number of different activities.   More information will be made available at: www.math.lsu.edu/~MiniCoures</AbstractNarration>
<MinAmdLetterDate>12/27/2017</MinAmdLetterDate>
<MaxAmdLetterDate>12/27/2017</MaxAmdLetterDate>
<ARRAAmount/>
<AwardID>1800823</AwardID>
<Investigator>
<FirstName>Gestur</FirstName>
<LastName>Olafsson</LastName>
<EmailAddress>olafsson@math.lsu.edu</EmailAddress>
<StartDate>12/27/2017</StartDate>
<EndDate/>
<RoleCode>Principal Investigator</RoleCode>
</Investigator>
<Institution>
<Name>Louisiana State University &amp; Agricultural and Mechanical College</Name>
<CityName>Baton Rouge</CityName>
<ZipCode>708032701</ZipCode>
<PhoneNumber>2255782760</PhoneNumber>
<StreetAddress>202 Himes Hall</StreetAddress>
<CountryName>United States</CountryName>
<StateName>Louisiana</StateName>
<StateCode>LA</StateCode>
</Institution>
<ProgramElement>
<Code>1281</Code>
<Text>ANALYSIS PROGRAM</Text>
</ProgramElement>
<ProgramReference>
<Code>7556</Code>
<Text>CONFERENCE AND WORKSHOPS</Text>
</ProgramReference>
<ProgramReference>
<Code>9150</Code>
<Text>EXP PROG TO STIM COMP RES</Text>
</ProgramReference>
</Award>
</rootTag>
