<?xml version="1.0" encoding="UTF-8"?>
<rootTag>
<Award>
<AwardTitle>Collaborative Research: A Unified Framework for the Investigation of Time Series Using Topological Data Analysis</AwardTitle>
<AwardEffectiveDate>08/16/2017</AwardEffectiveDate>
<AwardExpirationDate>03/31/2019</AwardExpirationDate>
<AwardAmount>143397</AwardAmount>
<AwardInstrument>
<Value>Standard Grant</Value>
</AwardInstrument>
<Organization>
<Code>07030000</Code>
<Directorate>
<LongName>Directorate For Engineering</LongName>
</Directorate>
<Division>
<LongName>Div Of Civil, Mechanical, &amp; Manufact Inn</LongName>
</Division>
</Organization>
<ProgramOfficer>
<SignBlockName>Irina Dolinskaya</SignBlockName>
</ProgramOfficer>
<AbstractNarration>Recent advances in sensor technology and computer hardware have led to a shift towards data-driven analysis and modeling of engineered and natural systems. The study of the resulting streams of data currently requires extensive expertise and often utilizes methods that are not guaranteed to be optimal. This leads to an overly qualitative analysis that can miss a significant portion of the information hidden within the signal. This project aims to utilize and advance tools from topological data analysis, an emergent field focused on providing quantitative measurements of the shape of data, and to elucidate invisible features and structure of signals which current methods cannot detect.  Therefore, the resulting framework will be able to provide insight into the systems that generated the data while providing a strong mathematical footing for automating the analysis of systems and processes. The knowledge gained from the work will benefit a wide variety of scientific fields where analysis from sensor feedback signals is needed such as additive manufacturing and smart drug delivery systems. Furthermore, the interdisciplinary nature of this project will offer students rich opportunities for collaboration and cross-training in a variety of areas in engineering, applied math, and signal analysis. The PIs will also continue and expand their efforts to identify and recruit graduate students from under-represented groups with relevant interests by working with the Association for Women in Mathematics and the Society for Women Engineers.&lt;br/&gt;&lt;br/&gt;This project is a collaborative effort that seeks to investigate an innovative framework for time series analysis through advancing and linking signal processing, dynamical systems, and topological data analysis. The research team will pursue a topological approach that utilizes the recently developed persistent homology to study the time series of dynamical systems. Specifically, they will (1) derive a solid mathematical foundation based on applied topology which enables a more robust and quantitative investigation of dynamical systems, (2) research innovative methods for studying the topology of the underlying manifold in dynamical systems from collected time series using topological data analysis, and (3) demonstrate and assess the validity of the theoretical results using numerical and physical experiments. The theoretical underpinning of the research is especially suitable for detecting and describing dynamical signatures such as underlying attractors, chaos, and self-similarity using lower dimensional descriptors, rather than lower dimensional representation. Therefore, this work is capable of providing a new perspective into our understanding of time series analysis particularly for dynamical systems with complex behavior.</AbstractNarration>
<MinAmdLetterDate>11/17/2017</MinAmdLetterDate>
<MaxAmdLetterDate>11/17/2017</MaxAmdLetterDate>
<ARRAAmount/>
<AwardID>1800466</AwardID>
<Investigator>
<FirstName>Elizabeth</FirstName>
<LastName>Munch</LastName>
<EmailAddress>muncheli@egr.msu.edu</EmailAddress>
<StartDate>11/17/2017</StartDate>
<EndDate/>
<RoleCode>Principal Investigator</RoleCode>
</Investigator>
<Institution>
<Name>Michigan State University</Name>
<CityName>East Lansing</CityName>
<ZipCode>488242600</ZipCode>
<PhoneNumber>5173555040</PhoneNumber>
<StreetAddress>Office of Sponsored Programs</StreetAddress>
<CountryName>United States</CountryName>
<StateName>Michigan</StateName>
<StateCode>MI</StateCode>
</Institution>
<ProgramElement>
<Code>1253</Code>
<Text>OFFICE OF MULTIDISCIPLINARY AC</Text>
</ProgramElement>
<ProgramElement>
<Code>1266</Code>
<Text>APPLIED MATHEMATICS</Text>
</ProgramElement>
<ProgramElement>
<Code>7569</Code>
<Text>Dynamics, Control and System D</Text>
</ProgramElement>
<ProgramReference>
<Code>031E</Code>
<Text>MECHATRONICS</Text>
</ProgramReference>
<ProgramReference>
<Code>032E</Code>
<Text>SENSORS AND ACTUATORS</Text>
</ProgramReference>
<ProgramReference>
<Code>1253</Code>
<Text>OFFICE OF MULTIDISCIPLINARY AC</Text>
</ProgramReference>
<ProgramReference>
<Code>1266</Code>
<Text>APPLIED MATHEMATICS</Text>
</ProgramReference>
<ProgramReference>
<Code>4444</Code>
<Text>INTERDISCIPLINARY PROPOSALS</Text>
</ProgramReference>
<ProgramReference>
<Code>8024</Code>
<Text>Complex Systems</Text>
</ProgramReference>
<ProgramReference>
<Code>8251</Code>
<Text>Math Sci Innovation Incubator</Text>
</ProgramReference>
<ProgramReference>
<Code>9102</Code>
<Text>WOMEN, MINORITY, DISABLED, NEC</Text>
</ProgramReference>
</Award>
</rootTag>
