<?xml version="1.0" encoding="UTF-8"?>
<rootTag>
<Award>
<AwardTitle>Turan-Type Extremal Problems and Applications</AwardTitle>
<AwardEffectiveDate>07/01/2018</AwardEffectiveDate>
<AwardExpirationDate>06/30/2021</AwardExpirationDate>
<AwardAmount>65000</AwardAmount>
<AwardInstrument>
<Value>Continuing grant</Value>
</AwardInstrument>
<Organization>
<Code>03040000</Code>
<Directorate>
<LongName>Direct For Mathematical &amp; Physical Scien</LongName>
</Directorate>
<Division>
<LongName>Division Of Mathematical Sciences</LongName>
</Division>
</Organization>
<ProgramOfficer>
<SignBlockName>Stefaan De Winter</SignBlockName>
</ProgramOfficer>
<AbstractNarration>The questions under study in this research project are central to an area of mathematics known broadly as extremal combinatorics, which develops tools to classify and analyze mathematical structures in which certain substructures are forbidden. A typical question asks for the classification of graphs with a maximum number of edges that do not contain certain subgraphs. The mathematical theory behind such questions is at the foundation of many areas of mathematics, including combinatorial number theory and geometry. Applications are found in diverse areas of science, including theoretical computer science, coding and cryptography, algorithmic complexity, as well as other areas of mathematics. Extremal structures are particularly valuable in the construction of error-correcting codes. This project explores innovative approaches to the theory, whereby an original question is embedded in a geometric setting and the imposed geometry is used to obtain additional information. The project includes training of graduate students through their involvement in the research.&lt;br/&gt;&lt;br/&gt;This project concerns research in combinatorics, focusing on Turan-type extremal problems and applications. By exploring the connection between pure Turan-type problems and other areas of mathematics, the project aims for new insights to solve some important open problems. Such connections have resulted in recent success, such as the polynomial method for breakthroughs on the mathematical cap set problem, a Turan-type problem closely related to the complexity of multiplication of two square matrices, which is at the heart of many practical applications. In this project, some new approaches are explored, whereby we embed a Turan type problem in a geometric setting, and then use the imposed geometry to obtain information regarding the original problem. This approach has been particularly effective in recent work for certain well-known hypergraph Turan problems. The researcher plans to employ some of the most recent mathematical tools, including probabilistic and polynomial methods, to solve some central problems in the area.&lt;br/&gt;&lt;br/&gt;This award reflects NSF's statutory mission and has been deemed worthy of support through evaluation using the Foundation's intellectual merit and broader impacts review criteria.</AbstractNarration>
<MinAmdLetterDate>06/25/2018</MinAmdLetterDate>
<MaxAmdLetterDate>06/25/2018</MaxAmdLetterDate>
<ARRAAmount/>
<AwardID>1800832</AwardID>
<Investigator>
<FirstName>Jacques</FirstName>
<LastName>Verstraete</LastName>
<EmailAddress>jverstra@math.ucsd.edu</EmailAddress>
<StartDate>06/25/2018</StartDate>
<EndDate/>
<RoleCode>Principal Investigator</RoleCode>
</Investigator>
<Institution>
<Name>University of California-San Diego</Name>
<CityName>La Jolla</CityName>
<ZipCode>920930621</ZipCode>
<PhoneNumber>8585344896</PhoneNumber>
<StreetAddress>Office of Contract &amp; Grant Admin</StreetAddress>
<CountryName>United States</CountryName>
<StateName>California</StateName>
<StateCode>CA</StateCode>
</Institution>
<ProgramElement>
<Code>7970</Code>
<Text>Combinatorics</Text>
</ProgramElement>
</Award>
</rootTag>
