<?xml version="1.0" encoding="UTF-8"?>
<rootTag>
<Award>
<AwardTitle>Computable Structure Theory</AwardTitle>
<AwardEffectiveDate>07/01/2018</AwardEffectiveDate>
<AwardExpirationDate>06/30/2021</AwardExpirationDate>
<AwardAmount>105326</AwardAmount>
<AwardInstrument>
<Value>Continuing grant</Value>
</AwardInstrument>
<Organization>
<Code>03040000</Code>
<Directorate>
<LongName>Direct For Mathematical &amp; Physical Scien</LongName>
</Directorate>
<Division>
<LongName>Division Of Mathematical Sciences</LongName>
</Division>
</Organization>
<ProgramOfficer>
<SignBlockName>Tomek Bartoszynski</SignBlockName>
</ProgramOfficer>
<AbstractNarration>Knight works in computability theory, a branch of mathematical logic.  There is a body of work designing procedures for computing certain functions, and there is work designing useful approximation procedures for other functions.  There are many real-world functions (involving population, revenue, location of objects in space or events in time, etc.) that we can know only through approximations.  Knight is particularly interested in computability and computable approximation in number systems and other algebraic structures.  Traditionally, computability theory has dealt with countable objects.  However, important algebraic structures such as the field of real numbers are uncountable.  Some of the problems that interest Knight involve computability in uncountable structures.                      &lt;br/&gt;&lt;br/&gt;With Karen Lange and Reed Solomon, Knight is trying to measure the complexity of the process of finding roots of polynomials in fields of generalized power series.  Some of the ideas go back to Newton.  With Uri Andrews, Knight is interested in the problem of when an elementary first order theory that is well-behaved from the point of view of model theory has a computable model.  Andrews and Knight have a result for "strongly minimal" theories, with conditions on the complexity of fragments of the theory guaranteeing that the countable models all have computable copies.  For some cases, the models are produced by "workers" constructions, involving nested approximations.  Knight is interested in applying the techniques of computability to uncountable structures.  There are different approaches.  Some involve changing the definition of what is computable.  Noah Schweber defined a reducibility that allows us to compare the computing power of structures of arbitrary cardinality, using the standard computability notions.  The idea is to collapse cardinals so that the structures being compared become countable.&lt;br/&gt;&lt;br/&gt;This award reflects NSF's statutory mission and has been deemed worthy of support through evaluation using the Foundation's intellectual merit and broader impacts review criteria.</AbstractNarration>
<MinAmdLetterDate>03/19/2018</MinAmdLetterDate>
<MaxAmdLetterDate>03/19/2018</MaxAmdLetterDate>
<ARRAAmount/>
<AwardID>1800692</AwardID>
<Investigator>
<FirstName>Julia</FirstName>
<LastName>Knight</LastName>
<EmailAddress>knight.1@nd.edu</EmailAddress>
<StartDate>03/19/2018</StartDate>
<EndDate/>
<RoleCode>Principal Investigator</RoleCode>
</Investigator>
<Institution>
<Name>University of Notre Dame</Name>
<CityName>NOTRE DAME</CityName>
<ZipCode>465565708</ZipCode>
<PhoneNumber>5746317432</PhoneNumber>
<StreetAddress>940 Grace Hall</StreetAddress>
<CountryName>United States</CountryName>
<StateName>Indiana</StateName>
<StateCode>IN</StateCode>
</Institution>
<ProgramElement>
<Code>1268</Code>
<Text>FOUNDATIONS</Text>
</ProgramElement>
</Award>
</rootTag>
