<?xml version="1.0" encoding="UTF-8"?>
<rootTag>
<Award>
<AwardTitle>I-Corps: Dynamic Resins for High-Performance Polymeric Lenses</AwardTitle>
<AwardEffectiveDate>01/01/2018</AwardEffectiveDate>
<AwardExpirationDate>06/30/2018</AwardExpirationDate>
<AwardAmount>50000</AwardAmount>
<AwardInstrument>
<Value>Standard Grant</Value>
</AwardInstrument>
<Organization>
<Code>07070000</Code>
<Directorate>
<LongName>Directorate For Engineering</LongName>
</Directorate>
<Division>
<LongName>Div Of Industrial Innovation &amp; Partnersh</LongName>
</Division>
</Organization>
<ProgramOfficer>
<SignBlockName>Anita J. LaSalle</SignBlockName>
</ProgramOfficer>
<AbstractNarration>The broader impact/commercial potential of this I-Corps project will result in higher performing polymeric photonic materials (plastics which interact with light) which will have extensive application in consumer devices such as computers, cell phones, lighting units, telecommunications, cameras, and sensors.  Polymeric photonic materials are finding evermore application in devices due to their low weight, high-impact resistance, and ability to be fabricated into unique shapes/architectures, however, have paltry optical performance when compared to their heavier, costlier glass counterparts.  The material developed here combines the existing positive attributes of polymeric optical materials while offering significantly higher performance without large increases in price.&lt;br/&gt;&lt;br/&gt;This I-Corps project will develop high optical quality crosslinked polymer networks with the unique ability to be remolded, reshaped, and repurposed when placed under the correct conditions without loss of mechanical integrity or optical properties.  Polymeric optical components (lenses, waveguides, etc.) are desirable over fragile and heavy glass counterparts, however, defects and birefringence (stresses which negatively interact with light) prevent polymers from being used for applications requiring high optical quality materials.  This proprietary technology allows for microscopic scrambling of chemical bonds to occur in the polymeric materials only when it is placed under certain conditions, effectively annealing out the aforementioned defects and birefringence in the polymer, giving high optical quality materials.  Current research is focused on taking this dynamic platform and placing it into commercially relevant resins that fabricate tough, robust, optically clear, high performance materials.</AbstractNarration>
<MinAmdLetterDate>01/08/2018</MinAmdLetterDate>
<MaxAmdLetterDate>01/08/2018</MaxAmdLetterDate>
<ARRAAmount/>
<AwardID>1800588</AwardID>
<Investigator>
<FirstName>Matthew</FirstName>
<LastName>McBride</LastName>
<EmailAddress>matthew.mcbride@colorado.edu</EmailAddress>
<StartDate>01/08/2018</StartDate>
<EndDate/>
<RoleCode>Principal Investigator</RoleCode>
</Investigator>
<Institution>
<Name>University of Colorado at Boulder</Name>
<CityName>Boulder</CityName>
<ZipCode>803031058</ZipCode>
<PhoneNumber>3034926221</PhoneNumber>
<StreetAddress>3100 Marine Street, Room 481</StreetAddress>
<CountryName>United States</CountryName>
<StateName>Colorado</StateName>
<StateCode>CO</StateCode>
</Institution>
<ProgramElement>
<Code>8023</Code>
<Text>I-Corps</Text>
</ProgramElement>
</Award>
</rootTag>
