<?xml version="1.0" encoding="UTF-8"?>
<rootTag>
<Award>
<AwardTitle>The Geometry of Measures and Analytic Properties of Associated Operators</AwardTitle>
<AwardEffectiveDate>05/01/2018</AwardEffectiveDate>
<AwardExpirationDate>04/30/2021</AwardExpirationDate>
<AwardAmount>59998</AwardAmount>
<AwardInstrument>
<Value>Continuing grant</Value>
</AwardInstrument>
<Organization>
<Code>03040000</Code>
<Directorate>
<LongName>Direct For Mathematical &amp; Physical Scien</LongName>
</Directorate>
<Division>
<LongName>Division Of Mathematical Sciences</LongName>
</Division>
</Organization>
<ProgramOfficer>
<SignBlockName>Kevin Clancey</SignBlockName>
</ProgramOfficer>
<AbstractNarration>This project concerns a study of the some of the mathematics behind two basic physical questions.  The first question considered is to what extent can the geometry of a body be determined from information about a force field associated to the body (for instance its gravitational field)?  Such inverse problems in potential theory have a rich history, but the mathematical tools needed to answer this question are currently underdeveloped.  The investigation will focus especially on what can be said if one only knows that the field has bounded magnitude, which is of particular interest in applications.  A second question to be explored is how, and to what degree of accuracy, can one determine the asymptotic (or long term) behavior of a random function that evolves with time, based on certain empirical measurements?&lt;br/&gt; &lt;br/&gt;More specifically, the principal investigator proposes to research several questions concerning the relationship between the geometrical properties of a measure and the regularity properties of an associated operator. The primary question of interest is the following: What can be deduced about a measure from the knowledge that singular integral operator associated to it has good regularity properties?  Under these circumstances, can the measure have a fractal structure, or must its support be contained in (a countable number of) Lipschitz sub-manifolds of appropriate dimension? Attempts to solve this problem has led to theory which has found recent applications in the calculus of variations, the study of free boundary problems, and the geometry of harmonic measure.  The principal investigator intends to further develop tools that serve as a bridge from the analytic condition on the singular integral operator to the geometric structure of the measure. A second topic of research concerns understanding the long-term behavior of a stationary Gaussian process given information about its spectral measure, building upon recent work involving the principal investigator.&lt;br/&gt;&lt;br/&gt;This award reflects NSF's statutory mission and has been deemed worthy of support through evaluation using the Foundation's intellectual merit and broader impacts review criteria.</AbstractNarration>
<MinAmdLetterDate>04/17/2018</MinAmdLetterDate>
<MaxAmdLetterDate>04/17/2018</MaxAmdLetterDate>
<ARRAAmount/>
<AwardID>1800015</AwardID>
<Investigator>
<FirstName>Benjamin</FirstName>
<LastName>Jaye</LastName>
<EmailAddress>bjaye@clemson.edu</EmailAddress>
<StartDate>04/17/2018</StartDate>
<EndDate/>
<RoleCode>Principal Investigator</RoleCode>
</Investigator>
<Institution>
<Name>Clemson University</Name>
<CityName>CLEMSON</CityName>
<ZipCode>296345701</ZipCode>
<PhoneNumber>8646562424</PhoneNumber>
<StreetAddress>230 Kappa Street</StreetAddress>
<CountryName>United States</CountryName>
<StateName>South Carolina</StateName>
<StateCode>SC</StateCode>
</Institution>
<ProgramElement>
<Code>1281</Code>
<Text>ANALYSIS PROGRAM</Text>
</ProgramElement>
<ProgramReference>
<Code>9150</Code>
<Text>EXP PROG TO STIM COMP RES</Text>
</ProgramReference>
</Award>
</rootTag>
