<?xml version="1.0" encoding="UTF-8"?>
<rootTag>
<Award>
<AwardTitle>Travel to the XIXth International Congress on Mathematical Physics, July 23--28, 2018, Montreal, Canada, and to Related Events</AwardTitle>
<AwardEffectiveDate>04/01/2018</AwardEffectiveDate>
<AwardExpirationDate>03/31/2019</AwardExpirationDate>
<AwardAmount>37000</AwardAmount>
<AwardInstrument>
<Value>Standard Grant</Value>
</AwardInstrument>
<Organization>
<Code>03040000</Code>
<Directorate>
<LongName>Direct For Mathematical &amp; Physical Scien</LongName>
</Directorate>
<Division>
<LongName>Division Of Mathematical Sciences</LongName>
</Division>
</Organization>
<ProgramOfficer>
<SignBlockName>Edward Taylor</SignBlockName>
</ProgramOfficer>
<AbstractNarration>This award provides funding for US participation in the conference "The XIXth International Conference on Mathematical Physics" that will be held in Montreal, Canada, 2018 from June 23-28, 2018.&lt;br/&gt;&lt;br/&gt;The conference focuses on recent developments in Analysis, especially in the field of mathematical physics.   A number of distinguished mathematicians have agreed to attend and speak at this conference.  This award gives early career researchers, members of underrepresented groups, researchers not funded by NSF and the like an opportunity to attend and participate in this conference.   The organizing committee will strive to make this funding opportunity known to target groups through a number of different activities.   More information will be made available at:&lt;br/&gt;https://icmp2018.org/&lt;br/&gt;&lt;br/&gt;This award reflects NSF's statutory mission and has been deemed worthy of support through evaluation using the Foundation's intellectual merit and broader impacts review criteria.</AbstractNarration>
<MinAmdLetterDate>11/28/2017</MinAmdLetterDate>
<MaxAmdLetterDate>11/28/2017</MaxAmdLetterDate>
<ARRAAmount/>
<AwardID>1800629</AwardID>
<Investigator>
<FirstName>Evans</FirstName>
<LastName>Harrell</LastName>
<EmailAddress>harrell@math.gatech.edu</EmailAddress>
<StartDate>11/28/2017</StartDate>
<EndDate/>
<RoleCode>Principal Investigator</RoleCode>
</Investigator>
<Investigator>
<FirstName>Gunter</FirstName>
<LastName>Stolz</LastName>
<EmailAddress>stolz@math.uab.edu</EmailAddress>
<StartDate>11/28/2017</StartDate>
<EndDate/>
<RoleCode>Co-Principal Investigator</RoleCode>
</Investigator>
<Institution>
<Name>Georgia Tech Research Corporation</Name>
<CityName>Atlanta</CityName>
<ZipCode>303320420</ZipCode>
<PhoneNumber>4048944819</PhoneNumber>
<StreetAddress>Office of Sponsored Programs</StreetAddress>
<CountryName>United States</CountryName>
<StateName>Georgia</StateName>
<StateCode>GA</StateCode>
</Institution>
<ProgramElement>
<Code>1281</Code>
<Text>ANALYSIS PROGRAM</Text>
</ProgramElement>
<ProgramReference>
<Code>7556</Code>
<Text>CONFERENCE AND WORKSHOPS</Text>
</ProgramReference>
</Award>
</rootTag>
