<?xml version="1.0" encoding="UTF-8"?>
<rootTag>
<Award>
<AwardTitle>Harmonic Analysis and Partial Differential Equations</AwardTitle>
<AwardEffectiveDate>09/01/2018</AwardEffectiveDate>
<AwardExpirationDate>08/31/2021</AwardExpirationDate>
<AwardAmount>252352</AwardAmount>
<AwardInstrument>
<Value>Standard Grant</Value>
</AwardInstrument>
<Organization>
<Code>03040000</Code>
<Directorate>
<LongName>Direct For Mathematical &amp; Physical Scien</LongName>
</Directorate>
<Division>
<LongName>Division Of Mathematical Sciences</LongName>
</Division>
</Organization>
<ProgramOfficer>
<SignBlockName>Kevin Clancey</SignBlockName>
</ProgramOfficer>
<AbstractNarration>This project will continue research activity on the development of various aspects of mathematical analysis which are relevant to some of the most fundamental problems in the area of harmonic analysis and partial differential equations and its applications. The project will also continue the training of graduate students and postdoctoral students to carry out research in these problems. Many of the topics to be studied have their origin in problems coming from physics and engineering. It is expected that the research proposed will have a synergistic effect between these fields and the mathematical fields of analysis and geometry.&lt;br/&gt;&lt;br/&gt;The main focus of the research will be the study of soliton resolution for the energy critical wave equation and the wave map equation, both in the presence and the absence of symmetry, and for other dispersive and dispersive-geometric models. In another direction, a study will be made of quantitative unique continuation in local settings and at infinity, including the cases of periodic and random coefficients, and their connection with homogenization theory. This is a very ambitious program of research that will have lasting consequences for the development of these areas. The principal investigator will ensure the wide dissemination of the results obtained, including their use in the development of courses, the training of graduate students and postdocs, and the exploration of the connections with other fields of science and technology.&lt;br/&gt;&lt;br/&gt;This award reflects NSF's statutory mission and has been deemed worthy of support through evaluation using the Foundation's intellectual merit and broader impacts review criteria.</AbstractNarration>
<MinAmdLetterDate>05/03/2018</MinAmdLetterDate>
<MaxAmdLetterDate>05/03/2018</MaxAmdLetterDate>
<ARRAAmount/>
<AwardID>1800082</AwardID>
<Investigator>
<FirstName>Carlos</FirstName>
<LastName>Kenig</LastName>
<EmailAddress>cek@math.uchicago.edu</EmailAddress>
<StartDate>05/03/2018</StartDate>
<EndDate/>
<RoleCode>Principal Investigator</RoleCode>
</Investigator>
<Institution>
<Name>University of Chicago</Name>
<CityName>Chicago</CityName>
<ZipCode>606372612</ZipCode>
<PhoneNumber>7737028669</PhoneNumber>
<StreetAddress>6054 South Drexel Avenue</StreetAddress>
<CountryName>United States</CountryName>
<StateName>Illinois</StateName>
<StateCode>IL</StateCode>
</Institution>
<ProgramElement>
<Code>1281</Code>
<Text>ANALYSIS PROGRAM</Text>
</ProgramElement>
</Award>
</rootTag>
