<?xml version="1.0" encoding="UTF-8"?>
<rootTag>
<Award>
<AwardTitle>Logic and combinatorics and topology</AwardTitle>
<AwardEffectiveDate>07/01/2017</AwardEffectiveDate>
<AwardExpirationDate>05/31/2020</AwardExpirationDate>
<AwardAmount>145392</AwardAmount>
<AwardInstrument>
<Value>Continuing grant</Value>
</AwardInstrument>
<Organization>
<Code>03040000</Code>
<Directorate>
<LongName>Direct For Mathematical &amp; Physical Scien</LongName>
</Directorate>
<Division>
<LongName>Division Of Mathematical Sciences</LongName>
</Division>
</Organization>
<ProgramOfficer>
<SignBlockName>Tomek Bartoszynski</SignBlockName>
</ProgramOfficer>
<AbstractNarration>The project will develop new mathematical methods and establish new connections between diverse areas of mathematics. The project will focus on connections between Logic, on the one hand, and Topology and Combinatorics, on the other. It will aim at connecting Fraisse theory, an amalgamation theory from Logic, with deep questions on homogeneity of the generic continuum and with possible development of a homology theory. Further, it will aim at establishing connections between Ramsey theory, a branch of Combinatorics, with Topological Dynamics, Algebraic Topology, and certain orders playing an important role in parts of Set Theory.&lt;br/&gt;&lt;br/&gt;&lt;br/&gt;The project will develop a presentation of Ramsey theory in terms of algebraic topological notions - simplicial&lt;br/&gt;complexes and simplicial maps. This presentation should incorporate both finite and infinite Ramsey theory, and it should capture Ramsey theoretic statements associated with amenability of subgroups of the permutation group of the set of natural numbers. The project will also uncover implications of the dynamics of monoid actions to Ramsey theory. The project will also explore an approach to certain problems in topological dynamics and topology that uses purely combinatorial/model theoretic methods. Some important compact topological spaces are obtained as canonical quotients of generic inverse limits of families of finite structures - projective Fraisse limits. Topological homogeneity questions will be investigated using such presentations. Another aim will be to develop the right notion of the simplex and the boundary operation for homology theory of projective Fraisse limits. The test case here is the development of universal Menger compacta through projective Fraisse limits. Another goal of the project is to explore connections between a fixed point property of group actions, concentration of measure phenomenon, and geometry of submeasures.</AbstractNarration>
<MinAmdLetterDate>10/18/2017</MinAmdLetterDate>
<MaxAmdLetterDate>05/21/2018</MaxAmdLetterDate>
<ARRAAmount/>
<AwardID>1800680</AwardID>
<Investigator>
<FirstName>Slawomir</FirstName>
<LastName>Solecki</LastName>
<EmailAddress>ssolecki@math.uiuc.edu</EmailAddress>
<StartDate>10/18/2017</StartDate>
<EndDate/>
<RoleCode>Principal Investigator</RoleCode>
</Investigator>
<Institution>
<Name>Cornell University</Name>
<CityName>Ithaca</CityName>
<ZipCode>148502820</ZipCode>
<PhoneNumber>6072555014</PhoneNumber>
<StreetAddress>373 Pine Tree Road</StreetAddress>
<CountryName>United States</CountryName>
<StateName>New York</StateName>
<StateCode>NY</StateCode>
</Institution>
<ProgramElement>
<Code>1268</Code>
<Text>FOUNDATIONS</Text>
</ProgramElement>
</Award>
</rootTag>
