<?xml version="1.0" encoding="UTF-8"?>
<rootTag>
<Award>
<AwardTitle>Derivation of the Kinetic Wave Equation</AwardTitle>
<AwardEffectiveDate>06/01/2018</AwardEffectiveDate>
<AwardExpirationDate>05/31/2021</AwardExpirationDate>
<AwardAmount>90000</AwardAmount>
<AwardInstrument>
<Value>Continuing grant</Value>
</AwardInstrument>
<Organization>
<Code>03040000</Code>
<Directorate>
<LongName>Direct For Mathematical &amp; Physical Scien</LongName>
</Directorate>
<Division>
<LongName>Division Of Mathematical Sciences</LongName>
</Division>
</Organization>
<ProgramOfficer>
<SignBlockName>Edward Taylor</SignBlockName>
</ProgramOfficer>
<AbstractNarration>Turbulence is a universal phenomenon, occurring in a number of physical systems. The simplest one is the flow of a fluid, say water in a river. In some regimes, the flow is very smooth, but in other situations it appears very chaotic, with eddies at various scales, interacting in a very complicated manner: the flow is then said to be turbulent. While turbulent flows are very hard to understand, and constitute to this day a scientific riddle, an approach was suggested by Kolmogorov in 1941. Kolmogorov's approach is instead of trying to fully describe the flow focus on statistical quantities that can be measured in the flow.  In other words, instead of understanding everyting about the flow, which might not be possible, certain averaged quantities should follow precise physical laws. While this approach was very successful in many respects, it remains mysterious in many others. In particular, at a very fundamental level, no rigorous justification of the laws of turbulence is known: these laws seem to be valid experimentally, but how they exactly arise from first principles  is not known. The aim of the program is to investigate this very fundamental question, which is related to very practical concerns. While turbulence in fluid flows is the first example that comes to mind, another type of turbulence, known as weak turbulence, might be more tractable, and provide the right entry point. &lt;br/&gt;&lt;br/&gt;Weak turbulence describes turbulence as it arises in nonlinear wave equations (of which there are many instances, from waves propagating on the surface of the ocean to electromagnetic waves or quantum physics). It was conjectured by several scientists, in particular Zakharov in the 70's and 80's, that weak turbulence is described by a specific equation, known as the kinetic wave equation. The central aim of the PI is to investigate this conjecture with the help of mathematical tools: in particular, the theory of partial differential equations, in connection with probability theory. This effort will hopefully enable us to validate Zakharov's claim under appropriate conditions, which would then open the way to a theoretical and rigorous understanding of weak turbulence.&lt;br/&gt;&lt;br/&gt;This award reflects NSF's statutory mission and has been deemed worthy of support through evaluation using the Foundation's intellectual merit and broader impacts review criteria.</AbstractNarration>
<MinAmdLetterDate>03/30/2018</MinAmdLetterDate>
<MaxAmdLetterDate>03/30/2018</MaxAmdLetterDate>
<ARRAAmount/>
<AwardID>1800840</AwardID>
<Investigator>
<FirstName>Pierre</FirstName>
<LastName>Germain</LastName>
<EmailAddress>pmg7@nyu.edu</EmailAddress>
<StartDate>03/30/2018</StartDate>
<EndDate/>
<RoleCode>Principal Investigator</RoleCode>
</Investigator>
<Institution>
<Name>New York University</Name>
<CityName>NEW YORK</CityName>
<ZipCode>100121019</ZipCode>
<PhoneNumber>2129982121</PhoneNumber>
<StreetAddress>70 WASHINGTON SQUARE S</StreetAddress>
<CountryName>United States</CountryName>
<StateName>New York</StateName>
<StateCode>NY</StateCode>
</Institution>
<ProgramElement>
<Code>1281</Code>
<Text>ANALYSIS PROGRAM</Text>
</ProgramElement>
</Award>
</rootTag>
