<?xml version="1.0" encoding="UTF-8"?>
<rootTag>
<Award>
<AwardTitle>New Approach to Building a Workforce Pipeline for Electro-mechanical Technician Education</AwardTitle>
<AwardEffectiveDate>05/01/2018</AwardEffectiveDate>
<AwardExpirationDate>04/30/2021</AwardExpirationDate>
<AwardAmount>311689</AwardAmount>
<AwardInstrument>
<Value>Standard Grant</Value>
</AwardInstrument>
<Organization>
<Code>11040100</Code>
<Directorate>
<LongName>Direct For Education and Human Resources</LongName>
</Directorate>
<Division>
<LongName>Division Of Undergraduate Education</LongName>
</Division>
</Organization>
<ProgramOfficer>
<SignBlockName>Pushpa Ramakrishna</SignBlockName>
</ProgramOfficer>
<AbstractNarration>In Northeast Wisconsin, the demand for skilled electro-mechanical technicians continues to exceed the supply of qualified applicants.  This project builds a collaboration between Northeast Wisconsin Technical College, the Northeast Wisconsin Manufacturing Alliance, and local industry to meet the regional need for electro-mechanical technicians.  These partners work together to design and implement strategies that can interest current entry-level workers in pursuing an Industrial Maintenance Certificate.  This certificate is the first step toward an Electro-Mechanical Associate Degree, but does not require the level of mathematics needed in later courses in the curriculum.  To prepare certificate students for success in the associate degree courses, this project aims to interweave math lessons into the lab portion of the certificate courses. In this way, the project expects that students will learn math concepts at the beginning of the career pathway, and will develop the confidence and math comprehension needed to succeed in the associate degree program.&lt;br/&gt;&lt;br/&gt;Activities will include development of curriculum and educational materials to contextualize math and student success skills within the program courses. The project will support the laboratory needs of rural students by providing equipment upgrades. By the end of three years, it is expected that the project will benefit at least 60 entry-level adults, five college faculty, and multiple regional industry employers. This project will use multiple platforms to disseminate the practices and knowledge gained by the project to other regions. The project will specifically study how technical colleges and industry partners work together to encourage enrollment in an educational pathway to create a career pipeline.  This research will add to the current body of knowledge surrounding industry engagement in education and barriers to returning adults.&lt;br/&gt;&lt;br/&gt;This award reflects NSF's statutory mission and has been deemed worthy of support through evaluation using the Foundation's intellectual merit and broader impacts review criteria.</AbstractNarration>
<MinAmdLetterDate>04/05/2018</MinAmdLetterDate>
<MaxAmdLetterDate>04/05/2018</MaxAmdLetterDate>
<ARRAAmount/>
<AwardID>1800965</AwardID>
<Investigator>
<FirstName>Ann</FirstName>
<LastName>Franz</LastName>
<EmailAddress>ann.franz@nwtc.edu</EmailAddress>
<StartDate>04/05/2018</StartDate>
<EndDate/>
<RoleCode>Co-Principal Investigator</RoleCode>
</Investigator>
<Investigator>
<FirstName>Rachel</FirstName>
<LastName>Johnson</LastName>
<EmailAddress>rachel.johnson@nwtc.edu</EmailAddress>
<StartDate>04/05/2018</StartDate>
<EndDate/>
<RoleCode>Co-Principal Investigator</RoleCode>
</Investigator>
<Investigator>
<FirstName>Pamela</FirstName>
<LastName>Mazur</LastName>
<EmailAddress>pam.mazur@nwtc.edu</EmailAddress>
<StartDate>04/05/2018</StartDate>
<EndDate/>
<RoleCode>Principal Investigator</RoleCode>
</Investigator>
<Institution>
<Name>Northeast Wisconsin Technical College</Name>
<CityName>Green Bay</CityName>
<ZipCode>543034966</ZipCode>
<PhoneNumber>9204985615</PhoneNumber>
<StreetAddress>2740 West Mason Street</StreetAddress>
<CountryName>United States</CountryName>
<StateName>Wisconsin</StateName>
<StateCode>WI</StateCode>
</Institution>
<ProgramElement>
<Code>7412</Code>
<Text>ADVANCED TECH EDUCATION PROG</Text>
</ProgramElement>
<ProgramReference>
<Code>1032</Code>
<Text>ADVANCED TECHNOLOGY EDUCATION</Text>
</ProgramReference>
<ProgramReference>
<Code>9178</Code>
<Text>UNDERGRADUATE EDUCATION</Text>
</ProgramReference>
<ProgramReference>
<Code>SMET</Code>
<Text>SCIENCE, MATH, ENG &amp; TECH EDUCATION</Text>
</ProgramReference>
</Award>
</rootTag>
