<?xml version="1.0" encoding="UTF-8"?>
<rootTag>
<Award>
<AwardTitle>Extremal Combinatorics and Ramsey Theory in Structured Settings</AwardTitle>
<AwardEffectiveDate>07/01/2018</AwardEffectiveDate>
<AwardExpirationDate>06/30/2021</AwardExpirationDate>
<AwardAmount>92375</AwardAmount>
<AwardInstrument>
<Value>Continuing grant</Value>
</AwardInstrument>
<Organization>
<Code>03040000</Code>
<Directorate>
<LongName>Direct For Mathematical &amp; Physical Scien</LongName>
</Directorate>
<Division>
<LongName>Division Of Mathematical Sciences</LongName>
</Division>
</Organization>
<ProgramOfficer>
<SignBlockName>Stefaan De Winter</SignBlockName>
</ProgramOfficer>
<AbstractNarration>This research project focuses broadly on the area of combinatorics, and the questions under consideration are characterized by their connections to several different fields of mathematics. One of the main aims of this project is to explore these connections, and to synthesize techniques from different areas and bring them to bear on some longstanding open problems. Much of the planned work is concerned with the properties of large discrete structures, and the questions of interest in this project are relevant to the study of disordered systems that may be modeled by such structures, such as collections of interacting particles, large networks like the internet, or the human brain.&lt;br/&gt;&lt;br/&gt;There are two primary areas under investigation, namely extremal combinatorics and Ramsey theory. The project will investigate questions in extremal combinatorics that involve additional structure, with a focus on algebraic, number-theoretic, and topological structure. The project will also address questions of a Ramsey-theoretic nature that additionally have additive-combinatorial, algebraic, and ergodic-theoretic connections. Finally, the project will pursue various connections between problems in these areas. Specific questions to be attacked include a topological Dirac-type theorem for hypergraphs, investigating product-free sets living inside free structures, improving bounds for a few Ramsey-theoretic results of an additive-combinatorial flavor, and investigating the Ramsey-theoretic properties of non-abelian groups.&lt;br/&gt;&lt;br/&gt;This award reflects NSF's statutory mission and has been deemed worthy of support through evaluation using the Foundation's intellectual merit and broader impacts review criteria.</AbstractNarration>
<MinAmdLetterDate>04/25/2018</MinAmdLetterDate>
<MaxAmdLetterDate>04/25/2018</MaxAmdLetterDate>
<ARRAAmount/>
<AwardID>1800521</AwardID>
<Investigator>
<FirstName>Bhargav</FirstName>
<LastName>Narayanan</LastName>
<EmailAddress>narayanan@math.rutgers.edu</EmailAddress>
<StartDate>04/25/2018</StartDate>
<EndDate/>
<RoleCode>Principal Investigator</RoleCode>
</Investigator>
<Institution>
<Name>Rutgers University New Brunswick</Name>
<CityName>Piscataway</CityName>
<ZipCode>088543925</ZipCode>
<PhoneNumber>8489320150</PhoneNumber>
<StreetAddress>33 Knightsbridge Road</StreetAddress>
<CountryName>United States</CountryName>
<StateName>New Jersey</StateName>
<StateCode>NJ</StateCode>
</Institution>
<ProgramElement>
<Code>7970</Code>
<Text>Combinatorics</Text>
</ProgramElement>
</Award>
</rootTag>
