<?xml version="1.0" encoding="UTF-8"?>
<rootTag>
<Award>
<AwardTitle>Lanthanide Complexes with Concurrent Metal-Centered Emission and Singlet Oxygen Generation</AwardTitle>
<AwardEffectiveDate>09/01/2018</AwardEffectiveDate>
<AwardExpirationDate>08/31/2021</AwardExpirationDate>
<AwardAmount>156105</AwardAmount>
<AwardInstrument>
<Value>Continuing grant</Value>
</AwardInstrument>
<Organization>
<Code>03090000</Code>
<Directorate>
<LongName>Direct For Mathematical &amp; Physical Scien</LongName>
</Directorate>
<Division>
<LongName>Division Of Chemistry</LongName>
</Division>
</Organization>
<ProgramOfficer>
<SignBlockName>Tingyu Li</SignBlockName>
</ProgramOfficer>
<AbstractNarration>In this project, funded by the Chemical Structure, Dynamic &amp; Mechanisms B Program of the Chemistry Division of the National Science Foundation, Professor Ana de Bettencourt-Dias and her research group at the University of Nevada, Reno, are preparing lanthanide ion complexes capable of metal-centered light emission, while at the same time being able to generate singlet oxygen. Their long term goal is to develop new systems that can be used at the same time to image and destroy diseased tissues. This project lies at the interface of organic synthesis, coordination chemistry and spectroscopy. Students of all levels are involved in this research and Professor de Bettencourt-Dias has a track-record of working with a diverse group of undergraduate and graduate students. As part of her commitment to graduate education, she will teach a course in science writing, which has already proven valuable to previous generations of graduate students. &lt;br/&gt;&lt;br/&gt;Luminescent compounds capable of generating singlet oxygen are potentially interesting for applications requiring cell imaging and cell toxicity, such as photodynamic therapy, thus enabling cancer therapy with simultaneous imaging of the cancerous cells. The light emission ability of the lanthanide ions has been well documented, and here it is proposed to use different types of ligands, based on naphthalimide, pyrene and thiophene-phenyl-thiophene, to not only sensitize the metal-centered luminescence, but also to generate singlet oxygen. The relationships between ligand composition and resulting complex properties will be assessed using absorption, excitation and emission spectroscopy. An additional family of ligands, based on carbazole, which is known for its two-photon absorption capabilities, will be used to isolate heteroleptic complexes and enable low-energy excitation.&lt;br/&gt;&lt;br/&gt;This award reflects NSF's statutory mission and has been deemed worthy of support through evaluation using the Foundation's intellectual merit and broader impacts review criteria.</AbstractNarration>
<MinAmdLetterDate>04/06/2018</MinAmdLetterDate>
<MaxAmdLetterDate>04/06/2018</MaxAmdLetterDate>
<ARRAAmount/>
<AwardID>1800392</AwardID>
<Investigator>
<FirstName>Ana</FirstName>
<LastName>de Bettencourt-Dias</LastName>
<EmailAddress>abd@unr.edu</EmailAddress>
<StartDate>04/06/2018</StartDate>
<EndDate/>
<RoleCode>Principal Investigator</RoleCode>
</Investigator>
<Institution>
<Name>Board of Regents, NSHE, obo University of Nevada, Reno</Name>
<CityName>Reno</CityName>
<ZipCode>895570001</ZipCode>
<PhoneNumber>7757844040</PhoneNumber>
<StreetAddress>1664 North Virginia Street</StreetAddress>
<CountryName>United States</CountryName>
<StateName>Nevada</StateName>
<StateCode>NV</StateCode>
</Institution>
<ProgramElement>
<Code>9102</Code>
<Text>Chem Struct,Dynmcs&amp;Mechansms B</Text>
</ProgramElement>
<ProgramReference>
<Code>7234</Code>
<Text>SENSORS NON-SOLICITATION RESEA</Text>
</ProgramReference>
<ProgramReference>
<Code>8091</Code>
<Text>BRAIN Initiative Res Support</Text>
</ProgramReference>
<ProgramReference>
<Code>9150</Code>
<Text>EXP PROG TO STIM COMP RES</Text>
</ProgramReference>
</Award>
</rootTag>
