<?xml version="1.0" encoding="UTF-8"?>
<rootTag>
<Award>
<AwardTitle>Conference on Complex Geometry and Several Complex Variables</AwardTitle>
<AwardEffectiveDate>01/01/2018</AwardEffectiveDate>
<AwardExpirationDate>12/31/2018</AwardExpirationDate>
<AwardAmount>25000</AwardAmount>
<AwardInstrument>
<Value>Standard Grant</Value>
</AwardInstrument>
<Organization>
<Code>03040000</Code>
<Directorate>
<LongName>Direct For Mathematical &amp; Physical Scien</LongName>
</Directorate>
<Division>
<LongName>Division Of Mathematical Sciences</LongName>
</Division>
</Organization>
<ProgramOfficer>
<SignBlockName>Edward Taylor</SignBlockName>
</ProgramOfficer>
<AbstractNarration>This award provides funding for US participation in the conference "Conference on Complex Geometry and Several Complex Variables" that will be held March 9-11, 2018 at the University of Notre Dame.&lt;br/&gt;&lt;br/&gt;&lt;br/&gt;The conference focuses on recent developments in Analysis, especially in the field of complex geometry.   A number of distinguished mathematicians have agreed to attend and speak at this conference.  This award gives early career researchers, members of underrepresented groups, researchers not funded by NSF and the like an opportunity to attend and participate in this conference.   The organizing committee will strive to make this funding opportunity known to target groups through a number of different activities.   More information will be made available at:&lt;br/&gt;&lt;br/&gt;https://www3.nd.edu/~conf/complex_geometry2018/</AbstractNarration>
<MinAmdLetterDate>11/28/2017</MinAmdLetterDate>
<MaxAmdLetterDate>11/28/2017</MaxAmdLetterDate>
<ARRAAmount/>
<AwardID>1800478</AwardID>
<Investigator>
<FirstName>Mei-Chi</FirstName>
<LastName>Shaw</LastName>
<EmailAddress>shaw.1@nd.edu</EmailAddress>
<StartDate>11/28/2017</StartDate>
<EndDate/>
<RoleCode>Principal Investigator</RoleCode>
</Investigator>
<Investigator>
<FirstName>Gabor</FirstName>
<LastName>Szekelyhidi</LastName>
<EmailAddress>gszekely@nd.edu</EmailAddress>
<StartDate>11/28/2017</StartDate>
<EndDate/>
<RoleCode>Co-Principal Investigator</RoleCode>
</Investigator>
<Institution>
<Name>University of Notre Dame</Name>
<CityName>NOTRE DAME</CityName>
<ZipCode>465565708</ZipCode>
<PhoneNumber>5746317432</PhoneNumber>
<StreetAddress>940 Grace Hall</StreetAddress>
<CountryName>United States</CountryName>
<StateName>Indiana</StateName>
<StateCode>IN</StateCode>
</Institution>
<ProgramElement>
<Code>1281</Code>
<Text>ANALYSIS PROGRAM</Text>
</ProgramElement>
<ProgramReference>
<Code>7556</Code>
<Text>CONFERENCE AND WORKSHOPS</Text>
</ProgramReference>
</Award>
</rootTag>
