<?xml version="1.0" encoding="UTF-8"?>
<rootTag>
<Award>
<AwardTitle>Collaborative Research: Architecture Support for Programming Languages and Operating Systems (ASPLOS) 2018 Student Travel Grant Proposal</AwardTitle>
<AwardEffectiveDate>03/01/2018</AwardEffectiveDate>
<AwardExpirationDate>02/28/2019</AwardExpirationDate>
<AwardAmount>7000</AwardAmount>
<AwardInstrument>
<Value>Standard Grant</Value>
</AwardInstrument>
<Organization>
<Code>05050000</Code>
<Directorate>
<LongName>Direct For Computer &amp; Info Scie &amp; Enginr</LongName>
</Directorate>
<Division>
<LongName>Division Of Computer and Network Systems</LongName>
</Division>
</Organization>
<ProgramOfficer>
<SignBlockName>M. Mimi McClure</SignBlockName>
</ProgramOfficer>
<AbstractNarration>This project supports travel to the Shadow Program Committee (PC) meeting held in Atlanta, for the 23rd ACM International Conference on Architectural Support for Programming Languages and Operating Systems. ASPLOS will be held on March 24-28, 2018. ASPLOS is a premier forum for multidisciplinary systems research spanning computer architecture and hardware, programming languages and compilers, and operating systems. Papers in ASPLOS may target diverse goals such as performance, energy and thermal efficiency, resiliency, security, and sustainability.&lt;br/&gt;&lt;br/&gt;This award reflects NSF's statutory mission and has been deemed worthy of support through evaluation using the Foundation's intellectual merit and broader impacts review criteria.</AbstractNarration>
<MinAmdLetterDate>02/26/2018</MinAmdLetterDate>
<MaxAmdLetterDate>02/26/2018</MaxAmdLetterDate>
<ARRAAmount/>
<AwardID>1800771</AwardID>
<Investigator>
<FirstName>Thomas</FirstName>
<LastName>Wenisch</LastName>
<EmailAddress>twenisch@umich.edu</EmailAddress>
<StartDate>02/26/2018</StartDate>
<EndDate/>
<RoleCode>Principal Investigator</RoleCode>
</Investigator>
<Institution>
<Name>University of Michigan Ann Arbor</Name>
<CityName>Ann Arbor</CityName>
<ZipCode>481091274</ZipCode>
<PhoneNumber>7347636438</PhoneNumber>
<StreetAddress>3003 South State St. Room 1062</StreetAddress>
<CountryName>United States</CountryName>
<StateName>Michigan</StateName>
<StateCode>MI</StateCode>
</Institution>
<ProgramElement>
<Code>7354</Code>
<Text>Computer Systems Research (CSR</Text>
</ProgramElement>
<ProgramElement>
<Code>7798</Code>
<Text>SOFTWARE &amp; HARDWARE FOUNDATION</Text>
</ProgramElement>
<ProgramReference>
<Code>7556</Code>
<Text>CONFERENCE AND WORKSHOPS</Text>
</ProgramReference>
<ProgramReference>
<Code>7941</Code>
<Text>COMPUTER ARCHITECTURE</Text>
</ProgramReference>
<ProgramReference>
<Code>7943</Code>
<Text>PROGRAMMING LANGUAGES</Text>
</ProgramReference>
</Award>
</rootTag>
