<?xml version="1.0" encoding="UTF-8"?>
<rootTag>
<Award>
<AwardTitle>AF: Small: New Directions in Learning Theory</AwardTitle>
<AwardEffectiveDate>08/01/2017</AwardEffectiveDate>
<AwardExpirationDate>05/31/2019</AwardExpirationDate>
<AwardAmount>98041</AwardAmount>
<AwardInstrument>
<Value>Standard Grant</Value>
</AwardInstrument>
<Organization>
<Code>05010000</Code>
<Directorate>
<LongName>Direct For Computer &amp; Info Scie &amp; Enginr</LongName>
</Directorate>
<Division>
<LongName>Division of Computing and Communication Foundations</LongName>
</Division>
</Organization>
<ProgramOfficer>
<SignBlockName>Tracy J. Kimbrel</SignBlockName>
</ProgramOfficer>
<AbstractNarration>This project is to develop core principles and technologies for systems that learn from observation and experience in order to better help their users.  While there is already a significant body of work in the area of machine learning, today's interconnected world provides both new challenges and new opportunities that classic methods are not able to address or take advantage of.  This project has three main thrusts.  The first involves development of methods that can extract useful information from auxiliary sources in addition to traditional labeled data.  This includes methods for quickly learning multiple related tasks by taking advantage of ways in which they relate to each other.  The second involves approaches for learning about what different users or agents want by observing the results of their interactions.  Finally, the third thrust involves development of new rigorous methods for quickly estimating the amount of resources that would be needed to solve a given learning task.  Broader impacts of the project include the training of a diverse set of graduate students, improving undergraduate curricula with respect to machine learning technology, and developing a new book for advanced undergraduates on algorithms and analysis for data science.&lt;br/&gt;&lt;br/&gt;More specifically, the first main thrust of this work involves a combination of unsupervised, semi-supervised, and multi-task learning. This work will investigate problems of estimating error rates from unlabeled data, unifying co-training and topic models, learning multiple related tasks from limited supervision, and learning new representations of data using tools from high-dimensional geometry.  The second main thrust will focus on reconstructing estimates of agent utilities from observing the outcomes of economic mechanisms such as combinatorial auctions.  This thrust also includes problems of learning the rules of unknown mechanisms from experimentation.  Finally, the last thrust focuses on development of the theory of property testing for machine learning problems, with the goal of quickly estimating natural formal measures of complexity of a given learning task.</AbstractNarration>
<MinAmdLetterDate>10/18/2017</MinAmdLetterDate>
<MaxAmdLetterDate>10/18/2017</MaxAmdLetterDate>
<ARRAAmount/>
<AwardID>1800317</AwardID>
<Investigator>
<FirstName>Avrim</FirstName>
<LastName>Blum</LastName>
<EmailAddress>avrim@ttic.edu</EmailAddress>
<StartDate>10/18/2017</StartDate>
<EndDate/>
<RoleCode>Principal Investigator</RoleCode>
</Investigator>
<Institution>
<Name>Toyota Technological Institute at Chicago</Name>
<CityName>Chicago</CityName>
<ZipCode>606372803</ZipCode>
<PhoneNumber>7738340409</PhoneNumber>
<StreetAddress>6045 S. Kenwood Avenue</StreetAddress>
<CountryName>United States</CountryName>
<StateName>Illinois</StateName>
<StateCode>IL</StateCode>
</Institution>
<ProgramElement>
<Code>7796</Code>
<Text>ALGORITHMIC FOUNDATIONS</Text>
</ProgramElement>
<ProgramReference>
<Code>7923</Code>
<Text>SMALL PROJECT</Text>
</ProgramReference>
<ProgramReference>
<Code>7926</Code>
<Text>ALGORITHMS</Text>
</ProgramReference>
</Award>
</rootTag>
