<?xml version="1.0" encoding="UTF-8"?>
<rootTag>
<Award>
<AwardTitle>Educating Agriculture Technicians</AwardTitle>
<AwardEffectiveDate>09/01/2018</AwardEffectiveDate>
<AwardExpirationDate>08/31/2021</AwardExpirationDate>
<AwardAmount>222269</AwardAmount>
<AwardInstrument>
<Value>Standard Grant</Value>
</AwardInstrument>
<Organization>
<Code>11040100</Code>
<Directorate>
<LongName>Direct For Education and Human Resources</LongName>
</Directorate>
<Division>
<LongName>Division Of Undergraduate Education</LongName>
</Division>
</Organization>
<ProgramOfficer>
<SignBlockName>David B. Campbell</SignBlockName>
</ProgramOfficer>
<AbstractNarration>The St. Louis region is experiencing a boom in agriculture related industries. However, students in the St. Charles Community College service area do not have access to higher education programs in agricultural studies, which forces them to either travel long distances or abandon their academic and career goals. This project will be a critical step in addressing the urgent need for agriculture skills education programs locally, to meet the demand for a qualified, prepared agriculture workforce in the regions of St. Charles and St. Louis Counties. If students receive a high-quality education and make strong connections with local industry professionals, it is expected that these students will choose to remain in the local area to fill positions as highly skilled technicians in the robust agriculture industry.&lt;br/&gt;&lt;br/&gt;This project implements two newly designed programs, an Associate of Science Degree in Plant Science and an Associate of Science Degree in Natural Resources.  In addition, the project aims to recruit and retain students to complete the degree programs, provide pre-professional activities to enhance the academic and career experiences for project participants, and work collaboratively with high school and baccalaureate institution partners. St. Charles Community College is committed to creating programs in agriculture to address the shortage of technicians in the local workforce and prepare students to be successful at the university level.&lt;br/&gt;&lt;br/&gt;This award reflects NSF's statutory mission and has been deemed worthy of support through evaluation using the Foundation's intellectual merit and broader impacts review criteria.</AbstractNarration>
<MinAmdLetterDate>04/05/2018</MinAmdLetterDate>
<MaxAmdLetterDate>04/05/2018</MaxAmdLetterDate>
<ARRAAmount/>
<AwardID>1800641</AwardID>
<Investigator>
<FirstName>Amanda</FirstName>
<LastName>Sizemore</LastName>
<EmailAddress>asizemore@stchas.edu</EmailAddress>
<StartDate>04/05/2018</StartDate>
<EndDate/>
<RoleCode>Co-Principal Investigator</RoleCode>
</Investigator>
<Investigator>
<FirstName>Lauren</FirstName>
<LastName>Dickens</LastName>
<EmailAddress>ldickens@stchas.edu</EmailAddress>
<StartDate>04/05/2018</StartDate>
<EndDate/>
<RoleCode>Co-Principal Investigator</RoleCode>
</Investigator>
<Investigator>
<FirstName>Heather</FirstName>
<LastName>Stueben</LastName>
<EmailAddress>hstueben@stchas.edu</EmailAddress>
<StartDate>04/05/2018</StartDate>
<EndDate/>
<RoleCode>Principal Investigator</RoleCode>
</Investigator>
<Investigator>
<FirstName>Tammie</FirstName>
<LastName>De Los Santos</LastName>
<EmailAddress>tdelossantos@stchas.edu</EmailAddress>
<StartDate>04/05/2018</StartDate>
<EndDate/>
<RoleCode>Co-Principal Investigator</RoleCode>
</Investigator>
<Institution>
<Name>St. Charles Community College</Name>
<CityName>Cottleville</CityName>
<ZipCode>633761790</ZipCode>
<PhoneNumber>6369228360</PhoneNumber>
<StreetAddress>4601 Mid Rivers Mall Drive</StreetAddress>
<CountryName>United States</CountryName>
<StateName>Missouri</StateName>
<StateCode>MO</StateCode>
</Institution>
<ProgramElement>
<Code>7412</Code>
<Text>ADVANCED TECH EDUCATION PROG</Text>
</ProgramElement>
<ProgramReference>
<Code>1032</Code>
<Text>ADVANCED TECHNOLOGY EDUCATION</Text>
</ProgramReference>
<ProgramReference>
<Code>9150</Code>
<Text>EXP PROG TO STIM COMP RES</Text>
</ProgramReference>
<ProgramReference>
<Code>9178</Code>
<Text>UNDERGRADUATE EDUCATION</Text>
</ProgramReference>
<ProgramReference>
<Code>SMET</Code>
<Text>SCIENCE, MATH, ENG &amp; TECH EDUCATION</Text>
</ProgramReference>
</Award>
</rootTag>
