<?xml version="1.0" encoding="UTF-8"?>
<rootTag>
<Award>
<AwardTitle>Bijective Approach to Discrete Geometries</AwardTitle>
<AwardEffectiveDate>07/01/2018</AwardEffectiveDate>
<AwardExpirationDate>06/30/2021</AwardExpirationDate>
<AwardAmount>48851</AwardAmount>
<AwardInstrument>
<Value>Continuing grant</Value>
</AwardInstrument>
<Organization>
<Code>03040000</Code>
<Directorate>
<LongName>Direct For Mathematical &amp; Physical Scien</LongName>
</Directorate>
<Division>
<LongName>Division Of Mathematical Sciences</LongName>
</Division>
</Organization>
<ProgramOfficer>
<SignBlockName>Stefaan De Winter</SignBlockName>
</ProgramOfficer>
<AbstractNarration>Combinatorics is a central branch of mathematics concerned with the description and analysis of discrete data structures. Combinatorialists try to uncover patterns and building blocks in such structures, in order to explain their global behavior. Combinatorial tools are therefore of central importance in many other fields of science, such as computer science, statistical mechanics, statistics, and probability. This project focuses on the encoding of several discrete geometrical structures (planar graphs, polytopal decompositions of space, etc.) by simpler mathematical structures. Such an encoding, which provides a genuinely different description of the same structures, can greatly simplify the analysis of the objects under consideration. Indeed, certain patterns and probabilistic behavior which were hidden in the original description, may appear more clearly in the alternative description.&lt;br/&gt;&lt;br/&gt;This projects aims to develop bijective tools in order to solve several fundamental open problems in combinatorics, with motivations coming from probability, theoretical physics, and computer science. One of the major goals is to set the foundation for a multi-authored proof of a deep relation between three very important probabilistic constructions: random planar graphs, the Gaussian free field, and SLE curves. The proof will be built upon a bijective encoding of percolation-endowed planar triangulations by some two-dimensional lattice walks. Other goals of this project are related to proper coloring of graphs (explaining bijectively a counting formula for properly colored planar graphs), integrable system approach to the symmetric group ("diagonalizing" the KP differential equations governing the factorizations in the symmetric group), hyperplane arrangements (bijections for the faces of the deformations of the Coxeter arrangement), and graph drawing algorithms (simultaneous generalization of Schnyder woods and transversal structures).&lt;br/&gt;&lt;br/&gt;This award reflects NSF's statutory mission and has been deemed worthy of support through evaluation using the Foundation's intellectual merit and broader impacts review criteria.</AbstractNarration>
<MinAmdLetterDate>06/15/2018</MinAmdLetterDate>
<MaxAmdLetterDate>06/15/2018</MaxAmdLetterDate>
<ARRAAmount/>
<AwardID>1800681</AwardID>
<Investigator>
<FirstName>Olivier</FirstName>
<LastName>Bernardi</LastName>
<EmailAddress>bernardi@brandeis.edu</EmailAddress>
<StartDate>06/15/2018</StartDate>
<EndDate/>
<RoleCode>Principal Investigator</RoleCode>
</Investigator>
<Institution>
<Name>Brandeis University</Name>
<CityName>WALTHAM</CityName>
<ZipCode>024532728</ZipCode>
<PhoneNumber>7817362121</PhoneNumber>
<StreetAddress>415 SOUTH ST MAILSTOP 116</StreetAddress>
<CountryName>United States</CountryName>
<StateName>Massachusetts</StateName>
<StateCode>MA</StateCode>
</Institution>
<ProgramElement>
<Code>7970</Code>
<Text>Combinatorics</Text>
</ProgramElement>
</Award>
</rootTag>
