<?xml version="1.0" encoding="UTF-8"?>
<rootTag>
<Award>
<AwardTitle>Bioscience Technician Expansion Project</AwardTitle>
<AwardEffectiveDate>09/01/2018</AwardEffectiveDate>
<AwardExpirationDate>08/31/2021</AwardExpirationDate>
<AwardAmount>222833</AwardAmount>
<AwardInstrument>
<Value>Standard Grant</Value>
</AwardInstrument>
<Organization>
<Code>11040100</Code>
<Directorate>
<LongName>Direct For Education and Human Resources</LongName>
</Directorate>
<Division>
<LongName>Division Of Undergraduate Education</LongName>
</Division>
</Organization>
<ProgramOfficer>
<SignBlockName>David B. Campbell</SignBlockName>
</ProgramOfficer>
<AbstractNarration>This project meets a growing industry demand for skilled bioscience technicians, specifically at the College's industry partner, Charles River Laboratories. The primary goal of the grant will be to create an evening cohort of students drawn from Charles River Laboratories that work day shift and take evening courses to advance into higher level positions. A secondary benefit of this grant will be the generation and promotion of a pathway for students from a career center (Ashland County West Holmes Career Center) to a two-year institution (North Central State College), or to one of two four-year institutions (Ashland University and the University of Findlay), all of which are within a one-hour driving radius of Charles River Laboratory. Course offerings will be modified to better use distance learning, with the goal of reducing face to face lecture time while maintaining in person lab instruction. The enhancements to the Bioscience Program and pathways are designed to advance the technical education of a diverse group of students ranging from graduating career center students, to future and current students employed as biotechnicians.&lt;br/&gt;&lt;br/&gt;The North Central State College Bioscience Technician Expansion Project aims to support and increase knowledge in the field of biotechnology in north central Ohio by bringing new opportunities for students to advance through a prescribed pathway culminating in a career in biotechnology. The project will design and enable a pathway from high school career centers through a two-year community college and on to four-year universities. The project leaders will investigate and disseminate experiences using a variety of educational tools, pedagogy, and curriculum changes that aim to support students new to the biotechnology field, as well as incumbent workers. These pathways have the potential to demonstrate and/or establish best practices for supporting student progression through a pathway from career center to 4-year institutions that will function as a self-sustaining system. The program will also incorporate assessment methods for the incumbent student population to assess knowledge gained on the job and give them credit for the skills and training they already possess. Evening courses for incumbent workers in local Biotechnology facilities will be offered. To facilitate these changes, the institution will modify course and curriculum delivery to meet the needs of the students. The modifications of delivery have measurable, predetermined expected outcomes. These outcomes will be measured to assess the educational effectiveness of these course alterations, contributing information about student learning within different presentation styles.&lt;br/&gt;&lt;br/&gt;This award reflects NSF's statutory mission and has been deemed worthy of support through evaluation using the Foundation's intellectual merit and broader impacts review criteria.</AbstractNarration>
<MinAmdLetterDate>04/05/2018</MinAmdLetterDate>
<MaxAmdLetterDate>04/05/2018</MaxAmdLetterDate>
<ARRAAmount/>
<AwardID>1800850</AwardID>
<Investigator>
<FirstName>Jason</FirstName>
<LastName>Tucker</LastName>
<EmailAddress>jtucker@ncstatecollege.edu</EmailAddress>
<StartDate>04/05/2018</StartDate>
<EndDate/>
<RoleCode>Co-Principal Investigator</RoleCode>
</Investigator>
<Investigator>
<FirstName>Justin</FirstName>
<LastName>Tickhill</LastName>
<EmailAddress>jtickhill@ncstatecollege.edu</EmailAddress>
<StartDate>04/05/2018</StartDate>
<EndDate/>
<RoleCode>Principal Investigator</RoleCode>
</Investigator>
<Institution>
<Name>North Central State College</Name>
<CityName>Mansfield</CityName>
<ZipCode>449061546</ZipCode>
<PhoneNumber>4197555660</PhoneNumber>
<StreetAddress>2441 Kenwood Circle</StreetAddress>
<CountryName>United States</CountryName>
<StateName>Ohio</StateName>
<StateCode>OH</StateCode>
</Institution>
<ProgramElement>
<Code>7412</Code>
<Text>ADVANCED TECH EDUCATION PROG</Text>
</ProgramElement>
<ProgramReference>
<Code>1032</Code>
<Text>ADVANCED TECHNOLOGY EDUCATION</Text>
</ProgramReference>
<ProgramReference>
<Code>9178</Code>
<Text>UNDERGRADUATE EDUCATION</Text>
</ProgramReference>
<ProgramReference>
<Code>SMET</Code>
<Text>SCIENCE, MATH, ENG &amp; TECH EDUCATION</Text>
</ProgramReference>
</Award>
</rootTag>
