<?xml version="1.0" encoding="UTF-8"?>
<rootTag>
<Award>
<AwardTitle>Molecular Photonic Materials</AwardTitle>
<AwardEffectiveDate>08/01/2018</AwardEffectiveDate>
<AwardExpirationDate>07/31/2021</AwardExpirationDate>
<AwardAmount>181796</AwardAmount>
<AwardInstrument>
<Value>Continuing grant</Value>
</AwardInstrument>
<Organization>
<Code>03090000</Code>
<Directorate>
<LongName>Direct For Mathematical &amp; Physical Scien</LongName>
</Directorate>
<Division>
<LongName>Division Of Chemistry</LongName>
</Division>
</Organization>
<ProgramOfficer>
<SignBlockName>Tingyu Li</SignBlockName>
</ProgramOfficer>
<AbstractNarration>In this project, funded by the Chemical Structure, Dynamic &amp; Mechanism B Program of the Chemistry Division, Professor Gerald Meyer of the Department of Chemistry at the University of North Carolina at Chapel Hill is characterizing intermolecular electron transfer reactions for molecules anchored to metal oxide surfaces.  The goal of this research is to exploit self-exchange reactions as a means to transport charge across oxide surfaces for applications in optoelectronic devices, namely for the conversion of solar energy into stored chemical energy or electricity (e.g. dye-sensitized solar cells).  The project lies at the interface of physical organic, inorganic, and materials chemistry, and is therefore well suited to the education of scientists at all levels.  This group is also well-positioned to provide the highest level of education and training for students underrepresented in science.  Outreach activities to grade school students in local and rural North Carolina are also part of the funded project.  &lt;br/&gt;&lt;br/&gt;Research has shown that photo-oxidized dye molecules anchored to the sensitized mesoporous nanocrystalline (anatase) TiO2 thin films commonly used for dye-sensitized solar cells undergo self-exchange intermolecular electron transfer reactions (termed hole-hopping) with dynamics and efficiencies that can be tuned at the molecular level.  These findings provide an opportunity to transport charges to desired locations without a loss in Gibbs free energy.  Particular focus wiis being given to address the following fundamental questions: How can molecular structure be tuned to control intermolecular electron transfer?  Is there a correlation between self-exchange reactions in fluid solution and those on oxide surfaces?  Does self-exchange electron transfer between dyes influenced unwanted recombination reactions?  Can self-exchange with molecules that contain two (or more) redox active groups be controlled by the bridge that links them?  A kinetic approach that enables redox equilibria at the adiabatic/non-adiabatic border to be quantified for the first time is being utilized.  The desired electron transfer chemistry is being initiated by pulsed light excitation or with an applied potential and quantified by in situ spectro-electrochemistry, absorption anisotropy, chronoabsorptometry, and transient absorption spectroscopy.&lt;br/&gt;&lt;br/&gt;This award reflects NSF's statutory mission and has been deemed worthy of support through evaluation using the Foundation's intellectual merit and broader impacts review criteria.</AbstractNarration>
<MinAmdLetterDate>04/06/2018</MinAmdLetterDate>
<MaxAmdLetterDate>04/06/2018</MaxAmdLetterDate>
<ARRAAmount/>
<AwardID>1800022</AwardID>
<Investigator>
<FirstName>Gerald</FirstName>
<LastName>Meyer</LastName>
<EmailAddress>gjmeyer@email.unc.edu</EmailAddress>
<StartDate>04/06/2018</StartDate>
<EndDate/>
<RoleCode>Principal Investigator</RoleCode>
</Investigator>
<Institution>
<Name>University of North Carolina at Chapel Hill</Name>
<CityName>CHAPEL HILL</CityName>
<ZipCode>275991350</ZipCode>
<PhoneNumber>9199663411</PhoneNumber>
<StreetAddress>104 AIRPORT DR STE 2200</StreetAddress>
<CountryName>United States</CountryName>
<StateName>North Carolina</StateName>
<StateCode>NC</StateCode>
</Institution>
<ProgramElement>
<Code>9102</Code>
<Text>Chem Struct,Dynmcs&amp;Mechansms B</Text>
</ProgramElement>
<ProgramReference>
<Code>8396</Code>
<Text>Clean Energy Technology</Text>
</ProgramReference>
<ProgramReference>
<Code>8607</Code>
<Text>Solar Energy Capture&amp;Conver</Text>
</ProgramReference>
<ProgramReference>
<Code>8650</Code>
<Text>Sustainable Chemistry</Text>
</ProgramReference>
</Award>
</rootTag>
