<?xml version="1.0" encoding="UTF-8"?>
<rootTag>
<Award>
<AwardTitle>Research Initiation Award: Mechanisms of Interaction of Glyco-gag with Restriction Factors</AwardTitle>
<AwardEffectiveDate>04/01/2018</AwardEffectiveDate>
<AwardExpirationDate>03/31/2021</AwardExpirationDate>
<AwardAmount>299961</AwardAmount>
<AwardInstrument>
<Value>Standard Grant</Value>
</AwardInstrument>
<Organization>
<Code>11060000</Code>
<Directorate>
<LongName>Direct For Education and Human Resources</LongName>
</Directorate>
<Division>
<LongName>Division Of Human Resource Development</LongName>
</Division>
</Organization>
<ProgramOfficer>
<SignBlockName>clytrice watson</SignBlockName>
</ProgramOfficer>
<AbstractNarration>Research Initiation Awards provide support for junior and mid-career faculty at Historically Black Colleges and Universities who are building new research programs or redirecting and rebuilding existing programs. It is expected that the award helps to further the faculty member's research capability and effectiveness, improves research and teaching at the home institution, and involves undergraduate students in research experiences. The award to Savannah State University will provide significant broader impacts by providing hands-on research training and career development opportunities to underrepresented minority (URM) students through strong mentor-mentee interactions, by advancing research capability of the biology department, and by adding new topics and activities in several classes. &lt;br/&gt;&lt;br/&gt;As a consequence of the continuous arms race between hosts and viruses, both hosts and viruses show signatures of adoption in their genome. While hosts have developed restriction factors that limit viral replication in the infected cells, some viruses have acquired their own unique accessory proteins that could counteract the host restriction factors. Recent reports have demonstrated that one accessory protein in a mouse gammaretrovirus can facilitate its replication by counteracting two host restriction factors through unknown mechanisms, and it will be a powerful tool to clarify novel mechanisms in host-viral interactions. The long-term goal of this project is to clarify the detailed mechanisms of host-virus interactions, and determine how viral accessory proteins regulate viral replication at cellular and organismal levels. The proposal aims to identify and characterize new viral proteins that can counteract host factors, clarify how the retroviral proteins interact with the host factors, and describe host-virus co-evolution through computational analysis. The expected outcomes will advance knowledge on fundamental aspects of innate-immunity and host-virus co-evolution, and thus will substantially enhance understanding and advance fundamental knowledge in genetics, virology and cell biology.&lt;br/&gt;&lt;br/&gt;This award reflects NSF's statutory mission and has been deemed worthy of support through evaluation using the Foundation's intellectual merit and broader impacts review criteria.</AbstractNarration>
<MinAmdLetterDate>03/20/2018</MinAmdLetterDate>
<MaxAmdLetterDate>03/20/2018</MaxAmdLetterDate>
<ARRAAmount/>
<AwardID>1800683</AwardID>
<Investigator>
<FirstName>Takayuki</FirstName>
<LastName>Nitta</LastName>
<EmailAddress>nittat@savannahstate.edu</EmailAddress>
<StartDate>03/20/2018</StartDate>
<EndDate/>
<RoleCode>Principal Investigator</RoleCode>
</Investigator>
<Institution>
<Name>Savannah State University</Name>
<CityName>Savannah</CityName>
<ZipCode>314049703</ZipCode>
<PhoneNumber>9123584277</PhoneNumber>
<StreetAddress>State College Branch</StreetAddress>
<CountryName>United States</CountryName>
<StateName>Georgia</StateName>
<StateCode>GA</StateCode>
</Institution>
<ProgramElement>
<Code>1594</Code>
<Text>HIST BLACK COLLEGES AND UNIV</Text>
</ProgramElement>
<ProgramReference>
<Code>9178</Code>
<Text>UNDERGRADUATE EDUCATION</Text>
</ProgramReference>
<ProgramReference>
<Code>9264</Code>
<Text>RESEARCH INITIATION AWARD</Text>
</ProgramReference>
</Award>
</rootTag>
