<?xml version="1.0" encoding="UTF-8"?>
<rootTag>
<Award>
<AwardTitle>Operator Algebra Theory in Applications</AwardTitle>
<AwardEffectiveDate>06/01/2018</AwardEffectiveDate>
<AwardExpirationDate>05/31/2021</AwardExpirationDate>
<AwardAmount>89719</AwardAmount>
<AwardInstrument>
<Value>Continuing grant</Value>
</AwardInstrument>
<Organization>
<Code>03040000</Code>
<Directorate>
<LongName>Direct For Mathematical &amp; Physical Scien</LongName>
</Directorate>
<Division>
<LongName>Division Of Mathematical Sciences</LongName>
</Division>
</Organization>
<ProgramOfficer>
<SignBlockName>Kevin Clancey</SignBlockName>
</ProgramOfficer>
<AbstractNarration>Order matters. In real life it is easy to observe that the order of certain operations greatly change the final outcome. As an example one may think of heating water and adding oil. After almost a century mathematicians have finally embraced the challenge from quantum mechanics and developed a theory which allows to study noncommuting operations. The work funded in this project will take this challenge literally and study classical operations from calculus and introduce an order dependence for space, time and all the operations performed in space and time. A particular range of applications of the theoretical work will gain new insights in quantum information theory. Quantum information theory modifies Shannon's theory of sending reliable information through noisy channels to quantum devices in the hope of taking advantage of "teleportation" or other non-traditional "spooky behaviour."&lt;br/&gt;&lt;br/&gt;More concretely, the proposed work aims to study the connection between noncommutative geometry and noncommutative harmonic analysis. The goal is to adapt some terminology from noncommutative geometry, for example curvature, and show that it an be used for estimates involving Laplace and Dirac operators on noncommutative spaces. The work in quantum information theory will develop inequalities for entropy related expressions and apply them to notions of capacity, asymmetry and time to equilibrium.&lt;br/&gt;&lt;br/&gt;This award reflects NSF's statutory mission and has been deemed worthy of support through evaluation using the Foundation's intellectual merit and broader impacts review criteria.</AbstractNarration>
<MinAmdLetterDate>06/05/2018</MinAmdLetterDate>
<MaxAmdLetterDate>06/05/2018</MaxAmdLetterDate>
<ARRAAmount/>
<AwardID>1800872</AwardID>
<Investigator>
<FirstName>Marius</FirstName>
<LastName>Junge</LastName>
<EmailAddress>mjunge@illinois.edu</EmailAddress>
<StartDate>06/05/2018</StartDate>
<EndDate/>
<RoleCode>Principal Investigator</RoleCode>
</Investigator>
<Institution>
<Name>University of Illinois at Urbana-Champaign</Name>
<CityName>CHAMPAIGN</CityName>
<ZipCode>618207473</ZipCode>
<PhoneNumber>2173332187</PhoneNumber>
<StreetAddress>SUITE A</StreetAddress>
<CountryName>United States</CountryName>
<StateName>Illinois</StateName>
<StateCode>IL</StateCode>
</Institution>
<ProgramElement>
<Code>1281</Code>
<Text>ANALYSIS PROGRAM</Text>
</ProgramElement>
<ProgramReference>
<Code>057Z</Code>
<Text>(QL) Quantum Leap</Text>
</ProgramReference>
<ProgramReference>
<Code>7203</Code>
<Text>QUANTUM INFORMATION SCIENCE</Text>
</ProgramReference>
</Award>
</rootTag>
