<?xml version="1.0" encoding="UTF-8"?>
<rootTag>
<Award>
<AwardTitle>Stochastic Differential Equations, Heat Kernel Analysis, and Random Matrix Theory</AwardTitle>
<AwardEffectiveDate>07/01/2018</AwardEffectiveDate>
<AwardExpirationDate>06/30/2021</AwardExpirationDate>
<AwardAmount>210000</AwardAmount>
<AwardInstrument>
<Value>Standard Grant</Value>
</AwardInstrument>
<Organization>
<Code>03040000</Code>
<Directorate>
<LongName>Direct For Mathematical &amp; Physical Scien</LongName>
</Directorate>
<Division>
<LongName>Division Of Mathematical Sciences</LongName>
</Division>
</Organization>
<ProgramOfficer>
<SignBlockName>Edward Taylor</SignBlockName>
</ProgramOfficer>
<AbstractNarration>Random processes dominate our world: from the fluctuations of stock prices, to the large-scale behavior of queueing systems in computer or biological networks, to the core behavior of quantum systems.  Most science and engineering problems in part boil down to separating random noise from structure, or sometimes utilizing random noise to amplify structure.  One of the great triumphs of 20th Century science was the development of many robust tools for understanding and analyzing random noise in many kinds of systems.  One such set of tools is stochastic analysis, which presents a rigorous mathematical treatment of ideas that first appeared in physics, adding random noise to the equations of state that describe our world.  These so-called stochastic differential equations have playing a fundamental role in advancing our knowledge in many area: economics, systems engineering, biological dynamics, and within mathematics, with applications to fields like differential geometry and quantum information theory.&lt;br/&gt;&lt;br/&gt;This project addresses questions relating stochastic differential equations, heat kernel analysis, and random matrix theory. The central theme is understanding how differential equations with some randomness affect the evolution of eigenvalues of random matrices. These ideas connect with geometry, since the flow of heat on Lie groups (groups of continuous symmetries of geometric objects) can be characterized by such matrix stochastic differential equations.  Herein, ten research projects are proposed which yield connections between these topics and applications to others.  Generally, these problems can be described as studying the large-dimension asymptotic behavior of geometrically-motivated matrix-valued stochastic differential equations.  Of particular note are questions related to the fine (edge) structure of Brownian motion on high dimensional Lie groups from the classical compact families.  The intended research, upon completion, will settle several interesting open questions and present a major contribution both to the theory of stochastic differential equations and random matrix theory.&lt;br/&gt;&lt;br/&gt;This award reflects NSF's statutory mission and has been deemed worthy of support through evaluation using the Foundation's intellectual merit and broader impacts review criteria.</AbstractNarration>
<MinAmdLetterDate>06/06/2018</MinAmdLetterDate>
<MaxAmdLetterDate>06/06/2018</MaxAmdLetterDate>
<ARRAAmount/>
<AwardID>1800733</AwardID>
<Investigator>
<FirstName>Todd</FirstName>
<LastName>Kemp</LastName>
<EmailAddress>tkemp@math.ucsd.edu</EmailAddress>
<StartDate>06/06/2018</StartDate>
<EndDate/>
<RoleCode>Principal Investigator</RoleCode>
</Investigator>
<Institution>
<Name>University of California-San Diego</Name>
<CityName>La Jolla</CityName>
<ZipCode>920930621</ZipCode>
<PhoneNumber>8585344896</PhoneNumber>
<StreetAddress>Office of Contract &amp; Grant Admin</StreetAddress>
<CountryName>United States</CountryName>
<StateName>California</StateName>
<StateCode>CA</StateCode>
</Institution>
<ProgramElement>
<Code>1263</Code>
<Text>PROBABILITY</Text>
</ProgramElement>
<ProgramElement>
<Code>1281</Code>
<Text>ANALYSIS PROGRAM</Text>
</ProgramElement>
<ProgramReference>
<Code>9251</Code>
<Text>RES EXPER FOR UNDERGRAD-SUPPLT</Text>
</ProgramReference>
</Award>
</rootTag>
