<?xml version="1.0" encoding="UTF-8"?>
<rootTag>
<Award>
<AwardTitle>Statistical Properties of Hyperbolic Dynamical Systems and Applications to Statistical Physics</AwardTitle>
<AwardEffectiveDate>07/01/2018</AwardEffectiveDate>
<AwardExpirationDate>06/30/2021</AwardExpirationDate>
<AwardAmount>75161</AwardAmount>
<AwardInstrument>
<Value>Continuing grant</Value>
</AwardInstrument>
<Organization>
<Code>03040000</Code>
<Directorate>
<LongName>Direct For Mathematical &amp; Physical Scien</LongName>
</Directorate>
<Division>
<LongName>Division Of Mathematical Sciences</LongName>
</Division>
</Organization>
<ProgramOfficer>
<SignBlockName>Yunping Jiang</SignBlockName>
</ProgramOfficer>
<AbstractNarration>It is practically impossible the predict the future behavior of one trajectory in a chaotic dynamical system as any small measurement error leads to huge uncertainty in relatively short amount of time. Many such chaotic systems have been proposed in both the mathematics and physics literature to model some real-life phenomena. For example, a deterministic system of interacting particles could model the microscopic motion of electrons. This research project studies such systems. The goal is to prove, in a mathematically rigorous way, that these systems on the long run behave as if they were random. Consequently, ideas from the theory of random processes can be applied to derive the emergence of statistical macroscopic order from microscopic disorder, that is when the system size or the time of observation is large and the initial state is typical. For the above-mentioned example, this approach provides a derivation of the heat equation from some microscopic deterministic models, which is a central question in the mathematical theory of statistical physics.&lt;br/&gt;&lt;br/&gt;Specifically, three research projects will be studied. In the first one, some large system of deterministic interacting balls is considered. Motivated by the common separation of time scale phenomenon is physics, a so called rare interaction limit will be studied, that is when the system can be approximated by independent Sinai billiard particles between any pair interactions. The second project is about advanced statistical properties of hyperbolic systems in both finite and infinite measure case. For example, the local central limit theorem, as a very useful tool in many applications including project one, as well as its connections to infinite measure mixing will be studied for hyperbolic maps and flows. The third project studies stochastic systems of interacting particles. The problems to be studied include the emergence of local equilibrium for systems forced out of equilibrium and joint transport of mass and energy.&lt;br/&gt;&lt;br/&gt;This award reflects NSF's statutory mission and has been deemed worthy of support through evaluation using the Foundation's intellectual merit and broader impacts review criteria.</AbstractNarration>
<MinAmdLetterDate>05/03/2018</MinAmdLetterDate>
<MaxAmdLetterDate>05/03/2018</MaxAmdLetterDate>
<ARRAAmount/>
<AwardID>1800811</AwardID>
<Investigator>
<FirstName>Peter</FirstName>
<LastName>Nandori</LastName>
<EmailAddress>nandoripeter@gmail.com</EmailAddress>
<StartDate>05/03/2018</StartDate>
<EndDate/>
<RoleCode>Principal Investigator</RoleCode>
</Investigator>
<Institution>
<Name>University of Maryland College Park</Name>
<CityName>COLLEGE PARK</CityName>
<ZipCode>207425141</ZipCode>
<PhoneNumber>3014056269</PhoneNumber>
<StreetAddress>3112 LEE BLDG 7809 Regents Drive</StreetAddress>
<CountryName>United States</CountryName>
<StateName>Maryland</StateName>
<StateCode>MD</StateCode>
</Institution>
<ProgramElement>
<Code>1281</Code>
<Text>ANALYSIS PROGRAM</Text>
</ProgramElement>
</Award>
</rootTag>
