<?xml version="1.0" encoding="UTF-8"?>
<rootTag>
<Award>
<AwardTitle>National Science Foundation (NSF) Geospace Environment Modeling (GEM) Workshop Coordination: 2019-2023</AwardTitle>
<AwardEffectiveDate>03/15/2018</AwardEffectiveDate>
<AwardExpirationDate>02/29/2024</AwardExpirationDate>
<AwardAmount>9914</AwardAmount>
<AwardInstrument>
<Value>Continuing grant</Value>
</AwardInstrument>
<Organization>
<Code>06020202</Code>
<Directorate>
<LongName>Directorate For Geosciences</LongName>
</Directorate>
<Division>
<LongName>Div Atmospheric &amp; Geospace Sciences</LongName>
</Division>
</Organization>
<ProgramOfficer>
<SignBlockName>Carrie E. Black</SignBlockName>
</ProgramOfficer>
<AbstractNarration>This grant is to support the organization of the NSF Geospace Environment Modeling (GEM) Workshop Coordination for 2019-2023. The National Science Foundation (NSF) GEM program is a cornerstone of NSF's Magnetospheric Physics Program which supports the study of the physics of the magnetosphere and the coupling of the magnetosphere to the atmosphere and to the solar wind. The GEM program focuses on the development of global magnetospheric models. The success of this effort depends on open cooperation and exchange of ideas and the development and sharing of models. Through various data-model challenges, models are compared and validated in an open and constructive process. The means of achieving the open communication and cooperation required for GEM lies largely in the regular GEM workshops. This workshop award supports the science of the program by providing an opportunity for Principal Investigators (PIs) and students present results and discuss outstanding issues in an interactive setting. There are two GEM workshops each year: the week-long GEM Summer workshop in June which includes a student day and the one-day Mini-GEM workshop in December which is held the Sunday before the American Geophysical Union's Fall meeting. This award provides coordination support for both GEM workshops and travel support for approximately 75 students to attend the Summer workshop. &lt;br/&gt;&lt;br/&gt;Basic research in magnetospheric physics is a critical component of the National Space Weather Action Plan and associated efforts. The magnetosphere is the dynamic force field protecting Earth from Solar radiation. Space Weather impacts on Earth occur in and propagate through the magnetosphere. The severity of the impacts depends on the condition of the magnetosphere at the time of impact. Scientific modeling of the magnetosphere is critical for building the tools that can transition to operationally relevant models. Another very important component of the GEM workshops is a strong student-oriented educational element. The majority of this award is for support of student participation in the GEM Summer workshops. Most of the student support is directed toward graduate students but may also toward very talented undergraduate students (attending a U.S. university). In large part, the GEM workshops act to mentor the students and facilitate the transition from student to researcher in the science community. Students have the opportunity to participate fully in the focus group sessions and to present their research in poster sessions that enable detailed discussion and interaction with the broader magnetospheric community. The GEM student organization has been formalized with student leaders and a student-only meeting including tutorial lectures.&lt;br/&gt;&lt;br/&gt;This award reflects NSF's statutory mission and has been deemed worthy of support through evaluation using the Foundation's intellectual merit and broader impacts review criteria.</AbstractNarration>
<MinAmdLetterDate>03/05/2018</MinAmdLetterDate>
<MaxAmdLetterDate>04/10/2018</MaxAmdLetterDate>
<ARRAAmount/>
<AwardID>1800948</AwardID>
<Investigator>
<FirstName>Jichun</FirstName>
<LastName>Zhang</LastName>
<EmailAddress>jichun.zhang01@gmail.com</EmailAddress>
<StartDate>03/05/2018</StartDate>
<EndDate>04/10/2018</EndDate>
<RoleCode>Former Principal Investigator</RoleCode>
</Investigator>
<Investigator>
<FirstName>Christopher</FirstName>
<LastName>Mouikis</LastName>
<EmailAddress>chris.mouikis@unh.edu</EmailAddress>
<StartDate>04/10/2018</StartDate>
<EndDate/>
<RoleCode>Principal Investigator</RoleCode>
</Investigator>
<Institution>
<Name>University of New Hampshire</Name>
<CityName>Durham</CityName>
<ZipCode>038243585</ZipCode>
<PhoneNumber>6038622172</PhoneNumber>
<StreetAddress>51 COLLEGE RD SERVICE BLDG 107</StreetAddress>
<CountryName>United States</CountryName>
<StateName>New Hampshire</StateName>
<StateCode>NH</StateCode>
</Institution>
<ProgramElement>
<Code>5750</Code>
<Text>MAGNETOSPHERIC PHYSICS</Text>
</ProgramElement>
<ProgramReference>
<Code>7556</Code>
<Text>CONFERENCE AND WORKSHOPS</Text>
</ProgramReference>
<ProgramReference>
<Code>9150</Code>
<Text>EXP PROG TO STIM COMP RES</Text>
</ProgramReference>
</Award>
</rootTag>
