<?xml version="1.0" encoding="UTF-8"?>
<rootTag>
<Award>
<AwardTitle>Advanced Technology Environmental Education Center: Resources to Improve Water Environmental Technology Education</AwardTitle>
<AwardEffectiveDate>10/01/2018</AwardEffectiveDate>
<AwardExpirationDate>09/30/2021</AwardExpirationDate>
<AwardAmount>600000</AwardAmount>
<AwardInstrument>
<Value>Standard Grant</Value>
</AwardInstrument>
<Organization>
<Code>11040100</Code>
<Directorate>
<LongName>Direct For Education and Human Resources</LongName>
</Directorate>
<Division>
<LongName>Division Of Undergraduate Education</LongName>
</Division>
</Organization>
<ProgramOfficer>
<SignBlockName>V. Celeste  Carter</SignBlockName>
</ProgramOfficer>
<AbstractNarration>Water and wastewater technician jobs are growing faster than average amid concerns about source water availability, aging infrastructure, water quality, remediation, and workforce issues. These jobs are regulated, cannot be outsourced, and survive economic downturn because humans need clean drinking water and wastewater treatment for health.  In addition, businesses and industries need clean water and wastewater treatment to safely produce goods and services. The Advanced Technology Environmental Education Center will support growth of leadership and program capacity in water environmental technology.  To achieve this goal, the Advanced Technology Environmental Education Center will provide the nation's high schools, technical and community colleges, and the ATE community with educational materials, professional association, and business and industry information, contacts, research, evaluation, and mentoring.&lt;br/&gt;&lt;br/&gt;The Advanced Technology Environmental Education Center will: 1) update the current website and create a new Toolbox for educator information; 2) support and mentor prospective PIs to start or improve water environmental technology programs; 3) coordinate and support additional water environmental technology business, industry and academic partnerships; 4) promote technician careers and the public image in the water environmental technology field; 4) screen, validate, update and broadly distribute materials, curricula, pedagogical practices, projects and appropriate sources including supporting the adaption and implementation at new institutions of materials; and 5) connect and support PIs within the water environmental technology area. It is expected that broader use of Advanced Technology Environmental Education Center materials and curricula will result in an increased number of technicians in water environmental technology jobs, helping the Nation meet the growing need for a skilled, diverse workforce in advanced technology fields.&lt;br/&gt;&lt;br/&gt;This award reflects NSF's statutory mission and has been deemed worthy of support through evaluation using the Foundation's intellectual merit and broader impacts review criteria.</AbstractNarration>
<MinAmdLetterDate>04/05/2018</MinAmdLetterDate>
<MaxAmdLetterDate>04/05/2018</MaxAmdLetterDate>
<ARRAAmount/>
<AwardID>1800979</AwardID>
<Investigator>
<FirstName>Paul</FirstName>
<LastName>Bishop</LastName>
<EmailAddress>pbishop@abccert.org</EmailAddress>
<StartDate>04/05/2018</StartDate>
<EndDate/>
<RoleCode>Co-Principal Investigator</RoleCode>
</Investigator>
<Investigator>
<FirstName>Ellen</FirstName>
<LastName>Kabat Lensch</LastName>
<EmailAddress>ekabatlensch@eicc.edu</EmailAddress>
<StartDate>04/05/2018</StartDate>
<EndDate/>
<RoleCode>Principal Investigator</RoleCode>
</Investigator>
<Institution>
<Name>Eastern Iowa Community College</Name>
<CityName>Davenport</CityName>
<ZipCode>528011419</ZipCode>
<PhoneNumber>5633363300</PhoneNumber>
<StreetAddress>101 W Third Street</StreetAddress>
<CountryName>United States</CountryName>
<StateName>Iowa</StateName>
<StateCode>IA</StateCode>
</Institution>
<ProgramElement>
<Code>7412</Code>
<Text>ADVANCED TECH EDUCATION PROG</Text>
</ProgramElement>
<ProgramReference>
<Code>1032</Code>
<Text>ADVANCED TECHNOLOGY EDUCATION</Text>
</ProgramReference>
<ProgramReference>
<Code>9178</Code>
<Text>UNDERGRADUATE EDUCATION</Text>
</ProgramReference>
<ProgramReference>
<Code>SMET</Code>
<Text>SCIENCE, MATH, ENG &amp; TECH EDUCATION</Text>
</ProgramReference>
</Award>
</rootTag>
