<?xml version="1.0" encoding="UTF-8"?>
<rootTag>
<Award>
<AwardTitle>Development of New Catalytic Reactions for the Synthesis of Natural Products</AwardTitle>
<AwardEffectiveDate>06/15/2018</AwardEffectiveDate>
<AwardExpirationDate>05/31/2022</AwardExpirationDate>
<AwardAmount>300000</AwardAmount>
<AwardInstrument>
<Value>Continuing grant</Value>
</AwardInstrument>
<Organization>
<Code>03090000</Code>
<Directorate>
<LongName>Direct For Mathematical &amp; Physical Scien</LongName>
</Directorate>
<Division>
<LongName>Division Of Chemistry</LongName>
</Division>
</Organization>
<ProgramOfficer>
<SignBlockName>Tarek Sammakia</SignBlockName>
</ProgramOfficer>
<AbstractNarration>Chemical synthesis plays an important and often rate-limiting role in the fields of molecular medicine, agrochemicals, flavors and fragrances, and materials science. The development and application of new, selective, and efficient processes for the synthesis of functional molecules is therefore a fundamental area of research with broad societal impact. Dr. Sarah Reisman's research funded by this award is investigating new catalytic reactions as key carbon-carbon bond constructions for the synthesis of complex molecules with improved efficiency using the inexpensive and abundant metal, nickel. The research team is developing new reactions that couple different reaction partners as strategic steps in the synthesis of biologically active molecules. These investigations are providing more efficient and sustainable access to molecules with applications in medicine and agrochemicals. Dr. Reisman is engaged in outreach activities focused on improving curriculum for science, technology, engineering and mathematics (STEM) education in the Pasadena Unified School District, with a specific interest in encouraging young women to pursue STEM careers. &lt;br/&gt;&lt;br/&gt;With funding from the Chemical Synthesis Program of the Chemistry Division, Dr. Sarah Reisman at the California Institute of Technology is developing Ni-catalyzed cross-electrophile coupling (CEC) reactions as strategic reactions for natural product total synthesis. Advances in the synthesis of structurally complex, functional molecules are driven by the development of new synthetic methods to prepare carbon-carbon and carbon-heteroatom bonds, and the incorporation of these methods into increasingly sophisticated synthetic strategies. Dr. Reisman and her research team are developing new Ni-catalyzed double asymmetric reductive alkenylation reactions to prepare macrocycles, and Ni-catalyzed convergent fragment coupling reactions to prepare diterpenoid natural products. This research is contributing fundamental studies of Ni-catalyzed cross- electrophile coupling reactions, and demonstrating how Ni-catalyzed C(sp2)-C(sp3) bond constructions can be incorporated into synthetic strategy. In partnership with the Caltech Center for Teaching, Learning, and Outreach and the Community Science Academy, Dr. Reisman is developing organic chemistry experiments to enhance high school science curriculum in the Pasadena Unified School District (PUSD).&lt;br/&gt;&lt;br/&gt;This award reflects NSF's statutory mission and has been deemed worthy of support through evaluation using the Foundation's intellectual merit and broader impacts review criteria.</AbstractNarration>
<MinAmdLetterDate>06/12/2018</MinAmdLetterDate>
<MaxAmdLetterDate>06/12/2018</MaxAmdLetterDate>
<ARRAAmount/>
<AwardID>1800536</AwardID>
<Investigator>
<FirstName>Sarah</FirstName>
<LastName>Reisman</LastName>
<EmailAddress>reisman@caltech.edu</EmailAddress>
<StartDate>06/12/2018</StartDate>
<EndDate/>
<RoleCode>Principal Investigator</RoleCode>
</Investigator>
<Institution>
<Name>California Institute of Technology</Name>
<CityName>PASADENA</CityName>
<ZipCode>911250600</ZipCode>
<PhoneNumber>6263956219</PhoneNumber>
<StreetAddress>1200 E California Blvd</StreetAddress>
<CountryName>United States</CountryName>
<StateName>California</StateName>
<StateCode>CA</StateCode>
</Institution>
<ProgramElement>
<Code>6878</Code>
<Text>Chemical Synthesis</Text>
</ProgramElement>
<ProgramReference>
<Code>8037</Code>
<Text>Advanced Manufacturing</Text>
</ProgramReference>
<ProgramReference>
<Code>8676</Code>
<Text>Critical Elements</Text>
</ProgramReference>
</Award>
</rootTag>
