<?xml version="1.0" encoding="UTF-8"?>
<rootTag>
<Award>
<AwardTitle>(Collaborative Research) A Collaborative Approach to Work-Based Learning: Addressing the Needs of Community College Biotechnology Students and their Research University Mentors</AwardTitle>
<AwardEffectiveDate>07/01/2018</AwardEffectiveDate>
<AwardExpirationDate>06/30/2021</AwardExpirationDate>
<AwardAmount>132989</AwardAmount>
<AwardInstrument>
<Value>Standard Grant</Value>
</AwardInstrument>
<Organization>
<Code>11040100</Code>
<Directorate>
<LongName>Direct For Education and Human Resources</LongName>
</Directorate>
<Division>
<LongName>Division Of Undergraduate Education</LongName>
</Division>
</Organization>
<ProgramOfficer>
<SignBlockName>rupa iyer</SignBlockName>
</ProgramOfficer>
<AbstractNarration>Although technical training at community colleges can prepare students for work in the biotechnology industry, industry and academic employers are sometimes hesitant to hire students with less than bachelor-level degrees. Successful internship programs that integrate work-based learning and undergraduate research experiences can increase the competitiveness of community college-trained students for these positions. The City College of San Francisco (CCSF) is collaborating with the Office of Career Planning and Development at the University of California, San Francisco (UCSF) to address this problem.  This collaboration aims to align the Biotechnology Internship program at CCSF with the PhD-level Mentor Training program at UCSF. The CCSF students will work on research projects under supervision of UCSF mentors, while both are being trained on how to build effective mentor/intern relationships.  In this way, the project will support productive relationships between UCSF mentors and their CCSF interns. This collaborative mentor/intern model is expected to help the interns develop technical and employability skills, and help mentors enhance their ability to train and supervise a diverse workforce. &lt;br/&gt;&lt;br/&gt;The goals of this project are to increase the number of CCSF interns who work with trained UCSF mentors and to improve the quality of the intern-mentor relationship.  The project aims to achieve these goals through an evidence-based, iterative approach to curriculum and program development by: a) identifying the needs of the CCSF students and their UCSF mentors; b) modifying the CCSF Internship and UCSF Mentor Training programs to respond to unaddressed needs; and c) examining whether joint interventions to align both training curricula improves the intern's and mentor's experience.  The project includes a research component that can contribute new knowledge about and understanding of practices that increase the success of mentored research experiences.  Furthermore, enhanced curricula, interventions, and tools identified by this project can be used more broadly to develop and enhance professional development for internship programs, graduate and postdoctoral training of mentors, faculty training, and industry professional training, with a focus on improved retention of diverse student populations.&lt;br/&gt;&lt;br/&gt;This award reflects NSF's statutory mission and has been deemed worthy of support through evaluation using the Foundation's intellectual merit and broader impacts review criteria.</AbstractNarration>
<MinAmdLetterDate>04/05/2018</MinAmdLetterDate>
<MaxAmdLetterDate>04/05/2018</MaxAmdLetterDate>
<ARRAAmount/>
<AwardID>1800998</AwardID>
<Investigator>
<FirstName>Naledi</FirstName>
<LastName>Saul</LastName>
<EmailAddress>Naledi.Saul@ucsf.edu</EmailAddress>
<StartDate>04/05/2018</StartDate>
<EndDate/>
<RoleCode>Co-Principal Investigator</RoleCode>
</Investigator>
<Investigator>
<FirstName>Laurence</FirstName>
<LastName>Clement</LastName>
<EmailAddress>Laurence.Clement@ucsf.edu</EmailAddress>
<StartDate>04/05/2018</StartDate>
<EndDate/>
<RoleCode>Principal Investigator</RoleCode>
</Investigator>
<Institution>
<Name>University of California-San Francisco</Name>
<CityName>San Francisco</CityName>
<ZipCode>941034249</ZipCode>
<PhoneNumber>4154762977</PhoneNumber>
<StreetAddress>1855 Folsom St Ste 425</StreetAddress>
<CountryName>United States</CountryName>
<StateName>California</StateName>
<StateCode>CA</StateCode>
</Institution>
<ProgramElement>
<Code>7412</Code>
<Text>ADVANCED TECH EDUCATION PROG</Text>
</ProgramElement>
<ProgramReference>
<Code>1032</Code>
<Text>ADVANCED TECHNOLOGY EDUCATION</Text>
</ProgramReference>
<ProgramReference>
<Code>9178</Code>
<Text>UNDERGRADUATE EDUCATION</Text>
</ProgramReference>
<ProgramReference>
<Code>SMET</Code>
<Text>SCIENCE, MATH, ENG &amp; TECH EDUCATION</Text>
</ProgramReference>
</Award>
</rootTag>
