<?xml version="1.0" encoding="UTF-8"?>
<rootTag>
<Award>
<AwardTitle>Inverse Boundary Problems</AwardTitle>
<AwardEffectiveDate>07/01/2018</AwardEffectiveDate>
<AwardExpirationDate>06/30/2021</AwardExpirationDate>
<AwardAmount>89999</AwardAmount>
<AwardInstrument>
<Value>Continuing grant</Value>
</AwardInstrument>
<Organization>
<Code>03040000</Code>
<Directorate>
<LongName>Direct For Mathematical &amp; Physical Scien</LongName>
</Directorate>
<Division>
<LongName>Division Of Mathematical Sciences</LongName>
</Division>
</Organization>
<ProgramOfficer>
<SignBlockName>Justin Holmer</SignBlockName>
</ProgramOfficer>
<AbstractNarration>In inverse boundary problems one attempts to determine the internal properties of a medium by making measurements at the boundary of the medium. In other words, can one "see" what is inside by making measurements on the outside?  An example are CT scans, a commonly used medical imaging technique. One measures the response of the body to X-rays and makes an image of what is inside from this information. The principal investigator will investigate ultrasound transmission and reflection tomography which uses high frequency sound waves instead of X-rays.  Also several inverse problems in cosmology will be considered. The main questions is whether one can determine the structure of the Universe billions of years ago from measurements made near the Earth.&lt;br/&gt;&lt;br/&gt;The principal investigator will address the mathematical theory of several fundamental inverse problems arising in many areas of science and technology including medical imaging, geophysics, cosmology, and nondestructive testing. Three major topics of research will be investigated. The first one is Travel Time Tomography in anisotropic media. In mathematical terms this involves the determination of a Riemannian metric  or Finsler metric (anisotropic sound speed) in the interior of a domain from the lengths of geodesics joining points of the boundary (travel times) and from other kinematic information. The second is inverse problems for non-linear equations arising in many applications including general relativity, elasticity, fluids etc. The main idea is to use the nonlinear interaction of waves to produce new waves that will help solve the inverse problems. The third is Electric Impedance Tomography (EIT), also called Calderon's problem. In this inverse method one attempts to determine the conductivity of a medium by making voltage and current measurements at the boundary. In the project the quasilinear case will be considered as well as an analog problem for the fractional Laplacian.&lt;br/&gt;&lt;br/&gt;This award reflects NSF's statutory mission and has been deemed worthy of support through evaluation using the Foundation's intellectual merit and broader impacts review criteria.</AbstractNarration>
<MinAmdLetterDate>05/04/2018</MinAmdLetterDate>
<MaxAmdLetterDate>05/04/2018</MaxAmdLetterDate>
<ARRAAmount/>
<AwardID>1800453</AwardID>
<Investigator>
<FirstName>Gunther</FirstName>
<LastName>Uhlmann</LastName>
<EmailAddress>gunther@math.washington.edu</EmailAddress>
<StartDate>05/04/2018</StartDate>
<EndDate/>
<RoleCode>Principal Investigator</RoleCode>
</Investigator>
<Institution>
<Name>University of Washington</Name>
<CityName>Seattle</CityName>
<ZipCode>981950001</ZipCode>
<PhoneNumber>2065434043</PhoneNumber>
<StreetAddress>4333 Brooklyn Ave NE</StreetAddress>
<CountryName>United States</CountryName>
<StateName>Washington</StateName>
<StateCode>WA</StateCode>
</Institution>
<ProgramElement>
<Code>1281</Code>
<Text>ANALYSIS PROGRAM</Text>
</ProgramElement>
</Award>
</rootTag>
