<?xml version="1.0" encoding="UTF-8"?>
<rootTag>
<Award>
<AwardTitle>ICM 2018 Harmonic Analysis Satellite Conference</AwardTitle>
<AwardEffectiveDate>05/01/2018</AwardEffectiveDate>
<AwardExpirationDate>04/30/2019</AwardExpirationDate>
<AwardAmount>36000</AwardAmount>
<AwardInstrument>
<Value>Standard Grant</Value>
</AwardInstrument>
<Organization>
<Code>03040000</Code>
<Directorate>
<LongName>Direct For Mathematical &amp; Physical Scien</LongName>
</Directorate>
<Division>
<LongName>Division Of Mathematical Sciences</LongName>
</Division>
</Organization>
<ProgramOfficer>
<SignBlockName>Yunping Jiang</SignBlockName>
</ProgramOfficer>
<AbstractNarration>This award provides funding for US-based participants in "ICM 2018 Harmonic Analysis Satellite Conference" from July 24 to July 29, 2018 in Rio Grande do Sul, Brazil. The conference is devoted to recent developments in harmonic analysis and many applications to other disciplines. This conference will feature approximately 30 speakers of the highest international level in the field, which have been carefully recommended by the Scientific Committee. The fund is used to support US based Plenary Speakers who do not have Federal Funding and US based junior, minority, and/or female researchers, priority given to those presenting short talks or posters in the conference. &lt;br/&gt;&lt;br/&gt;More information will be made available at: http://www.ufrgs.br/haicm2018&lt;br/&gt;&lt;br/&gt;This award reflects NSF's statutory mission and has been deemed worthy of support through evaluation using the Foundation's intellectual merit and broader impacts review criteria.</AbstractNarration>
<MinAmdLetterDate>11/28/2017</MinAmdLetterDate>
<MaxAmdLetterDate>11/28/2017</MaxAmdLetterDate>
<ARRAAmount/>
<AwardID>1800587</AwardID>
<Investigator>
<FirstName>Maria</FirstName>
<LastName>Pereyra</LastName>
<EmailAddress>crisp@math.unm.edu</EmailAddress>
<StartDate>11/28/2017</StartDate>
<EndDate/>
<RoleCode>Principal Investigator</RoleCode>
</Investigator>
<Institution>
<Name>University of New Mexico</Name>
<CityName>Albuquerque</CityName>
<ZipCode>871310001</ZipCode>
<PhoneNumber>5052774186</PhoneNumber>
<StreetAddress>1700 Lomas Blvd. NE, Suite 2200</StreetAddress>
<CountryName>United States</CountryName>
<StateName>New Mexico</StateName>
<StateCode>NM</StateCode>
</Institution>
<ProgramElement>
<Code>1281</Code>
<Text>ANALYSIS PROGRAM</Text>
</ProgramElement>
<ProgramReference>
<Code>7556</Code>
<Text>CONFERENCE AND WORKSHOPS</Text>
</ProgramReference>
<ProgramReference>
<Code>9150</Code>
<Text>EXP PROG TO STIM COMP RES</Text>
</ProgramReference>
</Award>
</rootTag>
