<?xml version="1.0" encoding="UTF-8"?>
<rootTag>
<Award>
<AwardTitle>Rigidity in von Neumann Algebras and Higher Rank Groups</AwardTitle>
<AwardEffectiveDate>06/01/2018</AwardEffectiveDate>
<AwardExpirationDate>05/31/2021</AwardExpirationDate>
<AwardAmount>223377</AwardAmount>
<AwardInstrument>
<Value>Standard Grant</Value>
</AwardInstrument>
<Organization>
<Code>03040000</Code>
<Directorate>
<LongName>Direct For Mathematical &amp; Physical Scien</LongName>
</Directorate>
<Division>
<LongName>Division Of Mathematical Sciences</LongName>
</Division>
</Organization>
<ProgramOfficer>
<SignBlockName>Kevin Clancey</SignBlockName>
</ProgramOfficer>
<AbstractNarration>Von Neumann algebras were introduced in the 1930's and 40's in part as a tool for developing a mathematical foundation for quantum physics.  Von Neumann algebras have since become a field of independent interest with further applications to areas such as ergodic theory, Voiculescu's free probability theory, Jones' theory of subfactors and planar algebras, knot theory, and many others. The development of von Neumann algebras has also historically been closely connected to the study of measurable dynamics and these connections have recently begun to reemerge in the presence of newly developed rigidity phenomenon. The investigation of this rigidity phenomenon has since led to new connections between von Neumann algebras and other areas of mathematics. Furthering the development of rigidity will in turn lead to new insights and connections among these various fields.&lt;br/&gt;&lt;br/&gt;Developing alongside the theory of von Neumann algebras has been ergodic theory, and many results in one field has had major applications in the other. A reemergence of this collaboration has occurred in the last ten years with Popa's discovery of deformation/rigidity theory, which juxtaposes deformability properties such as Haagerup's property, free products, or unbounded cocycles, with rigidity properties such as property (T) or spectral gap, allowing one to discover hidden structure in a von Neumann algebra in the case when both types of phenomena occur. This project will investigate more fully these connections, focusing specifically on connections to the deep rigidity theory for ergodic actions of lattices in higher rank groups initiated by Mostow, Margulis, Zimmer, and many others.&lt;br/&gt;&lt;br/&gt;This award reflects NSF's statutory mission and has been deemed worthy of support through evaluation using the Foundation's intellectual merit and broader impacts review criteria.</AbstractNarration>
<MinAmdLetterDate>04/05/2018</MinAmdLetterDate>
<MaxAmdLetterDate>04/05/2018</MaxAmdLetterDate>
<ARRAAmount/>
<AwardID>1801125</AwardID>
<Investigator>
<FirstName>Jesse</FirstName>
<LastName>Peterson</LastName>
<EmailAddress>jesse.d.peterson@vanderbilt.edu</EmailAddress>
<StartDate>04/05/2018</StartDate>
<EndDate/>
<RoleCode>Principal Investigator</RoleCode>
</Investigator>
<Institution>
<Name>Vanderbilt University</Name>
<CityName>Nashville</CityName>
<ZipCode>372350002</ZipCode>
<PhoneNumber>6153222631</PhoneNumber>
<StreetAddress>Sponsored Programs Administratio</StreetAddress>
<CountryName>United States</CountryName>
<StateName>Tennessee</StateName>
<StateCode>TN</StateCode>
</Institution>
<ProgramElement>
<Code>1281</Code>
<Text>ANALYSIS PROGRAM</Text>
</ProgramElement>
</Award>
</rootTag>
