<?xml version="1.0" encoding="UTF-8"?>
<rootTag>
<Award>
<AwardTitle>Advanced Manufacturing and Automation Flexible Delivery</AwardTitle>
<AwardEffectiveDate>07/01/2018</AwardEffectiveDate>
<AwardExpirationDate>06/30/2021</AwardExpirationDate>
<AwardAmount>187626</AwardAmount>
<AwardInstrument>
<Value>Standard Grant</Value>
</AwardInstrument>
<Organization>
<Code>11040100</Code>
<Directorate>
<LongName>Direct For Education and Human Resources</LongName>
</Directorate>
<Division>
<LongName>Division Of Undergraduate Education</LongName>
</Division>
</Organization>
<ProgramOfficer>
<SignBlockName>V. Celeste  Carter</SignBlockName>
</ProgramOfficer>
<AbstractNarration>There is tremendous growth in advanced manufacturing in western Nevada, with production technician careers expected to grow in the region by 15% annually for the next five years. With large manufacturers such as Tesla and Panasonic Corporation moving into the Reno area, the need for manufacturing technicians has become a dominant issue for ensuring the success of this industry and for the economic development goals of the region. Truckee Meadows Community College (TMCC) has also identified access to online content as a major barrier for students whose work schedules or home location interfere with their participation in traditional, on-campus courses.  are working or who live far from campus. To generate the workforce necessary for the continued prosperity of the region, TMCC will create easy to use, flexible courses that it hopes will appeal to incumbent workers, lower skilled workers, and workers with non-traditional schedules. This approach may enable students who are unable to attend traditional classes to enroll in the courses necessary to complete programs.  In turn, these programs have the potential to provide these students with employability skills, access to a stackable degree program leading toward the completion of an Associate of Applied Science with Production Technician emphasis, and upward mobility.&lt;br/&gt;&lt;br/&gt;The goals of the project are to: 1) provide an educated workforce using industry-validated curriculum to meet regional needs; 2) provide students easier access to course material online; and 3) use a scheduling application to reserve lab stations for student use. To achieve these goals, TMCC proposes to: 1) conduct DACUM analyses with industry employees; 2) provide students easier access to course content online using uniform course design and Quality Matters standards; and 3) research and install a lab scheduling application that will allow distant learners to reserve lab stations before commuting to campus. Additionally, TMCC students will have the opportunity to participate in the Tesla and Panasonic Registered Apprenticeship Programs. The project results will be disseminated at regional and national conferences.  In addition, the flexible scheduling model is expected to be adaptable to other industries nationally supporting both traditional students and those incumbent workers seeking upskilling or re-skilling.&lt;br/&gt;&lt;br/&gt;This award reflects NSF's statutory mission and has been deemed worthy of support through evaluation using the Foundation's intellectual merit and broader impacts review criteria.</AbstractNarration>
<MinAmdLetterDate>06/12/2018</MinAmdLetterDate>
<MaxAmdLetterDate>06/12/2018</MaxAmdLetterDate>
<ARRAAmount/>
<AwardID>1801117</AwardID>
<Investigator>
<FirstName>Andrew</FirstName>
<LastName>Daniels</LastName>
<EmailAddress>adaniels@tmcc.edu</EmailAddress>
<StartDate>06/12/2018</StartDate>
<EndDate/>
<RoleCode>Co-Principal Investigator</RoleCode>
</Investigator>
<Investigator>
<FirstName>Alexander</FirstName>
<LastName>Majewski</LastName>
<EmailAddress>amajewski@tmcc.edu</EmailAddress>
<StartDate>06/12/2018</StartDate>
<EndDate/>
<RoleCode>Principal Investigator</RoleCode>
</Investigator>
<Institution>
<Name>Truckee Meadows Community College</Name>
<CityName>Reno</CityName>
<ZipCode>895123999</ZipCode>
<PhoneNumber>7756737025</PhoneNumber>
<StreetAddress>7000 Dandini Boulevard</StreetAddress>
<CountryName>United States</CountryName>
<StateName>Nevada</StateName>
<StateCode>NV</StateCode>
</Institution>
<ProgramElement>
<Code>7412</Code>
<Text>ADVANCED TECH EDUCATION PROG</Text>
</ProgramElement>
<ProgramReference>
<Code>1032</Code>
<Text>ADVANCED TECHNOLOGY EDUCATION</Text>
</ProgramReference>
<ProgramReference>
<Code>9150</Code>
<Text>EXP PROG TO STIM COMP RES</Text>
</ProgramReference>
<ProgramReference>
<Code>9178</Code>
<Text>UNDERGRADUATE EDUCATION</Text>
</ProgramReference>
<ProgramReference>
<Code>SMET</Code>
<Text>SCIENCE, MATH, ENG &amp; TECH EDUCATION</Text>
</ProgramReference>
</Award>
</rootTag>
