<?xml version="1.0" encoding="UTF-8"?>
<rootTag>
<Award>
<AwardTitle>Topics in Algebraic Geometry</AwardTitle>
<AwardEffectiveDate>06/01/2018</AwardEffectiveDate>
<AwardExpirationDate>05/31/2021</AwardExpirationDate>
<AwardAmount>118662</AwardAmount>
<AwardInstrument>
<Value>Continuing grant</Value>
</AwardInstrument>
<Organization>
<Code>03040000</Code>
<Directorate>
<LongName>Direct For Mathematical &amp; Physical Scien</LongName>
</Directorate>
<Division>
<LongName>Division Of Mathematical Sciences</LongName>
</Division>
</Organization>
<ProgramOfficer>
<SignBlockName>Timothy Hodges</SignBlockName>
</ProgramOfficer>
<AbstractNarration>This is a project on algebraic geometry, which is one of the oldest disciplines in mathematics. It studies geometric objects called varieties that are defined by algebraic equations. Algebraic geometry has important connections to mathematical physics and coding theory. The intellectual impacts of the proposal are on improving our understanding on the relations between the geometry of algebraic curves and higher dimensional varieties to the set of relations among the equations defining the varieties. These relations are called the syzygies of the varieties. The PI will investigate the properties of the syzygies of algebraic curves and higher dimensional varieties. The PI also plans to study the irrationality of an algebraic variety, a measure of the complexity of the variety. This project has extensive educational and training components.&lt;br/&gt;&lt;br/&gt;The PI and his collaborator Lazarsfeld will study syzygies by of the curves using the geometric properties of the subvarieties of the Hilbert schemes of points on the curve. They will investigate the asymptotic behavior of syzygies of an algebraic varieties and their relations to the intrinsic geometry of the variety. The proposed program would extend the classical results previously only known in the case of algebraic curves to higher dimensional varieties. Another part of this project is the study of the irrationality of an algebraic variety with emphasis on the case when the variety is a very general polarized K3 surface. Together with Xudong Zheng (Johns Hopkins University), the PI will study the Hilbert schemes of points for singular surfaces; in particular, the relations between the singularities of the surfaces and the geometry of Hilbert schemes.&lt;br/&gt;&lt;br/&gt;This award reflects NSF's statutory mission and has been deemed worthy of support through evaluation using the Foundation's intellectual merit and broader impacts review criteria.</AbstractNarration>
<MinAmdLetterDate>04/20/2018</MinAmdLetterDate>
<MaxAmdLetterDate>04/20/2018</MaxAmdLetterDate>
<ARRAAmount/>
<AwardID>1801870</AwardID>
<Investigator>
<FirstName>Lawrence</FirstName>
<LastName>Ein</LastName>
<EmailAddress>ein@uic.edu</EmailAddress>
<StartDate>04/20/2018</StartDate>
<EndDate/>
<RoleCode>Principal Investigator</RoleCode>
</Investigator>
<Institution>
<Name>University of Illinois at Chicago</Name>
<CityName>CHICAGO</CityName>
<ZipCode>606124305</ZipCode>
<PhoneNumber>3129962862</PhoneNumber>
<StreetAddress>809 S. Marshfield Avenue</StreetAddress>
<CountryName>United States</CountryName>
<StateName>Illinois</StateName>
<StateCode>IL</StateCode>
</Institution>
<ProgramElement>
<Code>1264</Code>
<Text>ALGEBRA,NUMBER THEORY,AND COM</Text>
</ProgramElement>
</Award>
</rootTag>
