<?xml version="1.0" encoding="UTF-8"?>
<rootTag>
<Award>
<AwardTitle>CAREER: Structure-specific Nanoscale Dynamics Studied by Nonlinear and Magneto-optical Spectroscopy</AwardTitle>
<AwardEffectiveDate>10/03/2017</AwardEffectiveDate>
<AwardExpirationDate>08/31/2019</AwardExpirationDate>
<AwardAmount>63798</AwardAmount>
<AwardInstrument>
<Value>Continuing grant</Value>
</AwardInstrument>
<Organization>
<Code>03090000</Code>
<Directorate>
<LongName>Direct For Mathematical &amp; Physical Scien</LongName>
</Directorate>
<Division>
<LongName>Division Of Chemistry</LongName>
</Division>
</Organization>
<ProgramOfficer>
<SignBlockName>Suk-Wah Tam-Chang</SignBlockName>
</ProgramOfficer>
<AbstractNarration>This CAREER award by the Macromolecular, Supramolecular, and Nanochemistry (MSN) program supports work by Professor Kenneth Knappenberger at Florida State University -endowed to develop advanced spectroscopic techniques for the investigation of the size-dependent and structure-specific optical properties of gold nanostructures ranging from quantum-confined clusters (&lt; 2 nm) to plasmon-supporting particles (&gt; 2 nm). Specifically, the PI, along with graduate students, will develop femtosecond time-resolved magneto-optical techniques to study both the electronic structure and excited state-dynamics of size-selected gold nanoclusters. The PI will also develop a nonlinear microscopy platform capable of single-particle measurements. These data will inform on plasmon modes that result from hybridization of gold nanostructures in both small aggregates and lithographically formed arrays.  Advances made in these two areas will be merged to describe plasmon-mediated electric-dipole transitions, and the nonlinear imaging facility will be extended to a magneto-optical platform capable of state-resolved plasmon-enhancement measurements. &lt;br/&gt;&lt;br/&gt;The award will allow Professor Knappenberger to develop advanced measurement technologies to investigate systematically the nanoparticle structure-function interplay. This research will impact several technical areas: solar-energy conversion, national security, trace-level analysis and high-contrast biomedical imaging. Moreover, new facilities, capable of providing temporally and spatially resolved magneto-optical data, will be established. As a result, the group will establish a unique expertise that can be applied to problems in many areas of science and technology that require spin and oxidation state information. &lt;br/&gt;&lt;br/&gt;This program will educate both undergraduate and graduate students in an interdisciplinary environment at Florida State University and will benefit from close interactions with the National High Magnetic Field Laboratory. Also, in an effort to improve understanding and stimulate interest in science and technology among a diverse group of high school students, Professor Knappenberger will work closely with a high school teacher to introduce new instrumentation into an image-based chemistry curriculum.  Finally, as an extension of the investigator's classroom teaching, a series of instructional visual materials will be developed to describe proper use of scientific instruments to a diverse audience.</AbstractNarration>
<MinAmdLetterDate>02/08/2018</MinAmdLetterDate>
<MaxAmdLetterDate>02/08/2018</MaxAmdLetterDate>
<ARRAAmount/>
<AwardID>1801829</AwardID>
<Investigator>
<FirstName>Kenneth</FirstName>
<LastName>Knappenberger</LastName>
<EmailAddress>klk260@psu.edu</EmailAddress>
<StartDate>02/08/2018</StartDate>
<EndDate/>
<RoleCode>Principal Investigator</RoleCode>
</Investigator>
<Institution>
<Name>Pennsylvania State Univ University Park</Name>
<CityName>UNIVERSITY PARK</CityName>
<ZipCode>168027000</ZipCode>
<PhoneNumber>8148651372</PhoneNumber>
<StreetAddress>110 Technology Center Building</StreetAddress>
<CountryName>United States</CountryName>
<StateName>Pennsylvania</StateName>
<StateCode>PA</StateCode>
</Institution>
<ProgramElement>
<Code>6885</Code>
<Text>Macromolec/Supramolec/Nano</Text>
</ProgramElement>
<ProgramElement>
<Code>7731</Code>
<Text>OTHER GLOBAL LEARNING &amp; TRNING</Text>
</ProgramElement>
<ProgramReference>
<Code>1045</Code>
<Text>CAREER: FACULTY EARLY CAR DEV</Text>
</ProgramReference>
<ProgramReference>
<Code>7237</Code>
<Text>NANO NON-SOLIC SCI &amp; ENG AWD</Text>
</ProgramReference>
</Award>
</rootTag>
