<?xml version="1.0" encoding="UTF-8"?>
<rootTag>
<Award>
<AwardTitle>Commutative Algebra:  F-Regularity in Algebraic Geometry and Non-Commutative Algebra</AwardTitle>
<AwardEffectiveDate>07/01/2018</AwardEffectiveDate>
<AwardExpirationDate>06/30/2021</AwardExpirationDate>
<AwardAmount>107058</AwardAmount>
<AwardInstrument>
<Value>Continuing grant</Value>
</AwardInstrument>
<Organization>
<Code>03040000</Code>
<Directorate>
<LongName>Direct For Mathematical &amp; Physical Scien</LongName>
</Directorate>
<Division>
<LongName>Division Of Mathematical Sciences</LongName>
</Division>
</Organization>
<ProgramOfficer>
<SignBlockName>Timothy Hodges</SignBlockName>
</ProgramOfficer>
<AbstractNarration>This project investigates polynomials and the geometric shapes they define, called algebraic varieties.  The problems belong to the field of mathematics called algebraic geometry.  Algebraic geometry has many applications throughout industry and national security, including to error-correcting codes, machine learning, cryptography, computer aided design, and 3D printing. Some of these applications are concerned with studying the sets where polynomials are zero module certain prime numbers, the particular focus of this project. This project is basic research into understanding the singularities of algebraic varieties defined over finite fields, including criteria for understanding how far the varieties are from being smooth, and techniques for circumventing the failure of smoothness in some cases. The project includes research designed to be student-ready to provide training for the next generation of mathematicians.&lt;br/&gt;&lt;br/&gt;In more precise terms, the project investigates strong F-regularity in several contexts in non-commutative algebra, combinatorics, and birational algebraic geometry. It investigates whether or not, for a strongly F-regular local ring R of prime characteristic, the algebra A of R-linear endomorphisms of F*R, where F is the Frobenius map, is a non-commutative resolution of singularities in the sense of Van den Bergh. In addition, a theory of derived functors of differential operators will be investigated, with an eye toward using it to show that rings of differential operators over fields of characteristic zero can be reduced to characteristic p under some conditions. Finally, building on recent work in valuation rings, the project aspires to show that certain section rings of varieties are always finitely generated, an important step in the minimal model program in characteristic p.&lt;br/&gt;&lt;br/&gt;This award reflects NSF's statutory mission and has been deemed worthy of support through evaluation using the Foundation's intellectual merit and broader impacts review criteria.</AbstractNarration>
<MinAmdLetterDate>05/22/2018</MinAmdLetterDate>
<MaxAmdLetterDate>05/22/2018</MaxAmdLetterDate>
<ARRAAmount/>
<AwardID>1801697</AwardID>
<Investigator>
<FirstName>Karen</FirstName>
<LastName>Smith</LastName>
<EmailAddress>kesmith@umich.edu</EmailAddress>
<StartDate>05/22/2018</StartDate>
<EndDate/>
<RoleCode>Principal Investigator</RoleCode>
</Investigator>
<Institution>
<Name>University of Michigan Ann Arbor</Name>
<CityName>Ann Arbor</CityName>
<ZipCode>481091274</ZipCode>
<PhoneNumber>7347636438</PhoneNumber>
<StreetAddress>3003 South State St. Room 1062</StreetAddress>
<CountryName>United States</CountryName>
<StateName>Michigan</StateName>
<StateCode>MI</StateCode>
</Institution>
<ProgramElement>
<Code>1264</Code>
<Text>ALGEBRA,NUMBER THEORY,AND COM</Text>
</ProgramElement>
<ProgramReference>
<Code>9251</Code>
<Text>RES EXPER FOR UNDERGRAD-SUPPLT</Text>
</ProgramReference>
</Award>
</rootTag>
