<?xml version="1.0" encoding="UTF-8"?>
<rootTag>
<Award>
<AwardTitle>Birational Algebraic Geometry in Characteristic Zero and Positive Characteristic</AwardTitle>
<AwardEffectiveDate>07/01/2018</AwardEffectiveDate>
<AwardExpirationDate>06/30/2023</AwardExpirationDate>
<AwardAmount>96475</AwardAmount>
<AwardInstrument>
<Value>Continuing grant</Value>
</AwardInstrument>
<Organization>
<Code>03040000</Code>
<Directorate>
<LongName>Direct For Mathematical &amp; Physical Scien</LongName>
</Directorate>
<Division>
<LongName>Division Of Mathematical Sciences</LongName>
</Division>
</Organization>
<ProgramOfficer>
<SignBlockName>Anatoly  Libgober</SignBlockName>
</ProgramOfficer>
<AbstractNarration>Algebraic Geometry is one of the oldest and most active areas of mathematics. It plays an important role in many neighboring fields such as Commutative Algebra, Number Theory, Differential Geometry, and String Theory to name a few. Algebraic Geometry studies the solution sets of polynomial equations. These solution sets define geometric objects and it is important to classify them and understand their qualitative behavior. Birational Geometry aims to classify these geometric objects (up to birational isomorphism). This is one of the principal areas of Algebraic Geometry which in recent years has been at the center of spectacular progress. Many important central questions remain. The PI hopes to capitalize on these recent successes to make progress towards the remaining key open problems and conjectures.&lt;br/&gt;&lt;br/&gt;The principal investigator will conduct research in Algebraic Geometry and especially in Higher Dimensional Birational Algebraic Geometry over algebraically closed fields of characteristic 0 and characteristic  p &gt; 0. In particular this project is focused on questions related to the minimal model program for threefolds over an algebraically closed field of characteristic p = 2,3,5 including related questions on the inversion of adjunction, and to the minimal model program and the singularities of threefolds over an algebraically closed field of characteristic p &gt; 0. The PI also plans to investigate generic vanishing theorems and the birational geometry of varieties defined over an algebraically closed field of characteristic p &gt; 0 as well as questions related to the birational geometry of generalized log canonical pairs and to the termination of log-flips in dimension greater or equal than 4 (in characteristic 0).&lt;br/&gt;&lt;br/&gt;This award reflects NSF's statutory mission and has been deemed worthy of support through evaluation using the Foundation's intellectual merit and broader impacts review criteria.</AbstractNarration>
<MinAmdLetterDate>04/19/2018</MinAmdLetterDate>
<MaxAmdLetterDate>04/19/2018</MaxAmdLetterDate>
<ARRAAmount/>
<AwardID>1801851</AwardID>
<Investigator>
<FirstName>Christopher</FirstName>
<LastName>Hacon</LastName>
<EmailAddress>hacon@math.utah.edu</EmailAddress>
<StartDate>04/19/2018</StartDate>
<EndDate/>
<RoleCode>Principal Investigator</RoleCode>
</Investigator>
<Institution>
<Name>University of Utah</Name>
<CityName>SALT LAKE CITY</CityName>
<ZipCode>841128930</ZipCode>
<PhoneNumber>8015816903</PhoneNumber>
<StreetAddress>75 S 2000 E</StreetAddress>
<CountryName>United States</CountryName>
<StateName>Utah</StateName>
<StateCode>UT</StateCode>
</Institution>
<ProgramElement>
<Code>1264</Code>
<Text>ALGEBRA,NUMBER THEORY,AND COM</Text>
</ProgramElement>
</Award>
</rootTag>
