<?xml version="1.0" encoding="UTF-8"?>
<rootTag>
<Award>
<AwardTitle>Witt Vectors, Deformations, and Absolute Geometry</AwardTitle>
<AwardEffectiveDate>06/01/2018</AwardEffectiveDate>
<AwardExpirationDate>05/31/2019</AwardExpirationDate>
<AwardAmount>39938</AwardAmount>
<AwardInstrument>
<Value>Standard Grant</Value>
</AwardInstrument>
<Organization>
<Code>03040000</Code>
<Directorate>
<LongName>Direct For Mathematical &amp; Physical Scien</LongName>
</Directorate>
<Division>
<LongName>Division Of Mathematical Sciences</LongName>
</Division>
</Organization>
<ProgramOfficer>
<SignBlockName>Anatoly  Libgober</SignBlockName>
</ProgramOfficer>
<AbstractNarration>The conference on Witt Vectors, Deformations, and Absolute Geometry will be held at the University of Vermont, 16 July 2018-21 July 2018. This workshop will foster research interactions and will provide a setting for graduate students, as well as younger and more established mathematicians, to learn of the newest trends and interact with some of the most prominent researchers around the world. The organizers will focus financial support on graduate students and early career researchers to facilitate their participation.&lt;br/&gt;&lt;br/&gt;Scientific purpose of this conference is to bring together researchers in several, disparate fields whose work is connected to Witt vectors and their related constructions. These techniques are important for extending deformation theoretic techniques to new settings and promotes research activities at the interface of algebraic geometry, algebraic topology, number theory, and applied model theory. A website for this meeting is maintained at http://www.uvm.edu/~tdupuy/witt2018.html. The slides from the conference will be posted there and left publicly available.&lt;br/&gt;&lt;br/&gt;This award reflects NSF's statutory mission and has been deemed worthy of support through evaluation using the Foundation's intellectual merit and broader impacts review criteria.</AbstractNarration>
<MinAmdLetterDate>04/13/2018</MinAmdLetterDate>
<MaxAmdLetterDate>04/13/2018</MaxAmdLetterDate>
<ARRAAmount/>
<AwardID>1801012</AwardID>
<Investigator>
<FirstName>Taylor</FirstName>
<LastName>Dupuy</LastName>
<EmailAddress>tdupuy@uvm.edu</EmailAddress>
<StartDate>04/13/2018</StartDate>
<EndDate/>
<RoleCode>Principal Investigator</RoleCode>
</Investigator>
<Institution>
<Name>University of Vermont &amp; State Agricultural College</Name>
<CityName>Burlington</CityName>
<ZipCode>054050160</ZipCode>
<PhoneNumber>8026563660</PhoneNumber>
<StreetAddress>85 South Prospect Street</StreetAddress>
<CountryName>United States</CountryName>
<StateName>Vermont</StateName>
<StateCode>VT</StateCode>
</Institution>
<ProgramElement>
<Code>1264</Code>
<Text>ALGEBRA,NUMBER THEORY,AND COM</Text>
</ProgramElement>
<ProgramReference>
<Code>7556</Code>
<Text>CONFERENCE AND WORKSHOPS</Text>
</ProgramReference>
<ProgramReference>
<Code>9150</Code>
<Text>EXP PROG TO STIM COMP RES</Text>
</ProgramReference>
</Award>
</rootTag>
