<?xml version="1.0" encoding="UTF-8"?>
<rootTag>
<Award>
<AwardTitle>TWC SBE: Medium: Collaborative: Dollars for Hertz: Making Trustworthy Spectrum Sharing Technically and Economically Viable</AwardTitle>
<AwardEffectiveDate>07/01/2017</AwardEffectiveDate>
<AwardExpirationDate>07/31/2018</AwardExpirationDate>
<AwardAmount>15062</AwardAmount>
<AwardInstrument>
<Value>Standard Grant</Value>
</AwardInstrument>
<Organization>
<Code>05050000</Code>
<Directorate>
<LongName>Direct For Computer &amp; Info Scie &amp; Enginr</LongName>
</Directorate>
<Division>
<LongName>Division Of Computer and Network Systems</LongName>
</Division>
</Organization>
<ProgramOfficer>
<SignBlockName>Nina Amla</SignBlockName>
</ProgramOfficer>
<AbstractNarration>The critical role of spectrum as a catalyst for economic growth was highlighted in the 2010 National Broadband Plan (NBP).  A challenge for the NBP is realizing optimal spectrum sharing in the presence of interference caused by rogue transmissions from any source, but particularly secondary users who share the spectrum.  This complex problem straddles wireless technology, industrial economics, international standards, and regulatory policy.  &lt;br/&gt;&lt;br/&gt;This interdisciplinary, multi-university collaborative project studies the many dimensions of the problem from algorithms to law enforcement.  The investigators study (1) ex-ante spectrum rule enforcement mechanisms (i.e., preventive) such as spectrum access control via policy reasoners, (2) ex-post spectrum rule enforcement schemes (i.e., punitive) with policy conformance monitoring that employ cryptographic commitments, (3) ex-post enforcement schemes that can uniquely identify rogue transmitters, and (4) the economic viability of spectrum sharing with different enforcement schemes.&lt;br/&gt;&lt;br/&gt;The project provides a broad range of education and industry outreach activities in order to rapidly insert research advances into curriculum and university-industry partnerships.  Specifically, the investigators will present short courses and tutorials at the annual Virginia Tech Wireless Symposium and Summer School, and widely disseminate findings through NSF Industry &amp; University Collaborative Research Centers (I/UCRC) at the Virginia Polytechnic Institute and State University.</AbstractNarration>
<MinAmdLetterDate>11/02/2017</MinAmdLetterDate>
<MaxAmdLetterDate>11/02/2017</MaxAmdLetterDate>
<ARRAAmount/>
<AwardID>1801986</AwardID>
<Investigator>
<FirstName>Nelson</FirstName>
<LastName>Sa</LastName>
<EmailAddress>nesa@brandeis.edu</EmailAddress>
<StartDate>11/02/2017</StartDate>
<EndDate/>
<RoleCode>Principal Investigator</RoleCode>
</Investigator>
<Institution>
<Name>Brandeis University</Name>
<CityName>WALTHAM</CityName>
<ZipCode>024532728</ZipCode>
<PhoneNumber>7817362121</PhoneNumber>
<StreetAddress>415 SOUTH ST MAILSTOP 116</StreetAddress>
<CountryName>United States</CountryName>
<StateName>Massachusetts</StateName>
<StateCode>MA</StateCode>
</Institution>
<ProgramElement>
<Code>8060</Code>
<Text>Secure &amp;Trustworthy Cyberspace</Text>
</ProgramElement>
<ProgramReference>
<Code>7434</Code>
<Text>CNCI</Text>
</ProgramReference>
<ProgramReference>
<Code>7924</Code>
<Text>MEDIUM PROJECT</Text>
</ProgramReference>
</Award>
</rootTag>
