<?xml version="1.0" encoding="UTF-8"?>
<rootTag>
<Award>
<AwardTitle>UNS: Environmental Impacts of Using Distributed Energy Storage for Power System Reserves</AwardTitle>
<AwardEffectiveDate>08/01/2017</AwardEffectiveDate>
<AwardExpirationDate>08/31/2019</AwardExpirationDate>
<AwardAmount>166519</AwardAmount>
<AwardInstrument>
<Value>Standard Grant</Value>
</AwardInstrument>
<Organization>
<Code>07020000</Code>
<Directorate>
<LongName>Directorate For Engineering</LongName>
</Directorate>
<Division>
<LongName>Div Of Chem, Bioeng, Env, &amp; Transp Sys</LongName>
</Division>
</Organization>
<ProgramOfficer>
<SignBlockName>Bruce K. Hamilton</SignBlockName>
</ProgramOfficer>
<AbstractNarration>1510788&lt;br/&gt;Johnson, Jeremiah&lt;br/&gt;&lt;br/&gt;The objective of this project is to investigate the environmental impacts of using distributed energy storage (DES) for power system reserves and to develop operational strategies to mitigate the environmental burdens of the system. As more renewable energy sources are integrated into the power system, additional reserves are required to ensure the functionality and reliability of the system. DES is a promising alternative to generators for providing such reserves because, in general, these resources are more responsive than conventional power plants and costs are increasingly competitive. Due to their low emissions during operation, DES systems are often assumed to reduce environmental impacts. However, due to the complex nature of the power system, the use of DES may lead to negative outcomes under certain system configurations, generation mixes, and reserve requirements. Thus, it is important to thoroughly evaluate the environmental impacts of introducing DES for reserves. Using life cycle assessment (LCA), the researchers will investigate the full environmental impact of providing reserves with DES. Additionally, they will develop a reduced-form LCA that can provide real-time feedback on environmental impacts to power system operators. &lt;br/&gt;&lt;br/&gt;This work will advance the fields of industrial ecology and power systems. To evaluate the environmental impact of using DES for power system reserves, LCA will be coupled to optimal power flow (OPF) methods. While fossil fuel combustion is expected to be a major contributor to life cycle environmental impacts, the short product lifetime and operational impacts of using DES demonstrate the importance of upstream and downstream impacts and the need for LCA to robustly determine environmental performance. A key contribution of this work is the application of model reduction techniques to develop reduced-form LCAs so that approximate impacts can be calculated in real-time and used within the OPF. These methods which support the use of LCA for active feedback response could be readily tailored for use in other systems such as transportation and water treatment. This project also advances the formulation of the OPF problem by incorporating life cycle environmental impacts into the objective function and/or constraints. This will help us understand the tradeoff between system operation costs and environmental benefits, informing system operators and policy makers. This project will advance the utility of LCA by tailoring the method to provide active feedback to systems operations. The results of this study will identify operational strategies that improve environmental outcomes for power generation and inform public policies that strategically remove of barriers to participation for DES. This project will also yield educational impacts through the involvement of undergraduate students in research activities and the development of age-appropriate educational activities for K-12 students. The team will develop a factsheet on DES distributed by the Center for Sustainable Systems at the University of Michigan, to serve as a freely available public resource for students, researchers, and policy makers. This project will also support the development of two modules to be integrated into courses for environmental professional students and electrical engineers.</AbstractNarration>
<MinAmdLetterDate>10/13/2017</MinAmdLetterDate>
<MaxAmdLetterDate>10/13/2017</MaxAmdLetterDate>
<ARRAAmount/>
<AwardID>1801881</AwardID>
<Investigator>
<FirstName>Johanna</FirstName>
<LastName>Mathieu</LastName>
<EmailAddress>jlmath@umich.edu</EmailAddress>
<StartDate>10/13/2017</StartDate>
<EndDate/>
<RoleCode>Co-Principal Investigator</RoleCode>
</Investigator>
<Investigator>
<FirstName>Jeremiah</FirstName>
<LastName>Johnson</LastName>
<EmailAddress>jjohns24@ncsu.edu</EmailAddress>
<StartDate>10/13/2017</StartDate>
<EndDate/>
<RoleCode>Principal Investigator</RoleCode>
</Investigator>
<Institution>
<Name>North Carolina State University</Name>
<CityName>RALEIGH</CityName>
<ZipCode>276957514</ZipCode>
<PhoneNumber>9195152444</PhoneNumber>
<StreetAddress>CAMPUS BOX 7514</StreetAddress>
<CountryName>United States</CountryName>
<StateName>North Carolina</StateName>
<StateCode>NC</StateCode>
</Institution>
<ProgramElement>
<Code>7643</Code>
<Text>ENVIRONMENTAL SUSTAINABILITY</Text>
</ProgramElement>
<ProgramReference>
<Code>012E</Code>
<Text>Industrial Ecology</Text>
</ProgramReference>
</Award>
</rootTag>
