<?xml version="1.0" encoding="UTF-8"?>
<rootTag>
<Award>
<AwardTitle>Hidden in plain sight: Uncovering low-surface-brightness galaxies and their host dark matter halos</AwardTitle>
<AwardEffectiveDate>09/01/2018</AwardEffectiveDate>
<AwardExpirationDate>08/31/2021</AwardExpirationDate>
<AwardAmount>100000</AwardAmount>
<AwardInstrument>
<Value>Fellowship</Value>
</AwardInstrument>
<Organization>
<Code>03020000</Code>
<Directorate>
<LongName>Direct For Mathematical &amp; Physical Scien</LongName>
</Directorate>
<Division>
<LongName>Division Of Astronomical Sciences</LongName>
</Division>
</Organization>
<ProgramOfficer>
<SignBlockName>Harshal Gupta</SignBlockName>
</ProgramOfficer>
<AbstractNarration>Johnny Greco is awarded an NSF Astronomy and Astrophysics Postdoctoral Fellowship to conduct a program of research and education at the Ohio State University.  Greco will perform a systematic search for faint, diffuse galaxies known as low-surface-brightness galaxies (LSBGs).  Using a software that he created and optimized for the detection of LSBGs, he will aim to increase the number of LSBGs in new and existing optical observational surveys.  Greco will produce a public catalog of many thousands of previously unknown LSBGs spanning a wide range in properties, and he will perform detailed observations of some of these LSBGs.  Results from this study will allow astronomers to understand how LSBGs form and how they fit within the cosmological context.  Alongside this research, Greco will create educational projects designed to encourage high school girls to pursue careers in science and computer programming.&lt;br/&gt;&lt;br/&gt;By building an unbiased sample of LSBGs, the proposed research will elucidate formation mechanisms of giant LSBGs, which will provide important constraints on theories of galaxy formation and evolution.  Furthermore, as systems predominantly composed of dark matter, LSBGs provide the most stringent tests of our current cosmological model.  By combining rotation curves, globular cluster studies, and possibly a stacked weak-lensing analysis, the proposed research will constrain the dark matter distribution in these galaxies on both small and large scales.  Working with an outreach program at his host institution, Greco will use his expertise in astronomical image processing and coding to design software and student projects to stimulate the interest of high school girls in science, and he will serve as a mentor to high school students interested in astronomy research.&lt;br/&gt;&lt;br/&gt;This award reflects NSF's statutory mission and has been deemed worthy of support through evaluation using the Foundation's intellectual merit and broader impacts review criteria.</AbstractNarration>
<MinAmdLetterDate>06/12/2018</MinAmdLetterDate>
<MaxAmdLetterDate>06/12/2018</MaxAmdLetterDate>
<ARRAAmount/>
<AwardID>1801921</AwardID>
<Investigator>
<FirstName>Johnny</FirstName>
<LastName>Greco</LastName>
<EmailAddress/>
<StartDate>06/12/2018</StartDate>
<EndDate/>
<RoleCode>Principal Investigator</RoleCode>
</Investigator>
<Institution>
<Name>Greco                   Johnny         P</Name>
<CityName>Lawrence Township</CityName>
<ZipCode>086581644</ZipCode>
<PhoneNumber/>
<StreetAddress/>
<CountryName>United States</CountryName>
<StateName>New Jersey</StateName>
<StateCode>NJ</StateCode>
</Institution>
<ProgramElement>
<Code>1609</Code>
<Text>NSF ASTRON &amp; ASTROPHY PSTDC FE</Text>
</ProgramElement>
<ProgramReference>
<Code>1207</Code>
<Text>OBSERVATIONAL ASTRONOMY</Text>
</ProgramReference>
</Award>
</rootTag>
