<?xml version="1.0" encoding="UTF-8"?>
<rootTag>
<Award>
<AwardTitle>Determinantal Rings, Local Cohomology, and Tight Closure</AwardTitle>
<AwardEffectiveDate>06/01/2018</AwardEffectiveDate>
<AwardExpirationDate>05/31/2021</AwardExpirationDate>
<AwardAmount>93961</AwardAmount>
<AwardInstrument>
<Value>Continuing grant</Value>
</AwardInstrument>
<Organization>
<Code>03040000</Code>
<Directorate>
<LongName>Direct For Mathematical &amp; Physical Scien</LongName>
</Directorate>
<Division>
<LongName>Division Of Mathematical Sciences</LongName>
</Division>
</Organization>
<ProgramOfficer>
<SignBlockName>Timothy Hodges</SignBlockName>
</ProgramOfficer>
<AbstractNarration>The project is concerned with several questions in commutative algebra: this is a field that studies solution sets of polynomial equations by means of studying polynomial functions on the solution sets. Polynomial equations arise naturally in a number of situations, and commutative algebra continues to develop a fascinating interaction with several fields, becoming an increasingly valuable tool in science and engineering. &lt;br/&gt;&lt;br/&gt;The focus of the project is on questions in commutative algebra relating to local cohomology, tight closure theory, and classical rings of invariants; all of these questions arise quite naturally from recent developments. Local cohomology often provides the best answers to fundamental questions such as the least number of polynomial equations needed to define a solution set. Projects in this direction include algorithmic aspects as well as structural properties; there is a special focus on local cohomology modules of polynomial rings over the integers: this stems from the fact that there is a canonical homomorphism from the integers to any ring, and this makes local cohomology modules over the integers, in a sense, universal. This viewpoint has proved useful in recent joint work with Lyubeznik and Walther. At the same time, new techniques for investigating local cohomology over the integers have been developed in joint work with Bhatt, Blickle, Lyubeznik, and Zhang; it is proposed to extend these new techniques to an algorithm. Projects related to tight closure theory include investigating the singularities of Hankel determinantal rings, a question coming from recent joint work with Conca, Mostafazadehfard, and Varbaro, and whether these rings arise as invariant rings for actions of linearly reductive groups.&lt;br/&gt;&lt;br/&gt;This award reflects NSF's statutory mission and has been deemed worthy of support through evaluation using the Foundation's intellectual merit and broader impacts review criteria.</AbstractNarration>
<MinAmdLetterDate>04/20/2018</MinAmdLetterDate>
<MaxAmdLetterDate>04/20/2018</MaxAmdLetterDate>
<ARRAAmount/>
<AwardID>1801285</AwardID>
<Investigator>
<FirstName>Anurag</FirstName>
<LastName>Singh</LastName>
<EmailAddress>singh@math.utah.edu</EmailAddress>
<StartDate>04/20/2018</StartDate>
<EndDate/>
<RoleCode>Principal Investigator</RoleCode>
</Investigator>
<Institution>
<Name>University of Utah</Name>
<CityName>SALT LAKE CITY</CityName>
<ZipCode>841128930</ZipCode>
<PhoneNumber>8015816903</PhoneNumber>
<StreetAddress>75 S 2000 E</StreetAddress>
<CountryName>United States</CountryName>
<StateName>Utah</StateName>
<StateCode>UT</StateCode>
</Institution>
<ProgramElement>
<Code>1264</Code>
<Text>ALGEBRA,NUMBER THEORY,AND COM</Text>
</ProgramElement>
</Award>
</rootTag>
