<?xml version="1.0" encoding="UTF-8"?>
<rootTag>
<Award>
<AwardTitle>Hyper-Kahler Geometry via Lagrangian Fibrations and Symplectic Resolutions</AwardTitle>
<AwardEffectiveDate>07/01/2018</AwardEffectiveDate>
<AwardExpirationDate>06/30/2021</AwardExpirationDate>
<AwardAmount>190000</AwardAmount>
<AwardInstrument>
<Value>Standard Grant</Value>
</AwardInstrument>
<Organization>
<Code>03040000</Code>
<Directorate>
<LongName>Direct For Mathematical &amp; Physical Scien</LongName>
</Directorate>
<Division>
<LongName>Division Of Mathematical Sciences</LongName>
</Division>
</Organization>
<ProgramOfficer>
<SignBlockName>Anatoly  Libgober</SignBlockName>
</ProgramOfficer>
<AbstractNarration>Algebraic Geometry has connections to many areas in mathematics, including topology, differential geometry, number theory, representation theory, combinatorics and the theory of differential equations. Over last 20 year important connections with string theory were discovered as well. Algebraic Geometry is the study of algebraic varieties: geometric objects that can be described as the collections of points satisfying a set of polynomial equations. One of the aims of the field is to classify algebraic varieties. This can be done by first associating discrete invariants to algebraic varieties and then studying all algebraic varieties with a given set of invariants. A basic invariant used in algebraic geometry, as well as in differential geometry, is the first Chern class. Algebraic varieties can be divided into classes according to the positivity properties (or lack thereof) of this invariant. One of the most important of these classes is that of varieties with first Chern class equal to zero. These varieties have a crucial role also in physics and in differential geometry.  With this project the PI aims to advance our knowledge of hyper-K\"ahler manifolds which are, together with complex tori and Calabi-Yau manifolds, one of the building blocks of varieties with trivial first Chern class.&lt;br/&gt;&lt;br/&gt;More specifically, the PI plans to carry out the research in following directions:  investigating the relation between hyper-Kahler manifolds and cubic fourfolds,  improving the current knowledge of Lagrangian fibrations, using Lagrangian fibrations to expand our knowledge of the known examples, and carrying out a systematic study of symplectic resolutions. These lines of research build on past work of the PI as well as on recent progress in this field.&lt;br/&gt;&lt;br/&gt;This award reflects NSF's statutory mission and has been deemed worthy of support through evaluation using the Foundation's intellectual merit and broader impacts review criteria.</AbstractNarration>
<MinAmdLetterDate>04/26/2018</MinAmdLetterDate>
<MaxAmdLetterDate>04/26/2018</MaxAmdLetterDate>
<ARRAAmount/>
<AwardID>1801818</AwardID>
<Investigator>
<FirstName>Giulia</FirstName>
<LastName>Sacca</LastName>
<EmailAddress>giulia.sacca@stonybrook.edu</EmailAddress>
<StartDate>04/26/2018</StartDate>
<EndDate/>
<RoleCode>Principal Investigator</RoleCode>
</Investigator>
<Institution>
<Name>Massachusetts Institute of Technology</Name>
<CityName>Cambridge</CityName>
<ZipCode>021394301</ZipCode>
<PhoneNumber>6172531000</PhoneNumber>
<StreetAddress>77 MASSACHUSETTS AVE</StreetAddress>
<CountryName>United States</CountryName>
<StateName>Massachusetts</StateName>
<StateCode>MA</StateCode>
</Institution>
<ProgramElement>
<Code>1264</Code>
<Text>ALGEBRA,NUMBER THEORY,AND COM</Text>
</ProgramElement>
</Award>
</rootTag>
