<?xml version="1.0" encoding="UTF-8"?>
<rootTag>
<Award>
<AwardTitle>RAPID:  Interacting effects of disturbances on population demography</AwardTitle>
<AwardEffectiveDate>02/01/2018</AwardEffectiveDate>
<AwardExpirationDate>01/31/2019</AwardExpirationDate>
<AwardAmount>140000</AwardAmount>
<AwardInstrument>
<Value>Standard Grant</Value>
</AwardInstrument>
<Organization>
<Code>08010208</Code>
<Directorate>
<LongName>Direct For Biological Sciences</LongName>
</Directorate>
<Division>
<LongName>Division Of Environmental Biology</LongName>
</Division>
</Organization>
<ProgramOfficer>
<SignBlockName>Betsy Von Holle</SignBlockName>
</ProgramOfficer>
<AbstractNarration>Hurricane disturbances may have large negative impacts on wildlife restricted to small coastal islands, through intense rain, wind, and storm surge. Paradoxically, hurricane disturbance may also regenerate certain habitats that particular species of wildlife depend on. The goal of this research is to investigate the interaction of a periodic, small scale disturbances such as fire, with an extreme disturbance (hurricane) on population growth and survival of an endangered butterfly species, Bartram's scrub-hairstreak (Strymon acis bartrami) and its rare host, pineland croton (Croton linearis). These species are patchily distributed throughout South Florida in rockland habitat, which was recently struck by the eyewall of Hurricane Irma. Results from this research will inform management of fourteen sensitive plants and animals in South Florida, including three additional endangered butterfly species affected by Hurricane Irma. By understanding the mechanisms of how one endangered insect-plant host pair responds to interacting disturbances, this project will provide insight into how these disturbances might influence other sensitive species. This project will also provide research training for a postdoctoral fellow and for undergraduate students.&lt;br/&gt;&lt;br/&gt;This project will test the hypothesis that hurricanes interact synergistically with more regular, localized disturbances to accelerate habitat change. Based on existing data from an ongoing experiment and observational data on the distribution of the study organisms in relation to previous hurricane disturbances, researchers will test the hypothesis that the two types of disturbances will interact synergistically to increase host plant recruitment and mortality. Prior research has already measured vital rate responses to management-based disturbance (understory removal to simulate wildfire), and this RAPID project will measure vital rate responses to hurricane disturbance and the interaction between management and hurricane disturbances. Empirical data will be used to parameterize demographic matrix models to predict population responses to future interacting disturbances, and to project populations across a range of disturbance frequencies, including frequencies of human-managed disturbances that can be controlled and frequencies of intense hurricanes that cannot be controlled.</AbstractNarration>
<MinAmdLetterDate>01/26/2018</MinAmdLetterDate>
<MaxAmdLetterDate>01/26/2018</MaxAmdLetterDate>
<ARRAAmount/>
<AwardID>1801289</AwardID>
<Investigator>
<FirstName>Martha</FirstName>
<LastName>Burford Reiskind</LastName>
<EmailAddress>mbreiski@ncsu.edu</EmailAddress>
<StartDate>01/26/2018</StartDate>
<EndDate/>
<RoleCode>Principal Investigator</RoleCode>
</Investigator>
<Institution>
<Name>North Carolina State University</Name>
<CityName>RALEIGH</CityName>
<ZipCode>276957514</ZipCode>
<PhoneNumber>9195152444</PhoneNumber>
<StreetAddress>CAMPUS BOX 7514</StreetAddress>
<CountryName>United States</CountryName>
<StateName>North Carolina</StateName>
<StateCode>NC</StateCode>
</Institution>
<ProgramElement>
<Code>074Y</Code>
<Text>Hurricane Irma 2017</Text>
</ProgramElement>
<ProgramReference>
<Code>1182</Code>
<Text>POP &amp; COMMUNITY ECOL PROG</Text>
</ProgramReference>
<ProgramReference>
<Code>7914</Code>
<Text>RAPID</Text>
</ProgramReference>
</Award>
</rootTag>
