<?xml version="1.0" encoding="UTF-8"?>
<rootTag>
<Award>
<AwardTitle>Research Initiation Award: Probing inter-compartmental cross-talk between redox and amylin signaling networks</AwardTitle>
<AwardEffectiveDate>04/01/2018</AwardEffectiveDate>
<AwardExpirationDate>03/31/2021</AwardExpirationDate>
<AwardAmount>299731</AwardAmount>
<AwardInstrument>
<Value>Standard Grant</Value>
</AwardInstrument>
<Organization>
<Code>11060000</Code>
<Directorate>
<LongName>Direct For Education and Human Resources</LongName>
</Directorate>
<Division>
<LongName>Division Of Human Resource Development</LongName>
</Division>
</Organization>
<ProgramOfficer>
<SignBlockName>clytrice watson</SignBlockName>
</ProgramOfficer>
<AbstractNarration>Research Initiation Awards provide support for junior and mid-career faculty at Historically Black Colleges and Universities who are building new research programs or redirecting and rebuilding existing programs. It is expected that the award helps to further the faculty member's research capability and effectiveness, improves research and teaching at the home institution, and involves undergraduate students in research experiences. The award to Spelman College has potential broader impact in a number of areas and will assist in building its research capacity and enhance the educational and research experiences of underrepresented students.  This study seeks to understand beta-cell death, a process that has been suggested to occur partially as a result of an increase in amylin, a protein that is co-secreted from beta-cells. A broader understanding of the role of amylin and UCP2 will contribute to understanding how cells communicate so that they can maintain a healthy cell status.&lt;br/&gt;&lt;br/&gt;The objective of this project is to clarify the role of Uncoupling Protein 2 (UCP2) in beta-cells, which are cells known for secreting insulin. Although the secretion of amylin is not often discussed when describing beta-cells, amylin has been shown to be co-secreted with insulin. The role of amylin in negatively impacting beta-cell function has recently been described. UCP2 is known for decreasing the number of oxygen radicals resulting from a metabolic process, which suggests that UCP2 may work to keep beta-cells healthy since a high number of oxygen radicals can lead to poor cell function. This project will investigate the influence of UCP2 on amylin's function, thereby affecting the role that amylin plays in beta-cells. In addition, the project examines the influence of UCP2 on amylin in neuronal cells, which are cells that have also been shown to have increased levels of amylin.&lt;br/&gt;&lt;br/&gt;This award reflects NSF's statutory mission and has been deemed worthy of support through evaluation using the Foundation's intellectual merit and broader impacts review criteria.</AbstractNarration>
<MinAmdLetterDate>03/16/2018</MinAmdLetterDate>
<MaxAmdLetterDate>03/16/2018</MaxAmdLetterDate>
<ARRAAmount/>
<AwardID>1801091</AwardID>
<Investigator>
<FirstName>Tameka</FirstName>
<LastName>Clemons</LastName>
<EmailAddress>tclemon3@spelman.edu</EmailAddress>
<StartDate>03/16/2018</StartDate>
<EndDate/>
<RoleCode>Principal Investigator</RoleCode>
</Investigator>
<Institution>
<Name>Spelman College</Name>
<CityName>Atlanta</CityName>
<ZipCode>303144399</ZipCode>
<PhoneNumber>4042705897</PhoneNumber>
<StreetAddress>350 Spelman Lane SW</StreetAddress>
<CountryName>United States</CountryName>
<StateName>Georgia</StateName>
<StateCode>GA</StateCode>
</Institution>
<ProgramElement>
<Code>1594</Code>
<Text>HIST BLACK COLLEGES AND UNIV</Text>
</ProgramElement>
<ProgramReference>
<Code>9178</Code>
<Text>UNDERGRADUATE EDUCATION</Text>
</ProgramReference>
<ProgramReference>
<Code>9264</Code>
<Text>RESEARCH INITIATION AWARD</Text>
</ProgramReference>
</Award>
</rootTag>
