<?xml version="1.0" encoding="UTF-8"?>
<rootTag>
<Award>
<AwardTitle>Unmanned Aerial Systems Technology Curriculum to Meet Industry Demand</AwardTitle>
<AwardEffectiveDate>07/01/2018</AwardEffectiveDate>
<AwardExpirationDate>06/30/2021</AwardExpirationDate>
<AwardAmount>364334</AwardAmount>
<AwardInstrument>
<Value>Standard Grant</Value>
</AwardInstrument>
<Organization>
<Code>11040100</Code>
<Directorate>
<LongName>Direct For Education and Human Resources</LongName>
</Directorate>
<Division>
<LongName>Division Of Undergraduate Education</LongName>
</Division>
</Organization>
<ProgramOfficer>
<SignBlockName>Heather Watson</SignBlockName>
</ProgramOfficer>
<AbstractNarration>Careers involving the understanding and use of Unmanned Aerial Systems (UAS), commonly known as drones, are developing rapidly. A wide range of careers, from precision agriculture and crop insurance to real estate and police work, need trained UAS technicians. In addition, industries are discovering new needs for UAS and industries that use UAS are finding new ways to benefit from the data and imagery gathered by UAS. To meet these increasing demands, Parkland College will develop UAS courses and certificates with a focus on agricultural applications. This project will include the participation of five other community colleges, three four-year institutions, and industry partners. The new curriculum will advance UAS technician education so that students earn relevant credentials that will prepare them for jobs after completion. The project will focus on recruiting women and veterans into the UAS program, and will engage high schools and universities to enhance educational avenues into UAS technology careers. Students who graduate with credentials in UAS technologies should be able to enter a high-growth STEM industry that is expected to need many workers in the next decade. &lt;br/&gt;&lt;br/&gt;The central goal of the project is to develop UAS curricula at Parkland College that meet industry needs in the major agricultural hub of Central Illinois and its surrounding area, which is expanding the use of UAS technologies. The newly-developed courses will be based on existing courses from partnering community colleges but with an emphasis on UAS applications for agricultural industries. Topics covered in the courses will include flight controllers, aerodynamics, managing data, regulations, and safety and operational considerations. The courses will be combined to create 6-credit and 18-credit UAS certificates. Industry input about curricular content will be integrated into designing the credentials so that the credentials appropriately prepare technicians for jobs in the UAS sector. The project team also aims to develop articulation agreements with universities offering UAS degrees. These connections will ensure that the new curriculum will be transferable for students wishing to continue their education. Project outreach activities will focus on recruiting women and veterans into the program, and foster associations with regional high schools. The products and best practices from the project will be disseminated through coordination with community college and university partners as well as online at multiple NSF-ATE Centers, including the National Geospatial Technology Center of Excellence.&lt;br/&gt;&lt;br/&gt;This award reflects NSF's statutory mission and has been deemed worthy of support through evaluation using the Foundation's intellectual merit and broader impacts review criteria.</AbstractNarration>
<MinAmdLetterDate>04/09/2018</MinAmdLetterDate>
<MaxAmdLetterDate>04/09/2018</MaxAmdLetterDate>
<ARRAAmount/>
<AwardID>1801094</AwardID>
<Investigator>
<FirstName>Amanda</FirstName>
<LastName>Briggs</LastName>
<EmailAddress>abriggs@parkland.edu</EmailAddress>
<StartDate>04/09/2018</StartDate>
<EndDate/>
<RoleCode>Principal Investigator</RoleCode>
</Investigator>
<Investigator>
<FirstName>Donald</FirstName>
<LastName>Talleur</LastName>
<EmailAddress>dtalleur@parkland.edu</EmailAddress>
<StartDate>04/09/2018</StartDate>
<EndDate/>
<RoleCode>Co-Principal Investigator</RoleCode>
</Investigator>
<Institution>
<Name>Parkland College</Name>
<CityName>Champaign</CityName>
<ZipCode>618211899</ZipCode>
<PhoneNumber>2173532167</PhoneNumber>
<StreetAddress>2400 W. Bradley Ave.</StreetAddress>
<CountryName>United States</CountryName>
<StateName>Illinois</StateName>
<StateCode>IL</StateCode>
</Institution>
<ProgramElement>
<Code>7412</Code>
<Text>ADVANCED TECH EDUCATION PROG</Text>
</ProgramElement>
<ProgramReference>
<Code>1032</Code>
<Text>ADVANCED TECHNOLOGY EDUCATION</Text>
</ProgramReference>
<ProgramReference>
<Code>9178</Code>
<Text>UNDERGRADUATE EDUCATION</Text>
</ProgramReference>
<ProgramReference>
<Code>SMET</Code>
<Text>SCIENCE, MATH, ENG &amp; TECH EDUCATION</Text>
</ProgramReference>
</Award>
</rootTag>
