<?xml version="1.0" encoding="UTF-8"?>
<rootTag>
<Award>
<AwardTitle>SaTC: TTP: Medium: Collaborative: Securing the Software Supply Chain</AwardTitle>
<AwardEffectiveDate>07/01/2018</AwardEffectiveDate>
<AwardExpirationDate>06/30/2021</AwardExpirationDate>
<AwardAmount>766000</AwardAmount>
<AwardInstrument>
<Value>Standard Grant</Value>
</AwardInstrument>
<Organization>
<Code>05050000</Code>
<Directorate>
<LongName>Direct For Computer &amp; Info Scie &amp; Enginr</LongName>
</Directorate>
<Division>
<LongName>Division Of Computer and Network Systems</LongName>
</Division>
</Organization>
<ProgramOfficer>
<SignBlockName>Kevin L. Thompson</SignBlockName>
</ProgramOfficer>
<AbstractNarration>Making modern software involves tools such as a source code management system, a verify/build/package system, and a repository for distributing software and updates. The security of this software chain is dramatically overlooked today, as many recent incidents demonstrate. Existing defenses provide piecemeal solutions to individual problems and, when combined, do not provide end-to-end guarantees. &lt;br/&gt; &lt;br/&gt;This project seeks to transition into widespread practical use a system called "in-toto", which provides insights and end-to-end guarantees about the software supply chain. in-toto protects software from the moment it is written by a developer and ensures that the chain of trust can be followed all the way to the software that gets installed on user devices. In-toto generates cryptographically signed metadata for each step in the chain, and links together and carries these metadata throughout the entire chain.&lt;br/&gt; &lt;br/&gt;The salient positive impact comes from making the software development process transparent and publicly verifiable. in-toto provides a natural way to make the code review and testing practices publicly visible, thus incentivizing developers to follow safe software practices.  Through ongoing and future collaborations, in-toto is being integrated into several large software projects that will positively impact millions of computers.&lt;br/&gt;&lt;br/&gt;This award reflects NSF's statutory mission and has been deemed worthy of support through evaluation using the Foundation's intellectual merit and broader impacts review criteria.</AbstractNarration>
<MinAmdLetterDate>07/03/2018</MinAmdLetterDate>
<MaxAmdLetterDate>07/03/2018</MaxAmdLetterDate>
<ARRAAmount/>
<AwardID>1801376</AwardID>
<Investigator>
<FirstName>Justin</FirstName>
<LastName>Cappos</LastName>
<EmailAddress>jcappos@nyu.edu</EmailAddress>
<StartDate>07/03/2018</StartDate>
<EndDate/>
<RoleCode>Principal Investigator</RoleCode>
</Investigator>
<Institution>
<Name>New York University</Name>
<CityName>NEW YORK</CityName>
<ZipCode>100121019</ZipCode>
<PhoneNumber>2129982121</PhoneNumber>
<StreetAddress>70 WASHINGTON SQUARE S</StreetAddress>
<CountryName>United States</CountryName>
<StateName>New York</StateName>
<StateCode>NY</StateCode>
</Institution>
<ProgramElement>
<Code>8060</Code>
<Text>Secure &amp;Trustworthy Cyberspace</Text>
</ProgramElement>
<ProgramReference>
<Code>025Z</Code>
<Text>SaTC: Secure and Trustworthy Cyberspace</Text>
</ProgramReference>
<ProgramReference>
<Code>7434</Code>
<Text>CNCI</Text>
</ProgramReference>
<ProgramReference>
<Code>7924</Code>
<Text>MEDIUM PROJECT</Text>
</ProgramReference>
<ProgramReference>
<Code>9178</Code>
<Text>UNDERGRADUATE EDUCATION</Text>
</ProgramReference>
<ProgramReference>
<Code>9251</Code>
<Text>RES EXPER FOR UNDERGRAD-SUPPLT</Text>
</ProgramReference>
</Award>
</rootTag>
