<?xml version="1.0" encoding="UTF-8"?>
<rootTag>
<Award>
<AwardTitle>Characterizing Cold Brown Dwarf Atmospheres and Developing Precision Radial Velocity Technologies</AwardTitle>
<AwardEffectiveDate>09/01/2018</AwardEffectiveDate>
<AwardExpirationDate>08/31/2021</AwardExpirationDate>
<AwardAmount>100000</AwardAmount>
<AwardInstrument>
<Value>Fellowship</Value>
</AwardInstrument>
<Organization>
<Code>03020000</Code>
<Directorate>
<LongName>Direct For Mathematical &amp; Physical Scien</LongName>
</Directorate>
<Division>
<LongName>Division Of Astronomical Sciences</LongName>
</Division>
</Organization>
<ProgramOfficer>
<SignBlockName>Harshal Gupta</SignBlockName>
</ProgramOfficer>
<AbstractNarration>Emily Martin is awarded an NSF Astronomy and Astrophysics Postdoctoral Fellowship to conduct a program of research and education at the University of California, Santa Cruz.  Using high resolution near-infrared spectra, Martin will measure the abundances of molecules in the atmospheres of brown dwarfs --- objects that are intermediate between low-mass stars and giant planets.  She will also design a new precision radial velocity spectrograph that will be useful in the search for Earth-like planets around nearby stars.  Alongside this research, Martin will conduct a summer workshop to help incoming freshmen succeed in physics classes and encourage them to pursue physics degrees.&lt;br/&gt; &lt;br/&gt;The proposed scientific program takes a two-pronged approach to advance the understanding of brown dwarf atmospheres.  First, Martin will conduct spectroscopic observations of brown dwarf atmospheres and connect these observations to advanced imaging observations and atmospheric models.  Second, she will lead the development of a conceptual design for a new, high-resolution near-infrared spectrograph for Lick Observatory.  The new spectrograph will have a resolving power of nearly 100,000 at H and K bands (1.5-2.4 microns) and will be capable of working with any telescope with an adaptive optics system.  For the education component of her work, Martin will develop a summer workshop for incoming students, in which she will use inquiry-based activities to engage the students, introduce them to local physicists working in a variety of careers, and connect them to peer mentors within the physics department.&lt;br/&gt;&lt;br/&gt;This award reflects NSF's statutory mission and has been deemed worthy of support through evaluation using the Foundation's intellectual merit and broader impacts review criteria.</AbstractNarration>
<MinAmdLetterDate>06/12/2018</MinAmdLetterDate>
<MaxAmdLetterDate>06/12/2018</MaxAmdLetterDate>
<ARRAAmount/>
<AwardID>1801978</AwardID>
<Investigator>
<FirstName>Emily</FirstName>
<LastName>Martin</LastName>
<EmailAddress/>
<StartDate>06/12/2018</StartDate>
<EndDate/>
<RoleCode>Principal Investigator</RoleCode>
</Investigator>
<Institution>
<Name>Martin                  Emily          C</Name>
<CityName>Los Angeles</CityName>
<ZipCode>900347512</ZipCode>
<PhoneNumber/>
<StreetAddress/>
<CountryName>United States</CountryName>
<StateName>California</StateName>
<StateCode>CA</StateCode>
</Institution>
<ProgramElement>
<Code>1609</Code>
<Text>NSF ASTRON &amp; ASTROPHY PSTDC FE</Text>
</ProgramElement>
<ProgramReference>
<Code>1207</Code>
<Text>OBSERVATIONAL ASTRONOMY</Text>
</ProgramReference>
<ProgramReference>
<Code>7697</Code>
<Text>INSTRUMENTATION</Text>
</ProgramReference>
</Award>
</rootTag>
