<?xml version="1.0" encoding="UTF-8"?>
<rootTag>
<Award>
<AwardTitle>Doctoral Dissertation Research:  Effects of a Data Initiative on Social Service Provision</AwardTitle>
<AwardEffectiveDate>04/01/2018</AwardEffectiveDate>
<AwardExpirationDate>03/31/2019</AwardExpirationDate>
<AwardAmount>12000</AwardAmount>
<AwardInstrument>
<Value>Standard Grant</Value>
</AwardInstrument>
<Organization>
<Code>04050000</Code>
<Directorate>
<LongName>Direct For Social, Behav &amp; Economic Scie</LongName>
</Directorate>
<Division>
<LongName>Divn Of Social and Economic Sciences</LongName>
</Division>
</Organization>
<ProgramOfficer>
<SignBlockName>Joseph Whitmeyer</SignBlockName>
</ProgramOfficer>
<AbstractNarration>This project examines the implementation of one of the first "no-wrong-door" client database and referral systems shared by local anti-poverty nonprofit organizations (NPOs) in a rural county and small city.  Federal and state governments frequently deliver services through non-governmental organizations rather than public bureaucracies, and social services are turning to technology and data-sharing as a tool to better track outcomes and collaborate across organizations. This study looks at this convergence and provides an analytical description of the implementation process from the perspective of NPO administrators, staff, and clients.  Results will help government policy-makers and NPO leaders be better informed about the consequences of encouraging NPOs to adopt collaborative, data-driven solutions for the delivery of social resources.&lt;br/&gt;&lt;br/&gt;This study draws on data from nine initial months of ethnographic observation at four focal nonprofits involved in the database initiative, and subsequent community observation over a total of 1.5 years.  During this time period, this group of NPOs has been proceeding with the implementation of a shared client management system, in which all organizations in the database have access to client information and can send referrals to each other.  In addition, community leaders, nonprofit administration and staff, and social service clients (n = 80 to 110) are interviewed for this research.  Examination of the initiative throughout its implementation will enable this study to understand the social, economic, and political processes involved in the development of a shared data infrastructure in the field of nonprofit social services, and their consequences for service delivery.&lt;br/&gt;&lt;br/&gt;This award reflects NSF's statutory mission and has been deemed worthy of support through evaluation using the Foundation's intellectual merit and broader impacts review criteria.</AbstractNarration>
<MinAmdLetterDate>03/05/2018</MinAmdLetterDate>
<MaxAmdLetterDate>03/05/2018</MaxAmdLetterDate>
<ARRAAmount/>
<AwardID>1801361</AwardID>
<Investigator>
<FirstName>Melanie</FirstName>
<LastName>Terrasse</LastName>
<EmailAddress>terrasse@princeton.edu</EmailAddress>
<StartDate>03/05/2018</StartDate>
<EndDate/>
<RoleCode>Co-Principal Investigator</RoleCode>
</Investigator>
<Investigator>
<FirstName>Robert</FirstName>
<LastName>Wuthnow</LastName>
<EmailAddress>wuthnow@princeton.edu</EmailAddress>
<StartDate>03/05/2018</StartDate>
<EndDate/>
<RoleCode>Principal Investigator</RoleCode>
</Investigator>
<Institution>
<Name>Princeton University</Name>
<CityName>Princeton</CityName>
<ZipCode>085442020</ZipCode>
<PhoneNumber>6092583090</PhoneNumber>
<StreetAddress>Off. of Research &amp; Proj. Admin.</StreetAddress>
<CountryName>United States</CountryName>
<StateName>New Jersey</StateName>
<StateCode>NJ</StateCode>
</Institution>
<ProgramElement>
<Code>1331</Code>
<Text>SOCIOLOGY</Text>
</ProgramElement>
<ProgramReference>
<Code>1331</Code>
<Text>SOCIOLOGY</Text>
</ProgramReference>
<ProgramReference>
<Code>9179</Code>
<Text>GRADUATE INVOLVEMENT</Text>
</ProgramReference>
</Award>
</rootTag>
