<?xml version="1.0" encoding="UTF-8"?>
<rootTag>
<Award>
<AwardTitle>Pathways into Careers in Information Technology: Community College Student Decision-Making about Academic Programs and Jobs</AwardTitle>
<AwardEffectiveDate>06/15/2018</AwardEffectiveDate>
<AwardExpirationDate>05/31/2021</AwardExpirationDate>
<AwardAmount>799869</AwardAmount>
<AwardInstrument>
<Value>Standard Grant</Value>
</AwardInstrument>
<Organization>
<Code>11040100</Code>
<Directorate>
<LongName>Direct For Education and Human Resources</LongName>
</Directorate>
<Division>
<LongName>Division Of Undergraduate Education</LongName>
</Division>
</Organization>
<ProgramOfficer>
<SignBlockName>Connie K. Della-Piana</SignBlockName>
</ProgramOfficer>
<AbstractNarration>Graduates of technician programs have opportunities to enter well-paying, high-demand careers.  However, only 20% of community college students complete their programs of study within six years.  Prior research highlights the challenges facing students at community colleges.  However, the career development literature includes little research on community college students and their decision-making processes.  The literature is even more lacking about community college students in technician fields.  The goal of this research project is to increase understanding of the decisions students make in pursuing credentials (e.g., degrees and certificates) at two-year institutions, and in pursuing careers in information technology.   The research focuses on Information Technology (IT) because it offers students a wide-array of opportunities and specialties.  In addition, many two-year institutions have developed IT programs to address the growing need for IT professionals.  Relying on multiple sources of data, the project brings together a multidisciplinary team to investigate student decision-making.  &lt;br/&gt;&lt;br/&gt;This quantitative and qualitative mixed methods research project will examine how students' experiences and information resources influence their decision making, particularly early in their enrollment in college, and how that process evolves over time.  The longitudinal and cross-sectional mixed methods study takes a multidisciplinary theoretical approach, drawing on literature from career development, psychology, sociology, and economics.  The study employs a variety of research methods, including student surveys, in-depth longitudinal student interviews, point-in-time interviews with faculty and administrators, secondary data analysis of administrative records, site visits, and document analysis.  The quantitative and qualitative data collection and analyses are designed to investigate, triangulate, test, and confirm findings. The research project is designed to generate knowledge useful to students, the public, community college/technician education professionals, and policy-makers committed to increasing student success in advanced technological programs and to meeting the demand for a middle skills workforce.&lt;br/&gt;&lt;br/&gt;This award reflects NSF's statutory mission and has been deemed worthy of support through evaluation using the Foundation's intellectual merit and broader impacts review criteria.</AbstractNarration>
<MinAmdLetterDate>06/04/2018</MinAmdLetterDate>
<MaxAmdLetterDate>06/04/2018</MaxAmdLetterDate>
<ARRAAmount/>
<AwardID>1801043</AwardID>
<Investigator>
<FirstName>Michelle</FirstName>
<LastName>Van Noy</LastName>
<EmailAddress>mvannoy@rutgers.edu</EmailAddress>
<StartDate>06/04/2018</StartDate>
<EndDate/>
<RoleCode>Principal Investigator</RoleCode>
</Investigator>
<Investigator>
<FirstName>William</FirstName>
<LastName>Worden</LastName>
<EmailAddress>wworden@ivytech.edu</EmailAddress>
<StartDate>06/04/2018</StartDate>
<EndDate/>
<RoleCode>Co-Principal Investigator</RoleCode>
</Investigator>
<Investigator>
<FirstName>Danette</FirstName>
<LastName>Coughlan</LastName>
<EmailAddress>dcoughla@ivytech.edu</EmailAddress>
<StartDate>06/04/2018</StartDate>
<EndDate/>
<RoleCode>Co-Principal Investigator</RoleCode>
</Investigator>
<Investigator>
<FirstName>Matthew</FirstName>
<LastName>Cloud</LastName>
<EmailAddress>mcloud3@ivytech.edu</EmailAddress>
<StartDate>06/04/2018</StartDate>
<EndDate/>
<RoleCode>Co-Principal Investigator</RoleCode>
</Investigator>
<Institution>
<Name>Rutgers University New Brunswick</Name>
<CityName>Piscataway</CityName>
<ZipCode>088543925</ZipCode>
<PhoneNumber>8489320150</PhoneNumber>
<StreetAddress>33 Knightsbridge Road</StreetAddress>
<CountryName>United States</CountryName>
<StateName>New Jersey</StateName>
<StateCode>NJ</StateCode>
</Institution>
<ProgramElement>
<Code>7412</Code>
<Text>ADVANCED TECH EDUCATION PROG</Text>
</ProgramElement>
<ProgramReference>
<Code>1032</Code>
<Text>ADVANCED TECHNOLOGY EDUCATION</Text>
</ProgramReference>
<ProgramReference>
<Code>9178</Code>
<Text>UNDERGRADUATE EDUCATION</Text>
</ProgramReference>
<ProgramReference>
<Code>SMET</Code>
<Text>SCIENCE, MATH, ENG &amp; TECH EDUCATION</Text>
</ProgramReference>
</Award>
</rootTag>
