<?xml version="1.0" encoding="UTF-8"?>
<rootTag>
<Award>
<AwardTitle>Operations of the Overseas Office - Tokyo</AwardTitle>
<AwardEffectiveDate>10/15/2017</AwardEffectiveDate>
<AwardExpirationDate>10/31/2018</AwardExpirationDate>
<AwardAmount>97500</AwardAmount>
<AwardInstrument>
<Value>Contract Interagency Agreement</Value>
</AwardInstrument>
<Organization>
<Code>01090500</Code>
<Directorate>
<LongName>Office Of The Director</LongName>
</Directorate>
<Division>
<LongName>Office Of Internatl Science &amp;Engineering</LongName>
</Division>
</Organization>
<ProgramOfficer>
<SignBlockName>Anne L. Emig</SignBlockName>
</ProgramOfficer>
<AbstractNarration/>
<MinAmdLetterDate>10/19/2017</MinAmdLetterDate>
<MaxAmdLetterDate>10/19/2017</MaxAmdLetterDate>
<ARRAAmount/>
<AwardID>1801776</AwardID>
<Institution>
<Name>DEPARTMENT OF STATE</Name>
<CityName>Washington</CityName>
<ZipCode>205220002</ZipCode>
<PhoneNumber/>
<StreetAddress>2201 C Street NW</StreetAddress>
<CountryName>United States</CountryName>
<StateName>District of Columbia</StateName>
<StateCode>DC</StateCode>
</Institution>
<ProgramElement>
<Code>7572</Code>
<Text/>
</ProgramElement>
<ProgramReference>
<Code>5921</Code>
<Text>JAPAN</Text>
</ProgramReference>
<ProgramReference>
<Code>5978</Code>
<Text>EAST ASIA AND PACIFIC PROGRAM</Text>
</ProgramReference>
</Award>
</rootTag>
