<?xml version="1.0" encoding="UTF-8"?>
<rootTag>
<Award>
<AwardTitle>The multidimensional structure of dusty, neutral gas in the Milky Way Galaxy</AwardTitle>
<AwardEffectiveDate>09/01/2018</AwardEffectiveDate>
<AwardExpirationDate>08/31/2021</AwardExpirationDate>
<AwardAmount>100000</AwardAmount>
<AwardInstrument>
<Value>Fellowship</Value>
</AwardInstrument>
<Organization>
<Code>03020000</Code>
<Directorate>
<LongName>Direct For Mathematical &amp; Physical Scien</LongName>
</Directorate>
<Division>
<LongName>Division Of Astronomical Sciences</LongName>
</Division>
</Organization>
<ProgramOfficer>
<SignBlockName>Harshal Gupta</SignBlockName>
</ProgramOfficer>
<AbstractNarration>Claire Murray is awarded an NSF Astronomy and Astrophysics Postdoctoral Fellowship to conduct a program of research and education at Johns Hopkins University.  Murray will observe dusty gas in the Milky Way to accurately account for the obscuration or "reddening" of starlight by the intervening matter.  This would allow astronomers to understand the complex structure of the Milky Way and its evolution, as well as to accurately interpret observations of extragalactic light which passes through the matter in the Milky Way.  Alongside this research, Murray will develop an outreach program to promote stargazing in urban settings.&lt;br/&gt;&lt;br/&gt;Murray will study dusty gas using high-resolution large-scale observations of atomic hydrogen available from the Galactic Arecibo L-band Feed Array-HI survey.  She will also use reddening estimates from Gaia Data Release 2 to calibrate the relationship between gas and dust properties.  This will allow her to produce a map of interstellar reddening at the highest resolution and fidelity possible to date.  In addition, Murray will characterize the neutral envelopes of star-forming regions and the effect of the Galactic environment on the transition from atomic to molecular gas.  For the educational component of her work, Murray will develop a program for public engagement with astronomy in urban areas, and she will deploy this program through a series of educational presentations in local state parks.&lt;br/&gt;&lt;br/&gt;This award reflects NSF's statutory mission and has been deemed worthy of support through evaluation using the Foundation's intellectual merit and broader impacts review criteria.</AbstractNarration>
<MinAmdLetterDate>06/12/2018</MinAmdLetterDate>
<MaxAmdLetterDate>06/12/2018</MaxAmdLetterDate>
<ARRAAmount/>
<AwardID>1801471</AwardID>
<Investigator>
<FirstName>Claire</FirstName>
<LastName>Murray</LastName>
<EmailAddress/>
<StartDate>06/12/2018</StartDate>
<EndDate/>
<RoleCode>Principal Investigator</RoleCode>
</Investigator>
<Institution>
<Name>Murray                  Claire</Name>
<CityName>BALTIMORE</CityName>
<ZipCode>212102741</ZipCode>
<PhoneNumber/>
<StreetAddress/>
<CountryName>United States</CountryName>
<StateName>Maryland</StateName>
<StateCode>MD</StateCode>
</Institution>
<ProgramElement>
<Code>1609</Code>
<Text>NSF ASTRON &amp; ASTROPHY PSTDC FE</Text>
</ProgramElement>
<ProgramReference>
<Code>1207</Code>
<Text>OBSERVATIONAL ASTRONOMY</Text>
</ProgramReference>
<ProgramReference>
<Code>7480</Code>
<Text>ARCHIVAL DATA ANALYSIS</Text>
</ProgramReference>
</Award>
</rootTag>
