<?xml version="1.0" encoding="UTF-8"?>
<rootTag>
<Award>
<AwardTitle>Enhancing the Instrumentation and Control Technician Program: Instrumentation Acquisition</AwardTitle>
<AwardEffectiveDate>10/01/2018</AwardEffectiveDate>
<AwardExpirationDate>09/30/2021</AwardExpirationDate>
<AwardAmount>499655</AwardAmount>
<AwardInstrument>
<Value>Standard Grant</Value>
</AwardInstrument>
<Organization>
<Code>11040100</Code>
<Directorate>
<LongName>Direct For Education and Human Resources</LongName>
</Directorate>
<Division>
<LongName>Division Of Undergraduate Education</LongName>
</Division>
</Organization>
<ProgramOfficer>
<SignBlockName>Heather Watson</SignBlockName>
</ProgramOfficer>
<AbstractNarration>Instrumentation and controls technicians are important in the nation's advanced manufacturing industry. These technicians troubleshoot and repair components of production lines that keep manufacturing processes running smoothly. Currently, industries in Northeast Florida face a shortage of skilled instrumentation and controls technicians. This problem is exacerbated by the predicted turnover of approximately one third of the manufacturing workforce over the next five years because of retirements. Advanced manufacturing industries regularly redesign and streamline production lines, including increasing the use of automated processes. As a result, there is an ongoing expansion of the skills that instrumentation and control technicians need to do their jobs. To address this need, Florida State College at Jacksonville (Florida) will develop a new Instrumentation and Controls concentration for its existing Associate of Science degree in Engineering Technology. The project team will work closely with industry partners to: modify the curriculum; obtain industry-standard equipment for laboratory exercises; and provide problem-based, hands-on learning experiences for students. The project will examine and contribute to what is known about hands-on instrumentation training, support effective strategies for recruiting underrepresented students to the instrumentation and controls field, and help fill the critical need for these technicians in Northeast Florida.&lt;br/&gt;&lt;br/&gt;This project will develop and modify five courses to create a concentration in Instrumentation and Controls for the existing associate degree program. The courses will include hands-on simulation laboratory activities that engage students in the types of processes they will encounter on the job. The activities will give students access to new technologies, and increased practice to master essential industrial instrumentation skills. Authentication assessments and proper procedures for handling sensors and instrumentation will be central components of the curricular modifications. Laboratory tasks will emphasize the development of skills required to manage, operate, calibrate, and troubleshoot equipment. These tasks will also focus on enhancing knowledge associated with experimental, quality, and safety procedures. The project will foster technician skills training using a developmental curriculum that includes embedded and stacked credentials. Students' self-efficacy, sense of belonging, and career awareness related to advanced manufacturing will be measured. The result will be used to document the impact of the courses and lab activities on student learning and preparation for the workforce. Outreach activities will be conducted with area high schools to promote awareness of and career interest in instrumentation and controls technology. The project will emphasize involvement of students from underrepresented and underserved populations, to encourage diversity of the workforce.&lt;br/&gt;&lt;br/&gt;This award reflects NSF's statutory mission and has been deemed worthy of support through evaluation using the Foundation's intellectual merit and broader impacts review criteria.</AbstractNarration>
<MinAmdLetterDate>04/09/2018</MinAmdLetterDate>
<MaxAmdLetterDate>04/09/2018</MaxAmdLetterDate>
<ARRAAmount/>
<AwardID>1801140</AwardID>
<Investigator>
<FirstName>Alan</FirstName>
<LastName>Zube</LastName>
<EmailAddress>alan.zube@fscj.edu</EmailAddress>
<StartDate>04/09/2018</StartDate>
<EndDate/>
<RoleCode>Principal Investigator</RoleCode>
</Investigator>
<Investigator>
<FirstName>Patrick</FirstName>
<LastName>Land</LastName>
<EmailAddress>Patrick.Land@fscj.edu</EmailAddress>
<StartDate>04/09/2018</StartDate>
<EndDate/>
<RoleCode>Co-Principal Investigator</RoleCode>
</Investigator>
<Institution>
<Name>Florida State College at Jacksonville</Name>
<CityName>Jacksonville</CityName>
<ZipCode>322024030</ZipCode>
<PhoneNumber>9046323327</PhoneNumber>
<StreetAddress>501 West State Street</StreetAddress>
<CountryName>United States</CountryName>
<StateName>Florida</StateName>
<StateCode>FL</StateCode>
</Institution>
<ProgramElement>
<Code>7412</Code>
<Text>ADVANCED TECH EDUCATION PROG</Text>
</ProgramElement>
<ProgramReference>
<Code>1032</Code>
<Text>ADVANCED TECHNOLOGY EDUCATION</Text>
</ProgramReference>
<ProgramReference>
<Code>9178</Code>
<Text>UNDERGRADUATE EDUCATION</Text>
</ProgramReference>
<ProgramReference>
<Code>SMET</Code>
<Text>SCIENCE, MATH, ENG &amp; TECH EDUCATION</Text>
</ProgramReference>
</Award>
</rootTag>
