<?xml version="1.0" encoding="UTF-8"?>
<rootTag>
<Award>
<AwardTitle>Creating Career Pathways for Manufacturing Systems Technicians</AwardTitle>
<AwardEffectiveDate>07/01/2018</AwardEffectiveDate>
<AwardExpirationDate>06/30/2021</AwardExpirationDate>
<AwardAmount>224924</AwardAmount>
<AwardInstrument>
<Value>Standard Grant</Value>
</AwardInstrument>
<Organization>
<Code>11040100</Code>
<Directorate>
<LongName>Direct For Education and Human Resources</LongName>
</Directorate>
<Division>
<LongName>Division Of Undergraduate Education</LongName>
</Division>
</Organization>
<ProgramOfficer>
<SignBlockName>Elizabeth Teles</SignBlockName>
</ProgramOfficer>
<AbstractNarration>Community colleges face significant challenges when designing technician education programs for occupations that are not defined by a single job title. To address this important national issue, Chemeketa Community College in Oregon will collaborate with food and beverage processors and processing equipment manufacturers to develop a new education program for manufacturing systems technicians. The goal is to develop an industry-driven program with stackable certificates embedded in a two-year associate degree, and with clear pathways to employment in high wage fields and/or a baccalaureate degree. As courses are developed, the project will use a work-based learning model that allows employees to engage both in the classroom and on the job.  In this way, employees and employers can immediately benefit from the new skills and knowledge that the employees are learning. This industry-driven project is designed to develop a prototype that could be useful regionally and nationally for addressing technician education in other areas such aerospace and technology manufacturing, both growing manufacturing sectors with large existing companies. &lt;br/&gt;&lt;br/&gt;Project activities will include conducting a DACUM (Developing a Curriculum), the occupational analysis process developed by Ohio State University that is used extensively in developing two-year college workforce programs. Based on the DACUM results, programs and courses in current associate degree technician programs at the institution will be reorganized and modified to fit the needs of the cross-sector group of industry partners.  As needed, new courses will be created to meet industry-specific requirements. For example, industry partners have indicated that they increasingly use automated processes and robots to improve quality of products and reduce costs. To accommodate these changes in manufacturing processes, this project will research, develop, and disseminate curriculum to prepare workers with the skills and knowledge to set up, operate, test, and maintain these machines.&lt;br/&gt;&lt;br/&gt;This award reflects NSF's statutory mission and has been deemed worthy of support through evaluation using the Foundation's intellectual merit and broader impacts review criteria.</AbstractNarration>
<MinAmdLetterDate>04/05/2018</MinAmdLetterDate>
<MaxAmdLetterDate>04/05/2018</MaxAmdLetterDate>
<ARRAAmount/>
<AwardID>1801181</AwardID>
<Investigator>
<FirstName>Steve</FirstName>
<LastName>Greco</LastName>
<EmailAddress>sgreco@chemeketa.edu</EmailAddress>
<StartDate>04/05/2018</StartDate>
<EndDate/>
<RoleCode>Co-Principal Investigator</RoleCode>
</Investigator>
<Investigator>
<FirstName>Charles</FirstName>
<LastName>Sekafetz</LastName>
<EmailAddress>chuck.sekafetz@chemeketa.edu</EmailAddress>
<StartDate>04/05/2018</StartDate>
<EndDate/>
<RoleCode>Principal Investigator</RoleCode>
</Investigator>
<Institution>
<Name>Chemeketa Community College</Name>
<CityName>Salem</CityName>
<ZipCode>973097070</ZipCode>
<PhoneNumber>5033996031</PhoneNumber>
<StreetAddress>P O BOX 14007</StreetAddress>
<CountryName>United States</CountryName>
<StateName>Oregon</StateName>
<StateCode>OR</StateCode>
</Institution>
<ProgramElement>
<Code>7412</Code>
<Text>ADVANCED TECH EDUCATION PROG</Text>
</ProgramElement>
<ProgramReference>
<Code>1032</Code>
<Text>ADVANCED TECHNOLOGY EDUCATION</Text>
</ProgramReference>
<ProgramReference>
<Code>9178</Code>
<Text>UNDERGRADUATE EDUCATION</Text>
</ProgramReference>
<ProgramReference>
<Code>SMET</Code>
<Text>SCIENCE, MATH, ENG &amp; TECH EDUCATION</Text>
</ProgramReference>
</Award>
</rootTag>
