<?xml version="1.0" encoding="UTF-8"?>
<rootTag>
<Award>
<AwardTitle>TWC: Large: Collaborative: Verifiable Hardware: Chips that Prove their Own Correctness</AwardTitle>
<AwardEffectiveDate>09/01/2017</AwardEffectiveDate>
<AwardExpirationDate>06/30/2021</AwardExpirationDate>
<AwardAmount>404364</AwardAmount>
<AwardInstrument>
<Value>Continuing grant</Value>
</AwardInstrument>
<Organization>
<Code>05050000</Code>
<Directorate>
<LongName>Direct For Computer &amp; Info Scie &amp; Enginr</LongName>
</Directorate>
<Division>
<LongName>Division Of Computer and Network Systems</LongName>
</Division>
</Organization>
<ProgramOfficer>
<SignBlockName>Sandip Kundu</SignBlockName>
</ProgramOfficer>
<AbstractNarration>This project addresses how semiconductor designers can verify the correctness of ICs that they source from possibly untrusted fabricators.  Existing solutions to this problem are either based on legal and contractual obligations, or use post-fabrication IC testing, both of which are unsatisfactory or unsound. As a sound alternative, this project designs and fabricates verifiable hardware: ICs that provide proofs of their correctness for every input-output computation they perform in the field. These proofs must be efficiently verifiable in less time and energy than it takes to re-execute the computation itself.&lt;br/&gt;&lt;br/&gt;Building upon exciting recent theoretical and practical advances in verifiable outsourced computation for the cloud, this project develops new techniques that exploit the unique constraints and adversary models that relate to the verifiable hardware problem. In addition, the project also develops new practical approaches to the problem of general verifiable computation. As a broader impact, computing systems security is one of the greatest technological problems faced by society today. Verifiable hardware is an essential foundation for building future computing systems that are reliable and free from catastrophic security failures. The ultimate goal of this project is to make verifiable hardware practical and accessible for use in cryptographic and mission-critical hardware applications through open-source tools. The PIs are strongly committed to education and public outreach by producing widely-used course materials and taking active roles in outreach at minority-serving universities, community colleges, student organizations and high schools.</AbstractNarration>
<MinAmdLetterDate>10/27/2017</MinAmdLetterDate>
<MaxAmdLetterDate>06/22/2018</MaxAmdLetterDate>
<ARRAAmount/>
<AwardID>1801052</AwardID>
</Award>
</rootTag>
