<?xml version="1.0" encoding="UTF-8"?>
<rootTag>
<Award>
<AwardTitle>Doctoral Dissertation Research: Civic Infrastructures as Determinants of  Urban Resilience</AwardTitle>
<AwardEffectiveDate>04/15/2018</AwardEffectiveDate>
<AwardExpirationDate>03/31/2019</AwardExpirationDate>
<AwardAmount>11923</AwardAmount>
<AwardInstrument>
<Value>Standard Grant</Value>
</AwardInstrument>
<Organization>
<Code>04050000</Code>
<Directorate>
<LongName>Direct For Social, Behav &amp; Economic Scie</LongName>
</Directorate>
<Division>
<LongName>Divn Of Social and Economic Sciences</LongName>
</Division>
</Organization>
<ProgramOfficer>
<SignBlockName>Toby Parcel</SignBlockName>
</ProgramOfficer>
<AbstractNarration>Environmental resilience has been a growing challenge for city administrations around the world. Environmental disasters alone are likely to cost cities billions of dollars and have the potential to plummet an estimated 77 million city dwellers into poverty. Cities are first responders and political actors who can effectively mitigate and adapt to environmental and economic changes. Civic infrastructures, or networks of private, pro-social organizations that include the nonprofit sector and socially responsible corporations, can enable local action. This project asks why city action, or communities' ability to act, differs between locales.  Project findings can help policy-makers to identify the ways in which targeted public investments and policies can improve the resilience of communities to natural disasters and other unexpected crises.&lt;br/&gt; &lt;br/&gt;The project integrates urban sociology and organizational sociology to study city variation in urban resilience. The research design is large-scale and comparative. The first part of the study examines how the relationships between cities through membership in professional associations shape urban resilience strategies. The second part of the study focuses on all cities above 50,000 inhabitants in the United States to study the association between the density and multiplicity of civic infrastructures and city action.  Data analytic techniques include econometric fixed effects-models with computational measures based on affiliation networks and structural topic modeling. Semi-structured interviews with urban resilience practitioners worldwide allow for cross-validation of the hypotheses.&lt;br/&gt;&lt;br/&gt;This award reflects NSF's statutory mission and has been deemed worthy of support through evaluation using the Foundation's intellectual merit and broader impacts review criteria.</AbstractNarration>
<MinAmdLetterDate>03/30/2018</MinAmdLetterDate>
<MaxAmdLetterDate>03/30/2018</MaxAmdLetterDate>
<ARRAAmount/>
<AwardID>1801677</AwardID>
<Investigator>
<FirstName>Walter</FirstName>
<LastName>Powell</LastName>
<EmailAddress>woodyp@stanford.edu</EmailAddress>
<StartDate>03/30/2018</StartDate>
<EndDate/>
<RoleCode>Principal Investigator</RoleCode>
</Investigator>
<Investigator>
<FirstName>Christof</FirstName>
<LastName>Brandtner</LastName>
<EmailAddress>cbrandtn@stanford.edu</EmailAddress>
<StartDate>03/30/2018</StartDate>
<EndDate/>
<RoleCode>Co-Principal Investigator</RoleCode>
</Investigator>
<Institution>
<Name>Stanford University</Name>
<CityName>Palo Alto</CityName>
<ZipCode>943041212</ZipCode>
<PhoneNumber>6507232300</PhoneNumber>
<StreetAddress>3160 Porter Drive</StreetAddress>
<CountryName>United States</CountryName>
<StateName>California</StateName>
<StateCode>CA</StateCode>
</Institution>
<ProgramElement>
<Code>1331</Code>
<Text>SOCIOLOGY</Text>
</ProgramElement>
<ProgramReference>
<Code>1331</Code>
<Text>SOCIOLOGY</Text>
</ProgramReference>
<ProgramReference>
<Code>9179</Code>
<Text>GRADUATE INVOLVEMENT</Text>
</ProgramReference>
</Award>
</rootTag>
