<?xml version="1.0" encoding="UTF-8"?>
<rootTag>
<Award>
<AwardTitle>Enhancing Network and Cybersecurity Technician Careers in Collaboration with Industry</AwardTitle>
<AwardEffectiveDate>06/01/2018</AwardEffectiveDate>
<AwardExpirationDate>05/31/2021</AwardExpirationDate>
<AwardAmount>222274</AwardAmount>
<AwardInstrument>
<Value>Standard Grant</Value>
</AwardInstrument>
<Organization>
<Code>11040100</Code>
<Directorate>
<LongName>Direct For Education and Human Resources</LongName>
</Directorate>
<Division>
<LongName>Division Of Undergraduate Education</LongName>
</Division>
</Organization>
<ProgramOfficer>
<SignBlockName>Elizabeth Teles</SignBlockName>
</ProgramOfficer>
<AbstractNarration>The region surrounding Waco, Texas, has a growing demand for networking and cybersecurity technicians.  In collaboration with industry partners, this project at McLennan Community College aims to address this need by integrating cybersecurity into the current Computer Information Systems (CIS) program.  The CIS program includes curriculum leading to certificates and associate degrees. The project will focus on (a) teaching technical and employability skills at the college and at regional high schools through dual credit programs and (b) transforming curriculum and pedagogy to help all students progress through educational pathways beginning in the high school and continuing through McLennan Community College.  These pathways will enable the revised CIS curriculum to provide multiple entry and exit points to develop the competencies and knowledge needed by industry.  This alignment with industry needs can help meet regional needs for a skilled workforce, enhancing future growth in the community and providing higher paying careers for students. The student population at McLennan Community College includes a substantial percentage of low income and Hispanic students, many of whom have limited expectations of a technology career.  Consequently, this program has the potential to broaden participation of diverse people in advanced technical careers.&lt;br/&gt;&lt;br/&gt;This project will enable the college to offer an updated CIS program that can meet the needs of students for cybersecurity training or certifications. To achieve these results, the project will: (a) develop coursework that scaffolds learning and supports student advancement; (b) promote networking and cybersecurity opportunities by using culturally contextualized student/parent awareness programs and professional development for high school and college faculty and advisors; and (c) work with industry to promote career opportunities in networking and cybersecurity. Students in this program will be able to earn certifications including A+, Security+, Network +, Cisco CCENT, or CCNA certifications in one or more areas.  These certifications will increase students? employability and make them more qualified as employees. The project plan builds on the work of three existing ATE Cybersecurity Centers (CSSIA, CyberWatch and CyberWatch West) and will add to that body of knowledge. The project?s industry partners have committed to defining the CIS/cybersecurity knowledge, skills and abilities needed to meet their workforce needs, which in turn will inform development of the revised CIS curriculum.  The industry partners will also help students prepare for future careers by offering internships and job shadowing opportunities. As one of the 12 college systems in Texas selected in the first cohort of the Texas Pathways Project (Texas Higher Education Coordinating Board's 60x30TX initiative), the project will build on and coordinate with those state-wide efforts.&lt;br/&gt;&lt;br/&gt;This award reflects NSF's statutory mission and has been deemed worthy of support through evaluation using the Foundation's intellectual merit and broader impacts review criteria.</AbstractNarration>
<MinAmdLetterDate>04/09/2018</MinAmdLetterDate>
<MaxAmdLetterDate>04/09/2018</MaxAmdLetterDate>
<ARRAAmount/>
<AwardID>1801147</AwardID>
<Investigator>
<FirstName>Cathy</FirstName>
<LastName>Prause</LastName>
<EmailAddress>cprause@mclennan.edu</EmailAddress>
<StartDate>04/09/2018</StartDate>
<EndDate/>
<RoleCode>Co-Principal Investigator</RoleCode>
</Investigator>
<Investigator>
<FirstName>Cynthia</FirstName>
<LastName>Wagner</LastName>
<EmailAddress>cwagner@mclennan.edu</EmailAddress>
<StartDate>04/09/2018</StartDate>
<EndDate/>
<RoleCode>Principal Investigator</RoleCode>
</Investigator>
<Institution>
<Name>McLennan Community College</Name>
<CityName>Waco</CityName>
<ZipCode>767081402</ZipCode>
<PhoneNumber>2542998000</PhoneNumber>
<StreetAddress>1400 College Drive</StreetAddress>
<CountryName>United States</CountryName>
<StateName>Texas</StateName>
<StateCode>TX</StateCode>
</Institution>
<ProgramElement>
<Code>7412</Code>
<Text>ADVANCED TECH EDUCATION PROG</Text>
</ProgramElement>
<ProgramReference>
<Code>1032</Code>
<Text>ADVANCED TECHNOLOGY EDUCATION</Text>
</ProgramReference>
<ProgramReference>
<Code>9178</Code>
<Text>UNDERGRADUATE EDUCATION</Text>
</ProgramReference>
<ProgramReference>
<Code>SMET</Code>
<Text>SCIENCE, MATH, ENG &amp; TECH EDUCATION</Text>
</ProgramReference>
</Award>
</rootTag>
