<?xml version="1.0" encoding="UTF-8"?>
<rootTag>
<Award>
<AwardTitle>I-Corps: Optimization Algorithms for Mapping</AwardTitle>
<AwardEffectiveDate>01/01/2018</AwardEffectiveDate>
<AwardExpirationDate>06/30/2018</AwardExpirationDate>
<AwardAmount>50000</AwardAmount>
<AwardInstrument>
<Value>Standard Grant</Value>
</AwardInstrument>
<Organization>
<Code>07070000</Code>
<Directorate>
<LongName>Directorate For Engineering</LongName>
</Directorate>
<Division>
<LongName>Div Of Industrial Innovation &amp; Partnersh</LongName>
</Division>
</Organization>
<ProgramOfficer>
<SignBlockName>Pamular Mccauley</SignBlockName>
</ProgramOfficer>
<AbstractNarration>The broader impact/commercial potential of this I-Corps project is to provide organizations with easy access to efficient logistical planning. The project  will potentially assist emerging businesses and other organizations by providing optimization services in road maps such as finding delivery routes, selecting locations for new facilities, and selecting routes for cables or pipes.  This allows organizations facing such problems to focus on their core mission and outsource the optimization.  This project will enable such organizations to provide better service at lower cost.&lt;br/&gt;&lt;br/&gt;This I-Corps project draws on substantial research aimed at developing of efficient algorithms for finding optimal and near-optimal solutions to optimization problems in planar networks, networks that can be drawn on a flat surface.  Since road maps are mostly planar, these algorithms can be adapted to work on road maps.   The project builds on an implementation of the underlying algorithmic methods.  The implementation can very quickly find high-quality solutions even for very large networks.  The project will explore the commercialization of algorithmic techniques in real-world contexts, and suggest new optimization problems requiring further research.</AbstractNarration>
<MinAmdLetterDate>12/04/2017</MinAmdLetterDate>
<MaxAmdLetterDate>12/04/2017</MaxAmdLetterDate>
<ARRAAmount/>
<AwardID>1801106</AwardID>
<Investigator>
<FirstName>Philip</FirstName>
<LastName>Klein</LastName>
<EmailAddress>klein@brown.edu</EmailAddress>
<StartDate>12/04/2017</StartDate>
<EndDate/>
<RoleCode>Principal Investigator</RoleCode>
</Investigator>
<Institution>
<Name>Brown University</Name>
<CityName>Providence</CityName>
<ZipCode>029129002</ZipCode>
<PhoneNumber>4018632777</PhoneNumber>
<StreetAddress>BOX 1929</StreetAddress>
<CountryName>United States</CountryName>
<StateName>Rhode Island</StateName>
<StateCode>RI</StateCode>
</Institution>
<ProgramElement>
<Code>8023</Code>
<Text>I-Corps</Text>
</ProgramElement>
<ProgramReference>
<Code>9150</Code>
<Text>EXP PROG TO STIM COMP RES</Text>
</ProgramReference>
</Award>
</rootTag>
