<?xml version="1.0" encoding="UTF-8"?>
<rootTag>
<Award>
<AwardTitle>Process Technology: Flexible Entry/Flexible Exit Curriculum Adaptation</AwardTitle>
<AwardEffectiveDate>07/01/2018</AwardEffectiveDate>
<AwardExpirationDate>06/30/2021</AwardExpirationDate>
<AwardAmount>539987</AwardAmount>
<AwardInstrument>
<Value>Standard Grant</Value>
</AwardInstrument>
<Organization>
<Code>11040100</Code>
<Directorate>
<LongName>Direct For Education and Human Resources</LongName>
</Directorate>
<Division>
<LongName>Division Of Undergraduate Education</LongName>
</Division>
</Organization>
<ProgramOfficer>
<SignBlockName>rupa iyer</SignBlockName>
</ProgramOfficer>
<AbstractNarration>The Community College of Beaver County (CCBC) aims to enhance a regionally-distinctive Process Technology (PTEC) program by converting a traditional lecture/lab structure to a Flexible Entry/Flexible Exit delivery format.  The expectation is that these changes will increase student accessibility and the number of credentialed process technicians in the tristate region (Pennsylvania, Ohio, and West Virginia).  An economic report from the American Chemical Society predicts that, by 2025, development of the region's natural gas resources will create 25,000 new job in the region's energy and advanced manufacturing sectors.  The proposed Flexible Entry/Flexible Exit format will build upon the successful model developed by Polk State College with a prior NSF award.  This program format permits students to enroll in PTEC technical courses at virtually any point in the academic year, complete the courses at their own pace, and increase the amount of time spent on hands-on technical education. By accommodating personal and professional schedules, this approach could also enable existing workers and non-traditional students to enroll in the program.  Thus, the program format can broaden the diversity of graduates who are prepared for careers in the region's rapidly expanding energy and advanced manufacturing sectors.  &lt;br/&gt;&lt;br/&gt;The goals of the Process Technology: Flexible Entry/Flexible Exit Curriculum Adaptation project are to: 1) build capacity of CCBC's Process Technology program to educate the technician workforce needed in the tristate region; 2) increase program accessibility for non-traditional students and incumbent workers from the Appalachian Region interested in an associate degree in process technology; and 3) increase collaboration between education and industry within the tristate region. The project plans to use a flipped-hybrid, competency-based delivery model that is detached from the traditional semester framework.  It is expected that this flexible model will permit the College to institute an "every day is a new class start" approach that will increase accessibility of the program to diverse groups of students.  Each current PTEC technical course will be modularized into multiple one-credit courses.  Each one-credit course will consist of an online component, corresponding hands-on requirements, and one or more hands-on assessments.  Each one-credit course will be self-paced, and faculty will support learners by serving as success coaches as the students complete the online and hands-on requirements.  Learners will schedule the final hands-on assessment of each course with faculty, when the learners are ready and it fits in their schedules.&lt;br/&gt;&lt;br/&gt;This award reflects NSF's statutory mission and has been deemed worthy of support through evaluation using the Foundation's intellectual merit and broader impacts review criteria.</AbstractNarration>
<MinAmdLetterDate>06/18/2018</MinAmdLetterDate>
<MaxAmdLetterDate>06/18/2018</MaxAmdLetterDate>
<ARRAAmount/>
<AwardID>1801076</AwardID>
<Investigator>
<FirstName>John</FirstName>
<LastName>Higgs</LastName>
<EmailAddress>John.Higgs@ccbc.edu</EmailAddress>
<StartDate>06/18/2018</StartDate>
<EndDate/>
<RoleCode>Principal Investigator</RoleCode>
</Investigator>
<Investigator>
<FirstName>John</FirstName>
<LastName>Goberish</LastName>
<EmailAddress>john.goberish@ccbc.edu</EmailAddress>
<StartDate>06/18/2018</StartDate>
<EndDate/>
<RoleCode>Co-Principal Investigator</RoleCode>
</Investigator>
<Investigator>
<FirstName>Hugh</FirstName>
<LastName>Gallagher</LastName>
<EmailAddress>hugh.gallagher@ccbc.edu</EmailAddress>
<StartDate>06/18/2018</StartDate>
<EndDate/>
<RoleCode>Co-Principal Investigator</RoleCode>
</Investigator>
<Investigator>
<FirstName>Michael</FirstName>
<LastName>Martino</LastName>
<EmailAddress>Michael.Martino@ccbc.edu</EmailAddress>
<StartDate>06/18/2018</StartDate>
<EndDate/>
<RoleCode>Co-Principal Investigator</RoleCode>
</Investigator>
<Institution>
<Name>Community College of Beaver County</Name>
<CityName>Monaca</CityName>
<ZipCode>150612566</ZipCode>
<PhoneNumber>7244803460</PhoneNumber>
<StreetAddress>1 Campus Drive</StreetAddress>
<CountryName>United States</CountryName>
<StateName>Pennsylvania</StateName>
<StateCode>PA</StateCode>
</Institution>
<ProgramElement>
<Code>7412</Code>
<Text>ADVANCED TECH EDUCATION PROG</Text>
</ProgramElement>
<ProgramReference>
<Code>1032</Code>
<Text>ADVANCED TECHNOLOGY EDUCATION</Text>
</ProgramReference>
<ProgramReference>
<Code>9178</Code>
<Text>UNDERGRADUATE EDUCATION</Text>
</ProgramReference>
<ProgramReference>
<Code>SMET</Code>
<Text>SCIENCE, MATH, ENG &amp; TECH EDUCATION</Text>
</ProgramReference>
</Award>
</rootTag>
