<?xml version="1.0" encoding="UTF-8"?>
<rootTag>
<Award>
<AwardTitle>Development of a Data Analytics Education Pathway</AwardTitle>
<AwardEffectiveDate>08/01/2018</AwardEffectiveDate>
<AwardExpirationDate>07/31/2021</AwardExpirationDate>
<AwardAmount>221951</AwardAmount>
<AwardInstrument>
<Value>Standard Grant</Value>
</AwardInstrument>
<Organization>
<Code>11040100</Code>
<Directorate>
<LongName>Direct For Education and Human Resources</LongName>
</Directorate>
<Division>
<LongName>Division Of Undergraduate Education</LongName>
</Division>
</Organization>
<ProgramOfficer>
<SignBlockName>Elizabeth Teles</SignBlockName>
</ProgramOfficer>
<AbstractNarration>Data analytics technicians support cyber defense and cyber operations within the vast network of U.S. military and National Security Agency strategic efforts, as well as in a growing number of businesses and industries. To meet the need for data analytics technicians, this project at Honolulu Community College aims to create and implement a Data Analytics career pathway, in collaboration with the Information Technology Management Department at the Shidler College of Business (University of Hawaii, Manoa). The project aims to: (1) make Honolulu Community College a regional hub for training data analytics technicians, phasing in a multi-entry, multi-exit career pathway; (2) address workforce development needs for Hawaii's strategic defense role in the Pacific Rim; (3) increase participation by Native Hawaiian students, women, and veterans in science, technology, engineering, and math (STEM) careers; and (4) develop five innovative data analytics courses featuring state-of-the-art virtual labs. Government offices and companies will provide feedback on project activities, as well as offer internship opportunities for students in the program. All project content will be publicly available on www.pcatt.org, for use by other groups interested in building data analytics technician programs.&lt;br/&gt;&lt;br/&gt;To prepare graduates for jobs as data analytics technicians, the project will develop a Data Analytics Certificate of Achievement within the associate of science degree program in Computing, Electronics, and Networking Technology at Honolulu Community College.  Where possible, courses for the Data Analytics Certificate of Achievement will be developed by curating and repurposing content from ATE centers and projects, such as Oceans of Data Institute in Massachusetts and the DATA project in Ohio. The program plans to build a bridge between Honolulu Community College and the Shidler College of Business by involving Honolulu Community College and Shidler College of Business students in team activities and by developing an articulation agreement that supports the transition of Honolulu Community College students into the Data Analytics Specialization at the university. The project will also collaborate with the Hawaii and California information technology (IT) apprenticeship efforts (funded by the US Department of Labor) to seed the adoption of an IT apprenticeship as an option to the trades and increase enrollments in the Data Analytics Certificate of Achievement program. (These states integrate community college credit into IT apprenticeships so that the internship supports progress toward a credential or degree.) The project aims to increase participation of Native Hawaiian students, women, and veterans in STEM careers by: (a) coordinating with business partners for inter-island academic year projects that will allow virtual high school teams to address local issues via data analysis; and (b) juxtaposing an ongoing GenCyber camp at Honolulu Community College with a new Hawaii Open Data Analytics Academy that will include projects with cultural and generational relevance.&lt;br/&gt;&lt;br/&gt;This award reflects NSF's statutory mission and has been deemed worthy of support through evaluation using the Foundation's intellectual merit and broader impacts review criteria.</AbstractNarration>
<MinAmdLetterDate>03/30/2018</MinAmdLetterDate>
<MaxAmdLetterDate>03/30/2018</MaxAmdLetterDate>
<ARRAAmount/>
<AwardID>1801190</AwardID>
<Investigator>
<FirstName>Sally</FirstName>
<LastName>Dunan</LastName>
<EmailAddress>sdunan@hawaii.edu</EmailAddress>
<StartDate>03/30/2018</StartDate>
<EndDate/>
<RoleCode>Co-Principal Investigator</RoleCode>
</Investigator>
<Investigator>
<FirstName>Wayne</FirstName>
<LastName>Lewis</LastName>
<EmailAddress>waynel@math.hawaii.edu</EmailAddress>
<StartDate>03/30/2018</StartDate>
<EndDate/>
<RoleCode>Principal Investigator</RoleCode>
</Investigator>
<Institution>
<Name>University of Hawaii</Name>
<CityName>HONOLULU</CityName>
<ZipCode>968222234</ZipCode>
<PhoneNumber>8089567800</PhoneNumber>
<StreetAddress>2440 Campus Road, Box 368</StreetAddress>
<CountryName>United States</CountryName>
<StateName>Hawaii</StateName>
<StateCode>HI</StateCode>
</Institution>
<ProgramElement>
<Code>7412</Code>
<Text>ADVANCED TECH EDUCATION PROG</Text>
</ProgramElement>
<ProgramReference>
<Code>1032</Code>
<Text>ADVANCED TECHNOLOGY EDUCATION</Text>
</ProgramReference>
<ProgramReference>
<Code>9150</Code>
<Text>EXP PROG TO STIM COMP RES</Text>
</ProgramReference>
<ProgramReference>
<Code>9178</Code>
<Text>UNDERGRADUATE EDUCATION</Text>
</ProgramReference>
<ProgramReference>
<Code>SMET</Code>
<Text>SCIENCE, MATH, ENG &amp; TECH EDUCATION</Text>
</ProgramReference>
</Award>
</rootTag>
