<?xml version="1.0" encoding="UTF-8"?>
<rootTag>
<Award>
<AwardTitle>Graduate Student Combinatorics Conference 2018</AwardTitle>
<AwardEffectiveDate>03/01/2018</AwardEffectiveDate>
<AwardExpirationDate>02/28/2019</AwardExpirationDate>
<AwardAmount>20000</AwardAmount>
<AwardInstrument>
<Value>Standard Grant</Value>
</AwardInstrument>
<Organization>
<Code>03040000</Code>
<Directorate>
<LongName>Direct For Mathematical &amp; Physical Scien</LongName>
</Directorate>
<Division>
<LongName>Division Of Mathematical Sciences</LongName>
</Division>
</Organization>
<ProgramOfficer>
<SignBlockName>Stefaan De Winter</SignBlockName>
</ProgramOfficer>
<AbstractNarration>The Graduate Student Combinatorics Conference (GSCC) will be held April 6-8, 2017 at the University of Texas at Dallas. This will be the 14th annual GSCC, which is traditionally organized by graduate students and has benefited greatly from NSF support in the past. The GSCC focuses on graduate student research presentations and will include keynote addresses by Catherine Yan (Texas A&amp;M), Karola Mészáros (Cornell), Fan Chung Graham (UCSD), and Po-shen Loh (Carnegie Mellon). The GSCC provides a unique and invaluable opportunity for graduate students in combinatorics to experience the benefits of taking part in a research conference. Giving their own presentations allows graduate students to develop their teaching and presentation skills, helping them succeed as junior researchers. &lt;br/&gt; &lt;br/&gt;Combinatorics is a vibrant field of mathematics with applications to many disciplines including algebra, geometry, topology, probability, computer science, and analysis. This conference will inform junior investigators of recent advances made in this lively and exciting field, and provide them with a setting to present their own original research. The GSCC provides a great opportunity for graduate students to network, and has led to joint research projects among participants in the past.&lt;br/&gt; &lt;br/&gt;Website: http://www.utdallas.edu/~nxw170830/gscc/GSCC2018.html&lt;br/&gt;&lt;br/&gt;This award reflects NSF's statutory mission and has been deemed worthy of support through evaluation using the Foundation's intellectual merit and broader impacts review criteria.</AbstractNarration>
<MinAmdLetterDate>02/13/2018</MinAmdLetterDate>
<MaxAmdLetterDate>02/13/2018</MaxAmdLetterDate>
<ARRAAmount/>
<AwardID>1801331</AwardID>
<Investigator>
<FirstName>Andras</FirstName>
<LastName>Farago</LastName>
<EmailAddress>farago@utdallas.edu</EmailAddress>
<StartDate>02/13/2018</StartDate>
<EndDate/>
<RoleCode>Co-Principal Investigator</RoleCode>
</Investigator>
<Investigator>
<FirstName>Nathan</FirstName>
<LastName>Williams</LastName>
<EmailAddress>nathan.f.williams@gmail.com</EmailAddress>
<StartDate>02/13/2018</StartDate>
<EndDate/>
<RoleCode>Principal Investigator</RoleCode>
</Investigator>
<Institution>
<Name>University of Texas at Dallas</Name>
<CityName>Richardson</CityName>
<ZipCode>750803021</ZipCode>
<PhoneNumber>9728832313</PhoneNumber>
<StreetAddress>800 W. Campbell Rd., AD15</StreetAddress>
<CountryName>United States</CountryName>
<StateName>Texas</StateName>
<StateCode>TX</StateCode>
</Institution>
<ProgramElement>
<Code>7970</Code>
<Text>Combinatorics</Text>
</ProgramElement>
<ProgramReference>
<Code>7556</Code>
<Text>CONFERENCE AND WORKSHOPS</Text>
</ProgramReference>
</Award>
</rootTag>
