<?xml version="1.0" encoding="UTF-8"?>
<rootTag>
<Award>
<AwardTitle>Young Mathematicians in C*-algebras</AwardTitle>
<AwardEffectiveDate>03/01/2018</AwardEffectiveDate>
<AwardExpirationDate>02/28/2019</AwardExpirationDate>
<AwardAmount>21998</AwardAmount>
<AwardInstrument>
<Value>Standard Grant</Value>
</AwardInstrument>
<Organization>
<Code>03040000</Code>
<Directorate>
<LongName>Direct For Mathematical &amp; Physical Scien</LongName>
</Directorate>
<Division>
<LongName>Division Of Mathematical Sciences</LongName>
</Division>
</Organization>
<ProgramOfficer>
<SignBlockName>Kevin Clancey</SignBlockName>
</ProgramOfficer>
<AbstractNarration>This award provides funding to help defray the expenses of participants in the consecutive meetings "Young Women in C*-algebras" and "Young Mathematicians in C*-algebras", conferences that will take place during August 11-12, 2018 and August 13-17, 2018, respectively, on the campus of the Katholieke Universiteit-Leuven in Leuven, Belgium. Additional information about the meetings can be found on the website http://wis.kuleuven.be/events/ymca2018&lt;br/&gt;&lt;br/&gt;The Young Women in C*-algebras meeting will have a lecture series given by an established female researcher and contributed talks. The Young Mathematicians in C*-algebras meeting will have two mini-courses and contributed talks. Both meetings are distinguished from other operator algebra conferences in that the participants and the organizers are all graduate students or early career researchers. The meetings are not limited to a the area of C*-algebras but includes presentations of results on von Neumann algebras and related areas. Major themes of this year's meeting include the following: Operator systems, C*-simple Groups, and Prime factorization of von Neumann algebras. The award allows for the participation of 15 early career US based researchers in these meetings. It affords these individuals a great opportunity to interact with their European counterparts, establish new collaborations, present their work and, in a reciprocal manner, learn of latest operator algebra research taking place in Europe.&lt;br/&gt;&lt;br/&gt;This award reflects NSF's statutory mission and has been deemed worthy of support through evaluation using the Foundation's intellectual merit and broader impacts review criteria.</AbstractNarration>
<MinAmdLetterDate>11/30/2017</MinAmdLetterDate>
<MaxAmdLetterDate>11/30/2017</MaxAmdLetterDate>
<ARRAAmount/>
<AwardID>1801302</AwardID>
<Investigator>
<FirstName>Dawn</FirstName>
<LastName>Archey</LastName>
<EmailAddress>archeyde@udmercy.edu</EmailAddress>
<StartDate>11/30/2017</StartDate>
<EndDate/>
<RoleCode>Principal Investigator</RoleCode>
</Investigator>
<Investigator>
<FirstName>Jonathan</FirstName>
<LastName>Brown</LastName>
<EmailAddress>jbrown10@udayton.edu</EmailAddress>
<StartDate>11/30/2017</StartDate>
<EndDate/>
<RoleCode>Co-Principal Investigator</RoleCode>
</Investigator>
<Institution>
<Name>University of Detroit Mercy</Name>
<CityName>Detroit</CityName>
<ZipCode>482213038</ZipCode>
<PhoneNumber>3139271000</PhoneNumber>
<StreetAddress>4001 W MCNICHOLS</StreetAddress>
<CountryName>United States</CountryName>
<StateName>Michigan</StateName>
<StateCode>MI</StateCode>
</Institution>
<ProgramElement>
<Code>1281</Code>
<Text>ANALYSIS PROGRAM</Text>
</ProgramElement>
<ProgramReference>
<Code>7556</Code>
<Text>CONFERENCE AND WORKSHOPS</Text>
</ProgramReference>
</Award>
</rootTag>
