<?xml version="1.0" encoding="UTF-8"?>
<rootTag>
<Award>
<AwardTitle>L-functions, Fourier Transforms, and Gamma Factors</AwardTitle>
<AwardEffectiveDate>06/01/2018</AwardEffectiveDate>
<AwardExpirationDate>05/31/2021</AwardExpirationDate>
<AwardAmount>91322</AwardAmount>
<AwardInstrument>
<Value>Continuing grant</Value>
</AwardInstrument>
<Organization>
<Code>03040000</Code>
<Directorate>
<LongName>Direct For Mathematical &amp; Physical Scien</LongName>
</Directorate>
<Division>
<LongName>Division Of Mathematical Sciences</LongName>
</Division>
</Organization>
<ProgramOfficer>
<SignBlockName>Matthew  Douglass</SignBlockName>
</ProgramOfficer>
<AbstractNarration>An important goal in any mathematical theory is to understand one set of objects by means of another one. When the two sets are in a one-to-one correspondence, then one may call the correspondence a reciprocity law. One deep example of a reciprocity law is that of Artin and Langlands, which is a vast generalization of Quadratic Reciprocity Law discovered by Gauss that is important for solving equations over the integers modulo a prime, and which is the genesis of the more general Langlands Program. While a general reciprocity law within the Langlands program is still far from properly formulated, even for objects over rational numbers, one can consider the "Langlands Functoriality Principle," which is a consequence of Artin-Langlands reciprocity and is a conjecture that is currently at the core of Langlands program. This project deals with both reciprocity and functoriality and will establish new techniques and tools to study them.&lt;br/&gt;&lt;br/&gt;In more detail, the PI will compare the Fourier transform defined by Braverman-Kazhdan and the Hankel transform defined by Ngo, for the standard L-functions for classical groups. In the long run this will lead to a full theory of L-functions for cusp forms on any reductive group and any irreducible representation of its L-group. This will not only lead to fairly general cases of functoriality through converse theorems, but will also provide suitable Poisson summation formulas that are needed in the Beyond Endoscopy approach to functoriality. In terms of reciprocity, a number of cases where the equality of Artin factors with the factors defined by the Langlands-Shahidi method through the local Langlands correspondence (local reciprocity) for GL(n) will be established, following the techniques used in the cases of exterior and symmetric square factors for GL(n) proved earlier. Projects involving p-adic L-functions, local coefficients matrices for covering groups, and Rankin products of L-functions for GSpin groups will also be pursued.&lt;br/&gt;&lt;br/&gt;This award reflects NSF's statutory mission and has been deemed worthy of support through evaluation using the Foundation's intellectual merit and broader impacts review criteria.</AbstractNarration>
<MinAmdLetterDate>04/19/2018</MinAmdLetterDate>
<MaxAmdLetterDate>04/19/2018</MaxAmdLetterDate>
<ARRAAmount/>
<AwardID>1801273</AwardID>
<Investigator>
<FirstName>Freydoon</FirstName>
<LastName>Shahidi</LastName>
<EmailAddress>shahidi@math.purdue.edu</EmailAddress>
<StartDate>04/19/2018</StartDate>
<EndDate/>
<RoleCode>Principal Investigator</RoleCode>
</Investigator>
<Institution>
<Name>Purdue University</Name>
<CityName>West Lafayette</CityName>
<ZipCode>479072114</ZipCode>
<PhoneNumber>7654941055</PhoneNumber>
<StreetAddress>Young Hall</StreetAddress>
<CountryName>United States</CountryName>
<StateName>Indiana</StateName>
<StateCode>IN</StateCode>
</Institution>
<ProgramElement>
<Code>1264</Code>
<Text>ALGEBRA,NUMBER THEORY,AND COM</Text>
</ProgramElement>
</Award>
</rootTag>
