<?xml version="1.0" encoding="UTF-8"?>
<rootTag>
<Award>
<AwardTitle>Combinatory Analysis 2018</AwardTitle>
<AwardEffectiveDate>06/01/2018</AwardEffectiveDate>
<AwardExpirationDate>05/31/2019</AwardExpirationDate>
<AwardAmount>20000</AwardAmount>
<AwardInstrument>
<Value>Standard Grant</Value>
</AwardInstrument>
<Organization>
<Code>03040000</Code>
<Directorate>
<LongName>Direct For Mathematical &amp; Physical Scien</LongName>
</Directorate>
<Division>
<LongName>Division Of Mathematical Sciences</LongName>
</Division>
</Organization>
<ProgramOfficer>
<SignBlockName>Timothy Hodges</SignBlockName>
</ProgramOfficer>
<AbstractNarration>This award support participation in the conference "Combinatory Analysis 2018" to be held June 21--24, 2018 at the Pennsylvania State University. The aim of this conference is to provide a means for research mathematicians, graduate students, and others interested in partitions to explore new achievements, current research trends, and problems in this area by bringing together top researchers with junior mathematicians. It is expected that this conference will stimulate significant collaboration among the researchers in attendance. Further details are available at the conference website: http://personal.psu.edu/jxs23/gea80/&lt;br/&gt;&lt;br/&gt;The conference is expected to attract around 100 participants. The topics to be covered in this conference are very broad encompassing many different subject areas from number theory to combinatorics that are related to partition theory; in particular modular forms, special functions, enumerative combinatorics, and representation theory.   In addition to seventeen plenary talks, several parallel sessions of 20-minute talks are planned.  After the conference, the refereed proceedings will be published as Special Issues of Annals of Combinatorics (Springer) in 2019. The majority of the money in the award is intended to support graduate students, postdocs, and junior faculty, including women and under-represented minorities.&lt;br/&gt;&lt;br/&gt;This award reflects NSF's statutory mission and has been deemed worthy of support through evaluation using the Foundation's intellectual merit and broader impacts review criteria.</AbstractNarration>
<MinAmdLetterDate>03/29/2018</MinAmdLetterDate>
<MaxAmdLetterDate>03/29/2018</MaxAmdLetterDate>
<ARRAAmount/>
<AwardID>1801907</AwardID>
<Investigator>
<FirstName>Ae Ja</FirstName>
<LastName>Yee</LastName>
<EmailAddress>auy2@psu.edu</EmailAddress>
<StartDate>03/29/2018</StartDate>
<EndDate/>
<RoleCode>Principal Investigator</RoleCode>
</Investigator>
<Investigator>
<FirstName>James</FirstName>
<LastName>Sellers</LastName>
<EmailAddress>sellersj@math.psu.edu</EmailAddress>
<StartDate>03/29/2018</StartDate>
<EndDate/>
<RoleCode>Co-Principal Investigator</RoleCode>
</Investigator>
<Institution>
<Name>Pennsylvania State Univ University Park</Name>
<CityName>UNIVERSITY PARK</CityName>
<ZipCode>168027000</ZipCode>
<PhoneNumber>8148651372</PhoneNumber>
<StreetAddress>110 Technology Center Building</StreetAddress>
<CountryName>United States</CountryName>
<StateName>Pennsylvania</StateName>
<StateCode>PA</StateCode>
</Institution>
<ProgramElement>
<Code>1264</Code>
<Text>ALGEBRA,NUMBER THEORY,AND COM</Text>
</ProgramElement>
<ProgramElement>
<Code>7970</Code>
<Text>Combinatorics</Text>
</ProgramElement>
<ProgramReference>
<Code>7556</Code>
<Text>CONFERENCE AND WORKSHOPS</Text>
</ProgramReference>
</Award>
</rootTag>
