<?xml version="1.0" encoding="UTF-8"?>
<rootTag>
<Award>
<AwardTitle>Biotechnology Unified Education Network of Opportunities Project</AwardTitle>
<AwardEffectiveDate>07/01/2018</AwardEffectiveDate>
<AwardExpirationDate>06/30/2021</AwardExpirationDate>
<AwardAmount>225000</AwardAmount>
<AwardInstrument>
<Value>Standard Grant</Value>
</AwardInstrument>
<Organization>
<Code>11040100</Code>
<Directorate>
<LongName>Direct For Education and Human Resources</LongName>
</Directorate>
<Division>
<LongName>Division Of Undergraduate Education</LongName>
</Division>
</Organization>
<ProgramOfficer>
<SignBlockName>David B. Campbell</SignBlockName>
</ProgramOfficer>
<AbstractNarration>This project plans to build a Biotechnology Unified Education Network of Opportunities (BUENO) in the Lower Rio Grande Valley that will offer a clear path for undergraduates into careers in biotechnology-based STEM fields.  The project includes three major activities: 1) curriculum and educational materials development; 2) professional development for educators; and 3) program development and improvement. The main goal of the BUENO Project is to build the first biotechnology program in the region to enhance the employability of technicians in biotechnology-related fields.  The BUENO Project has the potential to provide a framework that can be duplicated at other minority 2- year and 4-year community colleges and universities. Moreover, through the partnership between Texas Southmost College and local school districts, the Project can build sustained efforts to align college readiness and the college curriculum in biotechnological fields of study. This alignment can help to ensure preparation of employees to meet the community's workforce demands.&lt;br/&gt; &lt;br/&gt;Through the BUENO Project, Texas Southmost College aims to increase student learning by developing a new biotechnology program of study, providing professional development for teacher improvement, and offering the most up-to-date curriculum and educational materials possible. Data collected as part of the evaluation plan will be critical for identifying strategies and activities that can be modified to improve project outcomes and student learning, as well as student and instructor competency and confidence, especially at a Hispanic-Serving Institution. Furthermore, the BUENO Project contribute new curricular materials that will be especially useful at minority institutions, as well as insight concerning which activities and interventions are most effective in promoting the success of Hispanics and veterans in biotechnology and related STEM fields.  These contributions will add to the body of knowledge about effective science education.&lt;br/&gt;&lt;br/&gt;This award reflects NSF's statutory mission and has been deemed worthy of support through evaluation using the Foundation's intellectual merit and broader impacts review criteria.</AbstractNarration>
<MinAmdLetterDate>06/13/2018</MinAmdLetterDate>
<MaxAmdLetterDate>06/13/2018</MaxAmdLetterDate>
<ARRAAmount/>
<AwardID>1801166</AwardID>
<Investigator>
<FirstName>Regina</FirstName>
<LastName>Overath</LastName>
<EmailAddress>deborah.overath@tsc.edu</EmailAddress>
<StartDate>06/13/2018</StartDate>
<EndDate/>
<RoleCode>Principal Investigator</RoleCode>
</Investigator>
<Investigator>
<FirstName>Angelica</FirstName>
<LastName>Fuentes</LastName>
<EmailAddress>angelica.fuentes@tsc.edu</EmailAddress>
<StartDate>06/13/2018</StartDate>
<EndDate/>
<RoleCode>Co-Principal Investigator</RoleCode>
</Investigator>
<Institution>
<Name>Texas Southmost College</Name>
<CityName>Brownsville</CityName>
<ZipCode>785204956</ZipCode>
<PhoneNumber>9562953436</PhoneNumber>
<StreetAddress>80 Fort Brown</StreetAddress>
<CountryName>United States</CountryName>
<StateName>Texas</StateName>
<StateCode>TX</StateCode>
</Institution>
<ProgramElement>
<Code>7412</Code>
<Text>ADVANCED TECH EDUCATION PROG</Text>
</ProgramElement>
<ProgramReference>
<Code>1032</Code>
<Text>ADVANCED TECHNOLOGY EDUCATION</Text>
</ProgramReference>
<ProgramReference>
<Code>9178</Code>
<Text>UNDERGRADUATE EDUCATION</Text>
</ProgramReference>
<ProgramReference>
<Code>SMET</Code>
<Text>SCIENCE, MATH, ENG &amp; TECH EDUCATION</Text>
</ProgramReference>
</Award>
</rootTag>
