<?xml version="1.0" encoding="UTF-8"?>
<rootTag>
<Award>
<AwardTitle>Resource Center for Advanced Automotive Technology (CAAT)</AwardTitle>
<AwardEffectiveDate>07/01/2018</AwardEffectiveDate>
<AwardExpirationDate>06/30/2021</AwardExpirationDate>
<AwardAmount>599999</AwardAmount>
<AwardInstrument>
<Value>Standard Grant</Value>
</AwardInstrument>
<Organization>
<Code>11040100</Code>
<Directorate>
<LongName>Direct For Education and Human Resources</LongName>
</Directorate>
<Division>
<LongName>Division Of Undergraduate Education</LongName>
</Division>
</Organization>
<ProgramOfficer>
<SignBlockName>V. Celeste  Carter</SignBlockName>
</ProgramOfficer>
<AbstractNarration>The automotive industry continues its radical transformation into new technologies driven by developing connected/automated (autonomous) vehicles, increasing fuel efficiency, minimizing environmental impact, and increasing safety in car design. With this continued transformation, the industry expects automotive employment to increase by 10.8% from 2013-2018.  The proportion of automotive technicians within the overall automotive industry is also expected to grow, even as the work becomes more technically complex. These employment projections highlight the importance of automotive technician education programs that incorporate the latest innovations, so that program graduates can meet the growing needs and expectations of the automotive industry. The Center for Advanced Automotive Technology (CAAT) proposes to transition to a Resource Center that will maintain components developed and/or supported by the Regional CAAT Center. &lt;br/&gt;&lt;br/&gt;CAAT will continue to maintain, grow, and distribute its library of open source, industry approved curriculum resources that are aligned with the knowledge and skills needed by today's technicians in the automotive industry.  CAAT's leadership team will work closely with auto designers, manufacturers, and parts suppliers to determine emerging education needs, to ensure that the materials shared through CAAT continue to educate graduates who meet employer needs. CAAT will also use outreach at the secondary and post-secondary level to increase the talent pool of individuals interested in advanced automotive technologies. As a resource center, CAAT aims to strengthen the bridge between education and industry, so that technician education programs include the most recent and promising new technologies that affect the vehicles of today and tomorrow.&lt;br/&gt;&lt;br/&gt;This award reflects NSF's statutory mission and has been deemed worthy of support through evaluation using the Foundation's intellectual merit and broader impacts review criteria.</AbstractNarration>
<MinAmdLetterDate>04/02/2018</MinAmdLetterDate>
<MaxAmdLetterDate>04/02/2018</MaxAmdLetterDate>
<ARRAAmount/>
<AwardID>1801150</AwardID>
<Investigator>
<FirstName>Bob</FirstName>
<LastName>Feldmaier</LastName>
<EmailAddress>feldmaierr@macomb.edu</EmailAddress>
<StartDate>04/02/2018</StartDate>
<EndDate/>
<RoleCode>Co-Principal Investigator</RoleCode>
</Investigator>
<Investigator>
<FirstName>Gene</FirstName>
<LastName>Liao</LastName>
<EmailAddress>geneliao@wayne.edu</EmailAddress>
<StartDate>04/02/2018</StartDate>
<EndDate/>
<RoleCode>Co-Principal Investigator</RoleCode>
</Investigator>
<Investigator>
<FirstName>Joseph</FirstName>
<LastName>Petrosky</LastName>
<EmailAddress>petroskyj@macomb.edu</EmailAddress>
<StartDate>04/02/2018</StartDate>
<EndDate/>
<RoleCode>Principal Investigator</RoleCode>
</Investigator>
<Institution>
<Name>Macomb Community College</Name>
<CityName>Warren</CityName>
<ZipCode>480883896</ZipCode>
<PhoneNumber>5864457241</PhoneNumber>
<StreetAddress>14500 Twelve Mile Road</StreetAddress>
<CountryName>United States</CountryName>
<StateName>Michigan</StateName>
<StateCode>MI</StateCode>
</Institution>
<ProgramElement>
<Code>7412</Code>
<Text>ADVANCED TECH EDUCATION PROG</Text>
</ProgramElement>
<ProgramReference>
<Code>1032</Code>
<Text>ADVANCED TECHNOLOGY EDUCATION</Text>
</ProgramReference>
<ProgramReference>
<Code>9178</Code>
<Text>UNDERGRADUATE EDUCATION</Text>
</ProgramReference>
<ProgramReference>
<Code>SMET</Code>
<Text>SCIENCE, MATH, ENG &amp; TECH EDUCATION</Text>
</ProgramReference>
</Award>
</rootTag>
