<?xml version="1.0" encoding="UTF-8"?>
<rootTag>
<Award>
<AwardTitle>I-Corps: Plasma-based Protein Footprinting</AwardTitle>
<AwardEffectiveDate>01/01/2018</AwardEffectiveDate>
<AwardExpirationDate>06/30/2019</AwardExpirationDate>
<AwardAmount>50000</AwardAmount>
<AwardInstrument>
<Value>Standard Grant</Value>
</AwardInstrument>
<Organization>
<Code>07070000</Code>
<Directorate>
<LongName>Directorate For Engineering</LongName>
</Directorate>
<Division>
<LongName>Div Of Industrial Innovation &amp; Partnersh</LongName>
</Division>
</Organization>
<ProgramOfficer>
<SignBlockName>Anita J. LaSalle</SignBlockName>
</ProgramOfficer>
<AbstractNarration>The broader impact/commercial potential of this I-Corps will be to enable faster development of protein-based therapeutic drugs, such as antibodies and biosimilars. The core technology allows for faster determination of structural features of such protein therapeutic agents, which is important because structure is essential to both the function and efficiency of a protein therapeutic. The technology can be applied at many points within a therapeutic's development, from the initial discovery and screening phases to testing a developed therapeutic's stability under a wide array of conditions and environments for quality control purposes. Given the significant fraction of protein therapeutics, specifically, within the rapidly growing biopharmaceutical market, we believe our technology will both be of significant value to this industry and enable faster development of therapeutics for treating diseases in the future.&lt;br/&gt;&lt;br/&gt;This I-Corps project further develops a technology that determines structural features of proteins in a liquid environment.  This is significant not only because a protein's structure dictates its function and by learning about the structure much information is gained about the protein itself, but also because proteins natively exist within cells in liquid environments. A plasma is used to create a reactive molecule from water surrounding the protein, and by measuring the areas on the protein that get labeled with this molecule, one can visualize relevant regions of the protein. When another element is added that changes the structure of the protein, or binds to and masks one side/face of the protein, this is reflected is changing levels or areas of modification by the reactive molecule. In this way, the technique can quickly map protein structural changes.</AbstractNarration>
<MinAmdLetterDate>12/15/2017</MinAmdLetterDate>
<MaxAmdLetterDate>12/15/2017</MaxAmdLetterDate>
<ARRAAmount/>
<AwardID>1801928</AwardID>
<Investigator>
<FirstName>Benjamin</FirstName>
<LastName>Minkoff</LastName>
<EmailAddress>bminkoff@wisc.edu</EmailAddress>
<StartDate>12/15/2017</StartDate>
<EndDate/>
<RoleCode>Principal Investigator</RoleCode>
</Investigator>
<Institution>
<Name>University of Wisconsin-Madison</Name>
<CityName>MADISON</CityName>
<ZipCode>537151218</ZipCode>
<PhoneNumber>6082623822</PhoneNumber>
<StreetAddress>21 North Park Street</StreetAddress>
<CountryName>United States</CountryName>
<StateName>Wisconsin</StateName>
<StateCode>WI</StateCode>
</Institution>
<ProgramElement>
<Code>8023</Code>
<Text>I-Corps</Text>
</ProgramElement>
</Award>
</rootTag>
