<?xml version="1.0" encoding="UTF-8"?>
<rootTag>
<Award>
<AwardTitle>Strengthening and Sharing a Holistic Technician Education Program Implemented at a Small, Rural, Private College</AwardTitle>
<AwardEffectiveDate>05/01/2018</AwardEffectiveDate>
<AwardExpirationDate>04/30/2021</AwardExpirationDate>
<AwardAmount>225000</AwardAmount>
<AwardInstrument>
<Value>Standard Grant</Value>
</AwardInstrument>
<Organization>
<Code>11040100</Code>
<Directorate>
<LongName>Direct For Education and Human Resources</LongName>
</Directorate>
<Division>
<LongName>Division Of Undergraduate Education</LongName>
</Division>
</Organization>
<ProgramOfficer>
<SignBlockName>David B. Campbell</SignBlockName>
</ProgramOfficer>
<AbstractNarration>This project aims to strengthen two associate degree programs, Manufacturing Technology, and Agriculture: Farm Operations and Management. These degree programs are included in Dordt College's Professional-Technical (Pro-Tech) Education initiative. This project seeks to develop, establish, grow, and evaluate new associate of science degree programs that can meet regional workforce demands. These degrees represent a holistic approach to technician education that builds strong technical abilities on a foundation of cross-contextual skills (such as communication and leadership) and character traits (such as a strong work ethic and growth mindset).   The overall goal is to equip graduates of these programs with refined technical abilities, as well as an understanding of the cultures of various workplaces and a recognition of the broader set of abilities needed to effectively apply technical skills.&lt;br/&gt;&lt;br/&gt;The project has five objectives: (1) Adapt proven, effective educational materials to enhance the AA curricula in Manufacturing Technology,  and Farm Operations and Management: Materials and practices from four ATE-funded projects and centers will be adapted to improve five courses and support six industry-validated certifications;  (2) Increase value of internship program: Materials, practices, and lessons learned from an ATE-funded project that created an internship model for rural areas will be applied to improve Pro-Tech internships;  (3) Develop highly skilled and knowledgeable faculty: Instructor ?externships? will be used to instructor knowledge, resulting in improved course content and activities; (4) Increase leadership capacity and capability: Mentorship by experienced ATE program PIs will help the Pro-Tec team manage growing programs and cultivate industry networks. (5) Foster adoption of the Pro-Tech model: A set of workshops and webinars will introduce other small, private, and/or rural institutions to the Pro-Tech initiative.&lt;br/&gt;&lt;br/&gt;This award reflects NSF's statutory mission and has been deemed worthy of support through evaluation using the Foundation's intellectual merit and broader impacts review criteria.</AbstractNarration>
<MinAmdLetterDate>04/02/2018</MinAmdLetterDate>
<MaxAmdLetterDate>04/02/2018</MaxAmdLetterDate>
<ARRAAmount/>
<AwardID>1801026</AwardID>
<Investigator>
<FirstName>Joel</FirstName>
<LastName>Sikkema</LastName>
<EmailAddress>joel.sikkema@dordt.edu</EmailAddress>
<StartDate>04/02/2018</StartDate>
<EndDate/>
<RoleCode>Principal Investigator</RoleCode>
</Investigator>
<Investigator>
<FirstName>Leah</FirstName>
<LastName>Zuidema</LastName>
<EmailAddress>leah.zuidema@dordt.edu</EmailAddress>
<StartDate>04/02/2018</StartDate>
<EndDate/>
<RoleCode>Co-Principal Investigator</RoleCode>
</Investigator>
<Investigator>
<FirstName>Oscar</FirstName>
<LastName>Rodriguez</LastName>
<EmailAddress>Oscar.Rodriguez@dordt.edu</EmailAddress>
<StartDate>04/02/2018</StartDate>
<EndDate/>
<RoleCode>Co-Principal Investigator</RoleCode>
</Investigator>
<Institution>
<Name>Dordt College</Name>
<CityName>Sioux Center</CityName>
<ZipCode>512501606</ZipCode>
<PhoneNumber>7127226264</PhoneNumber>
<StreetAddress>498 4th Avenue NE</StreetAddress>
<CountryName>United States</CountryName>
<StateName>Iowa</StateName>
<StateCode>IA</StateCode>
</Institution>
<ProgramElement>
<Code>7412</Code>
<Text>ADVANCED TECH EDUCATION PROG</Text>
</ProgramElement>
<ProgramReference>
<Code>1032</Code>
<Text>ADVANCED TECHNOLOGY EDUCATION</Text>
</ProgramReference>
<ProgramReference>
<Code>9178</Code>
<Text>UNDERGRADUATE EDUCATION</Text>
</ProgramReference>
<ProgramReference>
<Code>SMET</Code>
<Text>SCIENCE, MATH, ENG &amp; TECH EDUCATION</Text>
</ProgramReference>
</Award>
</rootTag>
