<?xml version="1.0" encoding="UTF-8"?>
<rootTag>
<Award>
<AwardTitle>Funding for Interagency Agreement (NCSE 1801201) with BLS to Purchase Data From the Occupational Employment Statistics Survey (BLS-7-006)</AwardTitle>
<AwardEffectiveDate>11/01/2017</AwardEffectiveDate>
<AwardExpirationDate>11/30/2018</AwardExpirationDate>
<AwardAmount>370000</AwardAmount>
<AwardInstrument>
<Value>Contract Interagency Agreement</Value>
</AwardInstrument>
<Organization>
<Code>04030000</Code>
<Directorate>
<LongName>Direct For Social, Behav &amp; Economic Scie</LongName>
</Directorate>
<Division>
<LongName>National Center For S&amp;E Statistics</LongName>
</Division>
</Organization>
<ProgramOfficer>
<SignBlockName>amy burke</SignBlockName>
</ProgramOfficer>
<AbstractNarration/>
<MinAmdLetterDate>10/26/2017</MinAmdLetterDate>
<MaxAmdLetterDate>10/26/2017</MaxAmdLetterDate>
<ARRAAmount/>
<AwardID>1801201</AwardID>
<Investigator>
<FirstName>Laurie</FirstName>
<LastName>Salmon</LastName>
<EmailAddress>salmon.laurie@bls.gov</EmailAddress>
<StartDate>10/26/2017</StartDate>
<EndDate/>
<RoleCode>Principal Investigator</RoleCode>
</Investigator>
<Institution>
<Name>Department of Labor Bureau of Labor Statistics</Name>
<CityName>Washington</CityName>
<ZipCode>20212</ZipCode>
<PhoneNumber/>
<StreetAddress/>
<CountryName>United States</CountryName>
<StateName>District of Columbia</StateName>
<StateCode>DC</StateCode>
</Institution>
<ProgramElement>
<Code>8804</Code>
<Text>SCIENCE &amp; ENGINEERNG INDICATRS</Text>
</ProgramElement>
</Award>
</rootTag>
