<?xml version="1.0" encoding="UTF-8"?>
<rootTag>
<Award>
<AwardTitle>RET Site: Research Experiences for Teachers in Big Data and Data Science</AwardTitle>
<AwardEffectiveDate>02/15/2018</AwardEffectiveDate>
<AwardExpirationDate>01/31/2021</AwardExpirationDate>
<AwardAmount>598128</AwardAmount>
<AwardInstrument>
<Value>Standard Grant</Value>
</AwardInstrument>
<Organization>
<Code>05050000</Code>
<Directorate>
<LongName>Direct For Computer &amp; Info Scie &amp; Enginr</LongName>
</Directorate>
<Division>
<LongName>Division Of Computer and Network Systems</LongName>
</Division>
</Organization>
<ProgramOfficer>
<SignBlockName>Harriet G. Taylor</SignBlockName>
</ProgramOfficer>
<AbstractNarration>This award creates a new Research Experiences for Teachers (RET) Site focused on Big Data and data science at the University of Louisville. Each summer, ten high school Science/Technology/Engineering/Mathematics (STEM) teachers will participate in research activities with faculty in labs at the University of Louisville.  The teachers will be recruited from Jefferson County Public Schools and the Ohio Valley Education Consortium.  Teachers in this site will apply fundamental data science techniques and learn Big Data principles while investigating real world problems with social relevance. The fast pace of low-cost technological innovation and data-centered operations have led to an explosion of data that can be used to solve problems and provide new insights for the future. This includes projects involving areas such as human welfare, healthcare, smart cities, and robotics. The participating teachers will translate their research experiences and knowledge into classroom practice by developing instructional modules and course materials that they will introduce in their classrooms and share with other teachers in their school districts. These activities all contribute to the formation of a community of practice in partnership with the University of Louisville faculty mentors that has the potential to significantly enhance STEM education in the participating school districts.&lt;br/&gt;&lt;br/&gt;RET Site participants will participate in cutting-edge research projects with state-of-the-art data science tools and techniques. The RET Site features a unique combination of faculty mentors from the Department of Computer Engineering and Computer Science who have experience in both hardware and software, which is a synergistic combination in the field of Big Data.  The goals include: providing  quality research experiences in Big Data and data science for the high school teachers; strengthening the connection between the computing faculty and the school districts;  enhancing high school teachers' understanding of engineering research design and the principles of Big Data;  enhancing high school teachers' abilities to teach engineering and computer science concepts in a compelling way; and preparing engineering graduate students and university faculty to assist and support the high school teachers and their students. As Big Data permeates all sectors of society, Big Data problems often arise in diverse disciplines, not just the computing field.  The data-enabled approach is revolutionizing the way scientists and engineers in many fields practice, understand, and make discoveries.  Thus, Big Data can impact all STEM subjects and may become fundamental to a quality high school STEM education.  This project will help develop a core group of teachers who can bring Big Data principles and methods into their classrooms and excite high school students about the potential of Big Data and data science and its relevance to many possible career paths of the future.</AbstractNarration>
<MinAmdLetterDate>02/08/2018</MinAmdLetterDate>
<MaxAmdLetterDate>02/08/2018</MaxAmdLetterDate>
<ARRAAmount/>
<AwardID>1801513</AwardID>
<Investigator>
<FirstName>Stephanie</FirstName>
<LastName>Philipp</LastName>
<EmailAddress>sbphil02@louisville.edu</EmailAddress>
<StartDate>02/08/2018</StartDate>
<EndDate/>
<RoleCode>Co-Principal Investigator</RoleCode>
</Investigator>
<Investigator>
<FirstName>Olfa</FirstName>
<LastName>Nasraoui</LastName>
<EmailAddress>olfa.nasraoui@louisville.edu</EmailAddress>
<StartDate>02/08/2018</StartDate>
<EndDate/>
<RoleCode>Principal Investigator</RoleCode>
</Investigator>
<Institution>
<Name>University of Louisville Research Foundation Inc</Name>
<CityName>Louisville</CityName>
<ZipCode>402021959</ZipCode>
<PhoneNumber>5028523788</PhoneNumber>
<StreetAddress>The Nucleus</StreetAddress>
<CountryName>United States</CountryName>
<StateName>Kentucky</StateName>
<StateCode>KY</StateCode>
</Institution>
<ProgramElement>
<Code>1359</Code>
<Text>RES EXP FOR TEACHERS(RET)-SITE</Text>
</ProgramElement>
<ProgramReference>
<Code>1359</Code>
<Text>RES EXP FOR TEACHERS(RET)-SITE</Text>
</ProgramReference>
<ProgramReference>
<Code>9150</Code>
<Text>EXP PROG TO STIM COMP RES</Text>
</ProgramReference>
</Award>
</rootTag>
