<?xml version="1.0" encoding="UTF-8"?>
<rootTag>
<Award>
<AwardTitle>Research Initiation Award: Spatial organization and temporal coordination involved in secretory vesicle trafficking and exocytosis in live cells</AwardTitle>
<AwardEffectiveDate>04/01/2018</AwardEffectiveDate>
<AwardExpirationDate>03/31/2021</AwardExpirationDate>
<AwardAmount>296556</AwardAmount>
<AwardInstrument>
<Value>Standard Grant</Value>
</AwardInstrument>
<Organization>
<Code>11060000</Code>
<Directorate>
<LongName>Direct For Education and Human Resources</LongName>
</Directorate>
<Division>
<LongName>Division Of Human Resource Development</LongName>
</Division>
</Organization>
<ProgramOfficer>
<SignBlockName>clytrice watson</SignBlockName>
</ProgramOfficer>
<AbstractNarration>Research Initiation Awards provide support for junior and mid-career faculty at Historically Black Colleges and Universities who are building new research programs or redirecting and rebuilding existing programs. It is expected that the award helps to further the faculty member's research capability and effectiveness, improves research and teaching at the home institution, and involves undergraduate students in research experiences. The award to Howard University aims to reveal how spatiotemporal information is integrated and used by cells to affect signaling pathways promoting expulsion of substances from cells (exocytosis) and will enable researchers to better understand how exocytosis allows cells to communicate with other cells, tissues, and the extracellular space.  &lt;br/&gt;&lt;br/&gt;Exocytosis is a fundamental cellular behavior that is ubiquitous across eukaryotes and other cell types. The goal of this study is to provide a better understanding of how proteins, lipids, and the actin cytoskeleton network act as organizing "elements" regulating exocytosis.  Fluorescence microscopy will be utilized to establish an understanding of the spatial and temporal requirements governing the biophysical principles that organize cell membranes and influence biological processes like regulated exocytosis.&lt;br/&gt;&lt;br/&gt;This award reflects NSF's statutory mission and has been deemed worthy of support through evaluation using the Foundation's intellectual merit and broader impacts review criteria.</AbstractNarration>
<MinAmdLetterDate>03/30/2018</MinAmdLetterDate>
<MaxAmdLetterDate>03/30/2018</MaxAmdLetterDate>
<ARRAAmount/>
<AwardID>1801204</AwardID>
<Investigator>
<FirstName>Dinari</FirstName>
<LastName>Harris</LastName>
<EmailAddress>dinari.harris@howard.edu</EmailAddress>
<StartDate>03/30/2018</StartDate>
<EndDate/>
<RoleCode>Principal Investigator</RoleCode>
</Investigator>
<Institution>
<Name>Howard University</Name>
<CityName>Washington</CityName>
<ZipCode>200599000</ZipCode>
<PhoneNumber>2028064759</PhoneNumber>
<StreetAddress>2400 Sixth Street N W</StreetAddress>
<CountryName>United States</CountryName>
<StateName>District of Columbia</StateName>
<StateCode>DC</StateCode>
</Institution>
<ProgramElement>
<Code>1594</Code>
<Text>HIST BLACK COLLEGES AND UNIV</Text>
</ProgramElement>
<ProgramReference>
<Code>9178</Code>
<Text>UNDERGRADUATE EDUCATION</Text>
</ProgramReference>
<ProgramReference>
<Code>9264</Code>
<Text>RESEARCH INITIATION AWARD</Text>
</ProgramReference>
</Award>
</rootTag>
