<?xml version="1.0" encoding="UTF-8"?>
<rootTag>
<Award>
<AwardTitle>Nonarchimedean Analysis, Geometry, and Computation</AwardTitle>
<AwardEffectiveDate>07/01/2018</AwardEffectiveDate>
<AwardExpirationDate>06/30/2021</AwardExpirationDate>
<AwardAmount>107767</AwardAmount>
<AwardInstrument>
<Value>Continuing grant</Value>
</AwardInstrument>
<Organization>
<Code>03040000</Code>
<Directorate>
<LongName>Direct For Mathematical &amp; Physical Scien</LongName>
</Directorate>
<Division>
<LongName>Division Of Mathematical Sciences</LongName>
</Division>
</Organization>
<ProgramOfficer>
<SignBlockName>Andrew D. Pollington</SignBlockName>
</ProgramOfficer>
<AbstractNarration>This project consists of a number of applications of non-archimedean (p-adic) analysis and geometry to problems in arithmetic algebraic geometry, of both theoretical and computational nature. Offshoots of the awarded research include new techniques in the theory of p-adic differential equations, which has previously found applications to computer science; for instance, one of the PI's algorithms for computing zeta functions is widely cited in the cryptography literature. The proposed activities include training of graduate students in several capacities, which promotes enhancement of the US knowledge base; increased access to enrichment activities for low-income students in New York City and Los Angeles; new training opportunities for US undergraduates seeking careers in mathematics education; development of open-source software for mathematics research; and work on interactive open-source curricular materials, including the introduction on a new course on mathematical software.   &lt;br/&gt;&lt;br/&gt;&lt;br/&gt;It is hardly an overstatement to assert that the theory of perfectoid spaces since 2010 has triggered a revolution in arithmetic geometry, with rapid advances coming at a previously unknown pace; however, deep improvements in the foundations of the subject are vital in order to sustain this rate of progress. Further work is also needed to fully realize the potential of perfectoid spaces to deepen our understanding of the relationship between geometric and representation-theoretic objects indicated by the Langlands correspondence; in particular, this will require deep insights in order to globalize the hitherto local constructions of p-adic Hodge theory. Separately, computational advances driven by p-adic analysis have had, and will continue to have, a transformative effect on the study of arithmetic-geometric objects and their associated L-functions, by opening up vast new territories for empirical observation. The net effect is to bring number theory back to its roots as an empirically driven subject, thus leading to a new generation of theorems based on experimental predictions (echoing the historical development of such results as quadratic reciprocity and the prime number theorem).&lt;br/&gt;&lt;br/&gt;This award reflects NSF's statutory mission and has been deemed worthy of support through evaluation using the Foundation's intellectual merit and broader impacts review criteria.</AbstractNarration>
<MinAmdLetterDate>04/19/2018</MinAmdLetterDate>
<MaxAmdLetterDate>04/19/2018</MaxAmdLetterDate>
<ARRAAmount/>
<AwardID>1802161</AwardID>
<Investigator>
<FirstName>Kiran</FirstName>
<LastName>Kedlaya</LastName>
<EmailAddress>kedlaya@ucsd.edu</EmailAddress>
<StartDate>04/19/2018</StartDate>
<EndDate/>
<RoleCode>Principal Investigator</RoleCode>
</Investigator>
<Institution>
<Name>University of California-San Diego</Name>
<CityName>La Jolla</CityName>
<ZipCode>920930621</ZipCode>
<PhoneNumber>8585344896</PhoneNumber>
<StreetAddress>Office of Contract &amp; Grant Admin</StreetAddress>
<CountryName>United States</CountryName>
<StateName>California</StateName>
<StateCode>CA</StateCode>
</Institution>
<ProgramElement>
<Code>1264</Code>
<Text>ALGEBRA,NUMBER THEORY,AND COM</Text>
</ProgramElement>
</Award>
</rootTag>
