<?xml version="1.0" encoding="UTF-8"?>
<rootTag>
<Award>
<AwardTitle>Doctoral Dissertation Research:  Informal Financial Networks in a Conflict Economy</AwardTitle>
<AwardEffectiveDate>04/01/2018</AwardEffectiveDate>
<AwardExpirationDate>03/31/2019</AwardExpirationDate>
<AwardAmount>11970</AwardAmount>
<AwardInstrument>
<Value>Standard Grant</Value>
</AwardInstrument>
<Organization>
<Code>04050000</Code>
<Directorate>
<LongName>Direct For Social, Behav &amp; Economic Scie</LongName>
</Directorate>
<Division>
<LongName>Divn Of Social and Economic Sciences</LongName>
</Division>
</Organization>
<ProgramOfficer>
<SignBlockName>Joseph Whitmeyer</SignBlockName>
</ProgramOfficer>
<AbstractNarration>This project analyzes an informal financial transfer system that has survived and flourished in the face of protracted civil war.  One surprising aspect of civil war is the degree to which economic and social life endures in the face of interminable dislocation and turmoil.  The informal financial system under study has endured and even expanded in the face of war, even as formal institutions have mostly broken down.  This research will explore how the system operates and how it has shaped the dynamics of the conflict.  The project will build knowledge on the internal dynamics and drivers of civil wars, which will help to inform the development of actionable policies aimed at their mitigation, prevention, and termination.  Its conclusions will be of relevance to a range of policymakers and non-governmental organizations interested in the micro-dynamics of civil conflict, including how everyday civilians experience and manage the realities of war.&lt;br/&gt;&lt;br/&gt;This project will employ ethnographic research in two sites neighboring the war zone to illuminate this financial system, an unregulated system based on networks of brokers who send and receive cash on behalf of their customers, including refugees, humanitarian organization, businessmen, and smugglers, among others.  Several research methods will be used.  A small number of brokers will be shadowed to observe their daily business practices, trace their transnational networks, and register patterns in their transactions.  Semi-structured interviews will be conducted with brokers, but also customers and humanitarian NGOs that make use of the system and government regulators.  Quantitative data, including transaction log data from system agents, also will be examined.&lt;br/&gt;&lt;br/&gt;This award reflects NSF's statutory mission and has been deemed worthy of support through evaluation using the Foundation's intellectual merit and broader impacts review criteria.</AbstractNarration>
<MinAmdLetterDate>03/13/2018</MinAmdLetterDate>
<MaxAmdLetterDate>03/13/2018</MaxAmdLetterDate>
<ARRAAmount/>
<AwardID>1802464</AwardID>
<Investigator>
<FirstName>Gozde</FirstName>
<LastName>Guran</LastName>
<EmailAddress>gguran@princeton.edu</EmailAddress>
<StartDate>03/13/2018</StartDate>
<EndDate/>
<RoleCode>Co-Principal Investigator</RoleCode>
</Investigator>
<Investigator>
<FirstName>Viviana</FirstName>
<LastName>Zelizer</LastName>
<EmailAddress>vzelizer@princeton.edu</EmailAddress>
<StartDate>03/13/2018</StartDate>
<EndDate/>
<RoleCode>Principal Investigator</RoleCode>
</Investigator>
<Institution>
<Name>Princeton University</Name>
<CityName>Princeton</CityName>
<ZipCode>085442020</ZipCode>
<PhoneNumber>6092583090</PhoneNumber>
<StreetAddress>Off. of Research &amp; Proj. Admin.</StreetAddress>
<CountryName>United States</CountryName>
<StateName>New Jersey</StateName>
<StateCode>NJ</StateCode>
</Institution>
<ProgramElement>
<Code>1331</Code>
<Text>SOCIOLOGY</Text>
</ProgramElement>
<ProgramReference>
<Code>1331</Code>
<Text>SOCIOLOGY</Text>
</ProgramReference>
<ProgramReference>
<Code>9179</Code>
<Text>GRADUATE INVOLVEMENT</Text>
</ProgramReference>
</Award>
</rootTag>
