<?xml version="1.0" encoding="UTF-8"?>
<rootTag>
<Award>
<AwardTitle>CAREER: From Data to Knowledge: Extracting and Utilizing Concept Graphs in Online Environments</AwardTitle>
<AwardEffectiveDate>09/13/2017</AwardEffectiveDate>
<AwardExpirationDate>05/31/2022</AwardExpirationDate>
<AwardAmount>193323</AwardAmount>
<AwardInstrument>
<Value>Continuing grant</Value>
</AwardInstrument>
<Organization>
<Code>05020000</Code>
<Directorate>
<LongName>Direct For Computer &amp; Info Scie &amp; Enginr</LongName>
</Directorate>
<Division>
<LongName>Div Of Information &amp; Intelligent Systems</LongName>
</Division>
</Organization>
<ProgramOfficer>
<SignBlockName>James French</SignBlockName>
</ProgramOfficer>
<AbstractNarration>Knowledge bases today are central to the successful utilization of information available in the large and growing amounts of digital data on the Web. Such technologies have started to unleash a transformation of Web search from a keyword match to discovery, learning, and creativity, which are crucial to promoting the goal of knowledge discovery. Unfortunately, the search for information remains inherently difficult for significant portions of the Web such as the Scholarly Web, which contains many millions of scientific documents. For example, PubMed has over 20 million documents, whereas Google Scholar is estimated to have more than 100 million. Open-access digital libraries such as CiteSeerX, which acquire freely-available research articles from the Web, witness an increase in their document collections as well. Despite attractive advancements by scholarly search portals, semantic search technologies that "understand" complex concepts and their relations and can systematically satisfy users' intricate information needs have yet to be investigated on the Scholarly Web. The goal of this project is to design solutions to make information more accessible and comprehensible to Scholarly Web users in particular, and Web users in general, and to help them discover knowledge more effectively and efficiently. The approach taken will be to develop an integrated framework, focusing on the extraction and utilization of scholarly knowledge graphs in online scholarly environments. Educationally, this work will involve: training of graduate, undergraduate, and high-school students, particularly encouraging the participation of women and underrepresented groups in the research efforts; curriculum development and integration of research into courses taught by the PI; exposure of students to industry and international experiences; and education for the general public.&lt;br/&gt; &lt;br/&gt;The project will target the following research objectives: (1) explore the construction of scholarly knowledge graphs that combine evidence from multiple resources in an open information extraction framework; (2) design and develop novel algorithms for the detection and analysis of interesting and previously unknown connections between concepts, in order to enforce knowledge discovery on the Scholarly Web; and (3) investigate the utility of scholarly knowledge graphs in a question answering system. The results of this research will be integrated into the CiteSeerX digital library (http://citeseerx.ist.psu.edu). The software, tools, and benchmark datasets, which will be developed during the course of this project will be made publicly available. All findings will be shared with the research community through publications in academic journals and presented in Information Retrieval, Text Mining and Natural Language Processing conferences. For further information, see the project web page:  http://www.cse.unt.edu/~ccaragea/skg.html.</AbstractNarration>
<MinAmdLetterDate>11/01/2017</MinAmdLetterDate>
<MaxAmdLetterDate>05/08/2018</MaxAmdLetterDate>
<ARRAAmount/>
<AwardID>1802358</AwardID>
<Investigator>
<FirstName>Cornelia</FirstName>
<LastName>Caragea</LastName>
<EmailAddress>ccaragea@ksu.edu</EmailAddress>
<StartDate>11/01/2017</StartDate>
<EndDate/>
<RoleCode>Principal Investigator</RoleCode>
</Investigator>
<Institution>
<Name>Kansas State University</Name>
<CityName>Manhattan</CityName>
<ZipCode>665061100</ZipCode>
<PhoneNumber>7855326804</PhoneNumber>
<StreetAddress>2 FAIRCHILD HALL</StreetAddress>
<CountryName>United States</CountryName>
<StateName>Kansas</StateName>
<StateCode>KS</StateCode>
</Institution>
<ProgramElement>
<Code>7364</Code>
<Text>INFO INTEGRATION &amp; INFORMATICS</Text>
</ProgramElement>
<ProgramReference>
<Code>1045</Code>
<Text>CAREER: FACULTY EARLY CAR DEV</Text>
</ProgramReference>
<ProgramReference>
<Code>7364</Code>
<Text>INFO INTEGRATION &amp; INFORMATICS</Text>
</ProgramReference>
</Award>
</rootTag>
