<?xml version="1.0" encoding="UTF-8"?>
<rootTag>
<Award>
<AwardTitle>Evolution of integrated behavior (US-India collaboration)</AwardTitle>
<AwardEffectiveDate>10/13/2017</AwardEffectiveDate>
<AwardExpirationDate>05/31/2019</AwardExpirationDate>
<AwardAmount>205451</AwardAmount>
<AwardInstrument>
<Value>Continuing grant</Value>
</AwardInstrument>
<Organization>
<Code>08090500</Code>
<Directorate>
<LongName>Direct For Biological Sciences</LongName>
</Directorate>
<Division>
<LongName>Division Of Integrative Organismal Systems</LongName>
</Division>
</Organization>
<ProgramOfficer>
<SignBlockName>Jodie Jawor</SignBlockName>
</ProgramOfficer>
<AbstractNarration>This award is designated as a Global Venture Fund Award and is being co-funded by NSF's Office of International Science and Engineering. A species' ability to withstand sudden changes in the environment is limited by internal and external factors. In this project, researchers from the US and India, using zebrafish as a model, join forces to identify the specific mechanisms by which populations undergo rapid shifts in behavior. This in an integrated project as the research team will conduct an ecological and genomic survey of Indian fish in the wild, and then transport fish to laboratories in the US for detailed tests of sensory ability. In addition, new statistical methods will be developed to predict the impact of genetic, physiological, and ecological mechanisms on the ability of zebrafish to adapt to sudden change. The results are expected to yield insight into the relative importance of genomic, physiological, and habitat constraints. Statistical and software tools to predict the impact of pollution and climate change on the survival of key organisms will be disseminated broadly to other researchers via the internet. The research will also increase basic knowledge on the behavior and ecology of zebrafish, a model organism used commonly in biomedical research. The collaborative team includes a third-grade teacher who will use internet videoconferencing to add an international component to classroom exercises based on this research.</AbstractNarration>
<MinAmdLetterDate>01/08/2018</MinAmdLetterDate>
<MaxAmdLetterDate>01/08/2018</MaxAmdLetterDate>
<ARRAAmount/>
<AwardID>1802296</AwardID>
<Investigator>
<FirstName>Emilia</FirstName>
<LastName>Martins</LastName>
<EmailAddress>emilia.martins@asu.edu</EmailAddress>
<StartDate>01/08/2018</StartDate>
<EndDate/>
<RoleCode>Principal Investigator</RoleCode>
</Investigator>
<Institution>
<Name>Arizona State University</Name>
<CityName>TEMPE</CityName>
<ZipCode>852816011</ZipCode>
<PhoneNumber>4809655479</PhoneNumber>
<StreetAddress>ORSPA</StreetAddress>
<CountryName>United States</CountryName>
<StateName>Arizona</StateName>
<StateCode>AZ</StateCode>
</Institution>
<ProgramElement>
<Code>7659</Code>
<Text>ANIMAL BEHAVIOR</Text>
</ProgramElement>
<ProgramReference>
<Code>1228</Code>
<Text>MINORITY INVOLVEMENT -- BIO</Text>
</ProgramReference>
<ProgramReference>
<Code>5919</Code>
<Text>INDIA (COOPERATIVE SCIENCE)</Text>
</ProgramReference>
<ProgramReference>
<Code>9178</Code>
<Text>UNDERGRADUATE EDUCATION</Text>
</ProgramReference>
<ProgramReference>
<Code>9179</Code>
<Text>GRADUATE INVOLVEMENT</Text>
</ProgramReference>
</Award>
</rootTag>
