<?xml version="1.0" encoding="UTF-8"?>
<rootTag>
<Award>
<AwardTitle>Moduli Spaces and Moduli Problems</AwardTitle>
<AwardEffectiveDate>07/01/2018</AwardEffectiveDate>
<AwardExpirationDate>06/30/2021</AwardExpirationDate>
<AwardAmount>165100</AwardAmount>
<AwardInstrument>
<Value>Standard Grant</Value>
</AwardInstrument>
<Organization>
<Code>03040000</Code>
<Directorate>
<LongName>Direct For Mathematical &amp; Physical Scien</LongName>
</Directorate>
<Division>
<LongName>Division Of Mathematical Sciences</LongName>
</Division>
</Organization>
<ProgramOfficer>
<SignBlockName>Anatoly  Libgober</SignBlockName>
</ProgramOfficer>
<AbstractNarration>Moduli theory concerns itself with understanding all possible shapes the space can have. For example, if one takes a rectangle and identifies opposite edges, one obtains a cylinder, and further identifying the remaining edges gives what mathematicians call a torus - the surface of a donut. Starting with rectangles of different shapes one ends up with different tori. Furthermore, one can also do similar identifications starting with parallelograms, to get more tori. It can be proven that the such tori are intrinsically different - if one lives on the surface of a torus and cannot see the whole surface from far away, one can still distinguish the kind of parallelogram that was used to build the torus. The moduli space of tori is then the set of all possible shapes of tori that are intrinsically different. Amazingly enough this "set of shapes" itself is a nice geometric object. This project deals with posing problems of similar type: of classifying some geometric objects, together with some further information on them, and of studying the resulting moduli spaces.&lt;br/&gt;&lt;br/&gt;The project aims to understand better the geometry of various compact moduli spaces. Together with various collaborators, the PI will construct a modular compactification of the moduli space of complex curves together with a differential with prescribed multiplicities of zeroes, compactifying the so-called strata - phase spaces in Teichmuller dynamics. Real-normalized meromorphic differentials will be applied to bound the number of cusps of plane curves of a given degree. The project also will investigate the birational geometry and homology of various compactifications of the moduli spaces of cubic threefolds. Lastly the project will continue the investigations on homology and higher dimensional cycles on moduli spaces of abelian varieties.&lt;br/&gt;&lt;br/&gt;This award reflects NSF's statutory mission and has been deemed worthy of support through evaluation using the Foundation's intellectual merit and broader impacts review criteria.</AbstractNarration>
<MinAmdLetterDate>06/28/2018</MinAmdLetterDate>
<MaxAmdLetterDate>06/28/2018</MaxAmdLetterDate>
<ARRAAmount/>
<AwardID>1802116</AwardID>
<Investigator>
<FirstName>Samuel</FirstName>
<LastName>Grushevsky</LastName>
<EmailAddress>sam@math.stonybrook.edu</EmailAddress>
<StartDate>06/28/2018</StartDate>
<EndDate/>
<RoleCode>Principal Investigator</RoleCode>
</Investigator>
<Institution>
<Name>SUNY at Stony Brook</Name>
<CityName>Stony Brook</CityName>
<ZipCode>117940001</ZipCode>
<PhoneNumber>6316329949</PhoneNumber>
<StreetAddress>WEST 5510 FRK MEL LIB</StreetAddress>
<CountryName>United States</CountryName>
<StateName>New York</StateName>
<StateCode>NY</StateCode>
</Institution>
<ProgramElement>
<Code>1264</Code>
<Text>ALGEBRA,NUMBER THEORY,AND COM</Text>
</ProgramElement>
</Award>
</rootTag>
