<?xml version="1.0" encoding="UTF-8"?>
<rootTag>
<Award>
<AwardTitle>Geometric Invariance and Partial Differential Equations</AwardTitle>
<AwardEffectiveDate>01/01/2018</AwardEffectiveDate>
<AwardExpirationDate>12/31/2018</AwardExpirationDate>
<AwardAmount>20000</AwardAmount>
<AwardInstrument>
<Value>Standard Grant</Value>
</AwardInstrument>
<Organization>
<Code>03040000</Code>
<Directorate>
<LongName>Direct For Mathematical &amp; Physical Scien</LongName>
</Directorate>
<Division>
<LongName>Division Of Mathematical Sciences</LongName>
</Division>
</Organization>
<ProgramOfficer>
<SignBlockName>Edward Taylor</SignBlockName>
</ProgramOfficer>
<AbstractNarration>This award provides funding for US participation in the conference "Geometric Invariance and Partial Differential Equations" that will be held at the Academia Sinica Taipei January 17-20, 2018. &lt;br/&gt;&lt;br/&gt;The conference focuses on recent developments in Analysis, especially in the fields of geometric partial differential equations and several complex variables. A number of distinguished mathematicians have agreed to attend and speak at this conference. This award gives early career researchers, members of underrepresented groups, researchers not funded by NSF and the like an opportunity to attend and participate in this conference. The organizing committee will strive to make this funding opportunity known to target groups through a number of different activities. More information will be made available at: http://www.math.sinica.edu.tw/www/file_upload/conference/201801-GEO/index.html</AbstractNarration>
<MinAmdLetterDate>12/07/2017</MinAmdLetterDate>
<MaxAmdLetterDate>12/07/2017</MaxAmdLetterDate>
<ARRAAmount/>
<AwardID>1802285</AwardID>
<Investigator>
<FirstName>Paul</FirstName>
<LastName>Yang</LastName>
<EmailAddress>yang@math.princeton.edu</EmailAddress>
<StartDate>12/07/2017</StartDate>
<EndDate/>
<RoleCode>Co-Principal Investigator</RoleCode>
</Investigator>
<Investigator>
<FirstName>Alice</FirstName>
<LastName>Chang</LastName>
<EmailAddress>chang@math.princeton.edu</EmailAddress>
<StartDate>12/07/2017</StartDate>
<EndDate/>
<RoleCode>Principal Investigator</RoleCode>
</Investigator>
<Institution>
<Name>Princeton University</Name>
<CityName>Princeton</CityName>
<ZipCode>085442020</ZipCode>
<PhoneNumber>6092583090</PhoneNumber>
<StreetAddress>Off. of Research &amp; Proj. Admin.</StreetAddress>
<CountryName>United States</CountryName>
<StateName>New Jersey</StateName>
<StateCode>NJ</StateCode>
</Institution>
<ProgramElement>
<Code>1281</Code>
<Text>ANALYSIS PROGRAM</Text>
</ProgramElement>
<ProgramReference>
<Code>7556</Code>
<Text>CONFERENCE AND WORKSHOPS</Text>
</ProgramReference>
</Award>
</rootTag>
