<?xml version="1.0" encoding="UTF-8"?>
<rootTag>
<Award>
<AwardTitle>Doctoral Dissertation Research:  The Co-Construction of End-Of-Life Care</AwardTitle>
<AwardEffectiveDate>06/01/2018</AwardEffectiveDate>
<AwardExpirationDate>05/31/2019</AwardExpirationDate>
<AwardAmount>11206</AwardAmount>
<AwardInstrument>
<Value>Standard Grant</Value>
</AwardInstrument>
<Organization>
<Code>04050000</Code>
<Directorate>
<LongName>Direct For Social, Behav &amp; Economic Scie</LongName>
</Directorate>
<Division>
<LongName>Divn Of Social and Economic Sciences</LongName>
</Division>
</Organization>
<ProgramOfficer>
<SignBlockName>Joseph Whitmeyer</SignBlockName>
</ProgramOfficer>
<AbstractNarration>Given the potential for misunderstanding and even for misguided care, there is a need for more research on how terminally ill patients, their family members, and their doctors mutually discuss and plan for death.  This project examines the ways death and dying are discussed (or avoided) in clinical visits among terminally-ill lung cancer patients, their oncologists, and family members (caregivers).  The study uses ethnographic observation, analysis of recorded conversations, and interviews, in the context of the illness histories of patients to make sense of how explicit discussions of death are structured and negotiated.  Findings from this study will be useful for anyone concerned with end-of-life care, including medical policymakers, hospitals, medical professionals, families, and patients.&lt;br/&gt;&lt;br/&gt;This study examines how clinic visits are interactionally structured, in particular, how treatment decisions are made, and how participants (oncologists, cancer patients, and cancer patient caregivers) explicitly discuss end-of-life issues and death.  Research is conducted using multiple methods, specifically, two years participant observation at a cancer clinic, conversation analysis of the physician-patient-caregiver conversations during these observations, and semi-structured interviews with oncologists, patients and caregivers.  The research and results will engage theories of death and dying and of doctor-patient relationships in an era of new technologies and therapies and emphasis on patient-centered care.&lt;br/&gt;&lt;br/&gt;This award reflects NSF's statutory mission and has been deemed worthy of support through evaluation using the Foundation's intellectual merit and broader impacts review criteria.</AbstractNarration>
<MinAmdLetterDate>03/07/2018</MinAmdLetterDate>
<MaxAmdLetterDate>03/07/2018</MaxAmdLetterDate>
<ARRAAmount/>
<AwardID>1802447</AwardID>
<Investigator>
<FirstName>Dagoberto</FirstName>
<LastName>Cortez</LastName>
<EmailAddress>dcortez2@wisc.edu</EmailAddress>
<StartDate>03/07/2018</StartDate>
<EndDate/>
<RoleCode>Co-Principal Investigator</RoleCode>
</Investigator>
<Investigator>
<FirstName>Douglas</FirstName>
<LastName>Maynard</LastName>
<EmailAddress>maynard@ssc.wisc.edu</EmailAddress>
<StartDate>03/07/2018</StartDate>
<EndDate/>
<RoleCode>Principal Investigator</RoleCode>
</Investigator>
<Institution>
<Name>University of Wisconsin-Madison</Name>
<CityName>MADISON</CityName>
<ZipCode>537151218</ZipCode>
<PhoneNumber>6082623822</PhoneNumber>
<StreetAddress>21 North Park Street</StreetAddress>
<CountryName>United States</CountryName>
<StateName>Wisconsin</StateName>
<StateCode>WI</StateCode>
</Institution>
<ProgramElement>
<Code>1331</Code>
<Text>SOCIOLOGY</Text>
</ProgramElement>
<ProgramReference>
<Code>1331</Code>
<Text>SOCIOLOGY</Text>
</ProgramReference>
<ProgramReference>
<Code>9179</Code>
<Text>GRADUATE INVOLVEMENT</Text>
</ProgramReference>
</Award>
</rootTag>
