<?xml version="1.0" encoding="UTF-8"?>
<rootTag>
<Award>
<AwardTitle>Collaborative Research: Density-enhanced data assimilation for hyperbolic balance laws</AwardTitle>
<AwardEffectiveDate>07/01/2017</AwardEffectiveDate>
<AwardExpirationDate>08/31/2019</AwardExpirationDate>
<AwardAmount>200000</AwardAmount>
<AwardInstrument>
<Value>Standard Grant</Value>
</AwardInstrument>
<Organization>
<Code>03040000</Code>
<Directorate>
<LongName>Direct For Mathematical &amp; Physical Scien</LongName>
</Directorate>
<Division>
<LongName>Division Of Mathematical Sciences</LongName>
</Division>
</Organization>
<ProgramOfficer>
<SignBlockName>Leland M. Jameson</SignBlockName>
</ProgramOfficer>
<AbstractNarration>The research addresses the urgent need to develop efficient computational tools to process the dramatically increasing amounts of observational data. Management of many complex systems (e.g., traffic) has to confront the uncertainty in both their current and future state. This uncertainty typically increases with time, leading to less accurate and useful predictions. Thus, it is important to develop practical methods for ?adjusting? the probabilistic state of the system and reducing uncertainty using observational data. This approach is broadly referred to as data assimilation. We will develop novel techniques for incorporating observational data to reduce uncertainty in predictions in two particular areas  of national interest: fluid dynamics (e.g., flood forecasting) and traffic management. Both are of vital importance to sustainable development of our society.&lt;br/&gt;&lt;br/&gt;We propose to develop a novel data assimilation framework for physical processes whose time-dynamics is described by hyperbolic conservation laws. This framework takes advantage of a kinetic representation of hyperbolic systems and, thus, availability of explicit deterministic equations for the time evolution of probability density function for dependent variables. These equations can often be derived and solved exactly, yielding explicit analytical solutions for the marginal and joint probability density functions. For systems of hyperbolic conservation laws an appropriate closure assumption is needed. Thus, the proposed framework relies on the kinetic representation, which takes the form of linear equations for joint probability density functions. Bayesian updating is utilized to incorporate observations into the prediction.</AbstractNarration>
<MinAmdLetterDate>11/09/2017</MinAmdLetterDate>
<MaxAmdLetterDate>11/09/2017</MaxAmdLetterDate>
<ARRAAmount/>
<AwardID>1802189</AwardID>
<Investigator>
<FirstName>Daniel</FirstName>
<LastName>Tartakovsky</LastName>
<EmailAddress>tartakovsky@stanford.edu</EmailAddress>
<StartDate>11/09/2017</StartDate>
<EndDate/>
<RoleCode>Principal Investigator</RoleCode>
</Investigator>
<Institution>
<Name>Stanford University</Name>
<CityName>Palo Alto</CityName>
<ZipCode>943041212</ZipCode>
<PhoneNumber>6507232300</PhoneNumber>
<StreetAddress>3160 Porter Drive</StreetAddress>
<CountryName>United States</CountryName>
<StateName>California</StateName>
<StateCode>CA</StateCode>
</Institution>
<ProgramElement>
<Code>1271</Code>
<Text>COMPUTATIONAL MATHEMATICS</Text>
</ProgramElement>
<ProgramReference>
<Code>9263</Code>
<Text>COMPUTATIONAL SCIENCE &amp; ENGING</Text>
</ProgramReference>
</Award>
</rootTag>
