<?xml version="1.0" encoding="UTF-8"?>
<rootTag>
<Award>
<AwardTitle>Number Theory, Representation Theory, and Arithmetic Geometry</AwardTitle>
<AwardEffectiveDate>07/01/2018</AwardEffectiveDate>
<AwardExpirationDate>06/30/2023</AwardExpirationDate>
<AwardAmount>159000</AwardAmount>
<AwardInstrument>
<Value>Continuing grant</Value>
</AwardInstrument>
<Organization>
<Code>03040000</Code>
<Directorate>
<LongName>Direct For Mathematical &amp; Physical Scien</LongName>
</Directorate>
<Division>
<LongName>Division Of Mathematical Sciences</LongName>
</Division>
</Organization>
<ProgramOfficer>
<SignBlockName>Andrew D. Pollington</SignBlockName>
</ProgramOfficer>
<AbstractNarration>Number theory is the study of whole numbers, and ratios of whole numbers (called rational numbers).  In particular, number theorists since antiquity have been interested in finding whole number and rational number solutions to equations, such as y^2 = x^3 + 22 - that is, can a square be exactly 22 more than a cube?  This project largely concerns the study of the probability that random equations of various types have whole number or rational number solutions.  For example, a recent result of this kind proven during the period of the previous grant is that most equations of the form y^2 = a x^4 + b x^3 + c x^2 + d x + e, where a,b,c,d,e are whole numbers, do not possess any rational number solutions for x and y.  The goal of the current project is to develop techniques for proving similar results for other types of classical equations of interest in number theory.&lt;br/&gt;&lt;br/&gt;This project is part of an ongoing research program addressing fundamental questions in number theory and arithmetic geometry, with essential ingredients being employed from representation theory and the geometry of numbers.  The proposed activity will heavily involve a number of graduate students, as well as undergraduate students and postdocs, who would be trained in the latest techniques in order to help advance the state of knowledge.  Some of the goals would be to use recently developed as well as new techniques to understand the distribution of integer solutions to equations that have been studied for millennia, with some fundamental applications to distribution questions in algebraic number theory.  A key ingredient will be a suitable development of sieve techniques based on the geometry of numbers.  The proposed program is expected to lead to results on, e.g.: the distribution of integral solutions to classical equations such as the Thue equation and the Mordell equation; a positive proportion of cubic fields are not monogenic despite being locally so; at least 80% of all elliptic curves satisfy the BSD conjecture; new families of varieties over the rational numbers failing the Hasse principle and integral Hasse principle; and generalizations over other global fields.&lt;br/&gt;&lt;br/&gt;This award reflects NSF's statutory mission and has been deemed worthy of support through evaluation using the Foundation's intellectual merit and broader impacts review criteria.</AbstractNarration>
<MinAmdLetterDate>06/06/2018</MinAmdLetterDate>
<MaxAmdLetterDate>06/06/2018</MaxAmdLetterDate>
<ARRAAmount/>
<AwardID>1802479</AwardID>
<Investigator>
<FirstName>Manjul</FirstName>
<LastName>Bhargava</LastName>
<EmailAddress>manjulb@math.princeton.edu</EmailAddress>
<StartDate>06/06/2018</StartDate>
<EndDate/>
<RoleCode>Principal Investigator</RoleCode>
</Investigator>
<Institution>
<Name>Princeton University</Name>
<CityName>Princeton</CityName>
<ZipCode>085442020</ZipCode>
<PhoneNumber>6092583090</PhoneNumber>
<StreetAddress>Off. of Research &amp; Proj. Admin.</StreetAddress>
<CountryName>United States</CountryName>
<StateName>New Jersey</StateName>
<StateCode>NJ</StateCode>
</Institution>
<ProgramElement>
<Code>1264</Code>
<Text>ALGEBRA,NUMBER THEORY,AND COM</Text>
</ProgramElement>
</Award>
</rootTag>
