<?xml version="1.0" encoding="UTF-8"?>
<rootTag>
<Award>
<AwardTitle>Applications of the Trace Formula to Shimura Varieties and the Langlands Program</AwardTitle>
<AwardEffectiveDate>07/01/2018</AwardEffectiveDate>
<AwardExpirationDate>06/30/2021</AwardExpirationDate>
<AwardAmount>109692</AwardAmount>
<AwardInstrument>
<Value>Continuing grant</Value>
</AwardInstrument>
<Organization>
<Code>03040000</Code>
<Directorate>
<LongName>Direct For Mathematical &amp; Physical Scien</LongName>
</Directorate>
<Division>
<LongName>Division Of Mathematical Sciences</LongName>
</Division>
</Organization>
<ProgramOfficer>
<SignBlockName>Andrew D. Pollington</SignBlockName>
</ProgramOfficer>
<AbstractNarration>This research project concerns work in number theory, a branch of mathematics with applications to cryptography, coding theory, and cyber security. The Langlands program is a vast web of conjectures involving disparate areas of mathematics, with number theory playing a key central role. Fermat's Last Theorem followed from the verification of a small part of the Langlands program, and there are many other similar successes, often built upon fruitful interactions between objects encoding rich symmetries in different worlds: they are Shimura varieties (algebraic and complex geometry), automorphic forms (functional and harmonic analysis), and Galois theory. &lt;br/&gt;&lt;br/&gt;To deepen our understanding of these topics and especially the Langlands program, the principal investigator proposes to make new progress on the following problems: (1) new instances of the global Langlands correspondence for GSp(2n) and GSO(2n) (2) discrete Hecke orbit conjecture for Shimura varieties (3) local harmonic analysis questions for families of automorphic forms and (4) the p-adic Langlands program beyond GL(2,Qp). The output of research would stimulate further progress on these important problems and open up new research directions.&lt;br/&gt;&lt;br/&gt;This award reflects NSF's statutory mission and has been deemed worthy of support through evaluation using the Foundation's intellectual merit and broader impacts review criteria.</AbstractNarration>
<MinAmdLetterDate>04/20/2018</MinAmdLetterDate>
<MaxAmdLetterDate>04/20/2018</MaxAmdLetterDate>
<ARRAAmount/>
<AwardID>1802039</AwardID>
<Investigator>
<FirstName>Sug Woo</FirstName>
<LastName>Shin</LastName>
<EmailAddress>sug.woo.shin@berkeley.edu</EmailAddress>
<StartDate>04/20/2018</StartDate>
<EndDate/>
<RoleCode>Principal Investigator</RoleCode>
</Investigator>
<Institution>
<Name>University of California-Berkeley</Name>
<CityName>BERKELEY</CityName>
<ZipCode>947045940</ZipCode>
<PhoneNumber>5106428109</PhoneNumber>
<StreetAddress>Sponsored Projects Office</StreetAddress>
<CountryName>United States</CountryName>
<StateName>California</StateName>
<StateCode>CA</StateCode>
</Institution>
<ProgramElement>
<Code>1264</Code>
<Text>ALGEBRA,NUMBER THEORY,AND COM</Text>
</ProgramElement>
</Award>
</rootTag>
