<?xml version="1.0" encoding="UTF-8"?>
<rootTag>
<Award>
<AwardTitle>Doctoral Dissertation Research: The Effects of Monitoring on Immigrant Lives</AwardTitle>
<AwardEffectiveDate>03/15/2018</AwardEffectiveDate>
<AwardExpirationDate>02/28/2019</AwardExpirationDate>
<AwardAmount>11794</AwardAmount>
<AwardInstrument>
<Value>Standard Grant</Value>
</AwardInstrument>
<Organization>
<Code>04050000</Code>
<Directorate>
<LongName>Direct For Social, Behav &amp; Economic Scie</LongName>
</Directorate>
<Division>
<LongName>Divn Of Social and Economic Sciences</LongName>
</Division>
</Organization>
<ProgramOfficer>
<SignBlockName>Toby Parcel</SignBlockName>
</ProgramOfficer>
<AbstractNarration>As of 2015, more than 1.8 million immigrants were in removal proceedings, awaiting their turn to appear in immigration courts. However, Immigration and Customs Enforcement (ICE) cannot detain all 1.8 million immigrants simultaneously, mostly because ICE's budget only funds 34,000 detention beds on a given day. Therefore, immigrants who do not qualify for mandatory detention are enrolled in the Intensive Supervision Appearance Program (ISAP), which enforces the use of a Global Position System (GPS) ankle monitor. We know that some U.S. immigration policies are associated with immigrant ill health, but scant research exists on how being visually marked and placed under constant surveillance affects physical and mental health as well as health care access. This research will show the impact of the GPS ankle monitoring on the mental and physical health of immigrants.  Project findings will help inform immigration and public health policies. &lt;br/&gt; &lt;br/&gt;In the U.S. today, immigrants who do not qualify for mandatory detention are enrolled in Alternative to Detention Programs (ATDP) and must wear a GPS ankle monitor. The project uses ethnographic observations in multiple settings and in-depth, semi-structured interviews with immigrants wearing the GPS ankle monitor. Although these people are no longer in detention, they are still under surveillance via the ankle monitors. The project will document the social, material, mental, and physical effects of the GPS ankle monitors, such as anxiety and difficulty finding housing. This research project makes a theoretical contribution to studies of Latino immigrant populations, while also documenting the effects of surveillance on individuals.&lt;br/&gt;&lt;br/&gt;This award reflects NSF's statutory mission and has been deemed worthy of support through evaluation using the Foundation's intellectual merit and broader impacts review criteria.</AbstractNarration>
<MinAmdLetterDate>03/07/2018</MinAmdLetterDate>
<MaxAmdLetterDate>03/07/2018</MaxAmdLetterDate>
<ARRAAmount/>
<AwardID>1802876</AwardID>
<Investigator>
<FirstName>Stefan</FirstName>
<LastName>Timmermans</LastName>
<EmailAddress>stefan@soc.ucla.edu</EmailAddress>
<StartDate>03/07/2018</StartDate>
<EndDate/>
<RoleCode>Principal Investigator</RoleCode>
</Investigator>
<Investigator>
<FirstName>Mirian</FirstName>
<LastName>Martinez-Aranda</LastName>
<EmailAddress>mirian.martinezaranda@gmail.com</EmailAddress>
<StartDate>03/07/2018</StartDate>
<EndDate/>
<RoleCode>Co-Principal Investigator</RoleCode>
</Investigator>
<Institution>
<Name>University of California-Los Angeles</Name>
<CityName>LOS ANGELES</CityName>
<ZipCode>900951406</ZipCode>
<PhoneNumber>3107940102</PhoneNumber>
<StreetAddress>10889 Wilshire Boulevard</StreetAddress>
<CountryName>United States</CountryName>
<StateName>California</StateName>
<StateCode>CA</StateCode>
</Institution>
<ProgramElement>
<Code>1331</Code>
<Text>SOCIOLOGY</Text>
</ProgramElement>
<ProgramReference>
<Code>1331</Code>
<Text>SOCIOLOGY</Text>
</ProgramReference>
<ProgramReference>
<Code>9179</Code>
<Text>GRADUATE INVOLVEMENT</Text>
</ProgramReference>
</Award>
</rootTag>
