<?xml version="1.0" encoding="UTF-8"?>
<rootTag>
<Award>
<AwardTitle>Primes, Divisors, and Permutations</AwardTitle>
<AwardEffectiveDate>07/01/2018</AwardEffectiveDate>
<AwardExpirationDate>06/30/2021</AwardExpirationDate>
<AwardAmount>200000</AwardAmount>
<AwardInstrument>
<Value>Standard Grant</Value>
</AwardInstrument>
<Organization>
<Code>03040000</Code>
<Directorate>
<LongName>Direct For Mathematical &amp; Physical Scien</LongName>
</Directorate>
<Division>
<LongName>Division Of Mathematical Sciences</LongName>
</Division>
</Organization>
<ProgramOfficer>
<SignBlockName>Andrew D. Pollington</SignBlockName>
</ProgramOfficer>
<AbstractNarration>Questions about properties of positive integers, especially the way in which integers factor and the distribution of prime numbers, have fascinated people for thousands of years and have recently found applications in computer science, information security and signal processing.  Goals of the research are to enhance our understanding of the distribution of prime numbers, properties of divisors of integers, the distribution of random permutations. An equally important objective is  to more fully understand the deeper connections between these seemingly dissimilar objects, that is, primes and permutations, thus building bridges between several areas of mathematics such as number theory, combinatorics, probability, and group theory.&lt;br/&gt;&lt;br/&gt;One of the projects aims to develop a new methods, based on probabilistic reasoning, for establishing the existence of long strings of consecutive composite values in sparse sequences of integers,  in order to gain a better understanding of the gaps between prime values of the sequence.  Of particular interest are the sequences of values of a given polynomial.  Another project will show that there exist extremely large discrepancies, in a precise quantitative sense, in the distribution of primes in arithmetic  progressions to a given modulus when many residue classes are viewed together. This will also involve the creation of new tools for dealing with large deviations of multivariate distributions. The third project is dedicated toward a better understanding of the the concentration of  divisors of integers and the concentration of  fixed sets of random permutations.  The research will improve existing results about the distribution of the maximal concentration of divisors  in dyadic intervals, and maximal number of fixed sets of any size, and obtain sharp bounds on the largest interval which contains k divisors of a typical integer, for any quantity k. A common probabilistic model for divisors and permutations will guide the investigations.&lt;br/&gt;&lt;br/&gt;This award reflects NSF's statutory mission and has been deemed worthy of support through evaluation using the Foundation's intellectual merit and broader impacts review criteria.</AbstractNarration>
<MinAmdLetterDate>06/28/2018</MinAmdLetterDate>
<MaxAmdLetterDate>06/28/2018</MaxAmdLetterDate>
<ARRAAmount/>
<AwardID>1802139</AwardID>
<Investigator>
<FirstName>Kevin</FirstName>
<LastName>Ford</LastName>
<EmailAddress>ford@math.uiuc.edu</EmailAddress>
<StartDate>06/28/2018</StartDate>
<EndDate/>
<RoleCode>Principal Investigator</RoleCode>
</Investigator>
<Institution>
<Name>University of Illinois at Urbana-Champaign</Name>
<CityName>CHAMPAIGN</CityName>
<ZipCode>618207473</ZipCode>
<PhoneNumber>2173332187</PhoneNumber>
<StreetAddress>SUITE A</StreetAddress>
<CountryName>United States</CountryName>
<StateName>Illinois</StateName>
<StateCode>IL</StateCode>
</Institution>
<ProgramElement>
<Code>1264</Code>
<Text>ALGEBRA,NUMBER THEORY,AND COM</Text>
</ProgramElement>
</Award>
</rootTag>
