<?xml version="1.0" encoding="UTF-8"?>
<rootTag>
<Award>
<AwardTitle>Doctoral Dissertation Research: Race, Entrepreneurship, and Urban Revitalization</AwardTitle>
<AwardEffectiveDate>03/15/2018</AwardEffectiveDate>
<AwardExpirationDate>02/28/2019</AwardExpirationDate>
<AwardAmount>11781</AwardAmount>
<AwardInstrument>
<Value>Standard Grant</Value>
</AwardInstrument>
<Organization>
<Code>04050000</Code>
<Directorate>
<LongName>Direct For Social, Behav &amp; Economic Scie</LongName>
</Directorate>
<Division>
<LongName>Divn Of Social and Economic Sciences</LongName>
</Division>
</Organization>
<ProgramOfficer>
<SignBlockName>Toby Parcel</SignBlockName>
</ProgramOfficer>
<AbstractNarration>The past two decades have seen a period of urban transformation guided by a reliance on gentrification to improve cities, which has both costs and benefits.  However, few studies examine the ways that local small businesses fare in the context of gentrification.  This project investigates how gentrification-based redevelopment impacts urban black-owned businesses compared to urban white-owned businesses. Considering that neighborhood conditions, especially in cities, are shaped by the commercial enterprises that serve the community, understanding the varied experiences of black business-ownership and white business-ownership during redevelopment will inform public discourse regarding wealth attainment, employment, and neighborhood conditions. Furthermore, this project will have practical implications for public policies aiming to encourage more inclusive redevelopment programs and to develop infrastructure that will more effectively support commercial and residential retention. &lt;br/&gt;&lt;br/&gt;This project employs a mixed-method design to address three research questions. First, the U.S. Census: Survey of Business Owners (SBO) is used to answer questions regarding the spatial and temporal trends in black and white business development in Detroit, Michigan between 1997 and 2012. These data will be used to illustrate and compare businesses in size, number of paid employees, and receipts. Second, archival material from two prominent Detroit newspapers published between 1997 and 2018 are used to examine how the incorporation of black-owned businesses in media accounts of redevelopment compare to the incorporation of white-owned businesses. Finally, through in-depth, qualitative interviews and ethnographic observation, this project investigates how black and white business-owners differ in the ways they perceive and negotiate access to and ownership over local business resources, such as capital investment, consumers, and networks.&lt;br/&gt;&lt;br/&gt;This award reflects NSF's statutory mission and has been deemed worthy of support through evaluation using the Foundation's intellectual merit and broader impacts review criteria.</AbstractNarration>
<MinAmdLetterDate>03/07/2018</MinAmdLetterDate>
<MaxAmdLetterDate>03/07/2018</MaxAmdLetterDate>
<ARRAAmount/>
<AwardID>1802821</AwardID>
<Investigator>
<FirstName>Candace</FirstName>
<LastName>Miller</LastName>
<EmailAddress>cnm4mc@virginia.edu</EmailAddress>
<StartDate>03/07/2018</StartDate>
<EndDate/>
<RoleCode>Co-Principal Investigator</RoleCode>
</Investigator>
<Investigator>
<FirstName>Sabrina</FirstName>
<LastName>Pendergrass</LastName>
<EmailAddress>sp9eu@virginia.edu</EmailAddress>
<StartDate>03/07/2018</StartDate>
<EndDate/>
<RoleCode>Principal Investigator</RoleCode>
</Investigator>
<Institution>
<Name>University of Virginia Main Campus</Name>
<CityName>CHARLOTTESVILLE</CityName>
<ZipCode>229044195</ZipCode>
<PhoneNumber>4349244270</PhoneNumber>
<StreetAddress>P.O.  BOX 400195</StreetAddress>
<CountryName>United States</CountryName>
<StateName>Virginia</StateName>
<StateCode>VA</StateCode>
</Institution>
<ProgramElement>
<Code>1331</Code>
<Text>SOCIOLOGY</Text>
</ProgramElement>
<ProgramReference>
<Code>1331</Code>
<Text>SOCIOLOGY</Text>
</ProgramReference>
<ProgramReference>
<Code>9179</Code>
<Text>GRADUATE INVOLVEMENT</Text>
</ProgramReference>
</Award>
</rootTag>
