<?xml version="1.0" encoding="UTF-8"?>
<rootTag>
<Award>
<AwardTitle>Doctoral Dissertation Research: The Constructive Side of Social Movements</AwardTitle>
<AwardEffectiveDate>05/01/2018</AwardEffectiveDate>
<AwardExpirationDate>04/30/2019</AwardExpirationDate>
<AwardAmount>12000</AwardAmount>
<AwardInstrument>
<Value>Standard Grant</Value>
</AwardInstrument>
<Organization>
<Code>04050000</Code>
<Directorate>
<LongName>Direct For Social, Behav &amp; Economic Scie</LongName>
</Directorate>
<Division>
<LongName>Divn Of Social and Economic Sciences</LongName>
</Division>
</Organization>
<ProgramOfficer>
<SignBlockName>Joseph Whitmeyer</SignBlockName>
</ProgramOfficer>
<AbstractNarration>This project examines the constructive aspect of social movements.  Although attention and research often focus on contentious actions like strikes and protests, movements also seek their goals through a range of constructive strategies and tactics such as proactively creating alternative economic institutions.  This study will investigate how a solutions agenda fits into the pursuit of collective goals and what the effects of simultaneous use of constructive and contentious actions are.  Findings will increase theoretical understanding of social movements and also will be useful to policy makers and public representatives who seek to negotiate solutions to pressing social issues.&lt;br/&gt;&lt;br/&gt;This project uses the tools of ethnography in multiple sites to analyze the general social movement practice of "resist and build" in the context of a specific campaign of financial divestiture.  The research design triangulates interviews, observations, and documents collected at three social movement organizations: a grassroots nonprofit, an intermediary convener, and a transnational social movement organization.  Bringing scholarship extending theories of contentious politics into dialogue with theoretical debates in sociology, the project asks why actors paired repertoires of contention and construction and how the resulting practice has shaped the social movement.  As a baseline study, the project seeks to establish a new theoretical bridge between two substantive areas of sociology and to inform social movement practice by broadening the scope of inquiry to a new set of repertoires.&lt;br/&gt;&lt;br/&gt;This award reflects NSF's statutory mission and has been deemed worthy of support through evaluation using the Foundation's intellectual merit and broader impacts review criteria.</AbstractNarration>
<MinAmdLetterDate>03/07/2018</MinAmdLetterDate>
<MaxAmdLetterDate>03/07/2018</MaxAmdLetterDate>
<ARRAAmount/>
<AwardID>1802005</AwardID>
<Investigator>
<FirstName>Laura</FirstName>
<LastName>Schlachter</LastName>
<EmailAddress>lhanson4@wisc.edu</EmailAddress>
<StartDate>03/07/2018</StartDate>
<EndDate/>
<RoleCode>Co-Principal Investigator</RoleCode>
</Investigator>
<Investigator>
<FirstName>Jane</FirstName>
<LastName>Collins</LastName>
<EmailAddress>jcollins@ssc.wisc.edu</EmailAddress>
<StartDate>03/07/2018</StartDate>
<EndDate/>
<RoleCode>Principal Investigator</RoleCode>
</Investigator>
<Institution>
<Name>University of Wisconsin-Madison</Name>
<CityName>MADISON</CityName>
<ZipCode>537151218</ZipCode>
<PhoneNumber>6082623822</PhoneNumber>
<StreetAddress>21 North Park Street</StreetAddress>
<CountryName>United States</CountryName>
<StateName>Wisconsin</StateName>
<StateCode>WI</StateCode>
</Institution>
<ProgramElement>
<Code>1331</Code>
<Text>SOCIOLOGY</Text>
</ProgramElement>
<ProgramReference>
<Code>1331</Code>
<Text>SOCIOLOGY</Text>
</ProgramReference>
<ProgramReference>
<Code>9179</Code>
<Text>GRADUATE INVOLVEMENT</Text>
</ProgramReference>
</Award>
</rootTag>
