<?xml version="1.0" encoding="UTF-8"?>
<rootTag>
<Award>
<AwardTitle>Moduli Spaces, Tautological Rings, and Theta Functions</AwardTitle>
<AwardEffectiveDate>07/01/2018</AwardEffectiveDate>
<AwardExpirationDate>06/30/2021</AwardExpirationDate>
<AwardAmount>265000</AwardAmount>
<AwardInstrument>
<Value>Standard Grant</Value>
</AwardInstrument>
<Organization>
<Code>03040000</Code>
<Directorate>
<LongName>Direct For Mathematical &amp; Physical Scien</LongName>
</Directorate>
<Division>
<LongName>Division Of Mathematical Sciences</LongName>
</Division>
</Organization>
<ProgramOfficer>
<SignBlockName>Anatoly  Libgober</SignBlockName>
</ProgramOfficer>
<AbstractNarration>The project addresses questions in algebraic geometry. Algebraic geometry concerns the study of solution sets of polynomial equations several variables. It is one of the oldest, most developed and active areas of research in mathematics. It has connections to many sub-fields within mathematics, both pure and applied, and also to computer science and theoretical physics. Moduli theory concerns the behavior of geometric shapes as the coefficients of the defining equations are allowed to vary. The focus of this project is the moduli of complex surfaces. These spaces have been studied abstractly in the past. This project will further study these spaces by understanding the set of natural loci inside the moduli space of surfaces that arise in geometric computations, as well as its structure. In particular, combining tools from classical algebraic geometry as well as theoretical physics, the project aims to develop a flexible machinery to work quantitatively with these loci, and to further apply this machinery to answer questions arising in the enumerative geometry of surfaces (that is, questions of the type: enumerate all surfaces that enjoy certain geometric properties). In addition to research, the principal investigator will be involved in high school mathematics competitions, will advise undergraduate students, graduate students, and postdoctoral associates, work to increase diversity in mathematics, and organize seminars and local conferences.&lt;br/&gt;&lt;br/&gt;Specifically, the project concerns the study of the tautological ring of the moduli of surfaces (K3 surfaces, abelian surfaces, etc.). Some of the projects here concern obtaining structural results, understanding the size of the tautological rings, and developing an explicit calculus for tautological classes, expressions for natural geometric cycles in terms of tautological classes. This also leads to projects of independent interest, e.g., generalizations of a conjecture of Lehn concerning tautological integrals over the Hilbert scheme, a higher-rank stable pair correspondence, and connections with the Verlinde formula for new classes of surfaces. Over the moduli of curves, K3 or abelian surfaces, the investigator will continue work on bundles of generalized theta functions. Questions here deal with refined Chern character calculations and connections with the tautological rings.&lt;br/&gt;&lt;br/&gt;This award reflects NSF's statutory mission and has been deemed worthy of support through evaluation using the Foundation's intellectual merit and broader impacts review criteria.</AbstractNarration>
<MinAmdLetterDate>04/25/2018</MinAmdLetterDate>
<MaxAmdLetterDate>04/25/2018</MaxAmdLetterDate>
<ARRAAmount/>
<AwardID>1802228</AwardID>
<Investigator>
<FirstName>Dragos</FirstName>
<LastName>Oprea</LastName>
<EmailAddress>doprea@math.ucsd.edu</EmailAddress>
<StartDate>04/25/2018</StartDate>
<EndDate/>
<RoleCode>Principal Investigator</RoleCode>
</Investigator>
<Institution>
<Name>University of California-San Diego</Name>
<CityName>La Jolla</CityName>
<ZipCode>920930621</ZipCode>
<PhoneNumber>8585344896</PhoneNumber>
<StreetAddress>Office of Contract &amp; Grant Admin</StreetAddress>
<CountryName>United States</CountryName>
<StateName>California</StateName>
<StateCode>CA</StateCode>
</Institution>
<ProgramElement>
<Code>1264</Code>
<Text>ALGEBRA,NUMBER THEORY,AND COM</Text>
</ProgramElement>
</Award>
</rootTag>
