<?xml version="1.0" encoding="UTF-8"?>
<rootTag>
<Award>
<AwardTitle>Operations of NSF Overseas Office - Brussels</AwardTitle>
<AwardEffectiveDate>10/15/2017</AwardEffectiveDate>
<AwardExpirationDate>10/31/2018</AwardExpirationDate>
<AwardAmount>158488</AwardAmount>
<AwardInstrument>
<Value>Contract Interagency Agreement</Value>
</AwardInstrument>
<Organization>
<Code>01090600</Code>
<Directorate>
<LongName>Office Of The Director</LongName>
</Directorate>
<Division>
<LongName>Office Of Internatl Science &amp;Engineering</LongName>
</Division>
</Organization>
<ProgramOfficer>
<SignBlockName>Anne L. Emig</SignBlockName>
</ProgramOfficer>
<AbstractNarration/>
<MinAmdLetterDate>10/19/2017</MinAmdLetterDate>
<MaxAmdLetterDate>06/14/2018</MaxAmdLetterDate>
<ARRAAmount/>
<AwardID>1802416</AwardID>
<Investigator>
<FirstName>Beau</FirstName>
<LastName>Johnson</LastName>
<EmailAddress>johnsonbb2@state.gov</EmailAddress>
<StartDate>10/19/2017</StartDate>
<EndDate/>
<RoleCode>Principal Investigator</RoleCode>
</Investigator>
<Institution>
<Name>DEPARTMENT OF STATE</Name>
<CityName>Washington</CityName>
<ZipCode>205220002</ZipCode>
<PhoneNumber/>
<StreetAddress>2201 C Street NW</StreetAddress>
<CountryName>United States</CountryName>
<StateName>District of Columbia</StateName>
<StateCode>DC</StateCode>
</Institution>
<ProgramElement>
<Code>0200</Code>
<Text/>
</ProgramElement>
<ProgramElement>
<Code>0300</Code>
<Text/>
</ProgramElement>
<ProgramElement>
<Code>0694</Code>
<Text/>
</ProgramElement>
<ProgramElement>
<Code>7572</Code>
<Text/>
</ProgramElement>
<ProgramReference>
<Code>5947</Code>
<Text>BELGIUM</Text>
</ProgramReference>
<ProgramReference>
<Code>5979</Code>
<Text>Europe and Eurasia</Text>
</ProgramReference>
</Award>
</rootTag>
