<?xml version="1.0" encoding="UTF-8"?>
<rootTag>
<Award>
<AwardTitle>Atlanta Lecture Series in Combinatorics and Graph Theory</AwardTitle>
<AwardEffectiveDate>10/01/2018</AwardEffectiveDate>
<AwardExpirationDate>09/30/2019</AwardExpirationDate>
<AwardAmount>20000</AwardAmount>
<AwardInstrument>
<Value>Standard Grant</Value>
</AwardInstrument>
<Organization>
<Code>03040000</Code>
<Directorate>
<LongName>Direct For Mathematical &amp; Physical Scien</LongName>
</Directorate>
<Division>
<LongName>Division Of Mathematical Sciences</LongName>
</Division>
</Organization>
<ProgramOfficer>
<SignBlockName>Stefaan De Winter</SignBlockName>
</ProgramOfficer>
<AbstractNarration>This award supports participation in the Atlanta Lecture Series in Graph Theory and Combinatorics, which will be held November 3-4, 2018 and March 30-31, 2019 at Georgia State University and Georgia Institute of Technology, respectively. Combinatorics and graph theory have undergone dramatic development in the past few decades. These two conferences will feature the latest research developments and themes in the areas of structural graph theory, extremal graph theory, and probabilistic combinatorics. The series has become a major event for the combinatorics community, providing opportunities to strengthen collaborations among researchers and institutions within the southeast region of the United States.&lt;br/&gt;&lt;br/&gt;Each conference features two one-hour lectures by a distinguished researcher, four one-hour lectures by established researchers mainly from the southeast region, and four 30-minute talks by early-career researchers and graduate students. The meetings provide opportunities for interaction among established researchers and rising stars; this award supports the attendance of graduate students, early-career researchers, and invited speakers. Additional information concerning financial support and the conference schedule is maintained at the lecture series websites at two hosting institutions, respectively:&lt;br/&gt; http://mathstatt.gsu.edu and http://www.als.math.gatech.edu/&lt;br/&gt;&lt;br/&gt;This award reflects NSF's statutory mission and has been deemed worthy of support through evaluation using the Foundation's intellectual merit and broader impacts review criteria.</AbstractNarration>
<MinAmdLetterDate>03/23/2018</MinAmdLetterDate>
<MaxAmdLetterDate>03/23/2018</MaxAmdLetterDate>
<ARRAAmount/>
<AwardID>1802397</AwardID>
<Investigator>
<FirstName>Xingxing</FirstName>
<LastName>Yu</LastName>
<EmailAddress>yu@math.gatech.edu</EmailAddress>
<StartDate>03/23/2018</StartDate>
<EndDate/>
<RoleCode>Co-Principal Investigator</RoleCode>
</Investigator>
<Investigator>
<FirstName>Guantao</FirstName>
<LastName>Chen</LastName>
<EmailAddress>gchen@gsu.edu</EmailAddress>
<StartDate>03/23/2018</StartDate>
<EndDate/>
<RoleCode>Principal Investigator</RoleCode>
</Investigator>
<Investigator>
<FirstName>Hao</FirstName>
<LastName>Huang</LastName>
<EmailAddress>hao.huang@emory.edu</EmailAddress>
<StartDate>03/23/2018</StartDate>
<EndDate/>
<RoleCode>Co-Principal Investigator</RoleCode>
</Investigator>
<Institution>
<Name>Georgia State University Research Foundation, Inc.</Name>
<CityName>Atlanta</CityName>
<ZipCode>303032921</ZipCode>
<PhoneNumber>4044133570</PhoneNumber>
<StreetAddress>58 Edgewood Avenue</StreetAddress>
<CountryName>United States</CountryName>
<StateName>Georgia</StateName>
<StateCode>GA</StateCode>
</Institution>
<ProgramElement>
<Code>7970</Code>
<Text>Combinatorics</Text>
</ProgramElement>
<ProgramReference>
<Code>7556</Code>
<Text>CONFERENCE AND WORKSHOPS</Text>
</ProgramReference>
</Award>
</rootTag>
