<?xml version="1.0" encoding="UTF-8"?>
<rootTag>
<Award>
<AwardTitle>Doctoral Dissertation Research: The Governance of Mega-Cities</AwardTitle>
<AwardEffectiveDate>05/01/2018</AwardEffectiveDate>
<AwardExpirationDate>04/30/2020</AwardExpirationDate>
<AwardAmount>11970</AwardAmount>
<AwardInstrument>
<Value>Standard Grant</Value>
</AwardInstrument>
<Organization>
<Code>04050000</Code>
<Directorate>
<LongName>Direct For Social, Behav &amp; Economic Scie</LongName>
</Directorate>
<Division>
<LongName>Divn Of Social and Economic Sciences</LongName>
</Division>
</Organization>
<ProgramOfficer>
<SignBlockName>Joseph Whitmeyer</SignBlockName>
</ProgramOfficer>
<AbstractNarration>Local governments of cities distribute public goods in theory to improve the well-being of their residents.  This project compares the trajectories of two mega-cities that in began in the 1980s and early 1990s from roughly equivalent situations, including a relatively high level of local governance and commitment to delivery of urban public goods such as housing, sanitation, and public transportation.  Yet despite similar goals and strategies, while state interventions have reduced urban inequalities in one of these cities, they have reproduced these inequalities in the other one.  This project promises to generate new insights into the relationship between states, democracy, and urban inequalities.  Findings will be useful for urban policymaking in the midst of social change.  They will inform understanding of how cities can coordinate politics and institutional change to deliver public goods.&lt;br/&gt;&lt;br/&gt;This project will use multiple methods to compare public goods provision in São Paulo, Brazil and Johannesburg, South Africa.  The methods are: a) field-based participant observation and interviews with key public and private actors; b) archival research of legislation, newspapers, trade publications, and internal government and NGO documents; and c) spatial analysis of 25 years of quantitative data on housing, sanitation and transportation.  The research design and comparative-historical methods of analysis make it possible to disaggregate changes in interactions between social coalitions and state institutions over time, and to specify the mechanisms of these changes.  The theoretical basis for this work draws on two literatures in sociology: urban sociology, which focuses on the neighborhood or city scale, and the sociology of development, which focuses on the national scale.&lt;br/&gt;&lt;br/&gt;This award reflects NSF's statutory mission and has been deemed worthy of support through evaluation using the Foundation's intellectual merit and broader impacts review criteria.</AbstractNarration>
<MinAmdLetterDate>03/14/2018</MinAmdLetterDate>
<MaxAmdLetterDate>03/14/2018</MaxAmdLetterDate>
<ARRAAmount/>
<AwardID>1802543</AwardID>
<Investigator>
<FirstName>Patrick</FirstName>
<LastName>Heller</LastName>
<EmailAddress>Patrick_Heller@brown.edu</EmailAddress>
<StartDate>03/14/2018</StartDate>
<EndDate/>
<RoleCode>Principal Investigator</RoleCode>
</Investigator>
<Investigator>
<FirstName>Benjamin</FirstName>
<LastName>Bradlow</LastName>
<EmailAddress>benjamin_bradlow@brown.edu</EmailAddress>
<StartDate>03/14/2018</StartDate>
<EndDate/>
<RoleCode>Co-Principal Investigator</RoleCode>
</Investigator>
<Institution>
<Name>Brown University</Name>
<CityName>Providence</CityName>
<ZipCode>029129002</ZipCode>
<PhoneNumber>4018632777</PhoneNumber>
<StreetAddress>BOX 1929</StreetAddress>
<CountryName>United States</CountryName>
<StateName>Rhode Island</StateName>
<StateCode>RI</StateCode>
</Institution>
<ProgramElement>
<Code>1331</Code>
<Text>SOCIOLOGY</Text>
</ProgramElement>
<ProgramReference>
<Code>1331</Code>
<Text>SOCIOLOGY</Text>
</ProgramReference>
<ProgramReference>
<Code>9150</Code>
<Text>EXP PROG TO STIM COMP RES</Text>
</ProgramReference>
<ProgramReference>
<Code>9179</Code>
<Text>GRADUATE INVOLVEMENT</Text>
</ProgramReference>
</Award>
</rootTag>
