<?xml version="1.0" encoding="UTF-8"?>
<rootTag>
<Award>
<AwardTitle>Doctoral Dissertation Research Improvement: Medical System-State Collaborations</AwardTitle>
<AwardEffectiveDate>06/01/2018</AwardEffectiveDate>
<AwardExpirationDate>05/31/2019</AwardExpirationDate>
<AwardAmount>11036</AwardAmount>
<AwardInstrument>
<Value>Standard Grant</Value>
</AwardInstrument>
<Organization>
<Code>04050000</Code>
<Directorate>
<LongName>Direct For Social, Behav &amp; Economic Scie</LongName>
</Directorate>
<Division>
<LongName>Divn Of Social and Economic Sciences</LongName>
</Division>
</Organization>
<ProgramOfficer>
<SignBlockName>Joseph Whitmeyer</SignBlockName>
</ProgramOfficer>
<AbstractNarration>The study examines how government mandates affect medical responses to substance-using pregnant women.  Federal and state mandates increasingly encourage medical providers to initiate punitive state responses when they suspect perinatal substance use by pregnant women.  This challenges the professional role of medical personnel as providers of care to their patients.  This study uses a variety of qualitative methods to investigate the actions of the different actors in this process, state actors, medical professionals, and pregnant women.  Findings of this research have the potential to influence government policy-making concerning substance-using pregnant women as well as the responses of medical experts and maternal health advocates. &lt;br/&gt;&lt;br/&gt;This study employs a multi-level analysis to assess macro, micro, and intermediate level factors that mutually shape interventions on pregnant women.  To assess macro-level processes, a systems-level analysis informed by interviews with stakeholders such as medical experts and child welfare advocates looks at how policy domains (including drug policy, child welfare policy, and maternal-fetal health policy) shape medical agendas and encourage medico-legal collaborations.  At an intermediate level, a year-long ethnographic study of a Labor and Delivery unit uncovers how day-to-day medical practices are carried out and to what extent the state is invited into or intervenes upon these processes. At the micro level, semi-structured interviews with medical professionals and women directly affected by medically-initiated state sanctions show how medical-state collaborations affect care outcomes and patient well-being.  A key consideration throughout is the role that social class and race play in shaping institutional responses.&lt;br/&gt;&lt;br/&gt;This award reflects NSF's statutory mission and has been deemed worthy of support through evaluation using the Foundation's intellectual merit and broader impacts review criteria.</AbstractNarration>
<MinAmdLetterDate>03/14/2018</MinAmdLetterDate>
<MaxAmdLetterDate>03/14/2018</MaxAmdLetterDate>
<ARRAAmount/>
<AwardID>1802773</AwardID>
<Investigator>
<FirstName>Claire</FirstName>
<LastName>Decoteau</LastName>
<EmailAddress>decoteau@uic.edu</EmailAddress>
<StartDate>03/14/2018</StartDate>
<EndDate/>
<RoleCode>Principal Investigator</RoleCode>
</Investigator>
<Investigator>
<FirstName>Katharine</FirstName>
<LastName>McCabe</LastName>
<EmailAddress>kmccab5@uic.edu</EmailAddress>
<StartDate>03/14/2018</StartDate>
<EndDate/>
<RoleCode>Co-Principal Investigator</RoleCode>
</Investigator>
<Institution>
<Name>University of Illinois at Chicago</Name>
<CityName>CHICAGO</CityName>
<ZipCode>606124305</ZipCode>
<PhoneNumber>3129962862</PhoneNumber>
<StreetAddress>809 S. Marshfield Avenue</StreetAddress>
<CountryName>United States</CountryName>
<StateName>Illinois</StateName>
<StateCode>IL</StateCode>
</Institution>
<ProgramElement>
<Code>1331</Code>
<Text>SOCIOLOGY</Text>
</ProgramElement>
<ProgramReference>
<Code>1331</Code>
<Text>SOCIOLOGY</Text>
</ProgramReference>
<ProgramReference>
<Code>9179</Code>
<Text>GRADUATE INVOLVEMENT</Text>
</ProgramReference>
</Award>
</rootTag>
