<?xml version="1.0" encoding="UTF-8"?>
<rootTag>
<Award>
<AwardTitle>RUI: Exploring the Algebraic Geometry of Matroids</AwardTitle>
<AwardEffectiveDate>09/01/2018</AwardEffectiveDate>
<AwardExpirationDate>08/31/2021</AwardExpirationDate>
<AwardAmount>57605</AwardAmount>
<AwardInstrument>
<Value>Continuing grant</Value>
</AwardInstrument>
<Organization>
<Code>03040000</Code>
<Directorate>
<LongName>Direct For Mathematical &amp; Physical Scien</LongName>
</Directorate>
<Division>
<LongName>Division Of Mathematical Sciences</LongName>
</Division>
</Organization>
<ProgramOfficer>
<SignBlockName>Anatoly  Libgober</SignBlockName>
</ProgramOfficer>
<AbstractNarration>There have been recent breakthroughs in parts of combinatorics related to matroid theory coming from the importation of tools and ideas from algebraic geometry, which is the study of systems of polynomial equations and their solutions.  The PI will further develop the bridge between algebraic geometry and matroid theory, thereby allowing insight and progress in one subject to carry over to the other.  This paves the way for well-known applications of matroids in topics such as optimization and network theory to draw from the heavily developed, and computationally powerful, machinery of algebraic geometry.  The PI will also run a summer enrichment program, focusing on interactions between math and law, for disadvantaged minority students at a nearby underfunded public high school.&lt;br/&gt;&lt;br/&gt;&lt;br/&gt;The PI's program of bringing more algebraic geometry into matroid theory consists of three projects. (1) Matroids can be viewed as modules over the two-element Boolean semifield or as tensors in a tropical exterior algebra. By extending this framework the PI will&lt;br/&gt;geometrize various combinatorial constructions and results in the matroid literature. Motivating problems focus on transversal matroids and matroid irreducibility. (2) The maximal torus action on the Grassmannian beautifully brings together topology, combinatorics, representation theory, and algebraic geometry. The PI is extending portions of this story to diagonal subtori. This opens several paths of investigation, including the possibility of extending the K-theoretic interpretation of the Tutte polynomial from matroids to their multiset generalization, discrete polymatroids. (3) The PI is applying the tropical scheme theory he co-developed to construct a functorial moduli space of matroids. This entails a careful understanding of how matroids vary algebraically in families and could lead to an eventual Schubert calculus on the Dressian.&lt;br/&gt;&lt;br/&gt;This award reflects NSF's statutory mission and has been deemed worthy of support through evaluation using the Foundation's intellectual merit and broader impacts review criteria.</AbstractNarration>
<MinAmdLetterDate>05/03/2018</MinAmdLetterDate>
<MaxAmdLetterDate>05/03/2018</MaxAmdLetterDate>
<ARRAAmount/>
<AwardID>1802263</AwardID>
<Investigator>
<FirstName>Noah</FirstName>
<LastName>Giansiracusa</LastName>
<EmailAddress>ngiansi1@swarthmore.edu</EmailAddress>
<StartDate>05/03/2018</StartDate>
<EndDate/>
<RoleCode>Principal Investigator</RoleCode>
</Investigator>
<Institution>
<Name>Swarthmore College</Name>
<CityName>Swarthmore</CityName>
<ZipCode>190811390</ZipCode>
<PhoneNumber>6103288000</PhoneNumber>
<StreetAddress>500 COLLEGE AVE</StreetAddress>
<CountryName>United States</CountryName>
<StateName>Pennsylvania</StateName>
<StateCode>PA</StateCode>
</Institution>
<ProgramElement>
<Code>1264</Code>
<Text>ALGEBRA,NUMBER THEORY,AND COM</Text>
</ProgramElement>
<ProgramElement>
<Code>7970</Code>
<Text>Combinatorics</Text>
</ProgramElement>
<ProgramReference>
<Code>9229</Code>
<Text>RES IN UNDERGRAD INST-RESEARCH</Text>
</ProgramReference>
</Award>
</rootTag>
