<?xml version="1.0" encoding="UTF-8"?>
<rootTag>
<Award>
<AwardTitle>Using Operational Performance Data to update Design Models for the Design of Failure-Resilient Engineered Systems</AwardTitle>
<AwardEffectiveDate>09/05/2017</AwardEffectiveDate>
<AwardExpirationDate>08/31/2018</AwardExpirationDate>
<AwardAmount>221339</AwardAmount>
<AwardInstrument>
<Value>Standard Grant</Value>
</AwardInstrument>
<Organization>
<Code>07030000</Code>
<Directorate>
<LongName>Directorate For Engineering</LongName>
</Directorate>
<Division>
<LongName>Div Of Civil, Mechanical, &amp; Manufact Inn</LongName>
</Division>
</Organization>
<ProgramOfficer>
<SignBlockName>Richard Malak</SignBlockName>
</ProgramOfficer>
<AbstractNarration>As an engineered system ages, it becomes more prone to failure. Health management of aging engineered systems is the science that seeks to proactively prevent, mitigate and recover from potential system failures. It can potentially make an aging engineered system failure-resilient, thus substantially reducing its lifecycle costs. However, current approaches to engineering design have not taken advantage of such health management data. This award supports fundamental research to create the knowledge needed for health-management-informed design of resilient engineered systems. Specifically, it will develop new methods and tools for design that integrate health management into the design phase of an engineered system. The new design methods and tools can be used by designers to develop failure resilient engineered systems with reduced lifecycle costs. The outcome of this research is likely to stimulate growth in several technologically advanced industries, such as green energy or aviation, which currently often suffer from catastrophic failures and high maintenance costs. This research also offers unique research and educational experiences for researchers across the fields of engineering design, prognostics, and health management. Students will be trained in an interdisciplinary learning environment. An engineering resilience database will be created and made widely accessible to public. &lt;br/&gt;&lt;br/&gt;This research pioneers a novel data-driven design model synchronization platform for resilient engineered systems development by integrating health management into systems design. Previously, quantitative analysis methods of health management were only used at the operating stage of a system and were not exploited for early-stage design. To enable health management being used for early-stage design, this research encompasses three thrusts: 1) time-variant design modeling, that models time-dependent system failures using novel modeling methods and tools to be created; 2) data-driven design model synchronization, which updates design models using sensory data acquired from actual aging engineered systems; and 3) model-based prognostics of remaining useful life, that enable updated design models being used for lifecycle health management. By introducing time-variant design models, this research offers a unique solution to consider system performance degradation in the design phase of engineered systems. The outcome of this research will open the door towards utilizing system design models to address post-design stage system failures, thereby leading to resilient design of aging engineered systems.</AbstractNarration>
<MinAmdLetterDate>11/24/2017</MinAmdLetterDate>
<MaxAmdLetterDate>11/24/2017</MaxAmdLetterDate>
<ARRAAmount/>
<AwardID>1802489</AwardID>
<Investigator>
<FirstName>Pingfeng</FirstName>
<LastName>Wang</LastName>
<EmailAddress>pingfeng@illinois.edu</EmailAddress>
<StartDate>11/24/2017</StartDate>
<EndDate/>
<RoleCode>Principal Investigator</RoleCode>
</Investigator>
<Institution>
<Name>University of Illinois at Urbana-Champaign</Name>
<CityName>CHAMPAIGN</CityName>
<ZipCode>618207473</ZipCode>
<PhoneNumber>2173332187</PhoneNumber>
<StreetAddress>SUITE A</StreetAddress>
<CountryName>United States</CountryName>
<StateName>Illinois</StateName>
<StateCode>IL</StateCode>
</Institution>
<ProgramElement>
<Code>1464</Code>
<Text>ENGINEERING DESIGN AND INNOVAT</Text>
</ProgramElement>
<ProgramReference>
<Code>067E</Code>
<Text>DESIGN TOOLS</Text>
</ProgramReference>
<ProgramReference>
<Code>068E</Code>
<Text>DESIGN THEORY</Text>
</ProgramReference>
<ProgramReference>
<Code>073E</Code>
<Text>OPTIMIZATION &amp; DECISION MAKING</Text>
</ProgramReference>
<ProgramReference>
<Code>9102</Code>
<Text>WOMEN, MINORITY, DISABLED, NEC</Text>
</ProgramReference>
<ProgramReference>
<Code>9150</Code>
<Text>EXP PROG TO STIM COMP RES</Text>
</ProgramReference>
</Award>
</rootTag>
