<?xml version="1.0" encoding="UTF-8"?>
<rootTag>
<Award>
<AwardTitle>CAREER:  Monsoon and the Upper Troposphere Lower Stratosphere</AwardTitle>
<AwardEffectiveDate>09/02/2017</AwardEffectiveDate>
<AwardExpirationDate>04/30/2022</AwardExpirationDate>
<AwardAmount>316687</AwardAmount>
<AwardInstrument>
<Value>Continuing grant</Value>
</AwardInstrument>
<Organization>
<Code>06020100</Code>
<Directorate>
<LongName>Directorate For Geosciences</LongName>
</Directorate>
<Division>
<LongName>Div Atmospheric &amp; Geospace Sciences</LongName>
</Division>
</Organization>
<ProgramOfficer>
<SignBlockName>Ming Cai</SignBlockName>
</ProgramOfficer>
<AbstractNarration>Asian and North American summer monsoons play an important role in transporting chemical constituents such as water vapor and pollutants into the upper troposphere lower stratosphere (UTLS). The research objective of this CAREER grant is to advance the understanding of the summer monsoon and its interaction with the UTLS using observations and model hierarchies. The research component will improve the understanding of the dynamical coupling of the troposphere and stratosphere and its impact for surface extremes. It would provide new insights into the troposphere-stratosphere exchange of chemical constituents. The educational objective is to improve math and data analytics proficiency in both high school and undergraduate education. The educational activities will involve collaborations with local high school teachers and geoscience educators.  The PI will develop new learning activities for high school math classes by integrating real-world atmospheric data and prompt active learning activities through data analytics and visualizations in undergraduate courses in climate sciences.&lt;br/&gt;&lt;br/&gt;&lt;br/&gt;The research activities will improve the scientific understanding of the chemical, radiative and dynamical effects of the UTLS on the climate system, and lead to improved understanding and prediction of extreme weather events such as wind gust and extreme rainfall in populated regions like Asia and North America. The educational activities will improve high school students' capability in formulating and solving math problems in real-world situations, and increase college students' performance in classes and their completion of bachelor's degree in STEM. The educational activities are along the lines with the Common Framework for Earth-Observation Data, which was recently released by the White House Office of Science and Technology Policy to improve the public access to find, evaluate, understand, and utilize Earth observations.</AbstractNarration>
<MinAmdLetterDate>11/03/2017</MinAmdLetterDate>
<MaxAmdLetterDate>02/06/2018</MaxAmdLetterDate>
<ARRAAmount/>
<AwardID>1802248</AwardID>
<Investigator>
<FirstName>Yutian</FirstName>
<LastName>Wu</LastName>
<EmailAddress>yutianwu@ldeo.columbia.edu</EmailAddress>
<StartDate>11/03/2017</StartDate>
<EndDate/>
<RoleCode>Principal Investigator</RoleCode>
</Investigator>
<Institution>
<Name>Columbia University</Name>
<CityName>NEW YORK</CityName>
<ZipCode>100276902</ZipCode>
<PhoneNumber>2128546851</PhoneNumber>
<StreetAddress>2960 Broadway</StreetAddress>
<CountryName>United States</CountryName>
<StateName>New York</StateName>
<StateCode>NY</StateCode>
</Institution>
<ProgramElement>
<Code>5740</Code>
<Text>CLIMATE &amp; LARGE-SCALE DYNAMICS</Text>
</ProgramElement>
<ProgramReference>
<Code>1045</Code>
<Text>CAREER: FACULTY EARLY CAR DEV</Text>
</ProgramReference>
</Award>
</rootTag>
