<?xml version="1.0" encoding="UTF-8"?>
<rootTag>
<Award>
<AwardTitle>SaTC: EDU: Online Digital Forensics Courses and Labs for Students and Professionals</AwardTitle>
<AwardEffectiveDate>11/01/2017</AwardEffectiveDate>
<AwardExpirationDate>08/31/2019</AwardExpirationDate>
<AwardAmount>298955</AwardAmount>
<AwardInstrument>
<Value>Standard Grant</Value>
</AwardInstrument>
<Organization>
<Code>11010001</Code>
<Directorate>
<LongName>Direct For Education and Human Resources</LongName>
</Directorate>
<Division>
<LongName>Division Of Graduate Education</LongName>
</Division>
</Organization>
<ProgramOfficer>
<SignBlockName>Victor P. Piotrowski</SignBlockName>
</ProgramOfficer>
<AbstractNarration>In the current Internet-connected world, most companies, government agencies, and the public heavily rely on the cyber world for information and data management, processing, and exchange. Information leakage and data breaches have become increasingly damaging to businesses, the government, and people's lives. Correspondingly, hackers have more incentive to attack for financial and political gains. While the existing cybersecurity curricula focus on defensive solutions, this proposed online program from the University of Central Florida attempts to provide both defensive and post-attack digital forensics curriculum for dedicated digital forensics students and professionals. This project will enrich the future cybersecurity workforce with both preventative and post-attack digital forensics skills to effectively counter the cause and effect of cyber-attacks. This program will also help alleviate shortages of qualified digital forensic researchers and practitioners in cybersecurity areas.&lt;br/&gt;&lt;br/&gt;Specifically, in this project, the researchers will build an online digital forensics program including two introductory courses and seven hands-on labs. The program will help build the necessary background for students and professionals to perform high pressure, skilled post-attack digital forensics analysis and incident responses. Students and professionals will acquire digital forensics knowledge to tackle future challenges in emerging cyber-systems such as networked critical infrastructures. Meanwhile, as computers and smart devices penetrate every aspect of our life, digital forensics training should not only cover traditional personal computers but also emerging smart devices, including smart phones and Internet of Things (IoT). Upon this request, this program also includes course materials and hands-on labs on forensic analysis of smart phones and IoT devices. The principal outcomes of the project will be enhancing cybersecurity curricula to include digital forensics courses and hands-on lab modules that focus on evaluating and analyzing cyber-attacks and countermeasures at the post-attack stage. Through this project, students and professionals will be prepared with the digital forensics knowledge necessary for them to undertake specific roles in future cybersecurity and digital forensics careers. Further, hands-on labs are emphasized in the project since these can help students solidify their knowledge from coursework and will eventually prepare them for real-world cybersecurity challenges.</AbstractNarration>
<MinAmdLetterDate>11/08/2017</MinAmdLetterDate>
<MaxAmdLetterDate>11/08/2017</MaxAmdLetterDate>
<ARRAAmount/>
<AwardID>1802701</AwardID>
<Investigator>
<FirstName>Yier</FirstName>
<LastName>Jin</LastName>
<EmailAddress>yier.jin@ece.ufl.edu</EmailAddress>
<StartDate>11/08/2017</StartDate>
<EndDate/>
<RoleCode>Principal Investigator</RoleCode>
</Investigator>
<Institution>
<Name>University of Florida</Name>
<CityName>GAINESVILLE</CityName>
<ZipCode>326112002</ZipCode>
<PhoneNumber>3523923516</PhoneNumber>
<StreetAddress>1 UNIVERSITY OF FLORIDA</StreetAddress>
<CountryName>United States</CountryName>
<StateName>Florida</StateName>
<StateCode>FL</StateCode>
</Institution>
<ProgramElement>
<Code>8060</Code>
<Text>Secure &amp;Trustworthy Cyberspace</Text>
</ProgramElement>
<ProgramReference>
<Code>7254</Code>
<Text>CYBER SECURITY ACT PROPOSALS</Text>
</ProgramReference>
<ProgramReference>
<Code>7434</Code>
<Text>CNCI</Text>
</ProgramReference>
<ProgramReference>
<Code>9178</Code>
<Text>UNDERGRADUATE EDUCATION</Text>
</ProgramReference>
<ProgramReference>
<Code>9179</Code>
<Text>GRADUATE INVOLVEMENT</Text>
</ProgramReference>
<ProgramReference>
<Code>SMET</Code>
<Text>SCIENCE, MATH, ENG &amp; TECH EDUCATION</Text>
</ProgramReference>
</Award>
</rootTag>
