<?xml version="1.0" encoding="UTF-8"?>
<rootTag>
<Award>
<AwardTitle>IAA for special issuance passports.</AwardTitle>
<AwardEffectiveDate>10/13/2017</AwardEffectiveDate>
<AwardExpirationDate>10/31/2018</AwardExpirationDate>
<AwardAmount>8470</AwardAmount>
<AwardInstrument>
<Value>Contract Interagency Agreement</Value>
</AwardInstrument>
<Organization>
<Code>02060100</Code>
<Directorate>
<LongName>Office Of Information &amp; Resource Mgmt</LongName>
</Directorate>
<Division>
<LongName>Division Of Administrative Services</LongName>
</Division>
</Organization>
<ProgramOfficer>
<SignBlockName>William Hart</SignBlockName>
</ProgramOfficer>
<AbstractNarration/>
<MinAmdLetterDate>10/24/2017</MinAmdLetterDate>
<MaxAmdLetterDate>10/24/2017</MaxAmdLetterDate>
<ARRAAmount/>
<AwardID>1802374</AwardID>
<Investigator>
<FirstName>Jerene</FirstName>
<LastName>Shaheed</LastName>
<EmailAddress/>
<StartDate>10/24/2017</StartDate>
<EndDate/>
<RoleCode>Principal Investigator</RoleCode>
</Investigator>
<Institution>
<Name>DEPARTMENT OF STATE</Name>
<CityName>Washington</CityName>
<ZipCode>205220002</ZipCode>
<PhoneNumber/>
<StreetAddress>2201 C Street NW</StreetAddress>
<CountryName>United States</CountryName>
<StateName>District of Columbia</StateName>
<StateCode>DC</StateCode>
</Institution>
<ProgramElement>
<Code>0601</Code>
<Text/>
</ProgramElement>
</Award>
</rootTag>
