<?xml version="1.0" encoding="UTF-8"?>
<rootTag>
<Award>
<AwardTitle>I-Corps: cPAP device for premature infants</AwardTitle>
<AwardEffectiveDate>01/01/2018</AwardEffectiveDate>
<AwardExpirationDate>12/31/2018</AwardExpirationDate>
<AwardAmount>50000</AwardAmount>
<AwardInstrument>
<Value>Standard Grant</Value>
</AwardInstrument>
<Organization>
<Code>07070000</Code>
<Directorate>
<LongName>Directorate For Engineering</LongName>
</Directorate>
<Division>
<LongName>Div Of Industrial Innovation &amp; Partnersh</LongName>
</Division>
</Organization>
<ProgramOfficer>
<SignBlockName>Anita J. LaSalle</SignBlockName>
</ProgramOfficer>
<AbstractNarration>The broader/commercial impact of this I-Corps project is to potentially reduce significantly the number of deaths of premature babies in low to middle income countries. Premature birth is globally the number one cause of death in children under the age of 5, with respiratory distress syndrome (RDS) being the leading cause of these deaths. RDS is usually addressed by using a bCPAP (bubble continuous positive airway pressure) machine that provides the baby with a humidified blend of air and oxygen at a controlled temperature and pressure. The goal of this project is to develop a state-of-the-art, low-cost bCPAP machine that aids preterm babies in low to middle income countries. While bCPAP devices are standard in wealthy nations, their $8-10k cost often makes them unaffordable for countries with fewer resources.&lt;br/&gt;&lt;br/&gt;This I-Corps project will explore the commercial potential of a novel bubble continuous positive airway pressure (bCPAP) machine.  Some of the innovative features of this device include a cassette format for ease of maintenance and repair, a battery backup for uninterrupted care, robust component selection for extended lifetime use and a drug delivery add on for potential treatment of comorbidities. If successfully implemented, this product would potentially help provide quality affordable healthcare to underserved populations and reduce premature deaths due to respiratory distress syndrome.</AbstractNarration>
<MinAmdLetterDate>12/23/2017</MinAmdLetterDate>
<MaxAmdLetterDate>12/23/2017</MaxAmdLetterDate>
<ARRAAmount/>
<AwardID>1802429</AwardID>
<Investigator>
<FirstName>Solomon</FirstName>
<LastName>Mensah</LastName>
<EmailAddress>mensah.s@husky.neu.edu</EmailAddress>
<StartDate>12/23/2017</StartDate>
<EndDate/>
<RoleCode>Principal Investigator</RoleCode>
</Investigator>
<Institution>
<Name>Northeastern University</Name>
<CityName>BOSTON</CityName>
<ZipCode>021155005</ZipCode>
<PhoneNumber>6173733004</PhoneNumber>
<StreetAddress>360 HUNTINGTON AVE</StreetAddress>
<CountryName>United States</CountryName>
<StateName>Massachusetts</StateName>
<StateCode>MA</StateCode>
</Institution>
<ProgramElement>
<Code>8023</Code>
<Text>I-Corps</Text>
</ProgramElement>
</Award>
</rootTag>
