<?xml version="1.0" encoding="UTF-8"?>
<rootTag>
<Award>
<AwardTitle>Doctoral Dissertation Research: Therapeutic Alternatives in the Criminal Courts</AwardTitle>
<AwardEffectiveDate>06/01/2018</AwardEffectiveDate>
<AwardExpirationDate>05/31/2019</AwardExpirationDate>
<AwardAmount>10736</AwardAmount>
<AwardInstrument>
<Value>Standard Grant</Value>
</AwardInstrument>
<Organization>
<Code>04050000</Code>
<Directorate>
<LongName>Direct For Social, Behav &amp; Economic Scie</LongName>
</Directorate>
<Division>
<LongName>Divn Of Social and Economic Sciences</LongName>
</Division>
</Organization>
<ProgramOfficer>
<SignBlockName>Joseph Whitmeyer</SignBlockName>
</ProgramOfficer>
<AbstractNarration>This study examines the growing use of therapy as an alternative to criminal prosecution in the United States. Tens of thousands of defendants each year are now offered a pathway to avoid felony convictions by completing therapeutic activities and passing drug tests for designated periods of time. By analyzing the role and consequences of these pretrial diversion programs, this project will contribute to knowledge about the impacts of the contemporary criminal justice system. It also will provide information to policymakers, legal practitioners, and the public as they determine the role that pretrial diversion should play in criminal justice reform efforts and in the provision of mental healthcare.&lt;br/&gt; &lt;br/&gt;Despite the growing popularity of pretrial diversion programs across the U.S., little sociological research has yet examined their impacts. This research draws on national and local datasets, document analysis, an original survey experiment, participant observation, and interviews with attorneys, defendants, and therapists to illuminate the consequences of diversion nationally and to explore variation between programs.  Three questions are addressed: 1) how effective diversion is as a tool to promote decarceration; 2) what the implications of diversion are for social inequality; and 3) what effects diversion has on the lives of defendants.  Findings will contribute to scholarship on contemporary U.S. criminal justice system reform and on the consequences of using the court system to provide mental health treatment. In addition, this research will provide empirical information to jurisdictions seeking to expand diversionary options or to design new programs, to policymakers in search of effective criminal justice alternatives, and to groups involved in advocating for penal reform.&lt;br/&gt;&lt;br/&gt;This award reflects NSF's statutory mission and has been deemed worthy of support through evaluation using the Foundation's intellectual merit and broader impacts review criteria.</AbstractNarration>
<MinAmdLetterDate>03/13/2018</MinAmdLetterDate>
<MaxAmdLetterDate>03/13/2018</MaxAmdLetterDate>
<ARRAAmount/>
<AwardID>1802625</AwardID>
<Investigator>
<FirstName>Mary</FirstName>
<LastName>Stitt</LastName>
<EmailAddress>mstitt@utexas.edu</EmailAddress>
<StartDate>03/13/2018</StartDate>
<EndDate/>
<RoleCode>Co-Principal Investigator</RoleCode>
</Investigator>
<Investigator>
<FirstName>Elizabeth</FirstName>
<LastName>Pettit</LastName>
<EmailAddress>bpettit@utexas.edu</EmailAddress>
<StartDate>03/13/2018</StartDate>
<EndDate/>
<RoleCode>Principal Investigator</RoleCode>
</Investigator>
<Institution>
<Name>University of Texas at Austin</Name>
<CityName>Austin</CityName>
<ZipCode>787595316</ZipCode>
<PhoneNumber>5124716424</PhoneNumber>
<StreetAddress>3925 W Braker Lane, Ste 3.340</StreetAddress>
<CountryName>United States</CountryName>
<StateName>Texas</StateName>
<StateCode>TX</StateCode>
</Institution>
<ProgramElement>
<Code>1331</Code>
<Text>SOCIOLOGY</Text>
</ProgramElement>
<ProgramReference>
<Code>1331</Code>
<Text>SOCIOLOGY</Text>
</ProgramReference>
<ProgramReference>
<Code>9179</Code>
<Text>GRADUATE INVOLVEMENT</Text>
</ProgramReference>
</Award>
</rootTag>
