<?xml version="1.0" encoding="UTF-8"?>
<rootTag>
<Award>
<AwardTitle>Homological Aspects of Exterior and Other Power Operations</AwardTitle>
<AwardEffectiveDate>06/01/2018</AwardEffectiveDate>
<AwardExpirationDate>05/31/2021</AwardExpirationDate>
<AwardAmount>168000</AwardAmount>
<AwardInstrument>
<Value>Standard Grant</Value>
</AwardInstrument>
<Organization>
<Code>03040000</Code>
<Directorate>
<LongName>Direct For Mathematical &amp; Physical Scien</LongName>
</Directorate>
<Division>
<LongName>Division Of Mathematical Sciences</LongName>
</Division>
</Organization>
<ProgramOfficer>
<SignBlockName>Timothy Hodges</SignBlockName>
</ProgramOfficer>
<AbstractNarration>This award supports research into one of the fundamental questions of algebraic geometry: How does one find measures of a singularity? A singularity is a place on a curve, surface, or higher dimensional space where it is not smooth, that is, it has a cusp (a sharp point, a place where it folds or turns abruptly) or it crosses itself. The understanding of singularities has applications to computer vision and medical imaging. In general, one wants to find and study measures of how extreme a singularity is and how these vary under operations such as deformations. This is done using abstract algebraic techniques as usually the dimension, or the number of equations, or variable and unknown coefficients make the spaces completely impractical to visualize. The goal is to attach invariants to singularities that are measures of the nature of the singularity. This project studies such invariants in three different ways. &lt;br/&gt;&lt;br/&gt;More precisely, this project involves the study of the exterior algebra, modules of higher differentials, exterior powers of complexes, and related power operations such as Adams operations, sometimes with differential graded algebra structures playing a role. The homological behavior of exterior power operations is known to be complicated, yet these algebras and operations play a central role throughout many parts of algebra and mathematics. This project focuses on the following research directions (1) Adams operations and applications to Hilbert-Kunz multiplicities, (2) invariants of singularities for p-differentials, and (3) resolutions of graded Artinian algebras. For the first, the main goal is to develop a characteristic zero version of Hilbert-Kunz multiplicity. For the second, the focus is on studying singularities via their modules of higher differentials; the goal is to understand symmetries and the vanishing of invariants obtained from them, such as generalized Tjurina numbers, by showing how their resolutions are interrelated in the general non-isolated Gorenstein singularity setting. The third involves applying the resolution of Artinian algebras to various problems, such as conjectures on Betti numbers and finding dg-structures on resolutions in order to further understand Koszul homology.&lt;br/&gt;&lt;br/&gt;This award reflects NSF's statutory mission and has been deemed worthy of support through evaluation using the Foundation's intellectual merit and broader impacts review criteria.</AbstractNarration>
<MinAmdLetterDate>04/19/2018</MinAmdLetterDate>
<MaxAmdLetterDate>04/19/2018</MaxAmdLetterDate>
<ARRAAmount/>
<AwardID>1802207</AwardID>
<Investigator>
<FirstName>Claudia</FirstName>
<LastName>Miller</LastName>
<EmailAddress>clamille@syr.edu</EmailAddress>
<StartDate>04/19/2018</StartDate>
<EndDate/>
<RoleCode>Principal Investigator</RoleCode>
</Investigator>
<Institution>
<Name>Syracuse University</Name>
<CityName>SYRACUSE</CityName>
<ZipCode>132441200</ZipCode>
<PhoneNumber>3154432807</PhoneNumber>
<StreetAddress>OFFICE OF SPONSORED PROGRAMS</StreetAddress>
<CountryName>United States</CountryName>
<StateName>New York</StateName>
<StateCode>NY</StateCode>
</Institution>
<ProgramElement>
<Code>1264</Code>
<Text>ALGEBRA,NUMBER THEORY,AND COM</Text>
</ProgramElement>
</Award>
</rootTag>
