<?xml version="1.0" encoding="UTF-8"?>
<rootTag>
<Award>
<AwardTitle>BPS Geometry, Singularities, and String Theory</AwardTitle>
<AwardEffectiveDate>05/15/2018</AwardEffectiveDate>
<AwardExpirationDate>04/30/2021</AwardExpirationDate>
<AwardAmount>106263</AwardAmount>
<AwardInstrument>
<Value>Continuing grant</Value>
</AwardInstrument>
<Organization>
<Code>03040000</Code>
<Directorate>
<LongName>Direct For Mathematical &amp; Physical Scien</LongName>
</Directorate>
<Division>
<LongName>Division Of Mathematical Sciences</LongName>
</Division>
</Organization>
<ProgramOfficer>
<SignBlockName>Timothy Hodges</SignBlockName>
</ProgramOfficer>
<AbstractNarration>This award supports the continuing research of the Principal Investigator at the interface of algebraic geometry in mathematics and string theory in theoretical physics.  Algebraic geometry is the investigation of algebraic solutions of polynomial equations, the geometry of the graphs of these solutions, and the theoretical structure describing their properties.  It has numerous applications in science and engineering, including geometric modeling, robotics, control theory, coding theory, phylogenetics, as well as the application to string theory being advanced in this project.  String theory is a physical theory which provides a framework for a unified field theory incorporating all of the forces and particles found in nature.  String theory has found wide application beyond unified field theory, including condensed matter physics, black hole physics, and the application to mathematics being advanced in this project.  The Principal Investigator will involve graduate students and postdocs in aspects of the project, assisting their professional development and contributing to the development of the scientific workforce.&lt;br/&gt;&lt;br/&gt;In more technical terms, the project will concern itself with three interrelated areas: BPS Geometry, Singularities, and String Theory.  BPS states are certain supersymmetric states which play a fundamental role in many supersymmetric physical theories.  Geometric techniques will be applied to advance the theory of the associated BPS invariants and their refinements, including orientations on the derived category of coherent sheaves on a Calabi-Yau threefold, Fourier-Mukai transforms as global symmetries of physical theories, a new theory of log BPS invariants, and advancing the connection between Bridgeland stability in mathematics and Pi-stability in physics.   The geometric study of singularities is incorporated into this project in at least two ways: canonical threefold singularities can be used to engineer 5 dimensional superconformal field theories, and certain codimension 2 singularities can be used to engineer gauge theories analogous to the Hitchin system.    Proposed research in string theory proper includes a more careful analysis of the holomorphic anomaly equation with particular attention to the Principal Investigator's earlier work on BPS invariants of elliptic fibrations and Jacobi forms.&lt;br/&gt;&lt;br/&gt;This award reflects NSF's statutory mission and has been deemed worthy of support through evaluation using the Foundation's intellectual merit and broader impacts review criteria.</AbstractNarration>
<MinAmdLetterDate>04/20/2018</MinAmdLetterDate>
<MaxAmdLetterDate>04/20/2018</MaxAmdLetterDate>
<ARRAAmount/>
<AwardID>1802242</AwardID>
<Investigator>
<FirstName>Sheldon</FirstName>
<LastName>Katz</LastName>
<EmailAddress>katz@math.uiuc.edu</EmailAddress>
<StartDate>04/20/2018</StartDate>
<EndDate/>
<RoleCode>Principal Investigator</RoleCode>
</Investigator>
<Institution>
<Name>University of Illinois at Urbana-Champaign</Name>
<CityName>CHAMPAIGN</CityName>
<ZipCode>618207473</ZipCode>
<PhoneNumber>2173332187</PhoneNumber>
<StreetAddress>SUITE A</StreetAddress>
<CountryName>United States</CountryName>
<StateName>Illinois</StateName>
<StateCode>IL</StateCode>
</Institution>
<ProgramElement>
<Code>1264</Code>
<Text>ALGEBRA,NUMBER THEORY,AND COM</Text>
</ProgramElement>
</Award>
</rootTag>
