<?xml version="1.0" encoding="UTF-8"?>
<rootTag>
<Award>
<AwardTitle>Conferences on Commutative Algebra for Early Career Researchers (KUMUNUJr 2018-2019)</AwardTitle>
<AwardEffectiveDate>03/01/2018</AwardEffectiveDate>
<AwardExpirationDate>02/29/2020</AwardExpirationDate>
<AwardAmount>9192</AwardAmount>
<AwardInstrument>
<Value>Standard Grant</Value>
</AwardInstrument>
<Organization>
<Code>03040000</Code>
<Directorate>
<LongName>Direct For Mathematical &amp; Physical Scien</LongName>
</Directorate>
<Division>
<LongName>Division Of Mathematical Sciences</LongName>
</Division>
</Organization>
<ProgramOfficer>
<SignBlockName>Timothy Hodges</SignBlockName>
</ProgramOfficer>
<AbstractNarration>This award supports participation in the 2018 and 2019 KUMUNUjr Conferences, to be held at the University of Nebraska-Lincoln during April 21-22, 2018 and April 2019. This is part of an annual conference series designed to promote interaction among junior researchers in commutative algebra and related disciplines (including homological algebra, algebraic geometry, K-theory, and coding theory) at Midwestern schools. The conference series is anchored by the Universities of Kansas (KU), Missouri - Columbia (MU), and Nebraska - Lincoln (NU). The gathering will provide an opportunity for young algebraists to interact and establish research connections with each other. This interaction will help to lay a foundation for fruitful research collaborations as the participants advance in the field.&lt;br/&gt;&lt;br/&gt;The goals of the conference are to foster collaboration among young researchers in commutative algebra from Midwestern institutions, and to expose commutative algebra students and postdocs from Midwestern institutions to the current work being done in their fields at neighboring institutions. The primary impacts of the conference are its enrichment of the research careers of the participants and the dissemination of recent ideas in commutative algebra research at the graduate and postdoctoral levels. In particular, the interaction and exposure to the work of their peers will benefit students from universities with small commutative algebra research groups, those who will become faculty at small institutions, women, and members of groups underrepresented in mathematics. In addition, participants will take ideas and collaborations initiated at the conference to the institutions where they eventually establish careers.&lt;br/&gt;&lt;br/&gt;Conference web page: http://www.math.unl.edu/~jpollitz2/KUMUNUjr/2018/&lt;br/&gt;&lt;br/&gt;This award reflects NSF's statutory mission and has been deemed worthy of support through evaluation using the Foundation's intellectual merit and broader impacts review criteria.</AbstractNarration>
<MinAmdLetterDate>11/30/2017</MinAmdLetterDate>
<MaxAmdLetterDate>11/30/2017</MaxAmdLetterDate>
<ARRAAmount/>
<AwardID>1802088</AwardID>
<Investigator>
<FirstName>Mark</FirstName>
<LastName>Walker</LastName>
<EmailAddress>mwalker5@math.unl.edu</EmailAddress>
<StartDate>11/30/2017</StartDate>
<EndDate/>
<RoleCode>Principal Investigator</RoleCode>
</Investigator>
<Investigator>
<FirstName>Joshua</FirstName>
<LastName>Pollitz</LastName>
<EmailAddress>jpollitz@huskers.unl.edu</EmailAddress>
<StartDate>11/30/2017</StartDate>
<EndDate/>
<RoleCode>Co-Principal Investigator</RoleCode>
</Investigator>
<Investigator>
<FirstName>Mohsen</FirstName>
<LastName>Gheibi</LastName>
<EmailAddress>mohsen.gheibi@huskers.unl.edu</EmailAddress>
<StartDate>11/30/2017</StartDate>
<EndDate/>
<RoleCode>Co-Principal Investigator</RoleCode>
</Investigator>
<Investigator>
<FirstName>Nicholas</FirstName>
<LastName>Packauskas</LastName>
<EmailAddress>packauskas@huskers.unl.edu</EmailAddress>
<StartDate>11/30/2017</StartDate>
<EndDate/>
<RoleCode>Co-Principal Investigator</RoleCode>
</Investigator>
<Institution>
<Name>University of Nebraska-Lincoln</Name>
<CityName>Lincoln</CityName>
<ZipCode>685031435</ZipCode>
<PhoneNumber>4024723171</PhoneNumber>
<StreetAddress>151 Prem S. Paul Research Center</StreetAddress>
<CountryName>United States</CountryName>
<StateName>Nebraska</StateName>
<StateCode>NE</StateCode>
</Institution>
<ProgramElement>
<Code>1264</Code>
<Text>ALGEBRA,NUMBER THEORY,AND COM</Text>
</ProgramElement>
<ProgramReference>
<Code>7556</Code>
<Text>CONFERENCE AND WORKSHOPS</Text>
</ProgramReference>
<ProgramReference>
<Code>9150</Code>
<Text>EXP PROG TO STIM COMP RES</Text>
</ProgramReference>
</Award>
</rootTag>
