<?xml version="1.0" encoding="UTF-8"?>
<rootTag>
<Award>
<AwardTitle>Number Theory and Its Interaction with Other Disciplines</AwardTitle>
<AwardEffectiveDate>05/01/2018</AwardEffectiveDate>
<AwardExpirationDate>04/30/2019</AwardExpirationDate>
<AwardAmount>45000</AwardAmount>
<AwardInstrument>
<Value>Standard Grant</Value>
</AwardInstrument>
<Organization>
<Code>03040000</Code>
<Directorate>
<LongName>Direct For Mathematical &amp; Physical Scien</LongName>
</Directorate>
<Division>
<LongName>Division Of Mathematical Sciences</LongName>
</Division>
</Organization>
<ProgramOfficer>
<SignBlockName>Andrew D. Pollington</SignBlockName>
</ProgramOfficer>
<AbstractNarration>This award provides partial participants support for a conference to be held at Harvard University on June 4-8, 2018. While the central focus will be on the recent developments in number theory, the conference will also promote dialogue and interaction between number theory and other disciplines.&lt;br/&gt;&lt;br/&gt;The conference will feature research-level talks from a range of distinguished mathematicians, mostly (but not entirely) working in various areas of number theory, including the Birch-Swinnerton-Dyer conjecture, Galois representations and modularity, Iwasawa theory, and Diophantine equations (just to name some of them), and the talks at the conference will present the latest developments in many of these fields. More details can be found at the conference website: http://www.math.harvard.edu/conferences/mazur18.&lt;br/&gt;&lt;br/&gt;This award reflects NSF's statutory mission and has been deemed worthy of support through evaluation using the Foundation's intellectual merit and broader impacts review criteria.</AbstractNarration>
<MinAmdLetterDate>01/30/2018</MinAmdLetterDate>
<MaxAmdLetterDate>01/30/2018</MaxAmdLetterDate>
<ARRAAmount/>
<AwardID>1802365</AwardID>
<Investigator>
<FirstName>Mark</FirstName>
<LastName>Kisin</LastName>
<EmailAddress>kisin@math.harvard.edu</EmailAddress>
<StartDate>01/30/2018</StartDate>
<EndDate/>
<RoleCode>Principal Investigator</RoleCode>
</Investigator>
<Institution>
<Name>Harvard University</Name>
<CityName>Cambridge</CityName>
<ZipCode>021385369</ZipCode>
<PhoneNumber>6174955501</PhoneNumber>
<StreetAddress>1033 MASSACHUSETTS AVE</StreetAddress>
<CountryName>United States</CountryName>
<StateName>Massachusetts</StateName>
<StateCode>MA</StateCode>
</Institution>
<ProgramElement>
<Code>1264</Code>
<Text>ALGEBRA,NUMBER THEORY,AND COM</Text>
</ProgramElement>
<ProgramReference>
<Code>7556</Code>
<Text>CONFERENCE AND WORKSHOPS</Text>
</ProgramReference>
</Award>
</rootTag>
