<?xml version="1.0" encoding="UTF-8"?>
<rootTag>
<Award>
<AwardTitle>APS Division of Fluid Dynamics Travel Support Program for Students and Early Career Scientists 2017-2019</AwardTitle>
<AwardEffectiveDate>11/15/2017</AwardEffectiveDate>
<AwardExpirationDate>10/31/2020</AwardExpirationDate>
<AwardAmount>25000</AwardAmount>
<AwardInstrument>
<Value>Continuing grant</Value>
</AwardInstrument>
<Organization>
<Code>07020000</Code>
<Directorate>
<LongName>Directorate For Engineering</LongName>
</Directorate>
<Division>
<LongName>Div Of Chem, Bioeng, Env, &amp; Transp Sys</LongName>
</Division>
</Organization>
<ProgramOfficer>
<SignBlockName>Ronald Joslin</SignBlockName>
</ProgramOfficer>
<AbstractNarration>The project will partially cover travel expenses of graduate students, post-doctoral researchers, and junior faculty members from institutions in the United States to participate in the conference entitled, " American Physical Society, Division of Fluid Dynamics (DFD), 70th Annual DFD Meeting in Denver, CO, November 19-21, 2017. This is the largest international annual meeting of fluid dynamics researchers in the world, with over 2,500 anticipated attendees. &lt;br/&gt;&lt;br/&gt;The chief intellectual merit of this conference lies in the exchange of scientific ideas, presentations of cutting edge research, and exposure to a richly diverse array of topics in virtually every sub-discipline of fluid dynamics. The conference will be attended by both prominent and young scientists in fluid dynamics from around the world, who will be discussing present and future directions of research and research challenges. The conference will foster cross-fertilization of ideas among researchers in cutting edge areas of fluid dynamics and will address challenges involved in advancing the field. The broader impact will be to increase participation of students and young scientists who would not otherwise be able to afford to travel to the meeting and pay associated costs. The travel grant program has traditionally prioritized meeting attendance by students, young  scientists, and, in general, scientists from under-represented groups. Since the awards are meant to supplement participant travel funds, not to cover these entirely, the committee takes into account the travel budget entered on the application. Special effort is made to achieve diverse participation from underrepresented groups in engineering, including women and members of minority groups.</AbstractNarration>
<MinAmdLetterDate>11/20/2017</MinAmdLetterDate>
<MaxAmdLetterDate>11/20/2017</MaxAmdLetterDate>
<ARRAAmount/>
<AwardID>1802070</AwardID>
<Investigator>
<FirstName>Patricia</FirstName>
<LastName>Lettieri</LastName>
<EmailAddress>lettieri@aps.org</EmailAddress>
<StartDate>11/20/2017</StartDate>
<EndDate/>
<RoleCode>Principal Investigator</RoleCode>
</Investigator>
<Institution>
<Name>American Physical Society</Name>
<CityName>College Park</CityName>
<ZipCode>207403841</ZipCode>
<PhoneNumber>3012093220</PhoneNumber>
<StreetAddress>One Physics Ellipse</StreetAddress>
<CountryName>United States</CountryName>
<StateName>Maryland</StateName>
<StateCode>MD</StateCode>
</Institution>
<ProgramElement>
<Code>1443</Code>
<Text>FLUID DYNAMICS</Text>
</ProgramElement>
<ProgramReference>
<Code>7556</Code>
<Text>CONFERENCE AND WORKSHOPS</Text>
</ProgramReference>
</Award>
</rootTag>
