<?xml version="1.0" encoding="UTF-8"?>
<rootTag>
<Award>
<AwardTitle>Conference on Recent Developments in Continuum Mechanics and Partial Differential Equations</AwardTitle>
<AwardEffectiveDate>03/15/2015</AwardEffectiveDate>
<AwardExpirationDate>02/29/2016</AwardExpirationDate>
<AwardAmount>18250</AwardAmount>
<AwardInstrument>
<Value>Standard Grant</Value>
</AwardInstrument>
<Organization>
<Code>03040000</Code>
<Directorate>
<LongName>Direct For Mathematical &amp; Physical Scien</LongName>
</Directorate>
<Division>
<LongName>Division Of Mathematical Sciences</LongName>
</Division>
</Organization>
<ProgramOfficer>
<SignBlockName>Michael H. Steuerwalt</SignBlockName>
</ProgramOfficer>
<AbstractNarration>This award provides partial support for participants in the "Conference on Recent Developments in Continuum Mechanics and Partial Differential Equations" held at the University of Nebraska-Lincoln (UNL), April 18-19, 2015.  The subject of continuum mechanics is concerned with modeling the mechanical behavior of materials as continua: solids (elasticity) and liquids (fluid dynamics).  It underlies numerous engineering applications, including the behavior of architectural structures, tires and other vehicle parts, aerospace vehicles, and a wide range of other deformable substances.  Partial differential equations provide a mathematical language for expressing relationships among quantities of interest, such as the distortion of an elastic body or the velocity in a fluid, and most mathematical models in engineering and science are expressed in terms of partial differential equations.  This meeting will be held in conjunction with the Howard Rowlee Lecture, an endowed public lecture presented annually by the Department of Mathematics at UNL.  This year's lecture will be given on April 17th, and the timing and coordination of the Lecture and the Conference should enhance the impact of both.  The purpose of the Conference is to foster contacts between mathematicians (junior, senior, and all points in between) within a broad spectrum of applied mathematics.&lt;br/&gt;&lt;br/&gt;The Conference will comprise a series of presentations by established, prominent researchers, as well as recent Ph.D. recipients.  The meeting brings together specialists who, owing to their respective fields of study, might not otherwise have occasion to meet and exchange ideas.  The meeting will focus on recent advances in continuum mechanics, partial differential equations, and related fields in applied mathematics. The interests of the speakers cover areas such as numerical analysis, variational problems, mathematical modeling, singular integrals, pseudo-differential operators, dispersive equations, and nonlinear acoustics.  The lectures will address some of the major problems in these fields, including modeling aspects, and analytic and numerical results.  They will also present new techniques that have been recently developed, as well as open problems and possible venues for their investigation.  &lt;br/&gt;&lt;br/&gt;Conference web site: http://www.math.unl.edu/~mfoss3/2015conference/</AbstractNarration>
<MinAmdLetterDate>03/13/2015</MinAmdLetterDate>
<MaxAmdLetterDate>03/13/2015</MaxAmdLetterDate>
<ARRAAmount/>
<AwardID>1500939</AwardID>
<Investigator>
<FirstName>Mikil</FirstName>
<LastName>Foss</LastName>
<EmailAddress>mfoss@math.unl.edu</EmailAddress>
<StartDate>03/13/2015</StartDate>
<EndDate/>
<RoleCode>Co-Principal Investigator</RoleCode>
</Investigator>
<Investigator>
<FirstName>Petronela</FirstName>
<LastName>Radu</LastName>
<EmailAddress>pradu@math.unl.edu</EmailAddress>
<StartDate>03/13/2015</StartDate>
<EndDate/>
<RoleCode>Principal Investigator</RoleCode>
</Investigator>
<Institution>
<Name>University of Nebraska-Lincoln</Name>
<CityName>Lincoln</CityName>
<ZipCode>685031435</ZipCode>
<PhoneNumber>4024723171</PhoneNumber>
<StreetAddress>151 Prem S. Paul Research Center</StreetAddress>
<CountryName>United States</CountryName>
<StateName>Nebraska</StateName>
<StateCode>NE</StateCode>
</Institution>
<ProgramElement>
<Code>1266</Code>
<Text>APPLIED MATHEMATICS</Text>
</ProgramElement>
<ProgramReference>
<Code>7556</Code>
<Text>CONFERENCE AND WORKSHOPS</Text>
</ProgramReference>
<ProgramReference>
<Code>9150</Code>
<Text>EXP PROG TO STIM COMP RES</Text>
</ProgramReference>
</Award>
</rootTag>
