<?xml version="1.0" encoding="UTF-8"?>
<rootTag>
<Award>
<AwardTitle>SaTC-EDU: EAGER: INCUBATE - INjecting and assessing Cybersecurity edUcation with little internal suBject mATter Expertise</AwardTitle>
<AwardEffectiveDate>07/15/2015</AwardEffectiveDate>
<AwardExpirationDate>06/30/2018</AwardExpirationDate>
<AwardAmount>197698</AwardAmount>
<AwardInstrument>
<Value>Standard Grant</Value>
</AwardInstrument>
<Organization>
<Code>11010001</Code>
<Directorate>
<LongName>Direct For Education and Human Resources</LongName>
</Directorate>
<Division>
<LongName>Division Of Graduate Education</LongName>
</Division>
</Organization>
<ProgramOfficer>
<SignBlockName>Victor P. Piotrowski</SignBlockName>
</ProgramOfficer>
<AbstractNarration>This project will develop novel ways to teach cybersecurity topics. It is challenging for computer science (CS) programs with limited faculty resources to cover the breadth and depth of the discipline. The challenge increases as CS curriculum guidelines places more emphasis on emerging areas such as cybersecurity.&lt;br/&gt;&lt;br/&gt;For CS majors, the project will produce cybersecurity modules for injection into existing courses. This approach supports the CS curriculum guidelines as 63.5 of the 72.5 lecture hours in the Information Assurance and Security knowledge area are distributed across other knowledge areas. Each module will include learning assessments to track students' progress in achieving the cybersecurity learning outcomes while the project will use student portfolios for program-level assessment. A multi-college event will be organized to provide additional hands-on learning experience on cybersecurity topics.&lt;br/&gt;For non-majors, this project will refine a cybersecurity course taught in an interdisciplinary manner to humanities and sciences students. This course goes beyond the traditional computer literacy course by covering topics valuable for making decisions about cybersecurity issues that may arise in the future.</AbstractNarration>
<MinAmdLetterDate>07/15/2015</MinAmdLetterDate>
<MaxAmdLetterDate>07/15/2015</MaxAmdLetterDate>
<ARRAAmount/>
<AwardID>1500033</AwardID>
<Investigator>
<FirstName>Cynthia</FirstName>
<LastName>Choi</LastName>
<EmailAddress>choicc@lemoyne.edu</EmailAddress>
<StartDate>07/15/2015</StartDate>
<EndDate/>
<RoleCode>Co-Principal Investigator</RoleCode>
</Investigator>
<Investigator>
<FirstName>Aparna</FirstName>
<LastName>Das</LastName>
<EmailAddress>dasa@lemoyne.edu</EmailAddress>
<StartDate>07/15/2015</StartDate>
<EndDate/>
<RoleCode>Co-Principal Investigator</RoleCode>
</Investigator>
<Investigator>
<FirstName>David</FirstName>
<LastName>Voorhees</LastName>
<EmailAddress>voorhedp@lemoyne.edu</EmailAddress>
<StartDate>07/15/2015</StartDate>
<EndDate/>
<RoleCode>Principal Investigator</RoleCode>
</Investigator>
<Institution>
<Name>Le Moyne College</Name>
<CityName>Syracuse</CityName>
<ZipCode>132141301</ZipCode>
<PhoneNumber>3154454560</PhoneNumber>
<StreetAddress>Le Moyne Heights</StreetAddress>
<CountryName>United States</CountryName>
<StateName>New York</StateName>
<StateCode>NY</StateCode>
</Institution>
<ProgramElement>
<Code>8060</Code>
<Text>Secure &amp;Trustworthy Cyberspace</Text>
</ProgramElement>
<ProgramReference>
<Code>7434</Code>
<Text>CNCI</Text>
</ProgramReference>
<ProgramReference>
<Code>7916</Code>
<Text>EAGER</Text>
</ProgramReference>
<ProgramReference>
<Code>8225</Code>
<Text>SaTC Special Projects</Text>
</ProgramReference>
<ProgramReference>
<Code>9179</Code>
<Text>GRADUATE INVOLVEMENT</Text>
</ProgramReference>
<ProgramReference>
<Code>SMET</Code>
<Text>SCIENCE, MATH, ENG &amp; TECH EDUCATION</Text>
</ProgramReference>
</Award>
</rootTag>
