<?xml version="1.0" encoding="UTF-8"?>
<rootTag>
<Award>
<AwardTitle>Topics in Symbolic Dynamics</AwardTitle>
<AwardEffectiveDate>06/15/2015</AwardEffectiveDate>
<AwardExpirationDate>05/31/2018</AwardExpirationDate>
<AwardAmount>161416</AwardAmount>
<AwardInstrument>
<Value>Standard Grant</Value>
</AwardInstrument>
<Organization>
<Code>03040000</Code>
<Directorate>
<LongName>Direct For Mathematical &amp; Physical Scien</LongName>
</Directorate>
<Division>
<LongName>Division Of Mathematical Sciences</LongName>
</Division>
</Organization>
<ProgramOfficer>
<SignBlockName>Edward Taylor</SignBlockName>
</ProgramOfficer>
<AbstractNarration>In the current project, the PI will explore several questions and open problems in the area of symbolic dynamics.  Dynamics is the study of closed systems whose elements evolve over time according to deterministic rules; some examples include planetary motion, or a particle's movement inside a box.   Symbolic dynamics is the study of dynamics where the elements in question are infinite sequences of symbols, and the evolution over time comes from horizontally shifting the sequence.  Symbolic dynamics was introduced as a tool for studying more complicated dynamical systems, but has become a fundamental area in its own right, with applications and connections ranging from computer science (e.g. data storage in binary) to statistical physics (e.g. the Ising model for magnetism).   A current area of high activity is multidimensional symbolic dynamics, in which one considers not sequences, but multidimensional arrays of symbols, which can be shifted in any direction.  Though the core definitions and ideas remain the same, there are remarkable changes that occur for multiple dimensions; many questions that were easy to answer in one dimension become quite difficult, and classes of systems whose behavior was relatively simple in one dimension can exhibit strange and complex behaviors.&lt;br/&gt;&lt;br/&gt;The research supported by this grant will treat a variety of problems in symbolic dynamics, ranging from the more classical one-dimensional case to the less well-understood multidimensional case.   A common thread throughout is the use of ideas, techniques, and viewpoints from other areas, including probability theory, statistical physics, and percolation theory, to attack fundamental problems.  The two projects on one-dimensional symbolic dynamics propose new directions of research about the classical notions of follower sets and the specification property respectively.  The first multidimensional project proposes a new method for the efficient approximation of entropies of multidimensional shifts of finite type (SFT) which, unlike existing techniques, can be used on systems with multiple measures of maximal entropy.  The final project will extend recent work by the PI and Kevin McGoff on random multidimensional SFTs, in which a probabilistic framework was defined where a "typically" chosen multidimensional SFT does not exhibit the worst pathological behaviors of the class; we now plan to use this framework to prove multidimensional probabilistic versions of some classical one-dimensional results.   All work will be disseminated through publications in peer-reviewed journals, conference presentations, and the author's continued collaboration with young researchers, including his two Ph.D. students.</AbstractNarration>
<MinAmdLetterDate>06/04/2015</MinAmdLetterDate>
<MaxAmdLetterDate>06/04/2015</MaxAmdLetterDate>
<ARRAAmount/>
<AwardID>1500685</AwardID>
<Investigator>
<FirstName>Ronald</FirstName>
<LastName>Pavlov</LastName>
<EmailAddress>rpavlov@du.edu</EmailAddress>
<StartDate>06/04/2015</StartDate>
<EndDate/>
<RoleCode>Principal Investigator</RoleCode>
</Investigator>
<Institution>
<Name>University of Denver</Name>
<CityName>Denver</CityName>
<ZipCode>802104711</ZipCode>
<PhoneNumber>3038712000</PhoneNumber>
<StreetAddress>2199 S. University Blvd.</StreetAddress>
<CountryName>United States</CountryName>
<StateName>Colorado</StateName>
<StateCode>CO</StateCode>
</Institution>
<ProgramElement>
<Code>1281</Code>
<Text>ANALYSIS PROGRAM</Text>
</ProgramElement>
</Award>
</rootTag>
