<?xml version="1.0" encoding="UTF-8"?>
<rootTag>
<Award>
<AwardTitle>Applications of Model Theory to Extremal Combinatorics and Compactifications of G-spaces</AwardTitle>
<AwardEffectiveDate>06/01/2015</AwardEffectiveDate>
<AwardExpirationDate>05/31/2019</AwardExpirationDate>
<AwardAmount>270000</AwardAmount>
<AwardInstrument>
<Value>Continuing grant</Value>
</AwardInstrument>
<Organization>
<Code>03040000</Code>
<Directorate>
<LongName>Direct For Mathematical &amp; Physical Scien</LongName>
</Directorate>
<Division>
<LongName>Division Of Mathematical Sciences</LongName>
</Division>
</Organization>
<ProgramOfficer>
<SignBlockName>Tomek Bartoszynski</SignBlockName>
</ProgramOfficer>
<AbstractNarration>Model theory, a branch of mathematical logic, studies general properties of mathematical structures. Work in model theory often answers questions in other areas of mathematics. In the recent years there have been exciting new developments in applications of model theory to combinatorics and analysis.  This project advances research on definable topological groups and their actions, and also on combinatorial questions in the context of distal theories. &lt;br/&gt;&lt;br/&gt;This research project builds upon the investigator's previous work on definable group actions and combinatorial properties of theories without independence properties. This project undertakes a systematic study of definable compactifications of group actions, and extremal combinatorics in the not-independence-property (NIP) setting.  More specifically, the project studies extremal combinatorics in distal theories and the Erdos-Hajnal conjecture for graphs definable in NIP theories. The project will also investigate growth rates of Ramsey functions in o-minimal and other tame theories, and will develop a model theoretic framework for compactifications of continuous group actions, in particular Riemannian symmetric spaces.</AbstractNarration>
<MinAmdLetterDate>05/01/2015</MinAmdLetterDate>
<MaxAmdLetterDate>06/10/2017</MaxAmdLetterDate>
<ARRAAmount/>
<AwardID>1500671</AwardID>
<Investigator>
<FirstName>Sergei</FirstName>
<LastName>Starchenko</LastName>
<EmailAddress>sstarche@nd.edu</EmailAddress>
<StartDate>05/01/2015</StartDate>
<EndDate/>
<RoleCode>Principal Investigator</RoleCode>
</Investigator>
<Institution>
<Name>University of Notre Dame</Name>
<CityName>NOTRE DAME</CityName>
<ZipCode>465565708</ZipCode>
<PhoneNumber>5746317432</PhoneNumber>
<StreetAddress>940 Grace Hall</StreetAddress>
<CountryName>United States</CountryName>
<StateName>Indiana</StateName>
<StateCode>IN</StateCode>
</Institution>
<ProgramElement>
<Code>1268</Code>
<Text>FOUNDATIONS</Text>
</ProgramElement>
<ProgramElement>
<Code>7970</Code>
<Text>Combinatorics</Text>
</ProgramElement>
</Award>
</rootTag>
