<?xml version="1.0" encoding="UTF-8"?>
<rootTag>
<Award>
<AwardTitle>PFI:AIR - TT:  Motionless MSM Micro-Pump</AwardTitle>
<AwardEffectiveDate>07/01/2015</AwardEffectiveDate>
<AwardExpirationDate>12/31/2017</AwardExpirationDate>
<AwardAmount>217575</AwardAmount>
<AwardInstrument>
<Value>Standard Grant</Value>
</AwardInstrument>
<Organization>
<Code>07070000</Code>
<Directorate>
<LongName>Directorate For Engineering</LongName>
</Directorate>
<Division>
<LongName>Div Of Industrial Innovation &amp; Partnersh</LongName>
</Division>
</Organization>
<ProgramOfficer>
<SignBlockName>Jesus Soriano Molla</SignBlockName>
</ProgramOfficer>
<AbstractNarration>This PFI: AIR Technology Translation project focuses on translating a motionless magnetic shape memory (MSM) micropump to fill the need for draining bodily fluids and delivering dosages with small, lightweight, and highly reliable micro fluidic pumps. The motionless MSM micropump is important because it enables dosage of micro fluids at higher precision and greater reliability which will advance research in many areas of biology, chemistry, and medicine.  For instance the motionless MSM micropump will drain fluids from organs such as brain and lung continuously without or with minimally invasive surgery as opposed to removal of such fluids through repeated surgical interventions which is the current state of the art. The project will result in a scalable prototype of a motionless MSM micropump. This motionless MSM micropump has the following unique features: it is lightweight, actuated contact-free, and can transport a large range of volumes from picoliter to milliliter. These features provide advantages such as reliability, precision, versatility, contact-free actuation, low power consumption when compared to the leading competing peristaltic pumps and syringe pumps in this market space.  &lt;br/&gt;&lt;br/&gt;This project addresses the following technology gaps as it translates from research discovery toward commercial application. The MSM pumping concept was demonstrated in 2012 at a pump actuated by a rotating permanent magnet. The micropump makes use of a magnetic shape memory alloy that shape-shifts in response to a dynamic magnetic field. Researchers will replace the rotating magnet with a set of electrical coils and a yoke turning the pump into a solid state device without moving parts. This will simplify the design, enable further miniaturization, and reduce weight. In addition, personnel involved in this project, including a post-doctoral engineering researcher and a MBA student, will receive experiences in innovation, product development and technology translation through combining a multifunctional, magneto-mechanical, smart material with electromagnetic field manipulation and through using a customer development process - namely the Lean Launchpad process - to build a sustainable business model around the motionless MSM micropump.&lt;br/&gt;&lt;br/&gt;The project engages the animal hospital WestVet to establish clinical needs for a micropump in context with bodily fluid drainage in this technology translation effort from research discovery toward commercial reality. The project also engages Idaho TechHelp to connect the researchers with manufacturers in Idaho and the region.</AbstractNarration>
<MinAmdLetterDate>06/30/2015</MinAmdLetterDate>
<MaxAmdLetterDate>06/17/2016</MaxAmdLetterDate>
<ARRAAmount/>
<AwardID>1500240</AwardID>
<Investigator>
<FirstName>Kent</FirstName>
<LastName>Neupert</LastName>
<EmailAddress>kneupert@boisestate.edu</EmailAddress>
<StartDate>06/30/2015</StartDate>
<EndDate/>
<RoleCode>Co-Principal Investigator</RoleCode>
</Investigator>
<Investigator>
<FirstName>Peter</FirstName>
<LastName>Mullner</LastName>
<EmailAddress>petermullner@boisestate.edu</EmailAddress>
<StartDate>06/30/2015</StartDate>
<EndDate/>
<RoleCode>Principal Investigator</RoleCode>
</Investigator>
<Institution>
<Name>Boise State University</Name>
<CityName>Boise</CityName>
<ZipCode>837250001</ZipCode>
<PhoneNumber>2084261574</PhoneNumber>
<StreetAddress>1910 University Drive</StreetAddress>
<CountryName>United States</CountryName>
<StateName>Idaho</StateName>
<StateCode>ID</StateCode>
</Institution>
<ProgramElement>
<Code>8019</Code>
<Text>Accelerating Innovation Rsrch</Text>
</ProgramElement>
<ProgramReference>
<Code>116E</Code>
<Text>RESEARCH EXP FOR UNDERGRADS</Text>
</ProgramReference>
<ProgramReference>
<Code>8019</Code>
<Text>Accelerating Innovation Rsrch</Text>
</ProgramReference>
<ProgramReference>
<Code>9102</Code>
<Text>WOMEN, MINORITY, DISABLED, NEC</Text>
</ProgramReference>
<ProgramReference>
<Code>9150</Code>
<Text>EXP PROG TO STIM COMP RES</Text>
</ProgramReference>
<ProgramReference>
<Code>9251</Code>
<Text>RES EXPER FOR UNDERGRAD-SUPPLT</Text>
</ProgramReference>
</Award>
</rootTag>
