<?xml version="1.0" encoding="UTF-8"?>
<rootTag>
<Award>
<AwardTitle>The 29th Automorphic Forms Workshop</AwardTitle>
<AwardEffectiveDate>02/15/2015</AwardEffectiveDate>
<AwardExpirationDate>01/31/2017</AwardExpirationDate>
<AwardAmount>19220</AwardAmount>
<AwardInstrument>
<Value>Standard Grant</Value>
</AwardInstrument>
<Organization>
<Code>03040000</Code>
<Directorate>
<LongName>Direct For Mathematical &amp; Physical Scien</LongName>
</Directorate>
<Division>
<LongName>Division Of Mathematical Sciences</LongName>
</Division>
</Organization>
<ProgramOfficer>
<SignBlockName>Matthew  Douglass</SignBlockName>
</ProgramOfficer>
<AbstractNarration>The 29th Annual Automorphic Forms Workshop (AFW) will be held March 2-5, 2015 at the University of Michigan in Ann Arbor, Michigan. Over the past three decades, the AFW has built a reputation as an internationally-recognized, well-respected conference attended by leading experts and junior researchers alike. The workshop is known for its inclusive, supportive atmosphere. Historically, about half of the presentations are given by mathematicians at early stages of their careers. Additionally, the workshop has a long history of involving women and members of other underrepresented groups in the automorphic forms community and facilitating the establishment of research connections.  The workshop has led to many collaborations and research papers. Moreover, the workshop traditionally includes panel discussions on topics designed to further the mathematical careers of junior participants. This award supports participation in the workshop of twenty early-career U.S.-based mathematicians, including students.  Additional information can be found at the workshop's website: automorphicformsworkshop.org.&lt;br/&gt;&lt;br/&gt;Automorphic forms, in all of their various guises, are of central importance in modern number theory and illuminate deep connections between number theory and other mathematical disciplines including coding theory, mathematical physics, representation theory and topology. Some of the most remarkable mathematical breakthroughs of the 20th century, for instance Wiles' proof of Fermat's Last Theorem, made extensive use of automorphic forms. Moreover, several celebrated conjectures, such as those of Langlands and Bloch-Kato, are automorphic in nature. Many important classes of automorphic forms have only recently been discovered, for instance the harmonic Maass forms and mock modular forms that underlie Ramanujan's mock theta functions. The 29th AFW will feature talks on all aspects of automorphic forms with a special emphasis on mock modular forms and their applications.  The workshop will highlight recent developments in the field and catalyze future research progress.</AbstractNarration>
<MinAmdLetterDate>01/30/2015</MinAmdLetterDate>
<MaxAmdLetterDate>01/30/2015</MaxAmdLetterDate>
<ARRAAmount/>
<AwardID>1500710</AwardID>
<Investigator>
<FirstName>Mahesh</FirstName>
<LastName>Agarwal</LastName>
<EmailAddress>mkagarwa@umd.umich.edu</EmailAddress>
<StartDate>01/30/2015</StartDate>
<EndDate/>
<RoleCode>Co-Principal Investigator</RoleCode>
</Investigator>
<Investigator>
<FirstName>Benjamin</FirstName>
<LastName>Linowitz</LastName>
<EmailAddress>benjamin.linowitz@oberlin.edu</EmailAddress>
<StartDate>01/30/2015</StartDate>
<EndDate/>
<RoleCode>Principal Investigator</RoleCode>
</Investigator>
<Investigator>
<FirstName>Lola</FirstName>
<LastName>Thompson</LastName>
<EmailAddress>Lola.Thompson@Oberlin.edu</EmailAddress>
<StartDate>01/30/2015</StartDate>
<EndDate/>
<RoleCode>Co-Principal Investigator</RoleCode>
</Investigator>
<Institution>
<Name>University of Michigan Ann Arbor</Name>
<CityName>Ann Arbor</CityName>
<ZipCode>481091274</ZipCode>
<PhoneNumber>7347636438</PhoneNumber>
<StreetAddress>3003 South State St. Room 1062</StreetAddress>
<CountryName>United States</CountryName>
<StateName>Michigan</StateName>
<StateCode>MI</StateCode>
</Institution>
<ProgramElement>
<Code>1264</Code>
<Text>ALGEBRA,NUMBER THEORY,AND COM</Text>
</ProgramElement>
<ProgramReference>
<Code>7556</Code>
<Text>CONFERENCE AND WORKSHOPS</Text>
</ProgramReference>
</Award>
</rootTag>
