<?xml version="1.0" encoding="UTF-8"?>
<rootTag>
<Award>
<AwardTitle>Moduli Spaces of Holomorphic Curves: Properties and Applications</AwardTitle>
<AwardEffectiveDate>06/01/2015</AwardEffectiveDate>
<AwardExpirationDate>05/31/2019</AwardExpirationDate>
<AwardAmount>321000</AwardAmount>
<AwardInstrument>
<Value>Continuing grant</Value>
</AwardInstrument>
<Organization>
<Code>03040000</Code>
<Directorate>
<LongName>Direct For Mathematical &amp; Physical Scien</LongName>
</Directorate>
<Division>
<LongName>Division Of Mathematical Sciences</LongName>
</Division>
</Organization>
<ProgramOfficer>
<SignBlockName>Matthew  Douglass</SignBlockName>
</ProgramOfficer>
<AbstractNarration>String theory is a model that represents elementary particles by vibrating strings with the aim of unifying the four fundamental forces of nature. While string theory is one of the main paradigms in physics today, it has yet to make experimentally testable predictions. However, it has generated many mathematical predictions that have led to fundamental developments in algebraic geometry and symplectic topology, especially in relation to (pseudo-) holomorphic curves. This project aims to further test string theory mathematically, while deepening the mathematical understanding of such curves with an eye toward applications to more classical problems in geometry. Some of the projects in this work will be pursued by graduate students and other junior researchers in collaboration with the investigator.&lt;br/&gt;&lt;br/&gt;This project has four distinct directions at the juncture of algebraic geometry, symplectic topology, and string theory. It will explore connections between the rigidity of pseudo-holomorphic curves in symplectic topology and birational algebraic geometry. It will study the local structure of moduli spaces of stable morphisms of genus 2 and higher, with the aim of later applications in mirror symmetry and enumerative geometry. The PI will also apply his method for computing genus 1 Gromov-Witten invariants to more targets, with the aims of verifying predictions of string theory predictions in additional cases. The fourth direction aims to develop positive-genus real Gromov-Witten theory and its relations with open string theory and real enumerative geometry.&lt;br/&gt;&lt;br/&gt;This award is jointly funded by the Algebra and Number Theory and Geometric Analysis programs.</AbstractNarration>
<MinAmdLetterDate>05/01/2015</MinAmdLetterDate>
<MaxAmdLetterDate>06/11/2017</MaxAmdLetterDate>
<ARRAAmount/>
<AwardID>1500875</AwardID>
<Investigator>
<FirstName>Aleksey</FirstName>
<LastName>Zinger</LastName>
<EmailAddress>azinger@math.sunysb.edu</EmailAddress>
<StartDate>05/01/2015</StartDate>
<EndDate/>
<RoleCode>Principal Investigator</RoleCode>
</Investigator>
<Institution>
<Name>SUNY at Stony Brook</Name>
<CityName>Stony Brook</CityName>
<ZipCode>117940001</ZipCode>
<PhoneNumber>6316329949</PhoneNumber>
<StreetAddress>WEST 5510 FRK MEL LIB</StreetAddress>
<CountryName>United States</CountryName>
<StateName>New York</StateName>
<StateCode>NY</StateCode>
</Institution>
<ProgramElement>
<Code>1264</Code>
<Text>ALGEBRA,NUMBER THEORY,AND COM</Text>
</ProgramElement>
<ProgramElement>
<Code>1265</Code>
<Text>GEOMETRIC ANALYSIS</Text>
</ProgramElement>
</Award>
</rootTag>
