<?xml version="1.0" encoding="UTF-8"?>
<rootTag>
<Award>
<AwardTitle>Studies in Moduli Theory and Birational Geometry</AwardTitle>
<AwardEffectiveDate>07/01/2015</AwardEffectiveDate>
<AwardExpirationDate>06/30/2018</AwardExpirationDate>
<AwardAmount>347775</AwardAmount>
<AwardInstrument>
<Value>Continuing grant</Value>
</AwardInstrument>
<Organization>
<Code>03040000</Code>
<Directorate>
<LongName>Direct For Mathematical &amp; Physical Scien</LongName>
</Directorate>
<Division>
<LongName>Division Of Mathematical Sciences</LongName>
</Division>
</Organization>
<ProgramOfficer>
<SignBlockName>Andrew D. Pollington</SignBlockName>
</ProgramOfficer>
<AbstractNarration>The area of study of this project lies within algebraic geometry, the branch of mathematics devoted to geometric shapes called algebraic varieties, defined by polynomial equations. Algebraic geometry has significant applications in coding, industrial control, and computation. But the topics of this project are more closely related to applications in theoretical physics, where physicists consider algebraic varieties as a piece of the fine structure of our universe. This is especially true with the first topic, moduli theory. This theory studies a remarkable phenomenon in which the collection of all algebraic varieties of the same type is manifested as an algebraic variety, called a moduli space, in its own right. Thus in algebraic geometry, the metaphor of thinking about a community of "organisms" as itself being an "organism" is not just a metaphor but a rigorous and quite useful fact. The other topic studied in this project is birational geometry, which is devoted to a certain abstract relationship, called birational equivalence, among algebraic varieties, which lies at the foundation of algebraic geometry.&lt;br/&gt;&lt;br/&gt;The investigator will continue studying problems in moduli theory; the main foci of the project are Moduli spaces of stable logarithmic maps and Artin fans. Additional topics include the degeneration formula for KKO invariants, the birational geometry of torus quotients, and logarithmic Kodaira dimensions of fibered powers in relation to uniformity of stably integral points.</AbstractNarration>
<MinAmdLetterDate>05/05/2015</MinAmdLetterDate>
<MaxAmdLetterDate>06/11/2017</MaxAmdLetterDate>
<ARRAAmount/>
<AwardID>1500525</AwardID>
<Investigator>
<FirstName>Dan</FirstName>
<LastName>Abramovich</LastName>
<EmailAddress>abrmovic@math.brown.edu</EmailAddress>
<StartDate>05/05/2015</StartDate>
<EndDate/>
<RoleCode>Principal Investigator</RoleCode>
</Investigator>
<Institution>
<Name>Brown University</Name>
<CityName>Providence</CityName>
<ZipCode>029129002</ZipCode>
<PhoneNumber>4018632777</PhoneNumber>
<StreetAddress>BOX 1929</StreetAddress>
<CountryName>United States</CountryName>
<StateName>Rhode Island</StateName>
<StateCode>RI</StateCode>
</Institution>
<ProgramElement>
<Code>1264</Code>
<Text>ALGEBRA,NUMBER THEORY,AND COM</Text>
</ProgramElement>
<ProgramReference>
<Code>9150</Code>
<Text>EXP PROG TO STIM COMP RES</Text>
</ProgramReference>
</Award>
</rootTag>
