<?xml version="1.0" encoding="UTF-8"?>
<rootTag>
<Award>
<AwardTitle>UNS: New Approaches to Catalyst Screening and Development</AwardTitle>
<AwardEffectiveDate>09/01/2015</AwardEffectiveDate>
<AwardExpirationDate>08/31/2018</AwardExpirationDate>
<AwardAmount>593872</AwardAmount>
<AwardInstrument>
<Value>Standard Grant</Value>
</AwardInstrument>
<Organization>
<Code>03090000</Code>
<Directorate>
<LongName>Direct For Mathematical &amp; Physical Scien</LongName>
</Directorate>
<Division>
<LongName>Division Of Chemistry</LongName>
</Division>
</Organization>
<ProgramOfficer>
<SignBlockName>Kenneth Moloy</SignBlockName>
</ProgramOfficer>
<AbstractNarration>PI:  Stephen G DiMagno&lt;br/&gt;Proposal Number: 1500076&lt;br/&gt;&lt;br/&gt;Catalysts are materials that promote chemical reactions for production of industrial chemicals, fuels, plastics, and pharmaceuticals from a wide variety of raw materials.  A fundamental scientific challenge is to design the catalyst to be active for a specific type of reaction.  In Nature, biological catalysts called enzymes have very specific catalyst functions.  The overall goal of this project is to use enzymes to help guide the design of new catalyst materials.  The key novelty is that the enzyme screening process reports if the catalyst candidate is capable of performing stereochemistry, which is fundamental to making many valuable compounds and pharmaceuticals.  In this continuing effort, complex chemical reactions involving stereochemistry will be developed and studied.  One possible target is a more efficient approach to synthesis of commercial drugs like Pregabalin.  The educational activities of the project include training of graduate students and post-doctoral research associates at the interface of biology and chemistry, as well as high school student outreach through Chemistry Day.&lt;br/&gt;&lt;br/&gt;This proposed continuation of NSF-supported research focuses on the use enzymes to help identify catalysts of interest for synthetic organic chemistry through a process called In Situ Enzymatic Screening (ISES).  The reporting enzymes used in ISES are chiral sensors that provide information the relative rate, stereoselectivity, and substrate scope of catalyst candidates.  This renewal proposal will use ISES tools and previous discoveries from ISES screening outcomes to advance three Aims.  The first Aim is to extend both the Rh- and Pd-mediated (pseudo) halometalation/carbocyclization transformations various ring sizes, explore competition between post-cyclization/cross-metathesis and ring-closing metathesis, examine other nucleophiles, and test mechanistic postulates, particularly regarding the stereochemical course of the carbocyclization step.  The second Aim is develop the scope of the ISES method, with specific focus on developing viable enzyme couples for both the diethyl phosphate leaving group and for the acetate leaving group through a three enzyme couple.  Towards this end, candidate dialkyl phosphatase reporting enzymes will be expressed from E. aerogenes, and this enzyme will be used, in tandem with an alcohol dehydrogenase, to screen for metal-ligand mediated allylic substitution directly that involves displacement of the diethyl phosphate.  The third Aim seeks to identify viable catalytic combinations for the desymmetrization of 3-substituted oxetanes and N-protected azetidines via nucleophilic-opening.  If successful, this chemistry would provide a fundamentally new entry into the asymmetric synthesis of beta(2)-amino acids (AAs) and of gamma(3)-AAs.</AbstractNarration>
<MinAmdLetterDate>09/11/2015</MinAmdLetterDate>
<MaxAmdLetterDate>06/29/2017</MaxAmdLetterDate>
<ARRAAmount/>
<AwardID>1500076</AwardID>
<Investigator>
<FirstName>David</FirstName>
<LastName>Berkowitz</LastName>
<EmailAddress>dberkowitz1@unl.edu</EmailAddress>
<StartDate>11/23/2015</StartDate>
<EndDate/>
<RoleCode>Principal Investigator</RoleCode>
</Investigator>
<Investigator>
<FirstName>Stephen</FirstName>
<LastName>DiMagno</LastName>
<EmailAddress>sdimagno1@unl.edu</EmailAddress>
<StartDate>09/11/2015</StartDate>
<EndDate>11/23/2015</EndDate>
<RoleCode>Former Principal Investigator</RoleCode>
</Investigator>
<Institution>
<Name>University of Nebraska-Lincoln</Name>
<CityName>Lincoln</CityName>
<ZipCode>685031435</ZipCode>
<PhoneNumber>4024723171</PhoneNumber>
<StreetAddress>151 Prem S. Paul Research Center</StreetAddress>
<CountryName>United States</CountryName>
<StateName>Nebraska</StateName>
<StateCode>NE</StateCode>
</Institution>
<ProgramElement>
<Code>6884</Code>
<Text>Chemical Catalysis</Text>
</ProgramElement>
<ProgramReference>
<Code>002E</Code>
<Text>Bio-energy</Text>
</ProgramReference>
<ProgramReference>
<Code>8396</Code>
<Text>Clean Energy Technology</Text>
</ProgramReference>
<ProgramReference>
<Code>8398</Code>
<Text>Hydrocarbon Conversion</Text>
</ProgramReference>
<ProgramReference>
<Code>9150</Code>
<Text>EXP PROG TO STIM COMP RES</Text>
</ProgramReference>
</Award>
</rootTag>
