<?xml version="1.0" encoding="UTF-8"?>
<rootTag>
<Award>
<AwardTitle>Moduli Spaces in Algebraic Geometry</AwardTitle>
<AwardEffectiveDate>07/01/2015</AwardEffectiveDate>
<AwardExpirationDate>06/30/2018</AwardExpirationDate>
<AwardAmount>252001</AwardAmount>
<AwardInstrument>
<Value>Standard Grant</Value>
</AwardInstrument>
<Organization>
<Code>03040000</Code>
<Directorate>
<LongName>Direct For Mathematical &amp; Physical Scien</LongName>
</Directorate>
<Division>
<LongName>Division Of Mathematical Sciences</LongName>
</Division>
</Organization>
<ProgramOfficer>
<SignBlockName>Andrew D. Pollington</SignBlockName>
</ProgramOfficer>
<AbstractNarration>Algebraic geometry provides a powerful theory with which to define moduli spaces (spaces of solutions of geometric problems) for interesting mathematical objects. Once they are defined, there are natural compelling questions about their geometry and topology. What do they look like?  Are they irreducible, connected, of what dimension? Are they smooth? if not, what singularities arise? What structure is exhibited by their cohomology rings, and why should it be geometrically expected?  What are their equations?  The investigator intends to address many of these fundamental problems in a number of cases. The investigator has a track record of sustained and serious effort both in outreach to students at all levels (high school, undergraduate, and graduate), and in building institutions in which algebraic geometry can grow. The investigator will continue to attract graduate students into algebraic geometry and continue to nurture the careers of graduate students, post-docs, and young researchers.  The investigator will also continue to work with large numbers of students at the secondary and undergraduate levels, attracting students into the mathematical sciences.&lt;br/&gt;&lt;br/&gt;The investigator works in algebraic geometry, although his interests connect to other areas of mathematics, including topology, combinatorics, physics (string theory), number theory, and symplectic and differential geometry. This proposal, continuing various strands of the investigator's work, deals with moduli spaces and related notions in a variety of settings. In particular, the proposal deals with a number of fundamental questions regarding the foundations of "tropical" geometry, the stabilization of moduli spaces in the Grothendieck ring, the study of K3 surfaces through elliptic fibrations, and the topology of various moduli spaces of curves.</AbstractNarration>
<MinAmdLetterDate>05/15/2015</MinAmdLetterDate>
<MaxAmdLetterDate>05/15/2015</MaxAmdLetterDate>
<ARRAAmount/>
<AwardID>1500334</AwardID>
<Investigator>
<FirstName>Ravi</FirstName>
<LastName>Vakil</LastName>
<EmailAddress>vakil@math.stanford.edu</EmailAddress>
<StartDate>05/15/2015</StartDate>
<EndDate/>
<RoleCode>Principal Investigator</RoleCode>
</Investigator>
<Institution>
<Name>Stanford University</Name>
<CityName>Palo Alto</CityName>
<ZipCode>943041212</ZipCode>
<PhoneNumber>6507232300</PhoneNumber>
<StreetAddress>3160 Porter Drive</StreetAddress>
<CountryName>United States</CountryName>
<StateName>California</StateName>
<StateCode>CA</StateCode>
</Institution>
<ProgramElement>
<Code>1264</Code>
<Text>ALGEBRA,NUMBER THEORY,AND COM</Text>
</ProgramElement>
</Award>
</rootTag>
