<?xml version="1.0" encoding="UTF-8"?>
<rootTag>
<Award>
<AwardTitle>Selmer Groups, Euler Systems, and Rational Points on Curves</AwardTitle>
<AwardEffectiveDate>07/01/2015</AwardEffectiveDate>
<AwardExpirationDate>06/30/2018</AwardExpirationDate>
<AwardAmount>169999</AwardAmount>
<AwardInstrument>
<Value>Standard Grant</Value>
</AwardInstrument>
<Organization>
<Code>03040000</Code>
<Directorate>
<LongName>Direct For Mathematical &amp; Physical Scien</LongName>
</Directorate>
<Division>
<LongName>Division Of Mathematical Sciences</LongName>
</Division>
</Organization>
<ProgramOfficer>
<SignBlockName>Andrew D. Pollington</SignBlockName>
</ProgramOfficer>
<AbstractNarration>This project concerns work in the general area of number theory, which is studied in this proposal using methods from geometry. Algebraic varieties -- geometric objects defined by equations -- play a central role in many parts of mathematics, including its most applied areas. For example, special algebraic varieties called elliptic curves are used in algorithms to encrypt data for transmission and for efficient digital signatures. In its most basic form, an elliptic curve is a curve defined by a certain type of polynomial equation in two variables. Historically number theorists have been interested in finding solutions of these equations in which the variables take values that are either whole numbers or fractions. The investigator will study some new questions about points on algebraic varieties, and the connections between these points and other mathematical objects and concepts.&lt;br/&gt;&lt;br/&gt;Some of the most basic and important questions in number theory are about rational points on varieties. These questions include connections with L-functions, such as the Birch and Swinnerton-Dyer conjecture. In this project the investigator plans to use many different techniques, including algebraic, p-adic, and analytic tools, to study various aspects of these questions. One set of questions to be studied includes refined class number formulas over number fields and higher rank Kolyvagin systems. In previous work of the investigator, Kolyvagin systems have proved to be a very useful tool for relating L-values and arithmetic.  In another direction, the investigator plans to use Selmer groups of twists of abelian varieties to study how the set of rational points on a curve changes when the base field is increased.</AbstractNarration>
<MinAmdLetterDate>06/24/2015</MinAmdLetterDate>
<MaxAmdLetterDate>06/24/2015</MaxAmdLetterDate>
<ARRAAmount/>
<AwardID>1500316</AwardID>
<Investigator>
<FirstName>Karl</FirstName>
<LastName>Rubin</LastName>
<EmailAddress>krubin@math.uci.edu</EmailAddress>
<StartDate>06/24/2015</StartDate>
<EndDate/>
<RoleCode>Principal Investigator</RoleCode>
</Investigator>
<Institution>
<Name>University of California-Irvine</Name>
<CityName>Irvine</CityName>
<ZipCode>926173213</ZipCode>
<PhoneNumber>9498247295</PhoneNumber>
<StreetAddress>141 Innovation Drive, Ste 250</StreetAddress>
<CountryName>United States</CountryName>
<StateName>California</StateName>
<StateCode>CA</StateCode>
</Institution>
<ProgramElement>
<Code>1264</Code>
<Text>ALGEBRA,NUMBER THEORY,AND COM</Text>
</ProgramElement>
</Award>
</rootTag>
