<?xml version="1.0" encoding="UTF-8"?>
<rootTag>
<Award>
<AwardTitle>PFI:AIR - TT:  A Hybrid Metal/Glass Composite System for Multihazard Resilient Bridge Columns</AwardTitle>
<AwardEffectiveDate>09/01/2015</AwardEffectiveDate>
<AwardExpirationDate>08/31/2019</AwardExpirationDate>
<AwardAmount>245809</AwardAmount>
<AwardInstrument>
<Value>Standard Grant</Value>
</AwardInstrument>
<Organization>
<Code>07070000</Code>
<Directorate>
<LongName>Directorate For Engineering</LongName>
</Directorate>
<Division>
<LongName>Div Of Industrial Innovation &amp; Partnersh</LongName>
</Division>
</Organization>
<ProgramOfficer>
<SignBlockName>Jesus Soriano Molla</SignBlockName>
</ProgramOfficer>
<AbstractNarration>This PFI: AIR Technology Translation project focuses on translating a novel bridge column system to fill the need for cost-effective and sustainable bridges that are resilient to natural and man-made hazards such as earthquakes, terrorist attacks, vessel collisions/fires, and corrosive environments.  The hybrid metal-glass composite column system is important because our nation is in critical need for durable and safe transportation infrastructure.  Conventional structural materials, such as reinforced concrete and steel, are vulnerable to various hazards and environmental conditions.  Traditional bridge construction methods are expensive, time consuming, and cause major traffic interruptions.  This product enables accelerated construction of new bridges, increased work zone safety, and reduction of travel delays, which optimizes the stewardship of public funds to grow the nation?s infrastructure.  The project will result in the proof-of-concept of a novel hybrid composite column system.  This hybrid composite system integrates the unique energy dissipation of steel material, the excellent strength-to-weight ratio of glass fibers, and the exceptional durability of polymeric resins.  These features provide the following advantages:  superior structural performance, durability, cost-efficiency, and ease of construction when compared to the leading competing systems like conventional concrete-filled FRP tube (CFFT) systems in this market space.  &lt;br/&gt;&lt;br/&gt;This project addresses the following technology gaps as it translates from research discovery toward commercial application: 1) understanding morphology of hybrid steel-glass composites, 2) validating superior structural performance of the column system, 3) developing reliable structural design methodology, and 4) identifying and addressing potential scalability and manufacturing difficulties.  A series of structural experiments will be performed on tubes with diverse composite architecture under various loading conditions.  This will be complemented by high fidelity finite element simulations to optimize the design of the prototype.  After finalizing the design, structural testing of a large-scale bridge column will be performed.  In addition, personnel involved in this project including multiple graduate and undergraduate students, some from underrepresented groups, will receive entrepreneurship and technology translation experiences through collaboration with industry partners and communication with Departments of Transportation and bridge construction companies. &lt;br/&gt;&lt;br/&gt;The project engages NOV Fiber Glass Systems to provide expertise in manufacturing of filament wound composite tubes and access to their testing facility in this technology translation effort from research discovery toward commercial reality.</AbstractNarration>
<MinAmdLetterDate>09/02/2015</MinAmdLetterDate>
<MaxAmdLetterDate>07/28/2017</MaxAmdLetterDate>
<ARRAAmount/>
<AwardID>1500293</AwardID>
<Investigator>
<FirstName>Arash</FirstName>
<LastName>Esmaili Zaghi</LastName>
<EmailAddress>zaghi@engr.uconn.edu</EmailAddress>
<StartDate>09/02/2015</StartDate>
<EndDate/>
<RoleCode>Principal Investigator</RoleCode>
</Investigator>
<Investigator>
<FirstName>Hadi</FirstName>
<LastName>Bozorgmanesh</LastName>
<EmailAddress>hadi@engr.uconn.edu</EmailAddress>
<StartDate>09/02/2015</StartDate>
<EndDate/>
<RoleCode>Co-Principal Investigator</RoleCode>
</Investigator>
<Investigator>
<FirstName>Mehdi</FirstName>
<LastName>Saiidi</LastName>
<EmailAddress>saiidi@unr.edu</EmailAddress>
<StartDate>09/02/2015</StartDate>
<EndDate/>
<RoleCode>Co-Principal Investigator</RoleCode>
</Investigator>
<Investigator>
<FirstName>Kelly</FirstName>
<LastName>Burke</LastName>
<EmailAddress>kelly.burke@uconn.edu</EmailAddress>
<StartDate>09/02/2015</StartDate>
<EndDate/>
<RoleCode>Co-Principal Investigator</RoleCode>
</Investigator>
<Institution>
<Name>University of Connecticut</Name>
<CityName>Storrs</CityName>
<ZipCode>062691133</ZipCode>
<PhoneNumber>8604863622</PhoneNumber>
<StreetAddress>438 Whitney Road Ext.</StreetAddress>
<CountryName>United States</CountryName>
<StateName>Connecticut</StateName>
<StateCode>CT</StateCode>
</Institution>
<ProgramElement>
<Code>7396</Code>
<Text>NEES RESEARCH</Text>
</ProgramElement>
<ProgramElement>
<Code>8019</Code>
<Text>Accelerating Innovation Rsrch</Text>
</ProgramElement>
<ProgramReference>
<Code>036E</Code>
<Text>CIVIL INFRASTRUCTURE</Text>
</ProgramReference>
<ProgramReference>
<Code>039E</Code>
<Text>STRUCTURAL SYSTEMS</Text>
</ProgramReference>
<ProgramReference>
<Code>040E</Code>
<Text>Haz mitigation of structural sys</Text>
</ProgramReference>
<ProgramReference>
<Code>043E</Code>
<Text>EARTHQUAKE ENGINEERING</Text>
</ProgramReference>
<ProgramReference>
<Code>1057</Code>
<Text>CIS BASE RESEARCH</Text>
</ProgramReference>
<ProgramReference>
<Code>1576</Code>
<Text>NATIONL EARTHQK HZRD REDCT PRG</Text>
</ProgramReference>
<ProgramReference>
<Code>8019</Code>
<Text>Accelerating Innovation Rsrch</Text>
</ProgramReference>
<ProgramReference>
<Code>CVIS</Code>
<Text>CIVIL INFRASTRUCTURE</Text>
</ProgramReference>
</Award>
</rootTag>
