<?xml version="1.0" encoding="UTF-8"?>
<rootTag>
<Award>
<AwardTitle>Connecting New Systematic Biologists Across Borders: A Workshop in Model-Based Phylogenetics at Evolution 2015</AwardTitle>
<AwardEffectiveDate>03/01/2015</AwardEffectiveDate>
<AwardExpirationDate>12/31/2016</AwardExpirationDate>
<AwardAmount>47608</AwardAmount>
<AwardInstrument>
<Value>Standard Grant</Value>
</AwardInstrument>
<Organization>
<Code>08010206</Code>
<Directorate>
<LongName>Direct For Biological Sciences</LongName>
</Directorate>
<Division>
<LongName>Division Of Environmental Biology</LongName>
</Division>
</Organization>
<ProgramOfficer>
<SignBlockName>Simon Malcomber</SignBlockName>
</ProgramOfficer>
<AbstractNarration>This award to University of Colorado, Boulder is made to support travel for twenty US graduate students, and three invited speakers from US institutions to a day-long workshop on model-based phylogenetics and phylogeography on the day prior to the Evolution meetings in Guarujo, Brazil (June 26, 2015). Model-based phylogenetic methods are growing at a staggering pace and now provide researchers with an opportunity to address research questions that were not possible before. This proposal is worthy of funding because it will allow U.S. researchers to learn about these new model-based phylogenetic methods first hand from several of the leading researchers in the field. The workshop is structured to provide an introduction to the theory behind the models followed by hands-on experience with the various software packages using real world data.  The PIs and speakers have a strong track record of running successful workshops on similar topics demonstrating the feasibility of the proposed plan. &lt;br/&gt;&lt;br/&gt;The award will support travel to the meeting and accommodation for twenty US graduate students, including members of under-represented groups. All workshop tutorials will be made publically available through a dedicated website and all presentations will be uploaded to YouTube after the meeting.  100 foreign graduate students, predominantly from South and Central America, will also attend the workshop enhancing opportunities for international scientific collaboration.</AbstractNarration>
<MinAmdLetterDate>01/20/2015</MinAmdLetterDate>
<MaxAmdLetterDate>01/20/2015</MaxAmdLetterDate>
<ARRAAmount/>
<AwardID>1500774</AwardID>
<Investigator>
<FirstName>Bryan</FirstName>
<LastName>Carstens</LastName>
<EmailAddress>carstens.12@osu.edu</EmailAddress>
<StartDate>01/20/2015</StartDate>
<EndDate/>
<RoleCode>Co-Principal Investigator</RoleCode>
</Investigator>
<Investigator>
<FirstName>Stacey</FirstName>
<LastName>Smith</LastName>
<EmailAddress>stacey.d.smith@colorado.edu</EmailAddress>
<StartDate>01/20/2015</StartDate>
<EndDate/>
<RoleCode>Principal Investigator</RoleCode>
</Investigator>
<Institution>
<Name>University of Colorado at Boulder</Name>
<CityName>Boulder</CityName>
<ZipCode>803031058</ZipCode>
<PhoneNumber>3034926221</PhoneNumber>
<StreetAddress>3100 Marine Street, Room 481</StreetAddress>
<CountryName>United States</CountryName>
<StateName>Colorado</StateName>
<StateCode>CO</StateCode>
</Institution>
<ProgramElement>
<Code>1171</Code>
<Text>PHYLOGENETIC SYSTEMATICS</Text>
</ProgramElement>
<ProgramReference>
<Code>9169</Code>
<Text>BIODIVERSITY AND ECOSYSTEM DYNAMICS</Text>
</ProgramReference>
<ProgramReference>
<Code>EGCH</Code>
<Text>ENVIRONMENT AND GLOBAL CHANGE</Text>
</ProgramReference>
</Award>
</rootTag>
