<?xml version="1.0" encoding="UTF-8"?>
<rootTag>
<Award>
<AwardTitle>DISSERTATION RESEARCH: Reassessing the role of the Great American Biotic Interchange in the evolution of the raccoon family</AwardTitle>
<AwardEffectiveDate>06/01/2015</AwardEffectiveDate>
<AwardExpirationDate>12/31/2017</AwardExpirationDate>
<AwardAmount>16549</AwardAmount>
<AwardInstrument>
<Value>Standard Grant</Value>
</AwardInstrument>
<Organization>
<Code>08090500</Code>
<Directorate>
<LongName>Direct For Biological Sciences</LongName>
</Directorate>
<Division>
<LongName>Division Of Integrative Organismal Systems</LongName>
</Division>
</Organization>
<ProgramOfficer>
<SignBlockName>Jodie Jawor</SignBlockName>
</ProgramOfficer>
<AbstractNarration>The Great American Biotic Interchange (GABI) was a major biogeographic event that connected the terrestrial animal communities of North and South America via the closure of the Panamanian Isthmus. Geological evidence and the fossil record have suggested that the closure of the isthmus occurred 3 million years ago (mya), but more recent studies suggest a much older age for the formation of a landbridge between North and South America, around 15 mya. Among mammals of North American origin, the raccoon family (Procyonidae), which also includes coatis, kinkajous, olingos, and ringtails, has one of the longest histories in South America. The fossil record shows that an extinct member of this group was the first North American mammal to immigrate to South America, approximately 7-9 mya. While the prevailing hypothesis states that immigration of modern members of this group took place 3 mya, recent estimates based on DNA sequence data revealed that this family has had a much longer tenure in South America. This study will more thoroughly test competing hypotheses regarding the process and timing of evolution of this group, with the potential to revise our understanding of mammal evolution in the Neotropics, while contributing to advancement in the fields of genomics, systematics, taxonomy, and biogeography, as well as promoting the professional development of an early-career female STEM researcher. &lt;br/&gt;&lt;br/&gt;This project will use an integrative approach to test competing hypotheses based on genomic analyses of museum specimens, morphometrics, and biogeographic modeling. Ancient DNA techniques in combination with high-throughput sequencing methods will be used to sequence mitochondrial genomes as well as to sample the nuclear genome using a novel intron-capture microarray. Morphometric data will be analyzed separately and in conjunction with comparative genomic data to test hypotheses regarding procyonid evolution and revise the taxonomy of this group. A new biogeographic model for the evolution of the raccoon family that accommodates the most recent DNA and geological evidence will be tested against the traditional fossil-based hypothesis, and will integrate phylogenetic data to reassess the tempo and geographic pattern of diversification associated with the GABI. Results will be shared through scientific publications co-authored by the PI, Co-PI, and collaborators. Genomic and morphological data, protocols, scripts and parameters used in the analyses will be made publicly available through the electronic repositories of NCBI?s Genbank and Dryad.</AbstractNarration>
<MinAmdLetterDate>04/20/2015</MinAmdLetterDate>
<MaxAmdLetterDate>06/06/2017</MaxAmdLetterDate>
<ARRAAmount/>
<AwardID>1500535</AwardID>
<Investigator>
<FirstName>Larry</FirstName>
<LastName>Rockwood</LastName>
<EmailAddress>lrockwoo@gmu.edu</EmailAddress>
<StartDate>06/06/2017</StartDate>
<EndDate/>
<RoleCode>Principal Investigator</RoleCode>
</Investigator>
<Investigator>
<FirstName>Andrea</FirstName>
<LastName>Weeks</LastName>
<EmailAddress>aweeks3@gmu.edu</EmailAddress>
<StartDate>04/20/2015</StartDate>
<EndDate>06/06/2017</EndDate>
<RoleCode>Former Principal Investigator</RoleCode>
</Investigator>
<Investigator>
<FirstName>Mirian Tieko</FirstName>
<LastName>Nunes Tsuchiya</LastName>
<EmailAddress>mirian.tsuchiya@gmail.com</EmailAddress>
<StartDate>04/20/2015</StartDate>
<EndDate/>
<RoleCode>Co-Principal Investigator</RoleCode>
</Investigator>
<Institution>
<Name>George Mason University</Name>
<CityName>FAIRFAX</CityName>
<ZipCode>220304422</ZipCode>
<PhoneNumber>7039932295</PhoneNumber>
<StreetAddress>4400 UNIVERSITY DR</StreetAddress>
<CountryName>United States</CountryName>
<StateName>Virginia</StateName>
<StateCode>VA</StateCode>
</Institution>
<ProgramElement>
<Code>1171</Code>
<Text>PHYLOGENETIC SYSTEMATICS</Text>
</ProgramElement>
<ProgramReference>
<Code>9169</Code>
<Text>BIODIVERSITY AND ECOSYSTEM DYNAMICS</Text>
</ProgramReference>
<ProgramReference>
<Code>9179</Code>
<Text>GRADUATE INVOLVEMENT</Text>
</ProgramReference>
<ProgramReference>
<Code>EGCH</Code>
<Text>ENVIRONMENT AND GLOBAL CHANGE</Text>
</ProgramReference>
<ProgramReference>
<Code>SMET</Code>
<Text>SCIENCE, MATH, ENG &amp; TECH EDUCATION</Text>
</ProgramReference>
</Award>
</rootTag>
