<?xml version="1.0" encoding="UTF-8"?>
<rootTag>
<Award>
<AwardTitle>Geometric and Analytic Problems on Real Hypersurfaces</AwardTitle>
<AwardEffectiveDate>07/01/2015</AwardEffectiveDate>
<AwardExpirationDate>06/30/2019</AwardExpirationDate>
<AwardAmount>311208</AwardAmount>
<AwardInstrument>
<Value>Continuing grant</Value>
</AwardInstrument>
<Organization>
<Code>03040000</Code>
<Directorate>
<LongName>Direct For Mathematical &amp; Physical Scien</LongName>
</Directorate>
<Division>
<LongName>Division Of Mathematical Sciences</LongName>
</Division>
</Organization>
<ProgramOfficer>
<SignBlockName>Edward Taylor</SignBlockName>
</ProgramOfficer>
<AbstractNarration>Functions of complex variables play an essential role throughout much of mathematics and in many parts of physics and engineering.  This project will develop a number of interrelated topics in complex variables theory which may serve to open up new directions within that theory and to build bridges from that theory to other mathematical areas.  It is expected that the project will help to build human infrastructure by involving students and younger investigators.&lt;br/&gt;&lt;br/&gt;The specific problems to be addressed by the principal investigator include geometric and variational problems connected to Fefferman measure and Webster curvature; the study of partial differential equations serving as boundary compatibility conditions for various overdetermined boundary value problems arising in several complex variables; the study of competing partial complex structures on boundaries of certain complex euclidean domains arising from considerations of projective duality; the study of constants for  of Poincare-type  inequalities on Hardy spaces; and the study of boundary norms for solutions of holomorphic constant-coefficient partial differential equations.</AbstractNarration>
<MinAmdLetterDate>03/27/2015</MinAmdLetterDate>
<MaxAmdLetterDate>06/20/2017</MaxAmdLetterDate>
<ARRAAmount/>
<AwardID>1500142</AwardID>
<Investigator>
<FirstName>David</FirstName>
<LastName>Barrett</LastName>
<EmailAddress>barrett@umich.edu</EmailAddress>
<StartDate>03/27/2015</StartDate>
<EndDate/>
<RoleCode>Principal Investigator</RoleCode>
</Investigator>
<Institution>
<Name>University of Michigan Ann Arbor</Name>
<CityName>Ann Arbor</CityName>
<ZipCode>481091274</ZipCode>
<PhoneNumber>7347636438</PhoneNumber>
<StreetAddress>3003 South State St. Room 1062</StreetAddress>
<CountryName>United States</CountryName>
<StateName>Michigan</StateName>
<StateCode>MI</StateCode>
</Institution>
<ProgramElement>
<Code>1281</Code>
<Text>ANALYSIS PROGRAM</Text>
</ProgramElement>
<ProgramReference>
<Code>9251</Code>
<Text>RES EXPER FOR UNDERGRAD-SUPPLT</Text>
</ProgramReference>
</Award>
</rootTag>
