<?xml version="1.0" encoding="UTF-8"?>
<rootTag>
<Award>
<AwardTitle>Representations of Real Lie Groups, Symmetry Breaking, and Automorphic Forms</AwardTitle>
<AwardEffectiveDate>07/01/2015</AwardEffectiveDate>
<AwardExpirationDate>06/30/2019</AwardExpirationDate>
<AwardAmount>300288</AwardAmount>
<AwardInstrument>
<Value>Continuing grant</Value>
</AwardInstrument>
<Organization>
<Code>03040000</Code>
<Directorate>
<LongName>Direct For Mathematical &amp; Physical Scien</LongName>
</Directorate>
<Division>
<LongName>Division Of Mathematical Sciences</LongName>
</Division>
</Organization>
<ProgramOfficer>
<SignBlockName>Edward Taylor</SignBlockName>
</ProgramOfficer>
<AbstractNarration>The investigator will continue long-term research into the study of symmetries and some of their applications.  Symmetry is a mathematical concept with direct applications in other sciences such as chemistry, physics, biology, and engineering.  The study of algebra, of which this research is a part, is in many ways the study of symmetries.  This project aims to advance understanding of important algebraic structures, with potential applications to number theory and theoretical physics.&lt;br/&gt;&lt;br/&gt;This research project is concerned with symmetry breaking, that is, obtaining representations of a smaller Lie group from the representations of a large reductive semi-simple Lie group.  The representations of the large group are usually infinite dimensional, and the representations of smaller groups are related to quotients of the original representation of the large group.  Symmetry breaking of representations is far from well understood, and so the constructions and the understanding of examples are very important. This research has applications to number theory and possibly to theoretical physics.  Many of the techniques used in these constructions are analytic, and thus some new, interesting, and challenging problems in analysis arise and need to be solved.</AbstractNarration>
<MinAmdLetterDate>05/11/2015</MinAmdLetterDate>
<MaxAmdLetterDate>06/13/2017</MaxAmdLetterDate>
<ARRAAmount/>
<AwardID>1500644</AwardID>
<Investigator>
<FirstName>Birgit</FirstName>
<LastName>Speh</LastName>
<EmailAddress>speh@math.cornell.edu</EmailAddress>
<StartDate>05/11/2015</StartDate>
<EndDate/>
<RoleCode>Principal Investigator</RoleCode>
</Investigator>
<Institution>
<Name>Cornell University</Name>
<CityName>Ithaca</CityName>
<ZipCode>148502820</ZipCode>
<PhoneNumber>6072555014</PhoneNumber>
<StreetAddress>373 Pine Tree Road</StreetAddress>
<CountryName>United States</CountryName>
<StateName>New York</StateName>
<StateCode>NY</StateCode>
</Institution>
<ProgramElement>
<Code>1281</Code>
<Text>ANALYSIS PROGRAM</Text>
</ProgramElement>
</Award>
</rootTag>
