<?xml version="1.0" encoding="UTF-8"?>
<rootTag>
<Award>
<AwardTitle>Linguistic and ethnographic sound recordings from early twentieth-century California: Optical scanning, digitization, and access</AwardTitle>
<AwardEffectiveDate>06/01/2015</AwardEffectiveDate>
<AwardExpirationDate>05/31/2018</AwardExpirationDate>
<AwardAmount>200000</AwardAmount>
<AwardInstrument>
<Value>Standard Grant</Value>
</AwardInstrument>
<Organization>
<Code>04040000</Code>
<Directorate>
<LongName>Direct For Social, Behav &amp; Economic Scie</LongName>
</Directorate>
<Division>
<LongName>Division Of Behavioral and Cognitive Sci</LongName>
</Division>
</Organization>
<ProgramOfficer>
<SignBlockName>Colleen Fitzgerald</SignBlockName>
</ProgramOfficer>
<AbstractNarration>California has over 90 indigenous languages belonging to 21 different language families, and is linguistically more diverse than any area of its size in the western hemisphere. A hundred years ago, almost all California Native languages still had speakers; in most cases there were active speech communities using traditional narrative, oratory, ritual, teaching, and other speech practices in addition to rich song cultures. During the early decades of the twentieth century, beginning in 1901, Native people recorded songs and spoken texts on wax cylinders in collaboration with anthropologists and linguists at the University of California, Berkeley. The resulting collection of 2,713 cylinders contains over 100 hours of recordings in 78 languages, including about half of California's Native languages. For seven languages these are the only known sound recordings, and in many other cases they include unique speech practices and otherwise unknown stories and songs. Today, though fewer than half of California's indigenous languages have any first-language speakers (in almost all cases fewer than half a dozen), many Native communities have active language restoration programs and would welcome access to sound recordings made a century ago.&lt;br/&gt;&lt;br/&gt;This project will apply new technology developed at the Lawrence Berkeley National Laboratory to create audio transfers of all wax cylinders at UC Berkeley. This involves optical restoration using a precision optical probe that creates a high-resolution profile of the cylinder surface; this profile can be formed into a three-dimensional digital image. An algorithm on a computer then processes the image to calculate the stylus motion and numerically extract the audio signal. The resulting audio transfers are superior to those produced invasively (with a physical stylus), and can even be created from broken cylinders.  The entire cylinder collection will be scanned and digitally archived within a three-year window, in a collaboration involving the Hearst Museum of Anthropology (where the wax cylinder collection is housed), the University Library (where the scanning and digitization will be done), and the Department of Linguistics (which operates the California Language Archive, an online resource where the resulting audio files will be archived and accessible).</AbstractNarration>
<MinAmdLetterDate>05/20/2015</MinAmdLetterDate>
<MaxAmdLetterDate>05/20/2015</MaxAmdLetterDate>
<ARRAAmount/>
<AwardID>1500779</AwardID>
<Investigator>
<FirstName>Erik</FirstName>
<LastName>Mitchell</LastName>
<EmailAddress>emitchell@berkeley.edu</EmailAddress>
<StartDate>05/20/2015</StartDate>
<EndDate/>
<RoleCode>Co-Principal Investigator</RoleCode>
</Investigator>
<Investigator>
<FirstName>Andrew</FirstName>
<LastName>Garrett</LastName>
<EmailAddress>garrett@berkeley.edu</EmailAddress>
<StartDate>05/20/2015</StartDate>
<EndDate/>
<RoleCode>Principal Investigator</RoleCode>
</Investigator>
<Investigator>
<FirstName>Ira Stuart</FirstName>
<LastName>Jacknis</LastName>
<EmailAddress>jacknis@berkeley.edu</EmailAddress>
<StartDate>05/20/2015</StartDate>
<EndDate/>
<RoleCode>Co-Principal Investigator</RoleCode>
</Investigator>
<Institution>
<Name>University of California-Berkeley</Name>
<CityName>BERKELEY</CityName>
<ZipCode>947045940</ZipCode>
<PhoneNumber>5106428109</PhoneNumber>
<StreetAddress>Sponsored Projects Office</StreetAddress>
<CountryName>United States</CountryName>
<StateName>California</StateName>
<StateCode>CA</StateCode>
</Institution>
<ProgramElement>
<Code>7719</Code>
<Text>DEL</Text>
</ProgramElement>
<ProgramReference>
<Code>1311</Code>
<Text>LINGUISTICS</Text>
</ProgramReference>
<ProgramReference>
<Code>7719</Code>
<Text>DEL</Text>
</ProgramReference>
<ProgramReference>
<Code>SMET</Code>
<Text>SCIENCE, MATH, ENG &amp; TECH EDUCATION</Text>
</ProgramReference>
</Award>
</rootTag>
