<?xml version="1.0" encoding="UTF-8"?>
<rootTag>
<Award>
<AwardTitle>EAGER: NeTS: Pilot Studies on Proximity for Taming the Wireless Data Tsunami</AwardTitle>
<AwardEffectiveDate>01/15/2015</AwardEffectiveDate>
<AwardExpirationDate>12/31/2016</AwardExpirationDate>
<AwardAmount>49467</AwardAmount>
<AwardInstrument>
<Value>Standard Grant</Value>
</AwardInstrument>
<Organization>
<Code>05050000</Code>
<Directorate>
<LongName>Direct For Computer &amp; Info Scie &amp; Enginr</LongName>
</Directorate>
<Division>
<LongName>Division Of Computer and Network Systems</LongName>
</Division>
</Organization>
<ProgramOfficer>
<SignBlockName>Thyagarajan Nandagopal</SignBlockName>
</ProgramOfficer>
<AbstractNarration>The past few years have seen unprecedented growth in mobile data consumption. Powered in large part by the rapid adoption of smart phones and tablets, the growth in wireless data creates phenomenal challenges for the wireless industry, which has been unable to meet the demand for rich mobile content through cellular networks. This has led to the investigation of solutions by network operators that aim to utilize WiFi radios present in these mobile devices to deliver content without using the cellular radio links, also known as content-offloading.  Industry-led approaches aim to utilize WiFi infrastructure in the form of access points to offload this content, but these have various deployment issues. Research has lately focused on the potential of proximity-based peer content sharing, since proximity enables low-power, high speed data exchanges which in turn allows mobile devices to proactively share data with one another. No large-scale study using real-world situations has established the potential for such content-sharing to provide capacity gains, until now. This proposal aims to conduct solid, preliminary pilot studies evaluating several of the foundational claims in this area, specifically as to whether sufficient potential exists in the right time, right place, and with reasonably viable deployment scenarios. The proposed work will gather and evaluate pilot data in both highly amenable environments (WiFi across multiple tailgate offerings of hundreds of users) as well as more challenging environments (daily commuter trains to / from Chicago).&lt;br/&gt;&lt;br/&gt;The broader impact of the work will be to either demonstrate the potential viability for proximity-based solutions or to present compelling evidence that such proximity solutions are unlikely to yield significant benefits. Further broader impacts for the work include data sharing capabilities with respect to temporal characterizations of redundancy across mobile devices in several real-world scenarios.</AbstractNarration>
<MinAmdLetterDate>01/22/2015</MinAmdLetterDate>
<MaxAmdLetterDate>01/22/2015</MaxAmdLetterDate>
<ARRAAmount/>
<AwardID>1500004</AwardID>
<Investigator>
<FirstName>Aaron</FirstName>
<LastName>Striegel</LastName>
<EmailAddress>striegel@nd.edu</EmailAddress>
<StartDate>01/22/2015</StartDate>
<EndDate/>
<RoleCode>Principal Investigator</RoleCode>
</Investigator>
<Institution>
<Name>University of Notre Dame</Name>
<CityName>NOTRE DAME</CityName>
<ZipCode>465565708</ZipCode>
<PhoneNumber>5746317432</PhoneNumber>
<StreetAddress>940 Grace Hall</StreetAddress>
<CountryName>United States</CountryName>
<StateName>Indiana</StateName>
<StateCode>IN</StateCode>
</Institution>
<ProgramElement>
<Code>7363</Code>
<Text>Networking Technology and Syst</Text>
</ProgramElement>
<ProgramReference>
<Code>7916</Code>
<Text>EAGER</Text>
</ProgramReference>
</Award>
</rootTag>
