<?xml version="1.0" encoding="UTF-8"?>
<rootTag>
<Award>
<AwardTitle>Methods and Applications for Bilinear Operators</AwardTitle>
<AwardEffectiveDate>07/01/2015</AwardEffectiveDate>
<AwardExpirationDate>06/30/2019</AwardExpirationDate>
<AwardAmount>174860</AwardAmount>
<AwardInstrument>
<Value>Continuing grant</Value>
</AwardInstrument>
<Organization>
<Code>03040000</Code>
<Directorate>
<LongName>Direct For Mathematical &amp; Physical Scien</LongName>
</Directorate>
<Division>
<LongName>Division Of Mathematical Sciences</LongName>
</Division>
</Organization>
<ProgramOfficer>
<SignBlockName>Edward Taylor</SignBlockName>
</ProgramOfficer>
<AbstractNarration>The subject matter of this project belongs to the realm of bilinear Fourier analysis. After the pioneering work of Joseph Fourier in the first decades of the nineteenth century, one is now familiar with the process of decomposing a signal or function into its elementary frequency components (analysis) as well as with the reverse process of superposing individual frequency components to form a single signal (synthesis). Fourier analysis thus acts in a way similar to a prism, which allows one to see the individual color components of a beam of light. Along these lines, when two functions or signals coexist, their frequency components interact and this  phenomenon plays a key role in the study of certain partial differential equations that arise, for instance, in optics, quantum mechanics, and fluid dynamics. In the field of bilinear Fourier analysis, tools are developed to model the behavior and interaction of two signals by decomposing each one into their constituent frequencies, separating each decomposition into low and high frequencies, and studying the interplay between the low-low, high-low, and high-high frequencies from each decomposition. This project will also contribute to the integration of research and education at the postdoctoral, graduate, and undergraduate levels, to advancing discovery, to forming human resources, and to developing academic curricula.&lt;br/&gt;&lt;br/&gt;Motivated by the study of commutators, bilinear Leibniz-type rules, paraproducts, and related topics in analysis and partial differential equations, the research activities of this project aim at developing methods in bilinear Fourier analysis to advance the theory of bilinear pseudo-differential operators and their applications. In particular, problems to be addressed include the description of the mapping properties, in the scales of Lebesgue, Besov, and Triebel-Lizorkin spaces, of bilinear pseudodifferential operators with symbols in certain critical classes.</AbstractNarration>
<MinAmdLetterDate>06/23/2015</MinAmdLetterDate>
<MaxAmdLetterDate>06/09/2017</MaxAmdLetterDate>
<ARRAAmount/>
<AwardID>1500381</AwardID>
<Investigator>
<FirstName>Virginia</FirstName>
<LastName>Naibo</LastName>
<EmailAddress>vnaibo@math.ksu.edu</EmailAddress>
<StartDate>06/23/2015</StartDate>
<EndDate/>
<RoleCode>Principal Investigator</RoleCode>
</Investigator>
<Institution>
<Name>Kansas State University</Name>
<CityName>Manhattan</CityName>
<ZipCode>665061100</ZipCode>
<PhoneNumber>7855326804</PhoneNumber>
<StreetAddress>2 FAIRCHILD HALL</StreetAddress>
<CountryName>United States</CountryName>
<StateName>Kansas</StateName>
<StateCode>KS</StateCode>
</Institution>
<ProgramElement>
<Code>1281</Code>
<Text>ANALYSIS PROGRAM</Text>
</ProgramElement>
<ProgramReference>
<Code>9150</Code>
<Text>EXP PROG TO STIM COMP RES</Text>
</ProgramReference>
<ProgramReference>
<Code>9251</Code>
<Text>RES EXPER FOR UNDERGRAD-SUPPLT</Text>
</ProgramReference>
</Award>
</rootTag>
