<?xml version="1.0" encoding="UTF-8"?>
<rootTag>
<Award>
<AwardTitle>SaTC-EDU: EAGER: Cybersecurity education for public policy</AwardTitle>
<AwardEffectiveDate>08/15/2015</AwardEffectiveDate>
<AwardExpirationDate>07/31/2018</AwardExpirationDate>
<AwardAmount>300000</AwardAmount>
<AwardInstrument>
<Value>Standard Grant</Value>
</AwardInstrument>
<Organization>
<Code>11010001</Code>
<Directorate>
<LongName>Direct For Education and Human Resources</LongName>
</Directorate>
<Division>
<LongName>Division Of Graduate Education</LongName>
</Division>
</Organization>
<ProgramOfficer>
<SignBlockName>Victor P. Piotrowski</SignBlockName>
</ProgramOfficer>
<AbstractNarration>The project will develop a variety of video and text-based cybersecurity educational materials for anyone who is interested or involved in public policy, and who would benefit from a greater familiarity with the constraints under which cybersecurity policy making occurs. &lt;br/&gt;&lt;br/&gt;Cybersecurity education has usually focused on individuals who must take action to improve their own capabilities to resist cybersecurity threats. But cybersecurity is also a major public policy issue today - and policy makers need to know about cybersecurity to make informed decisions. However, policy makers who need to learn about cybersecurity generally lack the time to learn it deeply - "just-in-time" learning is a much better way to characterize their approach. Under these circumstances, their learning framework deviates from that of traditional students. &lt;br/&gt;&lt;br/&gt;This project develops cybersecurity education materials specifically targeted toward individuals who may not have subject matter expertise about cybersecurity, nor the time to be able to undertake in-depth, semester(s)-long coursework.</AbstractNarration>
<MinAmdLetterDate>08/07/2015</MinAmdLetterDate>
<MaxAmdLetterDate>08/07/2015</MaxAmdLetterDate>
<ARRAAmount/>
<AwardID>1500089</AwardID>
<Investigator>
<FirstName>John C.</FirstName>
<LastName>Mitchell</LastName>
<EmailAddress>mitchell@cs.stanford.edu</EmailAddress>
<StartDate>08/07/2015</StartDate>
<EndDate/>
<RoleCode>Principal Investigator</RoleCode>
</Investigator>
<Institution>
<Name>Stanford University</Name>
<CityName>Palo Alto</CityName>
<ZipCode>943041212</ZipCode>
<PhoneNumber>6507232300</PhoneNumber>
<StreetAddress>3160 Porter Drive</StreetAddress>
<CountryName>United States</CountryName>
<StateName>California</StateName>
<StateCode>CA</StateCode>
</Institution>
<ProgramElement>
<Code>8060</Code>
<Text>Secure &amp;Trustworthy Cyberspace</Text>
</ProgramElement>
<ProgramReference>
<Code>7434</Code>
<Text>CNCI</Text>
</ProgramReference>
<ProgramReference>
<Code>7916</Code>
<Text>EAGER</Text>
</ProgramReference>
<ProgramReference>
<Code>8225</Code>
<Text>SaTC Special Projects</Text>
</ProgramReference>
<ProgramReference>
<Code>9179</Code>
<Text>GRADUATE INVOLVEMENT</Text>
</ProgramReference>
<ProgramReference>
<Code>SMET</Code>
<Text>SCIENCE, MATH, ENG &amp; TECH EDUCATION</Text>
</ProgramReference>
</Award>
</rootTag>
