<?xml version="1.0" encoding="UTF-8"?>
<rootTag>
<Award>
<AwardTitle>Quantitative and Qualitative properties of solutions of partial differential equations</AwardTitle>
<AwardEffectiveDate>07/01/2015</AwardEffectiveDate>
<AwardExpirationDate>09/30/2016</AwardExpirationDate>
<AwardAmount>128916</AwardAmount>
<AwardInstrument>
<Value>Standard Grant</Value>
</AwardInstrument>
<Organization>
<Code>03040000</Code>
<Directorate>
<LongName>Direct For Mathematical &amp; Physical Scien</LongName>
</Directorate>
<Division>
<LongName>Division Of Mathematical Sciences</LongName>
</Division>
</Organization>
<ProgramOfficer>
<SignBlockName>Bruce P. Palka</SignBlockName>
</ProgramOfficer>
<AbstractNarration>The proposal is concerned with the analysis and applications of nonlinear partial differential equations. The model problems in this proposal arise from the study of various nonlinear phenomena and other scientific disciplines, including condensed matter physics, elasticity, inverse problem, electrodynamics, quantum mechanics, fluid mechanics, mathematics biology, differential geometry, etc. The focus of the proposal research is the investigation of the quantitative and qualitative properties of solutions for partial differential equations. Providing quantitative and qualitative information for the solutions is fundamental and essential in the study of partial differential equations, which lies in the core of mathematical analysis. It is often the case that the most effective and economical way in scientific research is to explore properties of solutions and then to develop algorithm in accordance. Besides being very useful in applied science, the investigation of various kinds of structures and properties of solutions for various types of equations absolutely leads to new theories in  mathematics.&lt;br/&gt;&lt;br/&gt;The proposed projects include quantitative uniqueness, eigenfunction and eigenvalue estimates, as well as Liouville-type theorems. Techniques and ideas from analysis area, such as elliptic estimates and Fourier analysis, will be combined and applied into this project. The proposed research should enhance the understanding of classical and Steklov eigenvalue problems, semilinear and higher order elliptic equations, wave equations, fractional Laplacians, fully nonlinear equations, etc.  Further research will be devoted to the study of quantitative uniqueness of parabolic differential equations and other important equations from mathematical physics.  Another related direction is the study of phase separations phenomenon in Bose-Einstein condensate. Emphasis will be placed on the two components Gross-Pitaevskki system.  An important part of proposed research is on eigenfunction and eigenvalue estimates. Techniques and insights in the various areas cross-fertilize  each other in a fruitful way in this area. The topics consist of measure of nodal sets (zero level sets),  asymptotic behavior of eigenvalues, Lebesgue norm estimates, as well as  doubling estimates of Steklov eigenfunctions and classical eigenfunctions.  Much effort will be made towards Yau's conjecture asserting that the size of nodal sets is comparable to its frequency. The principal investigator will also continue the previous investigation on Liouville-type theorems on nonexistence of solutions for fractional Laplacian equations and fully nonlinear partial differential equations.</AbstractNarration>
<MinAmdLetterDate>05/01/2015</MinAmdLetterDate>
<MaxAmdLetterDate>05/01/2015</MaxAmdLetterDate>
<ARRAAmount/>
<AwardID>1500468</AwardID>
<Investigator>
<FirstName>Jiuyi</FirstName>
<LastName>Zhu</LastName>
<EmailAddress>jzhu18@lsu.edu</EmailAddress>
<StartDate>05/01/2015</StartDate>
<EndDate/>
<RoleCode>Principal Investigator</RoleCode>
</Investigator>
<Institution>
<Name>Johns Hopkins University</Name>
<CityName>Baltimore</CityName>
<ZipCode>212182686</ZipCode>
<PhoneNumber>4439971898</PhoneNumber>
<StreetAddress>1101 E 33rd St</StreetAddress>
<CountryName>United States</CountryName>
<StateName>Maryland</StateName>
<StateCode>MD</StateCode>
</Institution>
<ProgramElement>
<Code>1281</Code>
<Text>ANALYSIS PROGRAM</Text>
</ProgramElement>
</Award>
</rootTag>
