<?xml version="1.0" encoding="UTF-8"?>
<rootTag>
<Award>
<AwardTitle>Documentation of Gutob, An Endangered Munda Language of India</AwardTitle>
<AwardEffectiveDate>09/01/2015</AwardEffectiveDate>
<AwardExpirationDate>08/31/2017</AwardExpirationDate>
<AwardAmount>197115</AwardAmount>
<AwardInstrument>
<Value>Continuing grant</Value>
</AwardInstrument>
<Organization>
<Code>04040000</Code>
<Directorate>
<LongName>Direct For Social, Behav &amp; Economic Scie</LongName>
</Directorate>
<Division>
<LongName>Division Of Behavioral and Cognitive Sci</LongName>
</Division>
</Organization>
<ProgramOfficer>
<SignBlockName>Colleen Fitzgerald</SignBlockName>
</ProgramOfficer>
<AbstractNarration>Gutob is a seriously endangered and poorly described language of Odisha State in eastern-central India. There are many unusual constructions found in Gutob, some traceable to archaic South Munda. Noun incorporation, for example, allows a range of semantic roles to be incorporated into the verb.  For example, 'I wash my hand' is expressed in Gutob as 'I wash-hand' where 'hand' is incorporated into the verb to create a new verb 'wash-hand'.  Moreover, the same noun may occur within the verb and also occur as an independent noun; for example, 'I my hand wash-hand'.&lt;br/&gt;&lt;br/&gt;Gregory Anderson of the Living Tongues Institute for Endangered Languages and K. David Harrison of Swarthmore College will work with Indian scholars over the course of this two-year grant to create a comprehensive scientific description (a reference grammar, corpus of analyzed oral language samples, and analytic dictionary) of Gutob.  They will analyze in depth noun incorporation and other typologically unique Gutob constructions. Since Gutob has through its history been in contact with genetically unrelated languages, Anderson and Harrison will also investigate the extent and nature of Gutob language change through contact. Through their interaction with and mentoring of local scholars, the researchers will build infrastructure for further language documentation in Odisha State.&lt;br/&gt;&lt;br/&gt;All Gutob audio and video data, along with transcriptions and translations, collected during the project will be freely accessible from the Pacific and Regional Archive for Digital Sources in Endangered Cultures. An online Gutob Talking Dictionary will be freely available at the talkingdictionary.org website.&lt;br/&gt;&lt;br/&gt;This project is supported by co-funds from the National Science Foundation's International Science and Engineering Office.</AbstractNarration>
<MinAmdLetterDate>09/03/2015</MinAmdLetterDate>
<MaxAmdLetterDate>08/24/2016</MaxAmdLetterDate>
<ARRAAmount/>
<AwardID>1500092</AwardID>
<Investigator>
<FirstName>Gregory</FirstName>
<LastName>Anderson</LastName>
<EmailAddress>gdsa@livingtongues.org</EmailAddress>
<StartDate>09/03/2015</StartDate>
<EndDate/>
<RoleCode>Principal Investigator</RoleCode>
</Investigator>
<Investigator>
<FirstName>K. David</FirstName>
<LastName>Harrison</LastName>
<EmailAddress>harrison@swarthmore.edu</EmailAddress>
<StartDate>09/03/2015</StartDate>
<EndDate/>
<RoleCode>Co-Principal Investigator</RoleCode>
</Investigator>
<Institution>
<Name>Living Tongues Institute for Endangered Languages</Name>
<CityName>Salem</CityName>
<ZipCode>973021902</ZipCode>
<PhoneNumber>5032693962</PhoneNumber>
<StreetAddress>4676 Commercial St. SE #454</StreetAddress>
<CountryName>United States</CountryName>
<StateName>Oregon</StateName>
<StateCode>OR</StateCode>
</Institution>
<ProgramElement>
<Code>7298</Code>
<Text>COLLABORATIVE RESEARCH</Text>
</ProgramElement>
<ProgramElement>
<Code>7719</Code>
<Text>DEL</Text>
</ProgramElement>
<ProgramReference>
<Code>1311</Code>
<Text>LINGUISTICS</Text>
</ProgramReference>
<ProgramReference>
<Code>5919</Code>
<Text>INDIA (COOPERATIVE SCIENCE)</Text>
</ProgramReference>
<ProgramReference>
<Code>7719</Code>
<Text>DEL</Text>
</ProgramReference>
</Award>
</rootTag>
