<?xml version="1.0" encoding="UTF-8"?>
<rootTag>
<Award>
<AwardTitle>Houston Summer School on Dynamical Systems</AwardTitle>
<AwardEffectiveDate>04/01/2015</AwardEffectiveDate>
<AwardExpirationDate>03/31/2017</AwardExpirationDate>
<AwardAmount>49600</AwardAmount>
<AwardInstrument>
<Value>Standard Grant</Value>
</AwardInstrument>
<Organization>
<Code>03040000</Code>
<Directorate>
<LongName>Direct For Mathematical &amp; Physical Scien</LongName>
</Directorate>
<Division>
<LongName>Division Of Mathematical Sciences</LongName>
</Division>
</Organization>
<ProgramOfficer>
<SignBlockName>bruce kitchens</SignBlockName>
</ProgramOfficer>
<AbstractNarration>This award supports participation in the 2015 Houston Summer School on Dynamical Systems, taking place May 20-28, 2015 at the University of Houston. This event introduces graduate students to recent progress and novel techniques in probabilistic dynamics and ergodic theory, as well as giving a bird's-eye view of fundamental areas of dynamics. The school also covers applications to other areas where these ideas are useful, such as mathematical neuroscience, statistical mechanics, and information theory. &lt;br/&gt;&lt;br/&gt;The core of the school consists of four lecture series covering topics in uniform hyperbolicity; partial hyperbolicity; parabolic dynamics and renormalization; and decay of correlations via spectral gap, coupling, and cones. These lectures will be given by internationally recognized researchers in dynamical systems: Boris Hasselblatt (Tufts University); Keith Burns (Northwestern University); Jayadev Athreya (UIUC); Vaughn Climenhaga (Houston); Matt Nicol (Houston); Will Ott (Houston); Andrew Torok (Houston). The school also includes further lectures on advanced topics and applications, informal review sessions, problem sessions, and project sessions, with particular emphasis on maximizing interactions between students and lecturers and allowing plenty of opportunity for discussion.&lt;br/&gt;&lt;br/&gt;Summer school web site:  www.math.uh.edu/~climenha/2015-school.html</AbstractNarration>
<MinAmdLetterDate>01/06/2015</MinAmdLetterDate>
<MaxAmdLetterDate>01/06/2015</MaxAmdLetterDate>
<ARRAAmount/>
<AwardID>1500151</AwardID>
<Investigator>
<FirstName>William</FirstName>
<LastName>Ott</LastName>
<EmailAddress>ott@math.uh.edu</EmailAddress>
<StartDate>01/06/2015</StartDate>
<EndDate/>
<RoleCode>Co-Principal Investigator</RoleCode>
</Investigator>
<Investigator>
<FirstName>Matthew</FirstName>
<LastName>Nicol</LastName>
<EmailAddress>nicol@math.uh.edu</EmailAddress>
<StartDate>01/06/2015</StartDate>
<EndDate/>
<RoleCode>Co-Principal Investigator</RoleCode>
</Investigator>
<Investigator>
<FirstName>Vaughn</FirstName>
<LastName>Climenhaga</LastName>
<EmailAddress>climenha@math.uh.edu</EmailAddress>
<StartDate>01/06/2015</StartDate>
<EndDate/>
<RoleCode>Principal Investigator</RoleCode>
</Investigator>
<Investigator>
<FirstName>Andrei</FirstName>
<LastName>Torok</LastName>
<EmailAddress>torok@math.uh.edu</EmailAddress>
<StartDate>01/06/2015</StartDate>
<EndDate/>
<RoleCode>Co-Principal Investigator</RoleCode>
</Investigator>
<Institution>
<Name>University of Houston</Name>
<CityName>Houston</CityName>
<ZipCode>772042015</ZipCode>
<PhoneNumber>7137435773</PhoneNumber>
<StreetAddress>4800 Calhoun Boulevard</StreetAddress>
<CountryName>United States</CountryName>
<StateName>Texas</StateName>
<StateCode>TX</StateCode>
</Institution>
<ProgramElement>
<Code>1281</Code>
<Text>ANALYSIS PROGRAM</Text>
</ProgramElement>
<ProgramReference>
<Code>7556</Code>
<Text>CONFERENCE AND WORKSHOPS</Text>
</ProgramReference>
</Award>
</rootTag>
