<?xml version="1.0" encoding="UTF-8"?>
<rootTag>
<Award>
<AwardTitle>Defense Information Systems Agency (DISA)</AwardTitle>
<AwardEffectiveDate>10/15/2014</AwardEffectiveDate>
<AwardExpirationDate>09/30/2018</AwardExpirationDate>
<AwardAmount>7985509</AwardAmount>
<AwardInstrument>
<Value>Contract Interagency Agreement</Value>
</AwardInstrument>
<Organization>
<Code>06090200</Code>
<Directorate>
<LongName>Directorate For Geosciences</LongName>
</Directorate>
<Division>
<LongName>Office of Polar Programs (OPP)</LongName>
</Division>
</Organization>
<ProgramOfficer>
<SignBlockName>Patrick D. Smith</SignBlockName>
</ProgramOfficer>
<AbstractNarration/>
<MinAmdLetterDate>01/26/2015</MinAmdLetterDate>
<MaxAmdLetterDate>06/26/2018</MaxAmdLetterDate>
<ARRAAmount/>
<AwardID>1500667</AwardID>
<Investigator>
<FirstName>Lawrence</FirstName>
<LastName>Machabee</LastName>
<EmailAddress>lawrence.a.machabee.civ@mail.mil</EmailAddress>
<StartDate>01/26/2015</StartDate>
<EndDate/>
<RoleCode>Principal Investigator</RoleCode>
</Investigator>
<Institution>
<Name>Defense Information Systems Agency</Name>
<CityName>Arlington</CityName>
<ZipCode>222042199</ZipCode>
<PhoneNumber/>
<StreetAddress>Attn CPAD N916</StreetAddress>
<CountryName>United States</CountryName>
<StateName>Virginia</StateName>
<StateCode>VA</StateCode>
</Institution>
<ProgramElement>
<Code>037F</Code>
<Text>OCEAN OBSERVATORIES INITIATIVE</Text>
</ProgramElement>
<ProgramElement>
<Code>038F</Code>
<Text>OCEAN OBSERVATORIES INIT O&amp;M</Text>
</ProgramElement>
<ProgramElement>
<Code>1647</Code>
<Text>ANTARCTIC INSTRUM &amp; SUPPORT</Text>
</ProgramElement>
<ProgramElement>
<Code>1680</Code>
<Text>OCEAN TECH &amp; INTERDISC COORDIN</Text>
</ProgramElement>
<ProgramElement>
<Code>5111</Code>
<Text>ANTARCTIC ORGANISMS &amp; ECOSYST</Text>
</ProgramElement>
<ProgramElement>
<Code>5112</Code>
<Text>ANTARCTIC EARTH SCIENCES</Text>
</ProgramElement>
<ProgramElement>
<Code>5113</Code>
<Text>ANTARCTIC OCEAN &amp; ATMOSPH SCI</Text>
</ProgramElement>
<ProgramElement>
<Code>5115</Code>
<Text>Antarctic Astrophys&amp;Geosp Sci</Text>
</ProgramElement>
<ProgramElement>
<Code>5116</Code>
<Text>ANTARCTIC GLACIOLOGY</Text>
</ProgramElement>
<ProgramElement>
<Code>5140</Code>
<Text>OPERATIONS SUPPORT PROGRAM</Text>
</ProgramElement>
<ProgramElement>
<Code>5146</Code>
<Text>ANTARCTIC LOGISTICS SUPPORT</Text>
</ProgramElement>
<ProgramElement>
<Code>5205</Code>
<Text>ARCTIC RESRCH SUPPRT &amp; LOGISTI</Text>
</ProgramElement>
<ProgramElement>
<Code>5292</Code>
<Text>ANTARCTIC INTEGRATED SYS SCI</Text>
</ProgramElement>
<ProgramElement>
<Code>5740</Code>
<Text>CLIMATE &amp; LARGE-SCALE DYNAMICS</Text>
</ProgramElement>
<ProgramElement>
<Code>7112</Code>
<Text>SAGE</Text>
</ProgramElement>
<ProgramReference>
<Code>4444</Code>
<Text>INTERDISCIPLINARY PROPOSALS</Text>
</ProgramReference>
</Award>
</rootTag>
