<?xml version="1.0" encoding="UTF-8"?>
<rootTag>
<Award>
<AwardTitle>New Strategy for Encapsulating Integral Membrane Proteins</AwardTitle>
<AwardEffectiveDate>09/01/2015</AwardEffectiveDate>
<AwardExpirationDate>08/31/2018</AwardExpirationDate>
<AwardAmount>420000</AwardAmount>
<AwardInstrument>
<Value>Continuing grant</Value>
</AwardInstrument>
<Organization>
<Code>03070000</Code>
<Directorate>
<LongName>Direct For Mathematical &amp; Physical Scien</LongName>
</Directorate>
<Division>
<LongName>Division Of Materials Research</LongName>
</Division>
</Organization>
<ProgramOfficer>
<SignBlockName>Aleksandr Simonian</SignBlockName>
</ProgramOfficer>
<AbstractNarration>Non-Technical: The PIs goal is to provide a strategy so that the majority of integral membrane proteins (IMPs) could be routinely encapsulated in the nanometer-sized pores of gels for drug discovery, and biotechnology, and energy generation.  IMPs are nanometer-size biological workhorses that produce energy, serve as receptors, channels, transporters, and enzymes, when they are embedded in biological membrane hosts.  Similarly, nanoporous gels and glasses are mainstays of modern technology because of their unique photochemical, optical, and catalytic properties. PIs IMP-containing bio-functional gels will combine these unique functionalities: e.g. the gel (for solar energy capture) and the IMP for energy absorption from a broader spectrum of wavelengths. They will study nanolipoprotein particles (NLPs) as the biological membrane hosts of IMPs entrapped in inorganic and organic nanoporous gels.  NLPs are disc-shaped 10-25 nanometer-sized lipid bilayer patches stabilized by a belt of scaffold proteins.  The NLP approach represents a major breakthrough because NLPs fit precisely into the 5-50 nanometer-sized pores of the gels and NLPs serve as a robust host for any IMP so that all components remain functional.  On the training side, engineering undergraduates and graduate students working on this project will gain valuable experience that will prepare them for new careers that integrate materials science with biotechnology. Following previous success the PIs will organize a second international workshop "Biomembrane Frontiers: Nanostructures, Models, and the Design of Life: II". Further, they will publish a Tutorial Review on "Creating and Characterizing Biomembrane/Materials Interfaces". &lt;br/&gt;&lt;br/&gt;&lt;br/&gt;Technical:   Integral membrane proteins (IMPs) require a lipid membrane host and carry out a number of useful biological functions that could be harnessed by routine encapsulation in mesoporous sol-gel materials.  The PIs will study nanolipoprotein particles (NLPs) as the biological membrane hosts of IMPs entrapped in inorganic and organic mesoporous sol-gels.  NLPs are soluble discoidal 10-25 nm-sized particles comprised of a lipid bilayer patch stabilized by a belt of apolipoprotein scaffold proteins that can be formed through in vitro self-assembly.  NLPs fit precisely into the 5-50 nm-sized pores of the gels and NLPs serve as robust hosts for IMPs, therefore all components may retain their structures and functions.  Exploration of the parameters of nanoscale confinement and chemical environment in relation to dynamics, structure, and function of the NLP and IMP-NLP are important from a scientific standpoint as well as toward imagining and optimizing any future applications.  Characterization of these parameters will take place with integrated studies employing state-of-the-art dynamic TEM, electron paramagnetic resonance, NMR, circular dichroism, and fluorimetry. Materials Science and Chemical Engineering undergraduates and graduate students working on this project will receive valuable interdisciplinary training in new cell biological and bioengineering techniques, i.e. cell free expression, in the context of production of a functional biocomposite sol-gel materials.  The PIs will organize an international workshop, "Biomembrane Frontiers: Nanostructures, Models, and the Design of Life: II" and publish an Instructional Review on "Creating and Characterizing Biomembrane/Materials Interfaces". In the education arena, PIs will provide special topical freshman seminars on Biomaterials.</AbstractNarration>
<MinAmdLetterDate>08/18/2015</MinAmdLetterDate>
<MaxAmdLetterDate>09/20/2016</MaxAmdLetterDate>
<ARRAAmount/>
<AwardID>1500275</AwardID>
<Investigator>
<FirstName>Marjorie</FirstName>
<LastName>Longo</LastName>
<EmailAddress>mllongo@ucdavis.edu</EmailAddress>
<StartDate>08/18/2015</StartDate>
<EndDate/>
<RoleCode>Principal Investigator</RoleCode>
</Investigator>
<Investigator>
<FirstName>Subhash</FirstName>
<LastName>Risbud</LastName>
<EmailAddress>shrisbud@ucdavis.edu</EmailAddress>
<StartDate>08/18/2015</StartDate>
<EndDate/>
<RoleCode>Co-Principal Investigator</RoleCode>
</Investigator>
<Institution>
<Name>University of California-Davis</Name>
<CityName>Davis</CityName>
<ZipCode>956186134</ZipCode>
<PhoneNumber>5307547700</PhoneNumber>
<StreetAddress>OR/Sponsored Programs</StreetAddress>
<CountryName>United States</CountryName>
<StateName>California</StateName>
<StateCode>CA</StateCode>
</Institution>
<ProgramElement>
<Code>1253</Code>
<Text>OFFICE OF MULTIDISCIPLINARY AC</Text>
</ProgramElement>
<ProgramElement>
<Code>1491</Code>
<Text>Cellular &amp; Biochem Engineering</Text>
</ProgramElement>
<ProgramElement>
<Code>1712</Code>
<Text>DMR SHORT TERM SUPPORT</Text>
</ProgramElement>
<ProgramReference>
<Code>144E</Code>
<Text>Synthetic biology</Text>
</ProgramReference>
<ProgramReference>
<Code>1757</Code>
<Text>Quantitative sys bio and biotech</Text>
</ProgramReference>
<ProgramReference>
<Code>7573</Code>
<Text>BIO-RELATED MATERIALS RESEARCH</Text>
</ProgramReference>
<ProgramReference>
<Code>8007</Code>
<Text>BioMaPS</Text>
</ProgramReference>
<ProgramReference>
<Code>9102</Code>
<Text>WOMEN, MINORITY, DISABLED, NEC</Text>
</ProgramReference>
</Award>
</rootTag>
