<?xml version="1.0" encoding="UTF-8"?>
<rootTag>
<Award>
<AwardTitle>Combinatorial set theory</AwardTitle>
<AwardEffectiveDate>06/01/2015</AwardEffectiveDate>
<AwardExpirationDate>05/31/2019</AwardExpirationDate>
<AwardAmount>176851</AwardAmount>
<AwardInstrument>
<Value>Continuing grant</Value>
</AwardInstrument>
<Organization>
<Code>03040000</Code>
<Directorate>
<LongName>Direct For Mathematical &amp; Physical Scien</LongName>
</Directorate>
<Division>
<LongName>Division Of Mathematical Sciences</LongName>
</Division>
</Organization>
<ProgramOfficer>
<SignBlockName>Tomek Bartoszynski</SignBlockName>
</ProgramOfficer>
<AbstractNarration>The main focus of the proposal is the investigation of several types of infinite structure, using a range of mathematical tools. A secondary focus is the investigation of problems about very large finite structures, using certain infinite "limit"  structures. Some of the problems to be studied are "test questions" intended to stimulate the development of new idea and methods.&lt;br/&gt;&lt;br/&gt;The topics of the proposal are mostly concerned with large cardinals, ZFC combinatorics (particularly of singular cardinals) and forcing. They include forcing axioms for successors of singulars, various forms of the tree property, connections between compactness properties, PCF theory and universality numbers. The last section of the proposal is concerned with problems arising in Razborov's theory of flag algebras.</AbstractNarration>
<MinAmdLetterDate>04/28/2015</MinAmdLetterDate>
<MaxAmdLetterDate>06/15/2017</MaxAmdLetterDate>
<ARRAAmount/>
<AwardID>1500790</AwardID>
<Investigator>
<FirstName>James</FirstName>
<LastName>Cummings</LastName>
<EmailAddress>jcumming@andrew.cmu.edu</EmailAddress>
<StartDate>04/28/2015</StartDate>
<EndDate/>
<RoleCode>Principal Investigator</RoleCode>
</Investigator>
<Institution>
<Name>Carnegie-Mellon University</Name>
<CityName>PITTSBURGH</CityName>
<ZipCode>152133815</ZipCode>
<PhoneNumber>4122689527</PhoneNumber>
<StreetAddress>5000 Forbes Avenue</StreetAddress>
<CountryName>United States</CountryName>
<StateName>Pennsylvania</StateName>
<StateCode>PA</StateCode>
</Institution>
<ProgramElement>
<Code>1268</Code>
<Text>FOUNDATIONS</Text>
</ProgramElement>
</Award>
</rootTag>
