<?xml version="1.0" encoding="UTF-8"?>
<rootTag>
<Award>
<AwardTitle>Harmonic Maps between Hyperbolic Spaces, Realizing Number Fields as Invariant Trace Fields, and Constructing Surface Subgroups in Hyperbolic Groups</AwardTitle>
<AwardEffectiveDate>07/01/2015</AwardEffectiveDate>
<AwardExpirationDate>06/30/2018</AwardExpirationDate>
<AwardAmount>420000</AwardAmount>
<AwardInstrument>
<Value>Continuing grant</Value>
</AwardInstrument>
<Organization>
<Code>03040000</Code>
<Directorate>
<LongName>Direct For Mathematical &amp; Physical Scien</LongName>
</Directorate>
<Division>
<LongName>Division Of Mathematical Sciences</LongName>
</Division>
</Organization>
<ProgramOfficer>
<SignBlockName>Edward Taylor</SignBlockName>
</ProgramOfficer>
<AbstractNarration>Pure mathematics fosters the development of ideas that are later utilized in natural sciences such as physics and biology. In physics, the universe is described as a 3-dimensional space; studying the geometry and topology of 3-manifolds may prove important in answering fundamental physical questions. This project investigates and develops techniques that involve an interplay between coarse hyperbolic geometry and statistical properties of various geometric flows, which are becoming indispensable tools in proving results from a range of fields. Although geometry and dynamics of such flows are not always necessary to state or prove these breakthroughs, they give the 'right' way of thinking about them and are likely to catalyze further progress. Through participation in this research project, the next generation of graduate students will be introduced to these concepts.&lt;br/&gt;&lt;br/&gt;The PI will study questions about geometry  of hyperbolic groups and negatively curved manifolds. In connection with the Cannon Conjecture, the question of whether a hyperbolic group whose boundary is the 2-sphere contains an abundance of quasi-convex surface subgroups will be addressed. In a different direction, a Dirichlet type problem of finding harmonic mappings with prescribed quasi-symmetric boundary values will be studied, with particular emphasis on the Schoen Conjecture.</AbstractNarration>
<MinAmdLetterDate>04/01/2015</MinAmdLetterDate>
<MaxAmdLetterDate>06/12/2017</MaxAmdLetterDate>
<ARRAAmount/>
<AwardID>1500951</AwardID>
<Investigator>
<FirstName>Vladimir</FirstName>
<LastName>Markovic</LastName>
<EmailAddress>Markovic@caltech.edu</EmailAddress>
<StartDate>04/01/2015</StartDate>
<EndDate/>
<RoleCode>Principal Investigator</RoleCode>
</Investigator>
<Institution>
<Name>California Institute of Technology</Name>
<CityName>PASADENA</CityName>
<ZipCode>911250600</ZipCode>
<PhoneNumber>6263956219</PhoneNumber>
<StreetAddress>1200 E California Blvd</StreetAddress>
<CountryName>United States</CountryName>
<StateName>California</StateName>
<StateCode>CA</StateCode>
</Institution>
<ProgramElement>
<Code>1281</Code>
<Text>ANALYSIS PROGRAM</Text>
</ProgramElement>
</Award>
</rootTag>
