<?xml version="1.0" encoding="UTF-8"?>
<rootTag>
<Award>
<AwardTitle>Bridge to the Doctorate: Wisconsin Louis Stokes Alliance for Minority Participation</AwardTitle>
<AwardEffectiveDate>04/01/2015</AwardEffectiveDate>
<AwardExpirationDate>03/31/2018</AwardExpirationDate>
<AwardAmount>987000</AwardAmount>
<AwardInstrument>
<Value>Standard Grant</Value>
</AwardInstrument>
<Organization>
<Code>11060000</Code>
<Directorate>
<LongName>Direct For Education and Human Resources</LongName>
</Directorate>
<Division>
<LongName>Division Of Human Resource Development</LongName>
</Division>
</Organization>
<ProgramOfficer>
<SignBlockName>Martha L. James</SignBlockName>
</ProgramOfficer>
<AbstractNarration>The Louis Stokes Alliances for Minority Participation (LSAMP) program assists universities and colleges in diversifying the STEM workforce through the development of highly competitive students from groups historically underrepresented in STEM disciplines:  African-Americans, Alaska Natives, American Indians, Hispanic Americans, Native Hawaiians, and Native Pacific Islanders. The goal of the LSAMP Bridge to the Doctorate (BD) Activity is to increase the quantity and quality of STEM graduate students from underrepresented populations, with emphasis on Ph.D. matriculation and completion.  BD programs implemented in the nation's institutions of higher education contribute to addressing one of the objectives in NSF's 2014-2018 Strategic Plan, namely to "integrate education and research to support development of a diverse STEM workforce with cutting-edge capabilities."  Since national security and economic vitality of the United States require a highly trained domestic STEM workforce, institutions engaged in the most advanced levels of research and innovation must do their part to train tomorrow's leaders in STEM. The Wisconsin LSAMP BD (WiscAMP-BD) Program builds on the growing diversity of undergraduate students who are completing their Baccalaureate degrees in STEM. The strategies employed by the WiscAMP-BD Program will contribute significantly to increasing the diversity of leaders in academia and the STEM workforce, thereby helping the nation to remain globally competitive.&lt;br/&gt;&lt;br/&gt;The WiscAMP-BD program is based on established theories of identity development and integration, adult learning and career development, and institutional change and has the following objectives:&lt;br/&gt;1) To recruit and enroll a cohort of twelve students into any of the 54 STEM doctoral programs at UW-Madison;&lt;br/&gt;2) To pair each of the students who are strong candidates for graduate study and are underrepresented in STEM with faculty mentors who are engaged in cutting-edge research and committed to mentoring students from underrepresented populations;&lt;br/&gt;3) To establish a community of practice for WiscAMP-BD students to support the development of eight core competencies and their persistence to the doctoral degree.</AbstractNarration>
<MinAmdLetterDate>03/19/2015</MinAmdLetterDate>
<MaxAmdLetterDate>03/19/2015</MaxAmdLetterDate>
<ARRAAmount/>
<AwardID>1500138</AwardID>
<Investigator>
<FirstName>Douglass</FirstName>
<LastName>Henderson</LastName>
<EmailAddress>henderson@engr.wisc.edu</EmailAddress>
<StartDate>03/19/2015</StartDate>
<EndDate/>
<RoleCode>Co-Principal Investigator</RoleCode>
</Investigator>
<Investigator>
<FirstName>Manuela</FirstName>
<LastName>Romero</LastName>
<EmailAddress>mromero@wisc.edu</EmailAddress>
<StartDate>03/19/2015</StartDate>
<EndDate/>
<RoleCode>Co-Principal Investigator</RoleCode>
</Investigator>
<Investigator>
<FirstName>Mary</FirstName>
<LastName>Carnes</LastName>
<EmailAddress>mlcarnes@wisc.edu</EmailAddress>
<StartDate>03/19/2015</StartDate>
<EndDate/>
<RoleCode>Co-Principal Investigator</RoleCode>
</Investigator>
<Investigator>
<FirstName>Sarah</FirstName>
<LastName>Mangelsdorf</LastName>
<EmailAddress>smangelsdorf@wisc.edu</EmailAddress>
<StartDate>03/19/2015</StartDate>
<EndDate/>
<RoleCode>Principal Investigator</RoleCode>
</Investigator>
<Investigator>
<FirstName>Gail</FirstName>
<LastName>Coover</LastName>
<EmailAddress>gcoover@engr.wisc.edu</EmailAddress>
<StartDate>03/19/2015</StartDate>
<EndDate/>
<RoleCode>Co-Principal Investigator</RoleCode>
</Investigator>
<Institution>
<Name>University of Wisconsin-Madison</Name>
<CityName>MADISON</CityName>
<ZipCode>537151218</ZipCode>
<PhoneNumber>6082623822</PhoneNumber>
<StreetAddress>21 North Park Street</StreetAddress>
<CountryName>United States</CountryName>
<StateName>Wisconsin</StateName>
<StateCode>WI</StateCode>
</Institution>
<ProgramElement>
<Code>9133</Code>
<Text>ALLIANCES-MINORITY PARTICIPAT.</Text>
</ProgramElement>
<ProgramReference>
<Code>9179</Code>
<Text>GRADUATE INVOLVEMENT</Text>
</ProgramReference>
</Award>
</rootTag>
