<?xml version="1.0" encoding="UTF-8"?>
<rootTag>
<Award>
<AwardTitle>SaTC-EDU: EAGER: Education Initiative TECH MeD: Transdisciplinary Education for Critical Hacks of Medical Devices</AwardTitle>
<AwardEffectiveDate>06/15/2015</AwardEffectiveDate>
<AwardExpirationDate>05/31/2018</AwardExpirationDate>
<AwardAmount>270019</AwardAmount>
<AwardInstrument>
<Value>Standard Grant</Value>
</AwardInstrument>
<Organization>
<Code>11010001</Code>
<Directorate>
<LongName>Direct For Education and Human Resources</LongName>
</Directorate>
<Division>
<LongName>Division Of Graduate Education</LongName>
</Division>
</Organization>
<ProgramOfficer>
<SignBlockName>Victor P. Piotrowski</SignBlockName>
</ProgramOfficer>
<AbstractNarration>TECH MeD (Transdisciplinary Education for Critical Hacks of Medical Devices) seeks to engage a broad audience about the cybersecurity implications of remotely accessible, implantable medical devices. The project will educate undergraduate and graduate-level students from various disciplines, healthcare professionals, patients, and the general public about the ethical, legal, social, and technical implications of these remotely accessible devices. Growing the population of security-aware end-users of implantable medical technology, the initiative will address one of the most critical links in the cybersecurity chain. TECH MeD will equip them with the knowledge and skills necessary for the appropriate handling of this technology. &lt;br/&gt;&lt;br/&gt;TECH MeD will include four educational tools: 1) An online open-access course that features expert interviews on important topics to create an informed public, aware of the host of issues associated with implantable medical devices; 2) An undergraduate and graduate course that will create a pipeline of cognizant and prepared professionals to address the present and future challenges of this proliferating technology; 3) A Continuing Medical Education (CME) course that will provide medical professionals with an overview of the issues they are likely to encounter on the front lines of medicine; and 4) An open-access website document repository for the general public with useful information for educators, students, and patients. The website will ensure the continued success and widespread education of the TECH MeD initiative by offering easily understandable information for patients, their families, and all other laypersons seeking information on implantable medical device security.</AbstractNarration>
<MinAmdLetterDate>06/03/2015</MinAmdLetterDate>
<MaxAmdLetterDate>06/03/2015</MaxAmdLetterDate>
<ARRAAmount/>
<AwardID>1500077</AwardID>
<Investigator>
<FirstName>Lauren</FirstName>
<LastName>Solberg</LastName>
<EmailAddress>lbsolberg@ufl.edu</EmailAddress>
<StartDate>06/03/2015</StartDate>
<EndDate/>
<RoleCode>Co-Principal Investigator</RoleCode>
</Investigator>
<Investigator>
<FirstName>Michael</FirstName>
<LastName>Bachmann</LastName>
<EmailAddress>m.bachmann@tcu.edu</EmailAddress>
<StartDate>06/03/2015</StartDate>
<EndDate/>
<RoleCode>Principal Investigator</RoleCode>
</Investigator>
<Investigator>
<FirstName>Adam</FirstName>
<LastName>Shniderman</LastName>
<EmailAddress>adam.shniderman@tcu.edu</EmailAddress>
<StartDate>06/03/2015</StartDate>
<EndDate/>
<RoleCode>Co-Principal Investigator</RoleCode>
</Investigator>
<Institution>
<Name>Texas Christian University</Name>
<CityName>Fort Worth</CityName>
<ZipCode>761290001</ZipCode>
<PhoneNumber>8172577516</PhoneNumber>
<StreetAddress>2800 South University Drive</StreetAddress>
<CountryName>United States</CountryName>
<StateName>Texas</StateName>
<StateCode>TX</StateCode>
</Institution>
<ProgramElement>
<Code>8060</Code>
<Text>Secure &amp;Trustworthy Cyberspace</Text>
</ProgramElement>
<ProgramReference>
<Code>7434</Code>
<Text>CNCI</Text>
</ProgramReference>
<ProgramReference>
<Code>7916</Code>
<Text>EAGER</Text>
</ProgramReference>
<ProgramReference>
<Code>8225</Code>
<Text>SaTC Special Projects</Text>
</ProgramReference>
<ProgramReference>
<Code>9178</Code>
<Text>UNDERGRADUATE EDUCATION</Text>
</ProgramReference>
<ProgramReference>
<Code>9179</Code>
<Text>GRADUATE INVOLVEMENT</Text>
</ProgramReference>
<ProgramReference>
<Code>SMET</Code>
<Text>SCIENCE, MATH, ENG &amp; TECH EDUCATION</Text>
</ProgramReference>
</Award>
</rootTag>
