<?xml version="1.0" encoding="UTF-8"?>
<rootTag>
<Award>
<AwardTitle>Topics in Number Theory</AwardTitle>
<AwardEffectiveDate>07/01/2015</AwardEffectiveDate>
<AwardExpirationDate>06/30/2020</AwardExpirationDate>
<AwardAmount>492624</AwardAmount>
<AwardInstrument>
<Value>Continuing grant</Value>
</AwardInstrument>
<Organization>
<Code>03040000</Code>
<Directorate>
<LongName>Direct For Mathematical &amp; Physical Scien</LongName>
</Directorate>
<Division>
<LongName>Division Of Mathematical Sciences</LongName>
</Division>
</Organization>
<ProgramOfficer>
<SignBlockName>Andrew D. Pollington</SignBlockName>
</ProgramOfficer>
<AbstractNarration>This project involves research in the area of analytic number theory.  An important class of problems in this area concerns L-functions, which encode arithmetic information.   One example of an L-function is the Riemann zeta function, which controls the distribution of prime numbers.  One of the investigator's main goals is to make progress on the value distribution and zeros of L-functions.  Concurrently, one hopes to use such information to extract applications to problems in arithmetic.  While these topics are of intrinsic interest in mathematics, progress in number theory has had important applications in cryptography and theoretical computer science.  &lt;br/&gt;&lt;br/&gt;More specifically, the investigator will continue his investigations on moments and value distribution of L-functions, extending in particular his recent work with Radziwill. The investigator will also continue work on multiplicative functions, in collaboration with Granville, Harper, and Koukoulopoulos.  Besides these two main projects, the investigator will work with coauthors on various problems at the interface of analysis, number theory, and combinatorics, and continue his work in training graduate students in this area.</AbstractNarration>
<MinAmdLetterDate>05/05/2015</MinAmdLetterDate>
<MaxAmdLetterDate>05/30/2018</MaxAmdLetterDate>
<ARRAAmount/>
<AwardID>1500237</AwardID>
<Investigator>
<FirstName>Kannan</FirstName>
<LastName>Soundararajan</LastName>
<EmailAddress>ksound@math.stanford.edu</EmailAddress>
<StartDate>05/05/2015</StartDate>
<EndDate/>
<RoleCode>Principal Investigator</RoleCode>
</Investigator>
<Institution>
<Name>Stanford University</Name>
<CityName>Palo Alto</CityName>
<ZipCode>943041212</ZipCode>
<PhoneNumber>6507232300</PhoneNumber>
<StreetAddress>3160 Porter Drive</StreetAddress>
<CountryName>United States</CountryName>
<StateName>California</StateName>
<StateCode>CA</StateCode>
</Institution>
<ProgramElement>
<Code>1264</Code>
<Text>ALGEBRA,NUMBER THEORY,AND COM</Text>
</ProgramElement>
</Award>
</rootTag>
