<?xml version="1.0" encoding="UTF-8"?>
<rootTag>
<Award>
<AwardTitle>Particle Acceleration During Collisionless Magnetic Reconnection</AwardTitle>
<AwardEffectiveDate>09/01/2015</AwardEffectiveDate>
<AwardExpirationDate>08/31/2018</AwardExpirationDate>
<AwardAmount>365000</AwardAmount>
<AwardInstrument>
<Value>Continuing grant</Value>
</AwardInstrument>
<Organization>
<Code>03010000</Code>
<Directorate>
<LongName>Direct For Mathematical &amp; Physical Scien</LongName>
</Directorate>
<Division>
<LongName>Division Of Physics</LongName>
</Division>
</Organization>
<ProgramOfficer>
<SignBlockName>Vyacheslav S. Lukin</SignBlockName>
</ProgramOfficer>
<AbstractNarration>This project is focused on the understanding of particle acceleration during the process of magnetic reconnection.  Magnetic reconnection is a fundamental process in which magnetic energy is converted into high-speed flows and energetic particles.  It underlies important phenomena in nature, including solar flares, strong disturbances in the Earth's magnetic field, and disruptions in laboratory fusion experiments. Magnetic reconnection is also the driver of space weather, which can negatively impact satellite communications and threaten astronauts in space. Great progress has been made on understanding the mechanisms for the fast release of magnetic energy seen in nature and the laboratory during magnetic reconnection.  Solar observations suggest that a large fraction of the magnetic energy released appears in the form of energetic particles.  The mechanisms for particle acceleration are not understood and are the focus of this research project.  The project will include active involvement of undergraduate students, the training of graduate students, including female graduate students, and thus further the broad educational goals of NSF.&lt;br/&gt;&lt;br/&gt;The technical goal of this research program is to understand electron and ion heating and acceleration during magnetic reconnection and to develop a model for particle acceleration that can be compared with observations. Particle-in-cell simulations and analytic approaches will be used to address four key issues related to electron and ion acceleration during magnetic reconnection: to identify and quantify the dominant mechanisms for electron acceleration; to establish the physics basis for the ubiquitous observations of power-law spectra of energetic particles; to establish the mechanism for ion acceleration and abundance enhancements in impulsive flares; and to develop a Fokker-Planck model of particle acceleration that can be used to predict the hazards associated with space weather. Collaborations will be continued with scientists working on laboratory experiments and with satellite data to benchmark the theoretical predictions with observations.</AbstractNarration>
<MinAmdLetterDate>06/10/2015</MinAmdLetterDate>
<MaxAmdLetterDate>07/12/2017</MaxAmdLetterDate>
<ARRAAmount/>
<AwardID>1500460</AwardID>
<Investigator>
<FirstName>Michael</FirstName>
<LastName>Swisdak</LastName>
<EmailAddress>swisdak@umd.edu</EmailAddress>
<StartDate>06/10/2015</StartDate>
<EndDate/>
<RoleCode>Co-Principal Investigator</RoleCode>
</Investigator>
<Investigator>
<FirstName>James</FirstName>
<LastName>Drake</LastName>
<EmailAddress>drake@plasma.umd.edu</EmailAddress>
<StartDate>06/10/2015</StartDate>
<EndDate/>
<RoleCode>Principal Investigator</RoleCode>
</Investigator>
<Institution>
<Name>University of Maryland College Park</Name>
<CityName>COLLEGE PARK</CityName>
<ZipCode>207425141</ZipCode>
<PhoneNumber>3014056269</PhoneNumber>
<StreetAddress>3112 LEE BLDG 7809 Regents Drive</StreetAddress>
<CountryName>United States</CountryName>
<StateName>Maryland</StateName>
<StateCode>MD</StateCode>
</Institution>
<ProgramElement>
<Code>1242</Code>
<Text>PLASMA PHYSICS</Text>
</ProgramElement>
<ProgramElement>
<Code>1253</Code>
<Text>OFFICE OF MULTIDISCIPLINARY AC</Text>
</ProgramElement>
<ProgramElement>
<Code>5750</Code>
<Text>MAGNETOSPHERIC PHYSICS</Text>
</ProgramElement>
<ProgramReference>
<Code>1062</Code>
<Text>BASIC PLASMA SCIENCE &amp; ENGINEERING</Text>
</ProgramReference>
<ProgramReference>
<Code>4444</Code>
<Text>INTERDISCIPLINARY PROPOSALS</Text>
</ProgramReference>
<ProgramReference>
<Code>8084</Code>
<Text>CDS&amp;E</Text>
</ProgramReference>
<ProgramReference>
<Code>9178</Code>
<Text>UNDERGRADUATE EDUCATION</Text>
</ProgramReference>
<ProgramReference>
<Code>9251</Code>
<Text>RES EXPER FOR UNDERGRAD-SUPPLT</Text>
</ProgramReference>
</Award>
</rootTag>
