<?xml version="1.0" encoding="UTF-8"?>
<rootTag>
<Award>
<AwardTitle>DISSERTATION RESEARCH: Effect of niche conservation versus niche evolution on diversification rate in the Neotropical plant genus Citharexylum (Verbenaceae)</AwardTitle>
<AwardEffectiveDate>07/01/2015</AwardEffectiveDate>
<AwardExpirationDate>06/30/2018</AwardExpirationDate>
<AwardAmount>20085</AwardAmount>
<AwardInstrument>
<Value>Standard Grant</Value>
</AwardInstrument>
<Organization>
<Code>08010206</Code>
<Directorate>
<LongName>Direct For Biological Sciences</LongName>
</Directorate>
<Division>
<LongName>Division Of Environmental Biology</LongName>
</Division>
</Organization>
<ProgramOfficer>
<SignBlockName>Andrea Weeks</SignBlockName>
</ProgramOfficer>
<AbstractNarration>The Neotropics are estimated to house more seed plant species than the African, Asian, and Oceanic tropics combined. Recent studies of diverse plant groups have noted that closely related species often occupy similar types of habitats despite being geographically separated. This observation led to the hypothesis that dispersal is common in many groups and that migration to new, but suitable habitats can spur diversification. Adaptations can also stimulate radiations within plant groups, though less is known about the contributions of these seemingly rare but important evolutionary events to biodiversity. This research will focus on the systematics of the Neotropical plant genus Citharexylum (Verbenaceae), and the relative contributions of dispersal and adaptation to species diversification in the group.  Studies that provide an understanding of how organisms have dispersed and evolved in the past provide the necessary historical context to predict how these same groups are likely to disperse and diversify in the future.  One graduate student will be trained and undergraduates will be introduced to a broad range of laboratory and analytical methods.  The research will also enhance international scientific research infrastructure by establishing collaborations in several South and Central American countries. .&lt;br/&gt;&lt;br/&gt;The object of this project is to understand how biogeographic events (migration/colonization versus adaptation) influence diversification in Neotropical plant lineages. This study will elucidate the biogeographic history of the plant genus Citharexylum, a lineage of trees and shrubs that originated in and diversified into multiple biomes of the Neotropics. A time-calibrated phylogeny of Citharexylum with near-complete sampling will be inferred using multiple, independent loci. Phylogenetic inference will take a two-tiered approach using both high-throughput and traditional sequencing methods to produce a robust phylogeny. This framework will then be used to test evolutionary and biogeographic hypotheses about the genus. Statistical analyses will reconstruct ancestral ranges/climatic niches and detect the placement and magnitude of diversification rate shifts in the phylogeny. Additionally, the phylogeny will be dated using a fossil-calibrated phylogeny of the inclusive group Lamiales allowing assessment of migrations and adaptive events with known geologic and climatic events in the history of the Neotropics. This work will help build the foundation of knowledge surrounding the timing and magnitude of diversification events as well as the directionality of niche evolution in the New World.</AbstractNarration>
<MinAmdLetterDate>03/25/2015</MinAmdLetterDate>
<MaxAmdLetterDate>03/25/2015</MaxAmdLetterDate>
<ARRAAmount/>
<AwardID>1500919</AwardID>
<Investigator>
<FirstName>Laura</FirstName>
<LastName>Frost</LastName>
<EmailAddress>lafrost@uw.edu</EmailAddress>
<StartDate>03/25/2015</StartDate>
<EndDate/>
<RoleCode>Co-Principal Investigator</RoleCode>
</Investigator>
<Investigator>
<FirstName>Richard</FirstName>
<LastName>Olmstead</LastName>
<EmailAddress>olmstead@u.washington.edu</EmailAddress>
<StartDate>03/25/2015</StartDate>
<EndDate/>
<RoleCode>Principal Investigator</RoleCode>
</Investigator>
<Institution>
<Name>University of Washington</Name>
<CityName>Seattle</CityName>
<ZipCode>981950001</ZipCode>
<PhoneNumber>2065434043</PhoneNumber>
<StreetAddress>4333 Brooklyn Ave NE</StreetAddress>
<CountryName>United States</CountryName>
<StateName>Washington</StateName>
<StateCode>WA</StateCode>
</Institution>
<ProgramElement>
<Code>1171</Code>
<Text>PHYLOGENETIC SYSTEMATICS</Text>
</ProgramElement>
<ProgramReference>
<Code>9169</Code>
<Text>BIODIVERSITY AND ECOSYSTEM DYNAMICS</Text>
</ProgramReference>
<ProgramReference>
<Code>9179</Code>
<Text>GRADUATE INVOLVEMENT</Text>
</ProgramReference>
<ProgramReference>
<Code>EGCH</Code>
<Text>ENVIRONMENT AND GLOBAL CHANGE</Text>
</ProgramReference>
<ProgramReference>
<Code>SMET</Code>
<Text>SCIENCE, MATH, ENG &amp; TECH EDUCATION</Text>
</ProgramReference>
</Award>
</rootTag>
