<?xml version="1.0" encoding="UTF-8"?>
<rootTag>
<Award>
<AwardTitle>Cohort 12:  JSU Bridge to the Doctorate</AwardTitle>
<AwardEffectiveDate>04/01/2015</AwardEffectiveDate>
<AwardExpirationDate>03/31/2018</AwardExpirationDate>
<AwardAmount>987000</AwardAmount>
<AwardInstrument>
<Value>Standard Grant</Value>
</AwardInstrument>
<Organization>
<Code>11060000</Code>
<Directorate>
<LongName>Direct For Education and Human Resources</LongName>
</Directorate>
<Division>
<LongName>Division Of Human Resource Development</LongName>
</Division>
</Organization>
<ProgramOfficer>
<SignBlockName>Dr. A. James Hicks</SignBlockName>
</ProgramOfficer>
<AbstractNarration>The Louis Stokes Alliances for Minority Participation (LSAMP) program assists universities and colleges in diversifying the Science, Technology, Engineering, and Mathematics (STEM) workforce through the development of highly competitive students from groups historically underrepresented in STEM disciplines:  African-Americans, Alaska Natives, American Indians, Hispanic Americans, Native Hawaiians, and Native Pacific Islanders. The goal of the LSAMP Bridge to the Doctorate (BD) Activity is to increase the quantity and quality of STEM graduate students from underrepresented populations, with emphasis on Ph.D. matriculation and completion.  In order to maintain the United States of America's global leadership in STEM, it needs to develop the untapped pool of creative and talented students historically underrepresented, who earn Ph.Ds in STEM .  Jackson State University (JSU), a Historically Black University (HBCU) and lead institution for the Mississippi LSAMP (LSMAMP), will serve as the host site for the 2015-2017 cohort of BD Fellows. JSU will execute a BD program that is based upon challenging research and academic experiences. This program contributes to addressing one of the objectives in NSF's 2014-2018 Strategic Plan, namely to "integrate education and research to support development of a diverse STEM workforce with cutting-edge capabilities."  JSU's BD Program will contribute significantly to increasing the diversity of scientists, mathematicians and engineers in academia and the STEM workforce, thereby helping the nation to remain globally competitive.&lt;br/&gt;&lt;br/&gt;Jackson State University's Bridges to the Doctorate Program has four objectives, which are focused on (i) research and academic preparation, (ii) enrichment activities, (iii) national and international partnerships, and (iv) evaluation and student tracking. JSU has a strong track record for preparing primarily African American graduate students in biology, chemistry, mathematics, environmental science, computer science, and engineering doctoral degrees. To date, 97 out of the 117 BD Fellows from previous cohorts have been admitted into STEM doctoral programs; 27 out of the 97 have earned their Ph.D.s and 54 are progressing well towards earning their doctorate. JSU's two-pronged approach of rigorous research training and compassionate and committed mentoring will enable their BD program to continue to prepare and increase the quality and quantity of students historically underrepresented in STEM entering the Ph.D. pathway.</AbstractNarration>
<MinAmdLetterDate>03/27/2015</MinAmdLetterDate>
<MaxAmdLetterDate>01/31/2017</MaxAmdLetterDate>
<ARRAAmount/>
<AwardID>1500317</AwardID>
<Investigator>
<FirstName>Evelyn</FirstName>
<LastName>Leggette</LastName>
<EmailAddress>evelyn.j.leggette@jsums.edu</EmailAddress>
<StartDate>01/31/2017</StartDate>
<EndDate/>
<RoleCode>Principal Investigator</RoleCode>
</Investigator>
<Investigator>
<FirstName>Ashton</FirstName>
<LastName>Hamme</LastName>
<EmailAddress>ashton.t.hamme@jsums.edu</EmailAddress>
<StartDate>03/27/2015</StartDate>
<EndDate/>
<RoleCode>Co-Principal Investigator</RoleCode>
</Investigator>
<Investigator>
<FirstName>Carolyn</FirstName>
<LastName>Meyers</LastName>
<EmailAddress>carolyn.meyers@jsums.edu</EmailAddress>
<StartDate>03/27/2015</StartDate>
<EndDate>01/31/2017</EndDate>
<RoleCode>Former Principal Investigator</RoleCode>
</Investigator>
<Institution>
<Name>Jackson State University</Name>
<CityName>Jackson</CityName>
<ZipCode>392170002</ZipCode>
<PhoneNumber>6019792008</PhoneNumber>
<StreetAddress>1400 J R LYNCH ST.</StreetAddress>
<CountryName>United States</CountryName>
<StateName>Mississippi</StateName>
<StateCode>MS</StateCode>
</Institution>
<ProgramElement>
<Code>9133</Code>
<Text>ALLIANCES-MINORITY PARTICIPAT.</Text>
</ProgramElement>
<ProgramReference>
<Code>9179</Code>
<Text>GRADUATE INVOLVEMENT</Text>
</ProgramReference>
</Award>
</rootTag>
