<?xml version="1.0" encoding="UTF-8"?>
<rootTag>
<Award>
<AwardTitle>Modern Aspects of Complex Geometry</AwardTitle>
<AwardEffectiveDate>03/01/2015</AwardEffectiveDate>
<AwardExpirationDate>02/28/2017</AwardExpirationDate>
<AwardAmount>49935</AwardAmount>
<AwardInstrument>
<Value>Standard Grant</Value>
</AwardInstrument>
<Organization>
<Code>03040000</Code>
<Directorate>
<LongName>Direct For Mathematical &amp; Physical Scien</LongName>
</Directorate>
<Division>
<LongName>Division Of Mathematical Sciences</LongName>
</Division>
</Organization>
<ProgramOfficer>
<SignBlockName>Bruce P. Palka</SignBlockName>
</ProgramOfficer>
<AbstractNarration>This award provides funding to help defray the expenses of participants in the conference "Modern Aspects of Complex Geometry," held May 14-17, 2015, on the campus of the University of Cincinnati.  Conference web site:  www.artsci.uc.edu/departments/math/complex_geometry_conference.html&lt;br/&gt;&lt;br/&gt;This is a conference in the general area of geometric function theory. The event seeks to focus attention on and highlight connections between a variety of topics, including the theory of quasiconformal mappings, mappings of finite distortion, potential theory, analysis on metric spaces, and Teichmuller theory. The conference program provides ample opportunity for graduate students, postdocs, and other young scientists to present their work.</AbstractNarration>
<MinAmdLetterDate>11/25/2014</MinAmdLetterDate>
<MaxAmdLetterDate>11/04/2015</MaxAmdLetterDate>
<ARRAAmount/>
<AwardID>1500454</AwardID>
<Investigator>
<FirstName>David</FirstName>
<LastName>Herron</LastName>
<EmailAddress>david.a.herron@uc.edu</EmailAddress>
<StartDate>11/25/2014</StartDate>
<EndDate/>
<RoleCode>Principal Investigator</RoleCode>
</Investigator>
<Institution>
<Name>University of Cincinnati Main Campus</Name>
<CityName>Cincinnati</CityName>
<ZipCode>452210222</ZipCode>
<PhoneNumber>5135564358</PhoneNumber>
<StreetAddress>University Hall, Suite 530</StreetAddress>
<CountryName>United States</CountryName>
<StateName>Ohio</StateName>
<StateCode>OH</StateCode>
</Institution>
<ProgramElement>
<Code>1281</Code>
<Text>ANALYSIS PROGRAM</Text>
</ProgramElement>
<ProgramReference>
<Code>7556</Code>
<Text>CONFERENCE AND WORKSHOPS</Text>
</ProgramReference>
</Award>
</rootTag>
