<?xml version="1.0" encoding="UTF-8"?>
<rootTag>
<Award>
<AwardTitle>Decouplings and applications</AwardTitle>
<AwardEffectiveDate>07/01/2015</AwardEffectiveDate>
<AwardExpirationDate>06/30/2019</AwardExpirationDate>
<AwardAmount>213788</AwardAmount>
<AwardInstrument>
<Value>Continuing grant</Value>
</AwardInstrument>
<Organization>
<Code>03040000</Code>
<Directorate>
<LongName>Direct For Mathematical &amp; Physical Scien</LongName>
</Directorate>
<Division>
<LongName>Division Of Mathematical Sciences</LongName>
</Division>
</Organization>
<ProgramOfficer>
<SignBlockName>Edward Taylor</SignBlockName>
</ProgramOfficer>
<AbstractNarration>The principal investigator, in collaboration with Jean Bourgain, has recently created a new set of tools that can successfully address a wide range of problems in the fields of number theory and partial differential equations. Until recently, many of these problems seemed unrelated. In light of his work with Bourgain, these problems are now understood as part of a more general theory that the two call "decoupling." The methods pertain to the field of modern harmonic analysis, a natural framework that allows for the formulation of a general enough theory. This project seeks to enlarge  the range of applicability of decouplings, with some high-value targets in sight. A surprising feature of the research is that it removes certain restrictions on frequencies that were thought to be necessary in earlier work. In particular, the old requirement that frequencies have integer coordinates is replaced with the weaker assumption that sufficient spatial separation exists between frequencies. It is expected that the tools that will be developed will be accessible and useful to a large part of the mathematical community.&lt;br/&gt;&lt;br/&gt;Decouplings are certain generalizations of the Littlewood--Paley theory in the presence of curvature. The principal investigator's progress in pursuing the line of research related to this subject has relied hitherto on the interplay between multilinear and linear multiscale analysis. He  has successfully addressed the case when the relevant manifold is a hypersurface with nonzero Gaussian curvature. He now proposes to develop the optimal decoupling theory for nondegenerate curves. Such a theory has the potential to achieve almost unprecedented applications of harmonic analysis to number theory. One notable example is the resolution of Vinogradov's mean value theorem. There is an interesting related circle of problems for the cone. The fact that it has zero Gaussian curvature poses a new level of difficulty that will most certainly require new ideas. Understanding the cone is part of a more ambitious project that will aim at understanding the decoupling theory for real analytic surfaces. There are further important related questions that remain to be explored, in connection with various restriction theorems and the Kakeya conjectures.</AbstractNarration>
<MinAmdLetterDate>05/01/2015</MinAmdLetterDate>
<MaxAmdLetterDate>06/09/2017</MaxAmdLetterDate>
<ARRAAmount/>
<AwardID>1500461</AwardID>
<Investigator>
<FirstName>Ciprian</FirstName>
<LastName>Demeter</LastName>
<EmailAddress>demeterc@indiana.edu</EmailAddress>
<StartDate>05/01/2015</StartDate>
<EndDate/>
<RoleCode>Principal Investigator</RoleCode>
</Investigator>
<Institution>
<Name>Indiana University</Name>
<CityName>Bloomington</CityName>
<ZipCode>474013654</ZipCode>
<PhoneNumber>8128550516</PhoneNumber>
<StreetAddress>509 E 3RD ST</StreetAddress>
<CountryName>United States</CountryName>
<StateName>Indiana</StateName>
<StateCode>IN</StateCode>
</Institution>
<ProgramElement>
<Code>1281</Code>
<Text>ANALYSIS PROGRAM</Text>
</ProgramElement>
</Award>
</rootTag>
