<?xml version="1.0" encoding="UTF-8"?>
<rootTag>
<Award>
<AwardTitle>Dynamical System Approach in Partial Differential Equations</AwardTitle>
<AwardEffectiveDate>09/01/2015</AwardEffectiveDate>
<AwardExpirationDate>07/31/2016</AwardExpirationDate>
<AwardAmount>100525</AwardAmount>
<AwardInstrument>
<Value>Standard Grant</Value>
</AwardInstrument>
<Organization>
<Code>03040000</Code>
<Directorate>
<LongName>Direct For Mathematical &amp; Physical Scien</LongName>
</Directorate>
<Division>
<LongName>Division Of Mathematical Sciences</LongName>
</Division>
</Organization>
<ProgramOfficer>
<SignBlockName>Bruce P. Palka</SignBlockName>
</ProgramOfficer>
<AbstractNarration>The main goal of this project is to study dynamical behavior of special solutions for some hyperbolic type partial differential equations (PDEs), which include nonlinear wave equation, nonlinear Schrodinger equation and compressible Euler equation. These equations  are  widely used to model various problems arising from physics, engineering, biology, finance, etc. The PI aims to construct certain special solutions for those aforementioned equations and their perturbations to understand the modeled phenomena. The perturbations considered in this project have either different scales or  randomness,  which requires new mathematical ideas and tools to handle. The successfully constructed solutions will not only provide new theoretical results but also stimulate efficient numerical algorithms to compute solutions in multi-scale and stochastic dynamical systems. &lt;br/&gt;&lt;br/&gt;More specifically, the PI intends to study the following problems rigorously. The first category of problems is to construct special dynamical structures for three kinds of hyperbolic PDEs, which include a system of nonlinear wave equations, the cubic focusing Schrodinger equation and quasilinear Schrodinger equation in high dimensions. All these problems have multiple spatio-temporal scales, which requires new mathematical ideas and analytical tools to handle. The next problem is to study the persistence of Sine-Gordon breather under multiplicative noise perturbation. The main aim is to understand the effect of stochastic forcing. A new method stemming from invariant manifold, random dynamical system and ergodic theory needs to be developed. The last problem in this project is to study the asymptotic behavior of solutions near some steady states for isentropic and non-isentropic compressible flows by using ideas of invariant manifold. The PI will extend existing ideas and develop techniques both on geometric and analytic aspects to provide not only a solution but also a new perspective of this problem.</AbstractNarration>
<MinAmdLetterDate>08/20/2015</MinAmdLetterDate>
<MaxAmdLetterDate>08/20/2015</MaxAmdLetterDate>
<ARRAAmount/>
<AwardID>1500159</AwardID>
<Investigator>
<FirstName>Nan</FirstName>
<LastName>Lu</LastName>
<EmailAddress>wizardxpp@gmail.com</EmailAddress>
<StartDate>08/20/2015</StartDate>
<EndDate/>
<RoleCode>Principal Investigator</RoleCode>
</Investigator>
<Institution>
<Name>Lehigh University</Name>
<CityName>Bethlehem</CityName>
<ZipCode>180153005</ZipCode>
<PhoneNumber>6107583021</PhoneNumber>
<StreetAddress>Alumni Building 27</StreetAddress>
<CountryName>United States</CountryName>
<StateName>Pennsylvania</StateName>
<StateCode>PA</StateCode>
</Institution>
<ProgramElement>
<Code>1281</Code>
<Text>ANALYSIS PROGRAM</Text>
</ProgramElement>
</Award>
</rootTag>
