<?xml version="1.0" encoding="UTF-8"?>
<rootTag>
<Award>
<AwardTitle>Testing the Community Partnership Model through Lokono Language Documentation</AwardTitle>
<AwardEffectiveDate>07/15/2015</AwardEffectiveDate>
<AwardExpirationDate>03/31/2019</AwardExpirationDate>
<AwardAmount>115228</AwardAmount>
<AwardInstrument>
<Value>Standard Grant</Value>
</AwardInstrument>
<Organization>
<Code>04040000</Code>
<Directorate>
<LongName>Direct For Social, Behav &amp; Economic Scie</LongName>
</Directorate>
<Division>
<LongName>Division Of Behavioral and Cognitive Sci</LongName>
</Division>
</Organization>
<ProgramOfficer>
<SignBlockName>Colleen Fitzgerald</SignBlockName>
</ProgramOfficer>
<AbstractNarration>Broadening the participation of underrepresented groups in science can have transformative methodological consequences.  That is the hypothesis that Racquel Sapien Yamada of the University of Oklahoma (Norman) will test by implementing a new collaborative fieldwork model which extends the notion of community-inclusive field research by facilitating the documentation of one endangered language (Lokono) by native and heritage speakers of another (Kari'nja).&lt;br/&gt;&lt;br/&gt;Kari'nja and Lokono (Arawak-arw) speakers live side-by-side in the Konomerume village of Suriname.  They often intermarry.  Data on Lokono and Karinja will elucidate the processes of language contact evidenced between these two languages.  The data will also help the place of Lokono (Arawakan family) and Kari'nja (Cariban family) within their respective language families. Yamada and her team will document, analyze, and describe aspects of Lokono to further investigate these issues.&lt;br/&gt;&lt;br/&gt;This project is at the forefront of a greater movement to encourage members of endangered language communities to play more active roles in research that affects them.  The project team will provide training to build local infrastructure for future documentation.  A graduate student from the University of Oklahoma will receive field research and international experience through participation in the project.&lt;br/&gt;&lt;br/&gt;The project is supported by co-funds from the National Science Foundation's International Science and Engineering Office.</AbstractNarration>
<MinAmdLetterDate>07/06/2015</MinAmdLetterDate>
<MaxAmdLetterDate>07/06/2015</MaxAmdLetterDate>
<ARRAAmount/>
<AwardID>1500659</AwardID>
<Investigator>
<FirstName>Racquel-Maria</FirstName>
<LastName>Yamada</LastName>
<EmailAddress>racquel@ou.edu</EmailAddress>
<StartDate>07/06/2015</StartDate>
<EndDate/>
<RoleCode>Principal Investigator</RoleCode>
</Investigator>
<Institution>
<Name>University of Oklahoma Norman Campus</Name>
<CityName>NORMAN</CityName>
<ZipCode>730199705</ZipCode>
<PhoneNumber>4053254757</PhoneNumber>
<StreetAddress>201 Stephenson Parkway</StreetAddress>
<CountryName>United States</CountryName>
<StateName>Oklahoma</StateName>
<StateCode>OK</StateCode>
</Institution>
<ProgramElement>
<Code>7298</Code>
<Text>COLLABORATIVE RESEARCH</Text>
</ProgramElement>
<ProgramElement>
<Code>7719</Code>
<Text>DEL</Text>
</ProgramElement>
<ProgramReference>
<Code>1311</Code>
<Text>LINGUISTICS</Text>
</ProgramReference>
<ProgramReference>
<Code>5926</Code>
<Text>LATIN AMERICA, SDC</Text>
</ProgramReference>
<ProgramReference>
<Code>7719</Code>
<Text>DEL</Text>
</ProgramReference>
<ProgramReference>
<Code>9179</Code>
<Text>GRADUATE INVOLVEMENT</Text>
</ProgramReference>
</Award>
</rootTag>
