<?xml version="1.0" encoding="UTF-8"?>
<rootTag>
<Award>
<AwardTitle>Asymptotics in Integrable Systems, Random Matrices and Random Processes, and Universality</AwardTitle>
<AwardEffectiveDate>05/01/2015</AwardEffectiveDate>
<AwardExpirationDate>04/30/2017</AwardExpirationDate>
<AwardAmount>30000</AwardAmount>
<AwardInstrument>
<Value>Standard Grant</Value>
</AwardInstrument>
<Organization>
<Code>03040000</Code>
<Directorate>
<LongName>Direct For Mathematical &amp; Physical Scien</LongName>
</Directorate>
<Division>
<LongName>Division Of Mathematical Sciences</LongName>
</Division>
</Organization>
<ProgramOfficer>
<SignBlockName>Edward Taylor</SignBlockName>
</ProgramOfficer>
<AbstractNarration>This award supports U.S. participation in the workshop "Asymptotics in Integrable Systems, Random Matrices and Random Processes, and Universality" held at the Centre de Recherches Mathematiques (CRM), Montreal, during June 7-11, 2015. In recent years there have been several important developments in the study of certain equations describing the motion of waves as well as of large time or large system-size randomly interacting systems (such as the spread of bacterial colonies or the interactions between many electrically charged particles).  The mathematical methods underlying these developments have surprising commonalities. This workshop will feature presentations by over two dozen experts in these diverse fields to present their recent research results and discuss directions of future efforts. About 25 more participants are expected to be present, including many researchers in their early careers. The workshop aims to advance the field and also to help the young researchers to identify important and promising new research directions. &lt;br/&gt;&lt;br/&gt;The topics of workshop include integrable systems, random matrices andrandom processes, and their possible novel applications. These three areas have benefited from each other over the last two decades. In recent years all of them have seen new significant developments. This workshop aims to foster the exchange of these new ideas and developments by bringing together experts in these three areas to discuss progress and challenges.&lt;br/&gt;&lt;br/&gt;Workshop web site:  www.crm.umontreal.ca/2015/Deift15/index_e.php</AbstractNarration>
<MinAmdLetterDate>12/11/2014</MinAmdLetterDate>
<MaxAmdLetterDate>12/11/2014</MaxAmdLetterDate>
<ARRAAmount/>
<AwardID>1500141</AwardID>
<Investigator>
<FirstName>Kenneth</FirstName>
<LastName>T-R McLaughlin</LastName>
<EmailAddress>kenmcl@rams.colostate.edu</EmailAddress>
<StartDate>12/11/2014</StartDate>
<EndDate/>
<RoleCode>Co-Principal Investigator</RoleCode>
</Investigator>
<Investigator>
<FirstName>Alexander</FirstName>
<LastName>Tovbis</LastName>
<EmailAddress>alexander.tovbis@ucf.edu</EmailAddress>
<StartDate>12/11/2014</StartDate>
<EndDate/>
<RoleCode>Co-Principal Investigator</RoleCode>
</Investigator>
<Investigator>
<FirstName>Jinho</FirstName>
<LastName>Baik</LastName>
<EmailAddress>baik@umich.edu</EmailAddress>
<StartDate>12/11/2014</StartDate>
<EndDate/>
<RoleCode>Principal Investigator</RoleCode>
</Investigator>
<Institution>
<Name>University of Michigan Ann Arbor</Name>
<CityName>Ann Arbor</CityName>
<ZipCode>481091274</ZipCode>
<PhoneNumber>7347636438</PhoneNumber>
<StreetAddress>3003 South State St. Room 1062</StreetAddress>
<CountryName>United States</CountryName>
<StateName>Michigan</StateName>
<StateCode>MI</StateCode>
</Institution>
<ProgramElement>
<Code>1263</Code>
<Text>PROBABILITY</Text>
</ProgramElement>
<ProgramElement>
<Code>1281</Code>
<Text>ANALYSIS PROGRAM</Text>
</ProgramElement>
<ProgramReference>
<Code>7556</Code>
<Text>CONFERENCE AND WORKSHOPS</Text>
</ProgramReference>
</Award>
</rootTag>
