<?xml version="1.0" encoding="UTF-8"?>
<rootTag>
<Award>
<AwardTitle>Descriptive set theory and recursion theory</AwardTitle>
<AwardEffectiveDate>07/01/2015</AwardEffectiveDate>
<AwardExpirationDate>06/30/2018</AwardExpirationDate>
<AwardAmount>165258</AwardAmount>
<AwardInstrument>
<Value>Continuing grant</Value>
</AwardInstrument>
<Organization>
<Code>03040000</Code>
<Directorate>
<LongName>Direct For Mathematical &amp; Physical Scien</LongName>
</Directorate>
<Division>
<LongName>Division Of Mathematical Sciences</LongName>
</Division>
</Organization>
<ProgramOfficer>
<SignBlockName>Tomek Bartoszynski</SignBlockName>
</ProgramOfficer>
<AbstractNarration>A fundamental problem encountered throughout mathematics is to completely classify some type of mathematical object by invariants. Descriptive set theory gives a general framework for studying such classification problems and comparing their relative difficulties. The field has had remarkable success, proving the existence of barriers to having simple types of classifications, calibrating the difficulty of classification problems in a variety of fields of mathematics, and in understanding the structure of the space of all classification problems. This study has had particularly close connections with ergodic theory, probability, and operator algebras.&lt;br/&gt;&lt;br/&gt;This project studies the difficulty of classifying countable Borel equivalence relations using new techniques based on Borel determinacy and recursion theory. These tools have already resolved several important questions in the field, and are promising candidates for attacking problems in the subject which are known to require new methods, such as the increasing unions problem for hyperfinite equivalence relations, and the question of whether Turing equivalence is universal. This work is also closely connected to the study of descriptive graph combinatorics. Recent breakthroughs in this area have yielded new combinatorial methods for studying problems in the field of countable Borel equivalence relations, and these connections have also inspired new combinatorial investigations.</AbstractNarration>
<MinAmdLetterDate>04/16/2015</MinAmdLetterDate>
<MaxAmdLetterDate>06/10/2017</MaxAmdLetterDate>
<ARRAAmount/>
<AwardID>1500974</AwardID>
<Investigator>
<FirstName>Andrew</FirstName>
<LastName>Marks</LastName>
<EmailAddress>marks@math.ucla.edu</EmailAddress>
<StartDate>04/16/2015</StartDate>
<EndDate/>
<RoleCode>Principal Investigator</RoleCode>
</Investigator>
<Institution>
<Name>University of California-Los Angeles</Name>
<CityName>LOS ANGELES</CityName>
<ZipCode>900951406</ZipCode>
<PhoneNumber>3107940102</PhoneNumber>
<StreetAddress>10889 Wilshire Boulevard</StreetAddress>
<CountryName>United States</CountryName>
<StateName>California</StateName>
<StateCode>CA</StateCode>
</Institution>
<ProgramElement>
<Code>1268</Code>
<Text>FOUNDATIONS</Text>
</ProgramElement>
</Award>
</rootTag>
