<?xml version="1.0" encoding="UTF-8"?>
<rootTag>
<Award>
<AwardTitle>Harmonic Analysis Challenges in Nonlinear Dispersive Partial Differential Equations</AwardTitle>
<AwardEffectiveDate>07/01/2015</AwardEffectiveDate>
<AwardExpirationDate>06/30/2019</AwardExpirationDate>
<AwardAmount>296788</AwardAmount>
<AwardInstrument>
<Value>Continuing grant</Value>
</AwardInstrument>
<Organization>
<Code>03040000</Code>
<Directorate>
<LongName>Direct For Mathematical &amp; Physical Scien</LongName>
</Directorate>
<Division>
<LongName>Division Of Mathematical Sciences</LongName>
</Division>
</Organization>
<ProgramOfficer>
<SignBlockName>Edward Taylor</SignBlockName>
</ProgramOfficer>
<AbstractNarration>This research project explores the mathematical properties of a class of equations known as nonlinear dispersive equations.  Equations of this type arise in models of several physical phenomena, including propagation of light in optical fibers, Bose-Einstein condensates, small-amplitude water waves, and waves in plasmas.  Despite their common occurrence, understanding of the behavior of solutions to such equations is limited by their mathematical complexity.  This project aims to extend current theoretical understanding of this important class of equations.  Training of junior researchers and students in this area of research is also an integrated part of the project.&lt;br/&gt;&lt;br/&gt;The problems to be investigated are nonlinear dispersive partial differential equations with broken symmetries and/or non-constant coefficients. While some of these equations are very physical, such as the cubic-quintic nonlinear Schrodinger equation with non-zero boundary conditions, others have been carefully selected by the investigator to highlight certain deficiencies in our mathematical understanding of the underlying linear propagator. A major thrust of this project is therefore to resolve questions in harmonic analysis related to the linear propagator in various geometries. These range from proving Strichartz estimates powerful enough to resolve the small data energy-critical problem on high-dimensional tori to shepherding recent progress on the restriction conjecture into the realm of non-constant coefficients, which is a key step toward resolving mass-critical problems outside the translation-invariant setting.</AbstractNarration>
<MinAmdLetterDate>05/06/2015</MinAmdLetterDate>
<MaxAmdLetterDate>06/09/2017</MaxAmdLetterDate>
<ARRAAmount/>
<AwardID>1500707</AwardID>
<Investigator>
<FirstName>Monica</FirstName>
<LastName>Visan</LastName>
<EmailAddress>visan@math.ucla.edu</EmailAddress>
<StartDate>05/06/2015</StartDate>
<EndDate/>
<RoleCode>Principal Investigator</RoleCode>
</Investigator>
<Institution>
<Name>University of California-Los Angeles</Name>
<CityName>LOS ANGELES</CityName>
<ZipCode>900951406</ZipCode>
<PhoneNumber>3107940102</PhoneNumber>
<StreetAddress>10889 Wilshire Boulevard</StreetAddress>
<CountryName>United States</CountryName>
<StateName>California</StateName>
<StateCode>CA</StateCode>
</Institution>
<ProgramElement>
<Code>1281</Code>
<Text>ANALYSIS PROGRAM</Text>
</ProgramElement>
</Award>
</rootTag>
