<?xml version="1.0" encoding="UTF-8"?>
<rootTag>
<Award>
<AwardTitle>Toward and Improved Understanding and Parameterization of the Stable Atomospheric Boundary Layer</AwardTitle>
<AwardEffectiveDate>09/01/2015</AwardEffectiveDate>
<AwardExpirationDate>05/31/2017</AwardExpirationDate>
<AwardAmount>159470</AwardAmount>
<AwardInstrument>
<Value>Continuing grant</Value>
</AwardInstrument>
<Organization>
<Code>06020105</Code>
<Directorate>
<LongName>Directorate For Geosciences</LongName>
</Directorate>
<Division>
<LongName>Div Atmospheric &amp; Geospace Sciences</LongName>
</Division>
</Organization>
<ProgramOfficer>
<SignBlockName>Edward L. Bensman</SignBlockName>
</ProgramOfficer>
<AbstractNarration>This study will use a database of very high-resolution model simulations of the lowest layers of the atmosphere to compare with known output from various models of the turbulent layer near the earth's surface.  The goal of this research is to improve the way in which air flow is modeled in the very lowest layers of the atmosphere, near the ground.  This study will add valuable insight into the success of various numerical prediction schemes and may ultimately lead to improvements in these schemes used in weather models.  One undergraduate student will participate in this study and gain valuable research experience.  &lt;br/&gt;  &lt;br/&gt;This study will use a large-eddy simulation (LES) dataset, consisting of two hours of 0.39m resolution data, archived at one-minute intervals.  The LES data are free of non-turbulent structures typically present in the real boundary layer.  The proposed LES uses a two-part sub-grid scale model to span between LES and Reynolds-average Navier-Stokes (RANS) regimes.  New insights will be gained through the development of improved turbulence closure schemes, from gradient-based scaling, for single-column models.</AbstractNarration>
<MinAmdLetterDate>09/02/2015</MinAmdLetterDate>
<MaxAmdLetterDate>08/01/2017</MaxAmdLetterDate>
<ARRAAmount/>
<AwardID>1500900</AwardID>
<Investigator>
<FirstName>Zbigniew</FirstName>
<LastName>Sorbjan</LastName>
<EmailAddress>zbigniew.sorbjan@mu.edu</EmailAddress>
<StartDate>09/02/2015</StartDate>
<EndDate/>
<RoleCode>Principal Investigator</RoleCode>
</Investigator>
<Institution>
<Name>Marquette University</Name>
<CityName>Milwaukee</CityName>
<ZipCode>532011881</ZipCode>
<PhoneNumber>4142887200</PhoneNumber>
<StreetAddress>P.O. Box 1881</StreetAddress>
<CountryName>United States</CountryName>
<StateName>Wisconsin</StateName>
<StateCode>WI</StateCode>
</Institution>
<ProgramElement>
<Code>1525</Code>
<Text>PHYSICAL &amp; DYNAMIC METEOROLOGY</Text>
</ProgramElement>
</Award>
</rootTag>
