<?xml version="1.0" encoding="UTF-8"?>
<rootTag>
<Award>
<AwardTitle>Regularity Problems in the Calculus of Variations and Elliptic Partial Differential Equations</AwardTitle>
<AwardEffectiveDate>07/01/2015</AwardEffectiveDate>
<AwardExpirationDate>06/30/2019</AwardExpirationDate>
<AwardAmount>225922</AwardAmount>
<AwardInstrument>
<Value>Continuing grant</Value>
</AwardInstrument>
<Organization>
<Code>03040000</Code>
<Directorate>
<LongName>Direct For Mathematical &amp; Physical Scien</LongName>
</Directorate>
<Division>
<LongName>Division Of Mathematical Sciences</LongName>
</Division>
</Organization>
<ProgramOfficer>
<SignBlockName>Edward Taylor</SignBlockName>
</ProgramOfficer>
<AbstractNarration>This project focuses on central problems in classical fields such as the calculus of variations and free boundary problems. Some problems find their motivation in the applied sciences and therefore offer opportunities for collaborations among mathematicians and other researchers. For example, the so-called "one-phase problem" describes the motion of a fluid in which a cavity is present  that is a mixture of vapor and gas and the pressure on the cavity is constant. Other problems under investigation are related to issues of optimal transportation and allocation of resources. All such problems require the development of new sophisticated techniques, and progress will be disseminated to the scientific community to invigorate the advancement of the theory.&lt;br/&gt;&lt;br/&gt;The PI will study the classification of cones in low dimensions for the "one-phase" free boundary problem. As a tool in the analysis of free boundaries, the PI will investigate some boundary Harnack type results. In the context of optimal transportation, the PI is interested in the higher regularity for a class of degenerate Monge-Ampere equations in which the right hand side vanishes on the boundary. Finally, parts of this project deal with the fundamental question of local regularity of minimizers in the calculus of variations. In particular, in the scalar case the PI will investigate situations in which the integrand becomes highly degenerate on some compact set. In the vectorial case, the PI plans to construct some interesting singular minimizers in low dimensions and will also explore a viscosity approach to regularity for certain types of functionals.</AbstractNarration>
<MinAmdLetterDate>05/01/2015</MinAmdLetterDate>
<MaxAmdLetterDate>06/09/2017</MaxAmdLetterDate>
<ARRAAmount/>
<AwardID>1500438</AwardID>
<Investigator>
<FirstName>Ovidiu</FirstName>
<LastName>Savin</LastName>
<EmailAddress>os2161@columbia.edu</EmailAddress>
<StartDate>05/01/2015</StartDate>
<EndDate/>
<RoleCode>Principal Investigator</RoleCode>
</Investigator>
<Institution>
<Name>Columbia University</Name>
<CityName>NEW YORK</CityName>
<ZipCode>100276902</ZipCode>
<PhoneNumber>2128546851</PhoneNumber>
<StreetAddress>2960 Broadway</StreetAddress>
<CountryName>United States</CountryName>
<StateName>New York</StateName>
<StateCode>NY</StateCode>
</Institution>
<ProgramElement>
<Code>1281</Code>
<Text>ANALYSIS PROGRAM</Text>
</ProgramElement>
</Award>
</rootTag>
