<?xml version="1.0" encoding="UTF-8"?>
<rootTag>
<Award>
<AwardTitle>Collaborative Research: Understanding and Reducing Student Resistance as a Barrier to Faculty Change</AwardTitle>
<AwardEffectiveDate>08/10/2014</AwardEffectiveDate>
<AwardExpirationDate>08/31/2018</AwardExpirationDate>
<AwardAmount>163609</AwardAmount>
<AwardInstrument>
<Value>Standard Grant</Value>
</AwardInstrument>
<Organization>
<Code>11040000</Code>
<Directorate>
<LongName>Direct For Education and Human Resources</LongName>
</Directorate>
<Division>
<LongName>Division Of Undergraduate Education</LongName>
</Division>
</Organization>
<ProgramOfficer>
<SignBlockName>Dawn Rickey</SignBlockName>
</ProgramOfficer>
<AbstractNarration>This WIDER research project focuses on understanding student resistance as a barrier to STEM faculty adoption of evidence-based teaching methods in the context of introductory engineering courses at University of Michigan, Virginia Tech, North Carolina A &amp; T, and Bucknell University. The project is investigating three related research questions, including: 1) What factors (including faculty strategies, student experience, institution and course type, and student and faculty characteristics) influence student resistance to nontraditional teaching methods? 2) To what extent does expectancy violation theory explain student resistance to nontraditional teaching methods? and 3) What specific, evidence-based strategies (and in what contexts) can faculty employ to significantly reduce student resistance? To address these questions, the project team is employing rigorous instrument development procedures to design surveys to measure student resistance and expectancy violation, and conducting in-depth studies at a range of institutions, combining qualitative methods with quantitative surveys to identify additional factors related to student resistance. The final phase of the project includes a full-scale study of 20 introductory engineering courses. Expected products include evidence-based strategies faculty can use to reduce student resistance, student surveys that faculty can use to monitor their own progress in reducing student resistance, and a classroom observation protocol focusing on student resistance.</AbstractNarration>
<MinAmdLetterDate>02/12/2015</MinAmdLetterDate>
<MaxAmdLetterDate>02/12/2015</MaxAmdLetterDate>
<ARRAAmount/>
<AwardID>1500309</AwardID>
<Investigator>
<FirstName>Maura</FirstName>
<LastName>Borrego</LastName>
<EmailAddress>maura.borrego@austin.utexas.edu</EmailAddress>
<StartDate>02/12/2015</StartDate>
<EndDate/>
<RoleCode>Principal Investigator</RoleCode>
</Investigator>
<Institution>
<Name>University of Texas at Austin</Name>
<CityName>Austin</CityName>
<ZipCode>787595316</ZipCode>
<PhoneNumber>5124716424</PhoneNumber>
<StreetAddress>3925 W Braker Lane, Ste 3.340</StreetAddress>
<CountryName>United States</CountryName>
<StateName>Texas</StateName>
<StateCode>TX</StateCode>
</Institution>
<ProgramElement>
<Code>1133</Code>
<Text/>
</ProgramElement>
<ProgramReference>
<Code>9178</Code>
<Text>UNDERGRADUATE EDUCATION</Text>
</ProgramReference>
<ProgramReference>
<Code>SMET</Code>
<Text>SCIENCE, MATH, ENG &amp; TECH EDUCATION</Text>
</ProgramReference>
</Award>
</rootTag>
