<?xml version="1.0" encoding="UTF-8"?>
<rootTag>
<Award>
<AwardTitle>Typological and historical discovery through language documentation of Walman, Srenge, Aro, and Eho, four critically endangered languages</AwardTitle>
<AwardEffectiveDate>09/01/2015</AwardEffectiveDate>
<AwardExpirationDate>02/28/2019</AwardExpirationDate>
<AwardAmount>347466</AwardAmount>
<AwardInstrument>
<Value>Standard Grant</Value>
</AwardInstrument>
<Organization>
<Code>04040000</Code>
<Directorate>
<LongName>Direct For Social, Behav &amp; Economic Scie</LongName>
</Directorate>
<Division>
<LongName>Division Of Behavioral and Cognitive Sci</LongName>
</Division>
</Organization>
<ProgramOfficer>
<SignBlockName>Colleen Fitzgerald</SignBlockName>
</ProgramOfficer>
<AbstractNarration>About one fifth of the languages of the world (that is, over 1200 languages) are spoken in New Guinea. This is more than all the languages of mainland Europe and Asia combined. Yet fewer than 5% of the languages of New Guinea have been described in any detail and for the majority, we know next to nothing. We know from past experience that New Guinean languages exhibit rare typological features through which we can understand better how language changes through time and how language systems are organized.  We must document these features now as many of the languages of New Guinea are seriously endangered and are no longer being learned by young children. Probably a majority of the languages of New Guinea will be extinct or almost extinct by the end of this century. Language is the most complex form of human behavior, but for every language that become extinct, we forever lose knowledge about this essential part of what it means to be human. &lt;br/&gt;  &lt;br/&gt;Matthew Dryer of SUNY at Buffalo along with linguist Pamela Brown and two graduate students will conduct fieldwork in northern New Guinea in or near the Torricelli Mountains.   They will complete or create dictionaries, grammars and texts collections for four languages, Walman, Srenge, Aro, and Eho, all of which are of the Torricelli group.   The documentation will include descriptions of complex verbal conjunction, typologically unusual infixation patterns, and variations in word order that are determined by the object's thematic role.  &lt;br/&gt;&lt;br/&gt;The data collected from this project will be accessible from the Endangered Languages Archive.</AbstractNarration>
<MinAmdLetterDate>04/17/2015</MinAmdLetterDate>
<MaxAmdLetterDate>07/20/2017</MaxAmdLetterDate>
<ARRAAmount/>
<AwardID>1500751</AwardID>
<Investigator>
<FirstName>Pamela</FirstName>
<LastName>Brown</LastName>
<EmailAddress>plbrown2@buffalo.edu</EmailAddress>
<StartDate>04/17/2015</StartDate>
<EndDate>08/15/2016</EndDate>
<RoleCode>Former Co-Principal Investigator</RoleCode>
</Investigator>
<Investigator>
<FirstName>Matthew</FirstName>
<LastName>Dryer</LastName>
<EmailAddress>dryer@buffalo.edu</EmailAddress>
<StartDate>04/17/2015</StartDate>
<EndDate/>
<RoleCode>Principal Investigator</RoleCode>
</Investigator>
<Institution>
<Name>SUNY at Buffalo</Name>
<CityName>Amherst</CityName>
<ZipCode>142282567</ZipCode>
<PhoneNumber>7166452634</PhoneNumber>
<StreetAddress>520 Lee Entrance</StreetAddress>
<CountryName>United States</CountryName>
<StateName>New York</StateName>
<StateCode>NY</StateCode>
</Institution>
<ProgramElement>
<Code>7719</Code>
<Text>DEL</Text>
</ProgramElement>
<ProgramReference>
<Code>1311</Code>
<Text>LINGUISTICS</Text>
</ProgramReference>
<ProgramReference>
<Code>7719</Code>
<Text>DEL</Text>
</ProgramReference>
<ProgramReference>
<Code>9179</Code>
<Text>GRADUATE INVOLVEMENT</Text>
</ProgramReference>
<ProgramReference>
<Code>SMET</Code>
<Text>SCIENCE, MATH, ENG &amp; TECH EDUCATION</Text>
</ProgramReference>
</Award>
</rootTag>
