<?xml version="1.0" encoding="UTF-8"?>
<rootTag>
<Award>
<AwardTitle>Gromov-Witten theory under extremal transitions and birational transformations</AwardTitle>
<AwardEffectiveDate>07/01/2015</AwardEffectiveDate>
<AwardExpirationDate>06/30/2019</AwardExpirationDate>
<AwardAmount>260000</AwardAmount>
<AwardInstrument>
<Value>Continuing grant</Value>
</AwardInstrument>
<Organization>
<Code>03040000</Code>
<Directorate>
<LongName>Direct For Mathematical &amp; Physical Scien</LongName>
</Directorate>
<Division>
<LongName>Division Of Mathematical Sciences</LongName>
</Division>
</Organization>
<ProgramOfficer>
<SignBlockName>Andrew D. Pollington</SignBlockName>
</ProgramOfficer>
<AbstractNarration>Gromov-Witten (GW) theory lies in the intersection of many exciting research areas in mathematics and physics. Roughly speaking it counts the number of curves meeting prescribed conditions in a geometric object called a variety. On the one hand, the theory itself has remarkable structures, both established and conjectural. Investigating these structures requires some new insights and technical tools from other areas. This provides a lot of interesting problems for classical subjects in mathematics. On the other hand, these new insights and technical tools help to discover deep relations and connections between existing mathematics and theoretical physics. This project will advance understanding in this active area of research.  The project includes training of graduate students and postdocs, as well as international collaborations.&lt;br/&gt;&lt;br/&gt;This research project lies on the intersection of algebraic geometry and mathematical physics. Specifically, it concerns the Gromov-Witten theory and variation of Hodge structures (VHS) on one side and birational geometry and mirror symmetry on the other. The main themes of the project are the study of GW theory of bundles and blowing-ups and the extended functoriality of GW and VHS under extremal transitions (also known as space-time topology change in the physics literature). The relations between the crepant transformation conjecture in GW theory and the Landau-Ginzburg / Calabi-Yau correspondence will also be studied.</AbstractNarration>
<MinAmdLetterDate>04/24/2015</MinAmdLetterDate>
<MaxAmdLetterDate>06/19/2017</MaxAmdLetterDate>
<ARRAAmount/>
<AwardID>1500601</AwardID>
<Investigator>
<FirstName>Yuan-Pin</FirstName>
<LastName>Lee</LastName>
<EmailAddress>yplee@math.utah.edu</EmailAddress>
<StartDate>04/24/2015</StartDate>
<EndDate/>
<RoleCode>Principal Investigator</RoleCode>
</Investigator>
<Institution>
<Name>University of Utah</Name>
<CityName>SALT LAKE CITY</CityName>
<ZipCode>841128930</ZipCode>
<PhoneNumber>8015816903</PhoneNumber>
<StreetAddress>75 S 2000 E</StreetAddress>
<CountryName>United States</CountryName>
<StateName>Utah</StateName>
<StateCode>UT</StateCode>
</Institution>
<ProgramElement>
<Code>1264</Code>
<Text>ALGEBRA,NUMBER THEORY,AND COM</Text>
</ProgramElement>
<ProgramReference>
<Code>9150</Code>
<Text>EXP PROG TO STIM COMP RES</Text>
</ProgramReference>
</Award>
</rootTag>
