<?xml version="1.0" encoding="UTF-8"?>
<rootTag>
<Award>
<AwardTitle>Conferences in Formal Power Series and Algebraic Combinatorics, 2015 and 2016</AwardTitle>
<AwardEffectiveDate>05/01/2015</AwardEffectiveDate>
<AwardExpirationDate>10/31/2018</AwardExpirationDate>
<AwardAmount>54896</AwardAmount>
<AwardInstrument>
<Value>Standard Grant</Value>
</AwardInstrument>
<Organization>
<Code>03040000</Code>
<Directorate>
<LongName>Direct For Mathematical &amp; Physical Scien</LongName>
</Directorate>
<Division>
<LongName>Division Of Mathematical Sciences</LongName>
</Division>
</Organization>
<ProgramOfficer>
<SignBlockName>Tomek Bartoszynski</SignBlockName>
</ProgramOfficer>
<AbstractNarration>This award will provide support for US participants, especially women, graduate students, postdocs, and junior faculty, to attend the twenty-seventh and twenty-eighth international  conferences in Formal Power Series and Algebraic Combinatorics (FPSAC). The 2015 edition will be held in Daejeon, South Korea, on July 6-10, 2015 (more info on the website http://fpsac.combinatorics.kr/). The 2016 edition will be held in Vancouver, Canada, on July 4-8, 2016 (more info on the website https://sites.google.com/site/fpsac2016/).&lt;br/&gt;&lt;br/&gt;The most important annual conference series in algebraic combinatorics in the world, FPSAC offers young American researchers a unique opportunity to interact closely with top mathematicians from many countries. Somewhat interdisciplinary, the conferences link research in combinatorics to other topics in pure mathematics such as algebraic geometry, commutative algebra, representation theory, K-theory and symplectic geometry, and to topics in other sciences such as computer science, physics, and biology. Each conference, which includes nine one-hour plenary lectures, thirty half-hour contributed talks, and forty posters, will attract over 200 participants from all over the world.&lt;br/&gt;</AbstractNarration>
<MinAmdLetterDate>04/20/2015</MinAmdLetterDate>
<MaxAmdLetterDate>04/20/2015</MaxAmdLetterDate>
<ARRAAmount/>
<AwardID>1500297</AwardID>
<Investigator>
<FirstName>Sergi</FirstName>
<LastName>Elizalde</LastName>
<EmailAddress>Sergi.Elizalde@Dartmouth.edu</EmailAddress>
<StartDate>04/20/2015</StartDate>
<EndDate/>
<RoleCode>Principal Investigator</RoleCode>
</Investigator>
<Institution>
<Name>Dartmouth College</Name>
<CityName>HANOVER</CityName>
<ZipCode>037551404</ZipCode>
<PhoneNumber>6036463007</PhoneNumber>
<StreetAddress>OFFICE OF SPONSORED PROJECTS</StreetAddress>
<CountryName>United States</CountryName>
<StateName>New Hampshire</StateName>
<StateCode>NH</StateCode>
</Institution>
<ProgramElement>
<Code>7970</Code>
<Text>Combinatorics</Text>
</ProgramElement>
<ProgramReference>
<Code>7556</Code>
<Text>CONFERENCE AND WORKSHOPS</Text>
</ProgramReference>
<ProgramReference>
<Code>9150</Code>
<Text>EXP PROG TO STIM COMP RES</Text>
</ProgramReference>
</Award>
</rootTag>
