<?xml version="1.0" encoding="UTF-8"?>
<rootTag>
<Award>
<AwardTitle>DISSERTATION RESEARCH:  Evolution of Angiosperm Seed Development: perspectives from Nymphaea thermarum (Nymphaeales)</AwardTitle>
<AwardEffectiveDate>06/01/2015</AwardEffectiveDate>
<AwardExpirationDate>05/31/2017</AwardExpirationDate>
<AwardAmount>21772</AwardAmount>
<AwardInstrument>
<Value>Standard Grant</Value>
</AwardInstrument>
<Organization>
<Code>08010207</Code>
<Directorate>
<LongName>Direct For Biological Sciences</LongName>
</Directorate>
<Division>
<LongName>Division Of Environmental Biology</LongName>
</Division>
</Organization>
<ProgramOfficer>
<SignBlockName>Leslie Rissler</SignBlockName>
</ProgramOfficer>
<AbstractNarration>Seeds of flowering plants are distinguished by the presence of a novel tissue - endosperm. Endosperm is the product of a second fertilization event, but rather than developing into a second embryo, it becomes a tissue that mediates the relationship between the maternal plant and its compatriot embryo. Endosperm is also an essential part of the human diet: the seeds that provide most of the calories people consume (rice, wheat, corn) consist primarily of endosperm. Studies in model plant species have begun to piece together the mechanisms that control endosperm development, and have revealed that gene imprinting plays an important role. Imprinting occurs when an allele inherited from one parent is silenced. Little scientific attention has been given to how imprinting has evolved in flowering plants. This project will address this discrepancy by analyzing the expression of genes during development of endosperm in the water lily, which is a member of one of the most ancient lineages of flowering plants. While the water lily is uniquely suited to become a model system for the early diverging lineages, it is also on the brink of extinction - making it a compelling case for why exploring and preserving biodiversity is essential for furthering basic scientific research.&lt;br/&gt; &lt;br/&gt;Analysis of gene expression will be accomplished by creating RNA-seq transcriptomes of key stages during ovule and seed development. From this dataset, two main categories of genes will be targeted for homolog identification: genes that are involved in imprinting-regulation mechanisms and genes that are themselves imprinted. Simple presence/absence of homologs of these genes during seed development in N. thermarum will help to resolve the question of when during angiosperm evolution did these mechanisms became important regulators of endosperm development. In addition, the sampling scheme will make it possible to distinguish suites of gene activity that correlate to specific sets of developmental processes. Finally, the accompanying sequence and expression data will be used to reconstruct the evolutionary history of relevant gene families. This database will represent an important resource for understanding the evolution of angiosperm seeds, and will be made publically available.</AbstractNarration>
<MinAmdLetterDate>03/13/2015</MinAmdLetterDate>
<MaxAmdLetterDate>03/13/2015</MaxAmdLetterDate>
<ARRAAmount/>
<AwardID>1500963</AwardID>
<Investigator>
<FirstName>William</FirstName>
<LastName>Friedman</LastName>
<EmailAddress>ned@oeb.harvard.edu</EmailAddress>
<StartDate>03/13/2015</StartDate>
<EndDate/>
<RoleCode>Principal Investigator</RoleCode>
</Investigator>
<Investigator>
<FirstName>Rebecca</FirstName>
<LastName>Povilus</LastName>
<EmailAddress>rpovilus@fas.harvard.edu</EmailAddress>
<StartDate>03/13/2015</StartDate>
<EndDate/>
<RoleCode>Co-Principal Investigator</RoleCode>
</Investigator>
<Institution>
<Name>Harvard University</Name>
<CityName>Cambridge</CityName>
<ZipCode>021385369</ZipCode>
<PhoneNumber>6174955501</PhoneNumber>
<StreetAddress>1033 MASSACHUSETTS AVE</StreetAddress>
<CountryName>United States</CountryName>
<StateName>Massachusetts</StateName>
<StateCode>MA</StateCode>
</Institution>
<ProgramElement>
<Code>7378</Code>
<Text>EVOLUTIONARY GENETICS</Text>
</ProgramElement>
<ProgramReference>
<Code>9169</Code>
<Text>BIODIVERSITY AND ECOSYSTEM DYNAMICS</Text>
</ProgramReference>
<ProgramReference>
<Code>9179</Code>
<Text>GRADUATE INVOLVEMENT</Text>
</ProgramReference>
<ProgramReference>
<Code>EGCH</Code>
<Text>ENVIRONMENT AND GLOBAL CHANGE</Text>
</ProgramReference>
<ProgramReference>
<Code>SMET</Code>
<Text>SCIENCE, MATH, ENG &amp; TECH EDUCATION</Text>
</ProgramReference>
</Award>
</rootTag>
