<?xml version="1.0" encoding="UTF-8"?>
<rootTag>
<Award>
<AwardTitle>Classifying subfactors and fusion categories</AwardTitle>
<AwardEffectiveDate>07/01/2015</AwardEffectiveDate>
<AwardExpirationDate>09/30/2016</AwardExpirationDate>
<AwardAmount>144773</AwardAmount>
<AwardInstrument>
<Value>Standard Grant</Value>
</AwardInstrument>
<Organization>
<Code>03040000</Code>
<Directorate>
<LongName>Direct For Mathematical &amp; Physical Scien</LongName>
</Directorate>
<Division>
<LongName>Division Of Mathematical Sciences</LongName>
</Division>
</Organization>
<ProgramOfficer>
<SignBlockName>Bruce P. Palka</SignBlockName>
</ProgramOfficer>
<AbstractNarration>Symmetry plays an important role in mathematics and in the biological and physical sciences. For example, a theorem of Emmy Noether states that symmetries of physical systems, like time and space translation, correspond to conserved quantities, like energy and momentum, respectively. Von Neumann, in his study of quantum mechanics, discovered that certain operator algebras on Hilbert space describe symmetries of quantum systems. These von Neumann algebras are built from basic building blocks called factors. A subfactor is an inclusion of factors, and its representation theory encodes quantum symmetries. In the classical setting, the symmetries of a particular object form a group, like the collection of symmetries of a square or of a molecule. When one passes from the classical setting to the quantum setting, these groups are replaced by so-called quantum groups and tensor categories. Unitary tensor categories arise naturally in the study of subfactors, and in return, subfactor theory provides a wealth of techniques for classification and construction of examples. Moreover, the quantum doubles of unitary fusion categories are unitary modular categories, which are vital to research in topological phases of matter and topological quantum computation.&lt;br/&gt;&lt;br/&gt;The first aim of this project is the classification of subfactors and fusion categories. The small index subfactor classification program has seen recent success classifying up to index five, and the principal investigator will raise this index bound slightly above five. To raise the bound even further, up towards six, new techniques and obstructions are necessary. The project will also develop more techniques for studying infinite index subfactors, where there are relatively few results. The second aim is developing deeper connections between subfactors and free probability, C*-algebras, noncommutative geometry, and conformal field theory (CFT).  Recent work of Guionnet, Jones, and Shlyakhtenko developed a connection between subfactors, random matrices, and free probability. With Hartglass, the principal investigator developed this connection, discovering new connections to C*-algebras and noncommutative geometry via work of Pimsner and Voiculescu. The project will continue to investigate these new developments. Finally, conformal nets on the circle intimately relate subfactors and CFT.  In joint work with Henriques and Tener, the principal investigator will study conformal planar algebras, which are a common generalization of Jones's subfactor planar algebras and genus-zero Segal CFT. Tener and the principal investigator anticipate a classification in terms of module categories for the representation category of this CFT. They also conjecture the subfactor/planar algebra duality extends to a duality between conformal planar algebras and certain morphisms in the 3-category of conformal nets.</AbstractNarration>
<MinAmdLetterDate>04/28/2015</MinAmdLetterDate>
<MaxAmdLetterDate>04/28/2015</MaxAmdLetterDate>
<ARRAAmount/>
<AwardID>1500387</AwardID>
<Investigator>
<FirstName>David</FirstName>
<LastName>Penneys</LastName>
<EmailAddress>penneys.2@osu.edu</EmailAddress>
<StartDate>04/28/2015</StartDate>
<EndDate/>
<RoleCode>Principal Investigator</RoleCode>
</Investigator>
<Institution>
<Name>University of California-Los Angeles</Name>
<CityName>LOS ANGELES</CityName>
<ZipCode>900951406</ZipCode>
<PhoneNumber>3107940102</PhoneNumber>
<StreetAddress>10889 Wilshire Boulevard</StreetAddress>
<CountryName>United States</CountryName>
<StateName>California</StateName>
<StateCode>CA</StateCode>
</Institution>
<ProgramElement>
<Code>1281</Code>
<Text>ANALYSIS PROGRAM</Text>
</ProgramElement>
</Award>
</rootTag>
