<?xml version="1.0" encoding="UTF-8"?>
<rootTag>
<Award>
<AwardTitle>Doctoral Dissertation Research: Using Ethnographic Methods to Document the Garifuna Language</AwardTitle>
<AwardEffectiveDate>06/01/2015</AwardEffectiveDate>
<AwardExpirationDate>05/31/2016</AwardExpirationDate>
<AwardAmount>15119</AwardAmount>
<AwardInstrument>
<Value>Standard Grant</Value>
</AwardInstrument>
<Organization>
<Code>04040000</Code>
<Directorate>
<LongName>Direct For Social, Behav &amp; Economic Scie</LongName>
</Directorate>
<Division>
<LongName>Division Of Behavioral and Cognitive Sci</LongName>
</Division>
</Organization>
<ProgramOfficer>
<SignBlockName>Colleen Fitzgerald</SignBlockName>
</ProgramOfficer>
<AbstractNarration>Speaker responses about language use in interview settings are often skewed towards formal and prescriptively sanctioned norms.    By collecting and analyzing video and audio recordings of everyday conversations, narratives, and routinized speech events including ancestor rituals, Alison Broach under the direction of Eve Danziger of the University of Virginia will create a corpus naturalistic Garifuna [cab] speech.  The data samples in the resulting corpus will have been only minimally affected by the data collection process.  &lt;br/&gt;&lt;br/&gt;Garifuna is an Arawakan language spoken in several Central American countries and on the Caribbean island of St. Vincent.  Broach will document the Guatemalan variety about which little has been written.  Garifuna is of interest because of its unique historical origins through which it has acquired both Carib and West African features.  Documenting Garifuna using both state-of-the-art ethnographic and language documentation methods, Broach will study in depth the morphological and lexical borrowings into Garifuna from Spanish and French, languages with which Garifuna is in close contact.  This data will then lead to an analysis of how Garifuna has changed over time, especially as Spanish and English replace Garifuna as the language of choice for member of the speech community.  Results will also inform ongoing Garifuna language revitalization efforts.  &lt;br/&gt;&lt;br/&gt;Garifuna data will be archived at the Archive of the Indigenous Languages of Latin America and at LIBRA, an online open access repository for University of Virginia scholars.</AbstractNarration>
<MinAmdLetterDate>04/21/2015</MinAmdLetterDate>
<MaxAmdLetterDate>04/21/2015</MaxAmdLetterDate>
<ARRAAmount/>
<AwardID>1500811</AwardID>
<Investigator>
<FirstName>Alison</FirstName>
<LastName>Broach</LastName>
<EmailAddress>acb2fj@virginia.edu</EmailAddress>
<StartDate>04/21/2015</StartDate>
<EndDate/>
<RoleCode>Co-Principal Investigator</RoleCode>
</Investigator>
<Investigator>
<FirstName>Eve</FirstName>
<LastName>Danziger</LastName>
<EmailAddress>danziger@virginia.edu</EmailAddress>
<StartDate>04/21/2015</StartDate>
<EndDate/>
<RoleCode>Principal Investigator</RoleCode>
</Investigator>
<Institution>
<Name>University of Virginia Main Campus</Name>
<CityName>CHARLOTTESVILLE</CityName>
<ZipCode>229044195</ZipCode>
<PhoneNumber>4349244270</PhoneNumber>
<StreetAddress>P.O.  BOX 400195</StreetAddress>
<CountryName>United States</CountryName>
<StateName>Virginia</StateName>
<StateCode>VA</StateCode>
</Institution>
<ProgramElement>
<Code>7719</Code>
<Text>DEL</Text>
</ProgramElement>
<ProgramReference>
<Code>1311</Code>
<Text>LINGUISTICS</Text>
</ProgramReference>
<ProgramReference>
<Code>7719</Code>
<Text>DEL</Text>
</ProgramReference>
</Award>
</rootTag>
