<?xml version="1.0" encoding="UTF-8"?>
<rootTag>
<Award>
<AwardTitle>Collaborative Research: Heating the Solar Chromosphere Through Plasma Turbulence</AwardTitle>
<AwardEffectiveDate>07/15/2015</AwardEffectiveDate>
<AwardExpirationDate>06/30/2018</AwardExpirationDate>
<AwardAmount>340000</AwardAmount>
<AwardInstrument>
<Value>Continuing grant</Value>
</AwardInstrument>
<Organization>
<Code>03010000</Code>
<Directorate>
<LongName>Direct For Mathematical &amp; Physical Scien</LongName>
</Directorate>
<Division>
<LongName>Division Of Physics</LongName>
</Division>
</Organization>
<ProgramOfficer>
<SignBlockName>Vyacheslav S. Lukin</SignBlockName>
</ProgramOfficer>
<AbstractNarration>The goal of this project is to provide a detailed verifiable explanation of the origin of the heating of the solar atmosphere.  Most of the light reaching Earth originates at the 'surface' of the sun, a region called the photosphere. However, the regions of the solar atmosphere immediately above this surface, the solar chromosphere and corona, create most of the dangerous Ultraviolet (UV) and X-ray radiation. These regions also generate the solar wind, a stream of charged particles that pass the Earth at speeds in excess of 400km/s. Both the rapidly changing radiation and the solar wind create hazards for spacecraft, astronauts, and have a number of important terrestrial impacts. A long-standing mystery has prevented scientists from understanding and accurately modeling the chromosphere and corona. A short distance above the 'surface' of the sun, the solar atmosphere's temperature jumps up by a factor of two to three. The goal of this project is to provide an explanation of the origin of this heating.  The project will also provide opportunities to recruit and train student researchers in plasma and solar physics, simulations, and modeling at the Boston University.  Many of the Boston University PI's undergraduate research advisees, about half of whom are women, have continued on to graduate school. &lt;br/&gt;&lt;br/&gt;This research will examine whether solar plasma flows emerging from the photosphere can transfer sufficient energy into turbulent plasma of the solar atmosphere, which, in turn, will heat the chromosphere sufficiently to explain whether the observed UV spectra originate there. It will also evaluate whether this mechanism can account for chromospheric spectral observations. This requires four linked research tasks: (1) solving for plasma drifts and fields when a convecting neutral gas pushes it across magnetic field lines; (2) analyzing the theory of streaming instabilities applicable to the collisional plasma found there; (3) performing a series of kinetic simulations to explore the nonlinear and thermal properties of the resulting turbulence; and (4) incorporating the resulting electron heating into a radiative transport code in order to evaluate its impact on chromospheric radiance. This research combines several research areas encompassed by the NSF/DOE Partnership in Basic Science and Engineering.</AbstractNarration>
<MinAmdLetterDate>07/16/2015</MinAmdLetterDate>
<MaxAmdLetterDate>06/20/2017</MaxAmdLetterDate>
<ARRAAmount/>
<AwardID>1500439</AwardID>
<Investigator>
<FirstName>Yakov</FirstName>
<LastName>Dimant</LastName>
<EmailAddress>dimant@bu.edu</EmailAddress>
<StartDate>07/16/2015</StartDate>
<EndDate/>
<RoleCode>Co-Principal Investigator</RoleCode>
</Investigator>
<Investigator>
<FirstName>Meers</FirstName>
<LastName>Oppenheim</LastName>
<EmailAddress>meerso@bu.edu</EmailAddress>
<StartDate>07/16/2015</StartDate>
<EndDate/>
<RoleCode>Principal Investigator</RoleCode>
</Investigator>
<Institution>
<Name>Trustees of Boston University</Name>
<CityName>BOSTON</CityName>
<ZipCode>022151300</ZipCode>
<PhoneNumber>6173534365</PhoneNumber>
<StreetAddress>881 COMMONWEALTH AVE</StreetAddress>
<CountryName>United States</CountryName>
<StateName>Massachusetts</StateName>
<StateCode>MA</StateCode>
</Institution>
<ProgramElement>
<Code>1242</Code>
<Text>PLASMA PHYSICS</Text>
</ProgramElement>
<ProgramElement>
<Code>1253</Code>
<Text>OFFICE OF MULTIDISCIPLINARY AC</Text>
</ProgramElement>
<ProgramElement>
<Code>1523</Code>
<Text>SOLAR-TERRESTRIAL</Text>
</ProgramElement>
<ProgramReference>
<Code>1062</Code>
<Text>BASIC PLASMA SCIENCE &amp; ENGINEERING</Text>
</ProgramReference>
<ProgramReference>
<Code>4444</Code>
<Text>INTERDISCIPLINARY PROPOSALS</Text>
</ProgramReference>
<ProgramReference>
<Code>7298</Code>
<Text>COLLABORATIVE RESEARCH</Text>
</ProgramReference>
<ProgramReference>
<Code>8084</Code>
<Text>CDS&amp;E</Text>
</ProgramReference>
</Award>
</rootTag>
