<?xml version="1.0" encoding="UTF-8"?>
<rootTag>
<Award>
<AwardTitle>DISSERTATION RESEARCH: Consequences of sympatry and allopatry for variation in reproductive genes of Drosophila pseudoobscura</AwardTitle>
<AwardEffectiveDate>06/01/2015</AwardEffectiveDate>
<AwardExpirationDate>05/31/2016</AwardExpirationDate>
<AwardAmount>20143</AwardAmount>
<AwardInstrument>
<Value>Standard Grant</Value>
</AwardInstrument>
<Organization>
<Code>08010207</Code>
<Directorate>
<LongName>Direct For Biological Sciences</LongName>
</Directorate>
<Division>
<LongName>Division Of Environmental Biology</LongName>
</Division>
</Organization>
<ProgramOfficer>
<SignBlockName>George W. Gilchrist</SignBlockName>
</ProgramOfficer>
<AbstractNarration>Many factors influence mate choice in both plants and animals, including choosing a mate that will provide the best quality offspring while avoiding individuals of different species. The integration of these factors into a single choice implies that traits involved in mate selection within species could be the same traits that cause species to diverge from one another. Recently, the investigators used genetically modified Drosophila melanogaster to show that the same genes that control within species mate choice are also involved in species discrimination. This project is testing this association in a natural system, to understand how different populations accumulate changes in genes that control mate choice and species discrimination. These data will provide insight into the molecular mechanisms underlying natural variation in mate choice and the formation of reproductively isolated populations, which are important factors in understanding how new species arise over evolutionary time. &lt;br/&gt;&lt;br/&gt;The proposed research will examine DNA sequence and gene expression variation in reproductive genes in natural populations of the fruit fly Drosophila pseudoobscura, using high depth nucleotide sequencing. The experiment contrasts genetic changes that have occurred in populations that co-occur with closely related species, and thus must discriminate against them during mate choice, with changes in populations that are not exposed to other species. Analyses will assess genetic variation across all reproductive genes, as well as specifically in genes known to affect gamete competition. These variants will be associated with phenotypic data on mate choice within and between species, to differentiate genes that are important to mate choice, to species discrimination, and to both reproductive behaviors.</AbstractNarration>
<MinAmdLetterDate>03/31/2015</MinAmdLetterDate>
<MaxAmdLetterDate>03/31/2015</MaxAmdLetterDate>
<ARRAAmount/>
<AwardID>1500911</AwardID>
<Investigator>
<FirstName>Dean</FirstName>
<LastName>Castillo</LastName>
<EmailAddress>dmcastil@indiana.edu</EmailAddress>
<StartDate>03/31/2015</StartDate>
<EndDate/>
<RoleCode>Co-Principal Investigator</RoleCode>
</Investigator>
<Investigator>
<FirstName>Leonie</FirstName>
<LastName>Moyle</LastName>
<EmailAddress>lmoyle@indiana.edu</EmailAddress>
<StartDate>03/31/2015</StartDate>
<EndDate/>
<RoleCode>Principal Investigator</RoleCode>
</Investigator>
<Institution>
<Name>Indiana University</Name>
<CityName>Bloomington</CityName>
<ZipCode>474013654</ZipCode>
<PhoneNumber>8128550516</PhoneNumber>
<StreetAddress>509 E 3RD ST</StreetAddress>
<CountryName>United States</CountryName>
<StateName>Indiana</StateName>
<StateCode>IN</StateCode>
</Institution>
<ProgramElement>
<Code>7378</Code>
<Text>EVOLUTIONARY GENETICS</Text>
</ProgramElement>
<ProgramReference>
<Code>9169</Code>
<Text>BIODIVERSITY AND ECOSYSTEM DYNAMICS</Text>
</ProgramReference>
<ProgramReference>
<Code>9179</Code>
<Text>GRADUATE INVOLVEMENT</Text>
</ProgramReference>
<ProgramReference>
<Code>EGCH</Code>
<Text>ENVIRONMENT AND GLOBAL CHANGE</Text>
</ProgramReference>
<ProgramReference>
<Code>SMET</Code>
<Text>SCIENCE, MATH, ENG &amp; TECH EDUCATION</Text>
</ProgramReference>
</Award>
</rootTag>
