<?xml version="1.0" encoding="UTF-8"?>
<rootTag>
<Award>
<AwardTitle>Understanding Evidentiality and other grammatical phenomena through the expanded Documentation of Hupa</AwardTitle>
<AwardEffectiveDate>07/01/2015</AwardEffectiveDate>
<AwardExpirationDate>06/30/2019</AwardExpirationDate>
<AwardAmount>256556</AwardAmount>
<AwardInstrument>
<Value>Standard Grant</Value>
</AwardInstrument>
<Organization>
<Code>04040000</Code>
<Directorate>
<LongName>Direct For Social, Behav &amp; Economic Scie</LongName>
</Directorate>
<Division>
<LongName>Division Of Behavioral and Cognitive Sci</LongName>
</Division>
</Organization>
<ProgramOfficer>
<SignBlockName>Colleen Fitzgerald</SignBlockName>
</ProgramOfficer>
<AbstractNarration>Hupa, a critically endangered Native American language of northwestern California,  has a rich system of grammatical markers called evidentials that speakers deploy to indicate sources of information and viewpoint in narratives. Details of the distinctive Hupa system are still largely unexplored but have tremendous potential to improve our general understanding of how such meanings are expressed in human languages.  &lt;br/&gt;&lt;br/&gt;In this three-year Documenting Endangered Languages project, Justin Spence of the University of California, Davis and Ramon Excamilla of the University of Central Arkansas will work with Hupa elder Verdena Parker  to obtain narrative interpretations of archival film footage and translations of yet unanalyzed recordings.  In conjunction with targeted elicitations, analysis of the resulting Hupa language samples will help develop typologically and theoretically situated descriptions of evidentiality and other aspects of Hupa discourse structure. &lt;br/&gt;&lt;br/&gt;Public access to material produced by the project will be achieved through improvements to an existing online dictionary and text database. Expanding the quantity of accessible transcribed texts and the coverage of the dictionary, together with improvements to the user interface, will allow users to perform more sophisticated queries and to have greater confidence in the accuracy of the results they obtain. &lt;br/&gt;&lt;br/&gt;All recordings and transcriptions produced by the project will be archived with the Survey of California and Other Indian Languages at UC Berkeley, ensuring that they will remain accessible to future generations of users for many years to come.</AbstractNarration>
<MinAmdLetterDate>04/16/2015</MinAmdLetterDate>
<MaxAmdLetterDate>07/25/2016</MaxAmdLetterDate>
<ARRAAmount/>
<AwardID>1500851</AwardID>
<Investigator>
<FirstName>Ramon</FirstName>
<LastName>Escamilla</LastName>
<EmailAddress>rescamilla@uca.edu</EmailAddress>
<StartDate>04/16/2015</StartDate>
<EndDate/>
<RoleCode>Co-Principal Investigator</RoleCode>
</Investigator>
<Investigator>
<FirstName>Justin</FirstName>
<LastName>Spence</LastName>
<EmailAddress>jspence@ucdavis.edu</EmailAddress>
<StartDate>04/16/2015</StartDate>
<EndDate/>
<RoleCode>Principal Investigator</RoleCode>
</Investigator>
<Institution>
<Name>University of California-Davis</Name>
<CityName>Davis</CityName>
<ZipCode>956186134</ZipCode>
<PhoneNumber>5307547700</PhoneNumber>
<StreetAddress>OR/Sponsored Programs</StreetAddress>
<CountryName>United States</CountryName>
<StateName>California</StateName>
<StateCode>CA</StateCode>
</Institution>
<ProgramElement>
<Code>7719</Code>
<Text>DEL</Text>
</ProgramElement>
<ProgramReference>
<Code>1311</Code>
<Text>LINGUISTICS</Text>
</ProgramReference>
<ProgramReference>
<Code>7719</Code>
<Text>DEL</Text>
</ProgramReference>
<ProgramReference>
<Code>9178</Code>
<Text>UNDERGRADUATE EDUCATION</Text>
</ProgramReference>
<ProgramReference>
<Code>9251</Code>
<Text>RES EXPER FOR UNDERGRAD-SUPPLT</Text>
</ProgramReference>
</Award>
</rootTag>
