<?xml version="1.0" encoding="UTF-8"?>
<rootTag>
<Award>
<AwardTitle>Combinatorics, Representations, and Catalan Theory</AwardTitle>
<AwardEffectiveDate>07/01/2015</AwardEffectiveDate>
<AwardExpirationDate>06/30/2019</AwardExpirationDate>
<AwardAmount>180001</AwardAmount>
<AwardInstrument>
<Value>Standard Grant</Value>
</AwardInstrument>
<Organization>
<Code>03040000</Code>
<Directorate>
<LongName>Direct For Mathematical &amp; Physical Scien</LongName>
</Directorate>
<Division>
<LongName>Division Of Mathematical Sciences</LongName>
</Division>
</Organization>
<ProgramOfficer>
<SignBlockName>Tomek Bartoszynski</SignBlockName>
</ProgramOfficer>
<AbstractNarration>This project studies problems at the interface of enumerative and algebraic combinatorics.  Combinatorial questions arise in many areas of mathematics, and combinatorics has applications that include optimization, computer science, and statistical physics.  The enumerative problems under study in this project are related to parking functions (which originally arose in the study of hash functions in computer science) and the cyclic sieving phenomenon (a concept in enumerative combinatorics that interprets certain polynomial evaluations as counts of fixed points).  The research aims to both prove results in enumerative combinatorics and understand these results in terms of deeper algebraic structures.  This interaction between combinatorics and algebra promises to yield new results in both fields.  The enumerative side of the research is well-suited to broader impacts in the form of graduate and undergraduate research projects.&lt;br/&gt;&lt;br/&gt;This project studies problems in algebraic combinatorics.  The first of these is the cyclic sieving phenomenon as it applies to the action of a K-theoretic analog of the promotion operator on a K-generalization of rectangular standard Young tableaux.  The idea is to prove new instances of the (enumerative) cyclic sieving phenomenon related to this action using representation theory.  The second problem concerns a generalization of parking functions attached to the symmetric group to a wider class of "parking spaces" attached to a reflection group W.  We study a family of conjectures regarding these objects which would yield uniform proofs of various facts in Coxeter-Catalan theory which are at present only understood in a case-by-case fashion.  The third project studies rational Catalan combinatorics, which is a generalization of classical Catalan combinatorics motivated by the study of rational Cherednik algebras.  We propose to both extend various results from the rich enumerative domain of the classical setting to the rational case and study a genuinely new feature of the rational case that we call "rational duality."</AbstractNarration>
<MinAmdLetterDate>06/24/2015</MinAmdLetterDate>
<MaxAmdLetterDate>06/24/2015</MaxAmdLetterDate>
<ARRAAmount/>
<AwardID>1500838</AwardID>
<Investigator>
<FirstName>Brendon</FirstName>
<LastName>Rhoades</LastName>
<EmailAddress>bprhoades@math.ucsd.edu</EmailAddress>
<StartDate>06/24/2015</StartDate>
<EndDate/>
<RoleCode>Principal Investigator</RoleCode>
</Investigator>
<Institution>
<Name>University of California-San Diego</Name>
<CityName>La Jolla</CityName>
<ZipCode>920930621</ZipCode>
<PhoneNumber>8585344896</PhoneNumber>
<StreetAddress>Office of Contract &amp; Grant Admin</StreetAddress>
<CountryName>United States</CountryName>
<StateName>California</StateName>
<StateCode>CA</StateCode>
</Institution>
<ProgramElement>
<Code>7970</Code>
<Text>Combinatorics</Text>
</ProgramElement>
</Award>
</rootTag>
