<?xml version="1.0" encoding="UTF-8"?>
<rootTag>
<Award>
<AwardTitle>SaTC-EDU: EAGER: CFEAR: Cyber Forensics Education via Augmented Reality</AwardTitle>
<AwardEffectiveDate>09/01/2015</AwardEffectiveDate>
<AwardExpirationDate>08/31/2018</AwardExpirationDate>
<AwardAmount>299943</AwardAmount>
<AwardInstrument>
<Value>Standard Grant</Value>
</AwardInstrument>
<Organization>
<Code>11010001</Code>
<Directorate>
<LongName>Direct For Education and Human Resources</LongName>
</Directorate>
<Division>
<LongName>Division Of Graduate Education</LongName>
</Division>
</Organization>
<ProgramOfficer>
<SignBlockName>Victor P. Piotrowski</SignBlockName>
</ProgramOfficer>
<AbstractNarration>Creative educational and research programs need to be developed that will inspire young adults (also known as millennials) to pursue critical skills needed to drive our cybersecurity and STEM future and close the ever increasing cybersecurity talent gap. In this regard, educators and researchers must develop innovative curriculum incorporating emerging technologies, in addition to the theoretical content, to help cultivate and retain a highly skilled cybersecurity workforce. Along these lines, faculty and researchers at Metropolitan State University and the University of Minnesota propose to explore and investigate the use of Augmented Reality (AR) in imparting cybersecurity and forensics education and conducting related research; the major focus of the proposed work revolves around Smart- Glasses. &lt;br/&gt;&lt;br/&gt;Creative ways  to  impart  cybersecurity  and forensics education through smart-glasses, related apps, and/or other AR devices will be explored using a Discovery  (or  inquiry-based)  Learning  approach. This mode of delivery will allow students to interact with cyber forensics theories in an innovative, interactive, and effective way, enhancing their overall live experience and experiential learning. This exploratory research work will be ultimately transformed into cybersecurity and forensics curriculum at the undergraduate and graduate level. The efficacy of AR and smart-glasses in attracting, motivating and retaining students (with special emphasis on minorities and women) in cybersecurity and forensics will also be explored. With the help of collected data [observations of first-person (students) videos (live or recorded) while performing various cyber forensics related tasks, pre- post-course tests and student satisfaction surveys], the proposed work will identify unique skillsets for future cyber forensics workers as well as deficiencies, and learning gaps. Various security and privacy issues of smart-glasses (hardware, software, and available applications) will be investigated. In addition, we will investigate case scenarios, exposing system vulnerabilities due to smart-glass? integration with other wearable devices such as insulin pumps or pacemakers.</AbstractNarration>
<MinAmdLetterDate>08/21/2015</MinAmdLetterDate>
<MaxAmdLetterDate>08/21/2015</MaxAmdLetterDate>
<ARRAAmount/>
<AwardID>1500055</AwardID>
<Investigator>
<FirstName>Massoud</FirstName>
<LastName>Amin</LastName>
<EmailAddress>amin@umn.edu</EmailAddress>
<StartDate>08/21/2015</StartDate>
<EndDate/>
<RoleCode>Co-Principal Investigator</RoleCode>
</Investigator>
<Investigator>
<FirstName>Suzanne</FirstName>
<LastName>Fitzgerald</LastName>
<EmailAddress>sue.fitzgerald@metrostate.edu</EmailAddress>
<StartDate>08/21/2015</StartDate>
<EndDate/>
<RoleCode>Co-Principal Investigator</RoleCode>
</Investigator>
<Investigator>
<FirstName>Jigang</FirstName>
<LastName>Liu</LastName>
<EmailAddress>Jigang.Liu@metrostate.edu</EmailAddress>
<StartDate>08/21/2015</StartDate>
<EndDate/>
<RoleCode>Co-Principal Investigator</RoleCode>
</Investigator>
<Investigator>
<FirstName>Faisal</FirstName>
<LastName>Kaleem</LastName>
<EmailAddress>faisal.kaleem@metrostate.edu</EmailAddress>
<StartDate>08/21/2015</StartDate>
<EndDate/>
<RoleCode>Principal Investigator</RoleCode>
</Investigator>
<Institution>
<Name>Metropolitan State University</Name>
<CityName>St Paul</CityName>
<ZipCode>551065000</ZipCode>
<PhoneNumber>6517931912</PhoneNumber>
<StreetAddress>700 E 7th Street</StreetAddress>
<CountryName>United States</CountryName>
<StateName>Minnesota</StateName>
<StateCode>MN</StateCode>
</Institution>
<ProgramElement>
<Code>8060</Code>
<Text>Secure &amp;Trustworthy Cyberspace</Text>
</ProgramElement>
<ProgramReference>
<Code>7434</Code>
<Text>CNCI</Text>
</ProgramReference>
<ProgramReference>
<Code>7916</Code>
<Text>EAGER</Text>
</ProgramReference>
<ProgramReference>
<Code>8225</Code>
<Text>SaTC Special Projects</Text>
</ProgramReference>
<ProgramReference>
<Code>9179</Code>
<Text>GRADUATE INVOLVEMENT</Text>
</ProgramReference>
<ProgramReference>
<Code>SMET</Code>
<Text>SCIENCE, MATH, ENG &amp; TECH EDUCATION</Text>
</ProgramReference>
</Award>
</rootTag>
