<?xml version="1.0" encoding="UTF-8"?>
<rootTag>
<Award>
<AwardTitle>Applied Inverse Problems 2014 Conference Finland</AwardTitle>
<AwardEffectiveDate>01/01/2015</AwardEffectiveDate>
<AwardExpirationDate>12/31/2015</AwardExpirationDate>
<AwardAmount>30000</AwardAmount>
<AwardInstrument>
<Value>Standard Grant</Value>
</AwardInstrument>
<Organization>
<Code>03040000</Code>
<Directorate>
<LongName>Direct For Mathematical &amp; Physical Scien</LongName>
</Directorate>
<Division>
<LongName>Division Of Mathematical Sciences</LongName>
</Division>
</Organization>
<ProgramOfficer>
<SignBlockName>Bruce P. Palka</SignBlockName>
</ProgramOfficer>
<AbstractNarration>Abstract (Uhlmann, 1500517): &lt;br/&gt;&lt;br/&gt;The award  will support graduate students and postdoctoral researchers to participate in the  Applied Inverse problems 2015 (AIP 2015), be held in Helsinki, Finland, May 25-29, 2015,  as well as  a summer school held also in Helsinki, May 19-22, 2015.&lt;br/&gt;&lt;br/&gt;AIP 2015 is one of a series of AIP Conferences aimed  to provide a primary international forum for academic and industrial researchers working on all aspects of inverse problems, such as mathematical modelling, analytic and geometric methods, computational approaches, numerical algorithms etc.  It will cover a broad spectrum of the applications of inverse problems, focusing on recent developments in medical imaging, determination of defects in materials homogenization and inverse problems, geometric inverse problems, remote sensing, industrial applications, numerical and regularization methods in inverse problems, and also, invisibility and cloaking. More information of the conference can be found at the website http://aip2015.fips.fi/. The NSF support from this award will allow a financial package for US students and postdocs to participate in the conference and the summer school, and will significantly enhance the ability to recruit an outstanding and diverse group of researchers to work  in the area of inverse problems.</AbstractNarration>
<MinAmdLetterDate>01/22/2015</MinAmdLetterDate>
<MaxAmdLetterDate>01/22/2015</MaxAmdLetterDate>
<ARRAAmount/>
<AwardID>1500517</AwardID>
<Investigator>
<FirstName>Gunther</FirstName>
<LastName>Uhlmann</LastName>
<EmailAddress>gunther@math.washington.edu</EmailAddress>
<StartDate>01/22/2015</StartDate>
<EndDate/>
<RoleCode>Principal Investigator</RoleCode>
</Investigator>
<Institution>
<Name>University of Washington</Name>
<CityName>Seattle</CityName>
<ZipCode>981950001</ZipCode>
<PhoneNumber>2065434043</PhoneNumber>
<StreetAddress>4333 Brooklyn Ave NE</StreetAddress>
<CountryName>United States</CountryName>
<StateName>Washington</StateName>
<StateCode>WA</StateCode>
</Institution>
<ProgramElement>
<Code>1266</Code>
<Text>APPLIED MATHEMATICS</Text>
</ProgramElement>
<ProgramElement>
<Code>1281</Code>
<Text>ANALYSIS PROGRAM</Text>
</ProgramElement>
<ProgramReference>
<Code>7556</Code>
<Text>CONFERENCE AND WORKSHOPS</Text>
</ProgramReference>
</Award>
</rootTag>
