<?xml version="1.0" encoding="UTF-8"?>
<rootTag>
<Award>
<AwardTitle>Great Plains Operator Theory Symposium 2015</AwardTitle>
<AwardEffectiveDate>05/01/2015</AwardEffectiveDate>
<AwardExpirationDate>04/30/2016</AwardExpirationDate>
<AwardAmount>50000</AwardAmount>
<AwardInstrument>
<Value>Standard Grant</Value>
</AwardInstrument>
<Organization>
<Code>03040000</Code>
<Directorate>
<LongName>Direct For Mathematical &amp; Physical Scien</LongName>
</Directorate>
<Division>
<LongName>Division Of Mathematical Sciences</LongName>
</Division>
</Organization>
<ProgramOfficer>
<SignBlockName>Bruce P. Palka</SignBlockName>
</ProgramOfficer>
<AbstractNarration>This award provides funding to help defray the expenses of participants in the "Great Plains Operator Theory Symposium 2015" that will be held from May 26-30, 2015, on the campus of Purdue University.&lt;br/&gt;&lt;br/&gt;This conference is the thirty-fifth installment of the Great Plains Operator Theory Symposium (GPOTS), a series that annually brings together a diverse group of mathematicians whose primary research interests are in operator theory or operator algebras. The main foci of the 2015 event are the following: classification of  C*-algebras; von Neumann algebras; recent advances in operator theory; noncommutative geometry; C*-algebras and dynamical systems. The conference program provides ample opportunity for graduate students, postdocs, and other young scientists to present their work.&lt;br/&gt;&lt;br/&gt;Conference web page:  www.math.purdue.edu/~mdd/GPOTS2015/index.html</AbstractNarration>
<MinAmdLetterDate>12/08/2014</MinAmdLetterDate>
<MaxAmdLetterDate>12/08/2014</MaxAmdLetterDate>
<ARRAAmount/>
<AwardID>1500915</AwardID>
<Investigator>
<FirstName>Andrew</FirstName>
<LastName>Toms</LastName>
<EmailAddress>atoms@purdue.edu</EmailAddress>
<StartDate>12/08/2014</StartDate>
<EndDate/>
<RoleCode>Principal Investigator</RoleCode>
</Investigator>
<Institution>
<Name>Purdue University</Name>
<CityName>West Lafayette</CityName>
<ZipCode>479072114</ZipCode>
<PhoneNumber>7654941055</PhoneNumber>
<StreetAddress>Young Hall</StreetAddress>
<CountryName>United States</CountryName>
<StateName>Indiana</StateName>
<StateCode>IN</StateCode>
</Institution>
<ProgramElement>
<Code>1281</Code>
<Text>ANALYSIS PROGRAM</Text>
</ProgramElement>
<ProgramReference>
<Code>7556</Code>
<Text>CONFERENCE AND WORKSHOPS</Text>
</ProgramReference>
</Award>
</rootTag>
