<?xml version="1.0" encoding="UTF-8"?>
<rootTag>
<Award>
<AwardTitle>CoLang 2016:  Institute on Collaborative Language Research - ALASKA</AwardTitle>
<AwardEffectiveDate>08/01/2015</AwardEffectiveDate>
<AwardExpirationDate>07/31/2018</AwardExpirationDate>
<AwardAmount>299900</AwardAmount>
<AwardInstrument>
<Value>Continuing grant</Value>
</AwardInstrument>
<Organization>
<Code>04040000</Code>
<Directorate>
<LongName>Direct For Social, Behav &amp; Economic Scie</LongName>
</Directorate>
<Division>
<LongName>Division Of Behavioral and Cognitive Sci</LongName>
</Division>
</Organization>
<ProgramOfficer>
<SignBlockName>Colleen Fitzgerald</SignBlockName>
</ProgramOfficer>
<AbstractNarration>The 2016 Institute on Collaborative Language Research (CoLang 2016) will be held at the University of Alaska Fairbanks. CoLang brings together leading practitioners of language documentation from across the world to provide cutting-edge training in language documentation techniques and collaborative practices. Over a period of five weeks, including two weeks of workshops followed by three-week, in-depth field methods classes, participants engage in hands-on training in best practices in linguistic field research. Uniquely, CoLang focuses on collaborative documentation, engaging specialists from within language communities of underrepresented groups with academicians in knowledge sharing. All participants learn and teach, providing formal instruction via workshops or practicum teaching, participating in classes that take them out of their familiar areas and challenge them to engage with cultures and material new to them, and by networking with their colleagues around the world. In this way, CoLang builds a growing network of language workers who support each other in developing valid and sustainable approaches to language documentation.</AbstractNarration>
<MinAmdLetterDate>07/08/2015</MinAmdLetterDate>
<MaxAmdLetterDate>08/22/2016</MaxAmdLetterDate>
<ARRAAmount/>
<AwardID>1500841</AwardID>
<Investigator>
<FirstName>Alice</FirstName>
<LastName>Taff</LastName>
<EmailAddress>alicetaff@gmail.com</EmailAddress>
<StartDate>07/08/2015</StartDate>
<EndDate/>
<RoleCode>Co-Principal Investigator</RoleCode>
</Investigator>
<Investigator>
<FirstName>Siri</FirstName>
<LastName>Tuttle</LastName>
<EmailAddress>sgtuttle@alaska.edu</EmailAddress>
<StartDate>07/08/2015</StartDate>
<EndDate/>
<RoleCode>Co-Principal Investigator</RoleCode>
</Investigator>
<Investigator>
<FirstName>Lawrence</FirstName>
<LastName>Kaplan</LastName>
<EmailAddress>ldkaplan@alaska.edu</EmailAddress>
<StartDate>07/08/2015</StartDate>
<EndDate/>
<RoleCode>Principal Investigator</RoleCode>
</Investigator>
<Institution>
<Name>University of Alaska Fairbanks Campus</Name>
<CityName>Fairbanks</CityName>
<ZipCode>997757880</ZipCode>
<PhoneNumber>9074747301</PhoneNumber>
<StreetAddress>West Ridge Research Bldg 008</StreetAddress>
<CountryName>United States</CountryName>
<StateName>Alaska</StateName>
<StateCode>AK</StateCode>
</Institution>
<ProgramElement>
<Code>1744</Code>
<Text>TRIBAL COLLEGE &amp; UNIVERS PROGR</Text>
</ProgramElement>
<ProgramElement>
<Code>5221</Code>
<Text>ARCTIC SOCIAL SCIENCES</Text>
</ProgramElement>
<ProgramElement>
<Code>7414</Code>
<Text>NSF Public Access Initiative</Text>
</ProgramElement>
<ProgramElement>
<Code>7719</Code>
<Text>DEL</Text>
</ProgramElement>
<ProgramReference>
<Code>1311</Code>
<Text>LINGUISTICS</Text>
</ProgramReference>
<ProgramReference>
<Code>5221</Code>
<Text>ARCTIC SOCIAL SCIENCES</Text>
</ProgramReference>
<ProgramReference>
<Code>7719</Code>
<Text>DEL</Text>
</ProgramReference>
<ProgramReference>
<Code>8050</Code>
<Text>Science of Broadening Participation</Text>
</ProgramReference>
<ProgramReference>
<Code>9150</Code>
<Text>EXP PROG TO STIM COMP RES</Text>
</ProgramReference>
<ProgramReference>
<Code>9179</Code>
<Text>GRADUATE INVOLVEMENT</Text>
</ProgramReference>
</Award>
</rootTag>
