<?xml version="1.0" encoding="UTF-8"?>
<rootTag>
<Award>
<AwardTitle>DISSERTATION RESEARCH: Does grazing stimulate root exudation and accumulation of soil carbon in perennial grasslands?</AwardTitle>
<AwardEffectiveDate>05/01/2015</AwardEffectiveDate>
<AwardExpirationDate>04/30/2017</AwardExpirationDate>
<AwardAmount>19017</AwardAmount>
<AwardInstrument>
<Value>Standard Grant</Value>
</AwardInstrument>
<Organization>
<Code>08010209</Code>
<Directorate>
<LongName>Direct For Biological Sciences</LongName>
</Directorate>
<Division>
<LongName>Division Of Environmental Biology</LongName>
</Division>
</Organization>
<ProgramOfficer>
<SignBlockName>Matthew Kane</SignBlockName>
</ProgramOfficer>
<AbstractNarration>The goal of this project is to identify factors that regulate the uptake and storage of carbon within soils of cattle pastures in the southeastern United States. Carbon molecules that have been isotopically labeled will be tracked and used to answer questions about how and where carbon is sequestered by plant roots and soil microbes. The two main questions that will be addressed are: how plants transfer internal carbon from roots to the soil, and how microbes in the soil determine whether that carbon is quickly released back to the atmosphere through respiration or stabilized and stored for long periods of time? Carbon stored in soils for long periods of time is critical for the functioning of healthy ecosystems, in this case important agricultural systems in the US, but is also of interest for managers and policy makers because it represents the strength of the ecosystem for storing carbon from the atmosphere. &lt;br/&gt;&lt;br/&gt;One promising strategy to at least help offset carbon emissions from human activities is to strengthen the uptake and storage capacity for carbon in the soils of grasslands, since they are globally extensive and also vital for agricultural production. This project will advance technical understanding of the processes that regulate grassland soil carbon storage. Additional outcomes include graduate student training, opportunities for collaboration across scientific disciplines, mentoring and education of undergraduate students, and the extension of results to help farm managers understand and increase their abilities to store carbon on-farm while also improving pasture sustainability.</AbstractNarration>
<MinAmdLetterDate>03/23/2015</MinAmdLetterDate>
<MaxAmdLetterDate>03/23/2015</MaxAmdLetterDate>
<ARRAAmount/>
<AwardID>1501686</AwardID>
<Investigator>
<FirstName>Stephen</FirstName>
<LastName>Flory</LastName>
<EmailAddress>flory@ufl.edu</EmailAddress>
<StartDate>03/23/2015</StartDate>
<EndDate/>
<RoleCode>Principal Investigator</RoleCode>
</Investigator>
<Investigator>
<FirstName>Chris</FirstName>
<LastName>Wilson</LastName>
<EmailAddress>chwilson@ufl.edu</EmailAddress>
<StartDate>03/23/2015</StartDate>
<EndDate/>
<RoleCode>Co-Principal Investigator</RoleCode>
</Investigator>
<Institution>
<Name>University of Florida</Name>
<CityName>GAINESVILLE</CityName>
<ZipCode>326112002</ZipCode>
<PhoneNumber>3523923516</PhoneNumber>
<StreetAddress>1 UNIVERSITY OF FLORIDA</StreetAddress>
<CountryName>United States</CountryName>
<StateName>Florida</StateName>
<StateCode>FL</StateCode>
</Institution>
<ProgramElement>
<Code>1181</Code>
<Text>ECOSYSTEM STUDIES</Text>
</ProgramElement>
<ProgramReference>
<Code>9169</Code>
<Text>BIODIVERSITY AND ECOSYSTEM DYNAMICS</Text>
</ProgramReference>
<ProgramReference>
<Code>9179</Code>
<Text>GRADUATE INVOLVEMENT</Text>
</ProgramReference>
<ProgramReference>
<Code>EGCH</Code>
<Text>ENVIRONMENT AND GLOBAL CHANGE</Text>
</ProgramReference>
<ProgramReference>
<Code>SMET</Code>
<Text>SCIENCE, MATH, ENG &amp; TECH EDUCATION</Text>
</ProgramReference>
</Award>
</rootTag>
