<?xml version="1.0" encoding="UTF-8"?>
<rootTag>
<Award>
<AwardTitle>DISSERTATION RESEARCH: The effects of changing rainfall patterns on nitrogen cycling and leaching losses in agroecosystems</AwardTitle>
<AwardEffectiveDate>06/01/2015</AwardEffectiveDate>
<AwardExpirationDate>05/31/2017</AwardExpirationDate>
<AwardAmount>16536</AwardAmount>
<AwardInstrument>
<Value>Standard Grant</Value>
</AwardInstrument>
<Organization>
<Code>08010209</Code>
<Directorate>
<LongName>Direct For Biological Sciences</LongName>
</Directorate>
<Division>
<LongName>Division Of Environmental Biology</LongName>
</Division>
</Organization>
<ProgramOfficer>
<SignBlockName>Matthew Kane</SignBlockName>
</ProgramOfficer>
<AbstractNarration>Rainfall patterns are currently changing in the midwestern U.S., with an increasing proportion of rain falling in very heavy rain events. This intensification of rainfall patterns may have important consequences for rain-fed agriculture.  In particular, intensification of rainfall may alter the availability and losses of soil nitrogen. Nitrogen is an essential crop nutrient, but it is also very mobile.  Only about half the nitrogen added to soil in fertilizer is taken up by crops, with much of the remainder lost to the environment. Leaching is one of the most important pathways through which nitrogen is lost, with possible negative consequences including groundwater contamination and algae blooms and dead zones in rivers, lakes, and the coastal ocean. This research explores how more intense rainfall patterns may affect nitrogen leaching from Midwestern agricultural ecosystems. The project also seeks to identify management practices which may mitigate enhanced nitrogen leaching in the face of climate change.  &lt;br/&gt;&lt;br/&gt;This research will be conducted using an ecosystem-scale rainfall manipulation experiment at the Kellogg Biological Station Long Term Ecological Research (LTER) site in southwest Michigan. Agricultural fields under conventional and no-till management are exposed to ambient rainfall as well as rainfall patterns with extended dry periods and large, simulated rainfall events.  Leaching will be estimated with tension lysimeters to measure soil water nitrogen concentrations, and a model to estimate soil water flux. Deep soil sampling to 1.2m will trace the movement of nitrate down the soil profile over the course of a year and in response to individual rainfall events. The results will be shared with extension specialists, policymakers, and other local stakeholders and will provide opportunities for mentoring undergraduates.</AbstractNarration>
<MinAmdLetterDate>04/28/2015</MinAmdLetterDate>
<MaxAmdLetterDate>04/28/2015</MaxAmdLetterDate>
<ARRAAmount/>
<AwardID>1501133</AwardID>
<Investigator>
<FirstName>Pamela</FirstName>
<LastName>Matson</LastName>
<EmailAddress>matson@stanford.edu</EmailAddress>
<StartDate>04/28/2015</StartDate>
<EndDate/>
<RoleCode>Principal Investigator</RoleCode>
</Investigator>
<Investigator>
<FirstName>Laura</FirstName>
<LastName>Hess</LastName>
<EmailAddress>lhess@stanford.edu</EmailAddress>
<StartDate>04/28/2015</StartDate>
<EndDate/>
<RoleCode>Co-Principal Investigator</RoleCode>
</Investigator>
<Institution>
<Name>Stanford University</Name>
<CityName>Palo Alto</CityName>
<ZipCode>943041212</ZipCode>
<PhoneNumber>6507232300</PhoneNumber>
<StreetAddress>3160 Porter Drive</StreetAddress>
<CountryName>United States</CountryName>
<StateName>California</StateName>
<StateCode>CA</StateCode>
</Institution>
<ProgramElement>
<Code>1181</Code>
<Text>ECOSYSTEM STUDIES</Text>
</ProgramElement>
<ProgramReference>
<Code>9169</Code>
<Text>BIODIVERSITY AND ECOSYSTEM DYNAMICS</Text>
</ProgramReference>
<ProgramReference>
<Code>9179</Code>
<Text>GRADUATE INVOLVEMENT</Text>
</ProgramReference>
<ProgramReference>
<Code>EGCH</Code>
<Text>ENVIRONMENT AND GLOBAL CHANGE</Text>
</ProgramReference>
<ProgramReference>
<Code>SMET</Code>
<Text>SCIENCE, MATH, ENG &amp; TECH EDUCATION</Text>
</ProgramReference>
</Award>
</rootTag>
