<?xml version="1.0" encoding="UTF-8"?>
<rootTag>
<Award>
<AwardTitle>Dissertation Research: Disentangling drivers of community structure and composition of a tropical forest</AwardTitle>
<AwardEffectiveDate>06/01/2015</AwardEffectiveDate>
<AwardExpirationDate>05/31/2017</AwardExpirationDate>
<AwardAmount>16277</AwardAmount>
<AwardInstrument>
<Value>Standard Grant</Value>
</AwardInstrument>
<Organization>
<Code>08010208</Code>
<Directorate>
<LongName>Direct For Biological Sciences</LongName>
</Directorate>
<Division>
<LongName>Division Of Environmental Biology</LongName>
</Division>
</Organization>
<ProgramOfficer>
<SignBlockName>Douglas Levey</SignBlockName>
</ProgramOfficer>
<AbstractNarration>This project seeks to disentangle and characterize drivers of plant and animal community structure and composition in one of the world's largest regenerating tropical forests.  Determining why species are able to exist in a particular time and place (particularly the role of chance vs. inevitability) is simultaneously one of the most central tasks in ecology and a deeply pressing question for conservation in a rapidly changing world.  Understanding these forces in regenerating tropical forest is a particularly timely given (1) the incredible biodiversity of tropical forests, (2) that the proportion of remaining forest classified as regenerating is high and ever-rising, and (3) such knowledge is a prerequisite for deploying ecological restoration as an effective tool for preserving threatened species and ecosystems.&lt;br/&gt;&lt;br/&gt;The project team will assess three ultimate drivers of community composition and structure: soil quality, landscape composition, and initial vegetative conditions.  Using a network of vegetative plots, species composition of terrestrial mammal, bat, bird, and singing-insect assemblages will be assessed. Fundamental to this task is developing a set of tools that will allow for the rapid, cheap, and non-invasive assessment of these animal groups.  To this end, ultrasonic and audible-frequency recorders will be deployed, and the research team is developing techniques that will allow for the semi-automated analysis of recordings using machine learning.  To further assess vegetative structure and species interactions as proximate drivers of composition, arrays of synced recorders will be used to determine how key forest structural features and the distribution of some species affects the presence of others.</AbstractNarration>
<MinAmdLetterDate>03/31/2015</MinAmdLetterDate>
<MaxAmdLetterDate>03/31/2015</MaxAmdLetterDate>
<ARRAAmount/>
<AwardID>1501175</AwardID>
<Investigator>
<FirstName>David</FirstName>
<LastName>Wilcove</LastName>
<EmailAddress>dwilcove@princeton.edu</EmailAddress>
<StartDate>03/31/2015</StartDate>
<EndDate/>
<RoleCode>Principal Investigator</RoleCode>
</Investigator>
<Investigator>
<FirstName>Timothy</FirstName>
<LastName>Treuer</LastName>
<EmailAddress>treuer@princeton.edu</EmailAddress>
<StartDate>03/31/2015</StartDate>
<EndDate/>
<RoleCode>Co-Principal Investigator</RoleCode>
</Investigator>
<Institution>
<Name>Princeton University</Name>
<CityName>Princeton</CityName>
<ZipCode>085442020</ZipCode>
<PhoneNumber>6092583090</PhoneNumber>
<StreetAddress>Off. of Research &amp; Proj. Admin.</StreetAddress>
<CountryName>United States</CountryName>
<StateName>New Jersey</StateName>
<StateCode>NJ</StateCode>
</Institution>
<ProgramElement>
<Code>1182</Code>
<Text>POP &amp; COMMUNITY ECOL PROG</Text>
</ProgramElement>
<ProgramReference>
<Code>9169</Code>
<Text>BIODIVERSITY AND ECOSYSTEM DYNAMICS</Text>
</ProgramReference>
<ProgramReference>
<Code>9179</Code>
<Text>GRADUATE INVOLVEMENT</Text>
</ProgramReference>
<ProgramReference>
<Code>EGCH</Code>
<Text>ENVIRONMENT AND GLOBAL CHANGE</Text>
</ProgramReference>
<ProgramReference>
<Code>SMET</Code>
<Text>SCIENCE, MATH, ENG &amp; TECH EDUCATION</Text>
</ProgramReference>
</Award>
</rootTag>
