<?xml version="1.0" encoding="UTF-8"?>
<rootTag>
<Award>
<AwardTitle>DISSERTATION RESEARCH: Testing Alternative Hypotheses for the Goal of Orientation by Reef Fish Larvae throughout Development</AwardTitle>
<AwardEffectiveDate>08/15/2015</AwardEffectiveDate>
<AwardExpirationDate>07/31/2016</AwardExpirationDate>
<AwardAmount>16355</AwardAmount>
<AwardInstrument>
<Value>Standard Grant</Value>
</AwardInstrument>
<Organization>
<Code>08090500</Code>
<Directorate>
<LongName>Direct For Biological Sciences</LongName>
</Directorate>
<Division>
<LongName>Division Of Integrative Organismal Systems</LongName>
</Division>
</Organization>
<ProgramOfficer>
<SignBlockName>emilia martins</SignBlockName>
</ProgramOfficer>
<AbstractNarration>A central question of animal behavior and population ecology research is, how far do fish offspring disperse from their parents? This is because the dispersal of fish larvae connects distinct marine populations, thereby influencing the size and genetic diversity of those populations. In previous studies, marine ecologists have used two approaches to understand population connectivity: genetic methods that measure connectivity; and, oceanographic models that predict connectivity. There is, however, a large gap between the measured and predicted patterns of connectivity, which may be caused by the behavior of the fish larvae. Indeed, many reef fish larvae are outstanding swimmers that have the potential to influence their dispersal, but do they know where they are going? The objective of this research is to study the orientation abilities of fish larvae in the wild, throughout development and under a variety of environmental conditions, to determine whether understanding behavior can bridge the gap between observations and predictions of population connectivity. The completion of this research will enable improved predictions of population connectivity for other species, which will aid in the development of effective networks of marine reserves. The project will include a mentorship program for undergraduates in aquaculture and research, outreach to K-12 girls through the Science Club for Girls internship program and collaboration with local high school teachers.&lt;br/&gt;&lt;br/&gt;A significant gap in our understanding of marine ecology is the extent to which larval orientation behavior can influence the pattern of dispersal. This project will bridge this gap by investigating the ontogeny of larval orientation behavior using one tractable system: the neon goby, Elacatinus lori. The project has two main objectives: 1) to investigate changes in larval orientation abilities throughout development; and, 2) to test alternative hypotheses for the goal of larval orientation behavior, i.e., to determine what larvae are orienting toward. By deploying lab-reared larvae in a drifting in situ chamber, the researchers will test for an effect of age on the development of non-random orientation behavior, the proportion of larvae orienting and the precision of their orientation. The researchers will also manipulate the location of larval deployments to test and discriminate between alternative hypotheses for the goal of larval orientation. Ultimately, understanding the behavioral mechanisms of larval dispersal will increase our understanding of the causes of population connectivity and aid in the design of effective networks of marine reserves. Data will be archived at the National Oceanographic Data Center (NODC) or the NSF funded Knowledge Network for Biocomplexity (KNB).</AbstractNarration>
<MinAmdLetterDate>08/03/2015</MinAmdLetterDate>
<MaxAmdLetterDate>08/03/2015</MaxAmdLetterDate>
<ARRAAmount/>
<AwardID>1501651</AwardID>
<Investigator>
<FirstName>Peter</FirstName>
<LastName>Buston</LastName>
<EmailAddress>buston@bu.edu</EmailAddress>
<StartDate>08/03/2015</StartDate>
<EndDate/>
<RoleCode>Principal Investigator</RoleCode>
</Investigator>
<Investigator>
<FirstName>John</FirstName>
<LastName>Majoris</LastName>
<EmailAddress>jmajoris@bu.edu</EmailAddress>
<StartDate>08/03/2015</StartDate>
<EndDate/>
<RoleCode>Co-Principal Investigator</RoleCode>
</Investigator>
<Institution>
<Name>Trustees of Boston University</Name>
<CityName>BOSTON</CityName>
<ZipCode>022151300</ZipCode>
<PhoneNumber>6173534365</PhoneNumber>
<StreetAddress>881 COMMONWEALTH AVE</StreetAddress>
<CountryName>United States</CountryName>
<StateName>Massachusetts</StateName>
<StateCode>MA</StateCode>
</Institution>
<ProgramElement>
<Code>7659</Code>
<Text>ANIMAL BEHAVIOR</Text>
</ProgramElement>
<ProgramReference>
<Code>9178</Code>
<Text>UNDERGRADUATE EDUCATION</Text>
</ProgramReference>
<ProgramReference>
<Code>9179</Code>
<Text>GRADUATE INVOLVEMENT</Text>
</ProgramReference>
</Award>
</rootTag>
