<?xml version="1.0" encoding="UTF-8"?>
<rootTag>
<Award>
<AwardTitle>DISSERTATION RESEARCH: Assessing adaptative capacity in response to climate change: terrestrial salamanders in an urban heat island mesocosm</AwardTitle>
<AwardEffectiveDate>05/01/2015</AwardEffectiveDate>
<AwardExpirationDate>04/30/2017</AwardExpirationDate>
<AwardAmount>20648</AwardAmount>
<AwardInstrument>
<Value>Standard Grant</Value>
</AwardInstrument>
<Organization>
<Code>08010207</Code>
<Directorate>
<LongName>Direct For Biological Sciences</LongName>
</Directorate>
<Division>
<LongName>Division Of Environmental Biology</LongName>
</Division>
</Organization>
<ProgramOfficer>
<SignBlockName>Samuel M. Scheiner</SignBlockName>
</ProgramOfficer>
<AbstractNarration>This research will provide insights into the capacity of species to adapt to fragmented and warming habitats, and so inform actions that will be most effective in conserving biodiversity under climate change. Faced with changing climate, organisms either adapt in place or move to track conditions that they are adapted to. In the absence of these responses, they may go locally extinct. Relative to movement, adaptation in response to environmental change remains poorly understood in wild populations. Fortunately the recent development of genetic techniques for detecting adaptation in nature has made it easier to evaluate this response. Collaborations established under this project include educational outreach through the Duke Forest Office, North Carolina Central University, and the Scientific Research and Education Network.&lt;br/&gt;&lt;br/&gt;This project will study the capacity of a terrestrial salamander (Plethodon cinereus) to respond to local variability in temperature via adaptation. In the Piedmont of North Carolina, local heat islands resulting from development provide habitats that are substantially warmer than natural forests. This history of development has resulted in local warming over timescales ranging from &lt;10 to &gt;100 years, providing a quasi-experimental gradient in exposure time to elevated temperatures. Genetic variation within and among salamander populations will be assessed at a genome-wide scale using reduced representation, next-generation genomic sequencing methods. In combination with environmental covariates, novel genotype-environment outlier detection analyses will be used to partition genomic data into neutral and potentially adaptive variation; these data sets allow for the measurement of gene flow within and between populations and local adaptation, respectively. Integration of these data uses a Bayesian approach for modeling the covariance in neutral or adaptive allele frequencies as functions of geographic and environmental distances. Gene flow is assessed via covariance of neutral genetic markers on graph-theoretic estimates of geographic separation; local adaptation is measured in terms of covariance of genetic markers under selection on environmental dissimilarity. Relative effect sizes will identify instances of dispersal subsidy or isolation of better-adapted genotypes, as represented by locations where landscape configuration or the pace of development interferes with the ability of the resident salamanders to track local climate.</AbstractNarration>
<MinAmdLetterDate>02/26/2015</MinAmdLetterDate>
<MaxAmdLetterDate>02/26/2015</MaxAmdLetterDate>
<ARRAAmount/>
<AwardID>1501693</AwardID>
<Investigator>
<FirstName>Brenna</FirstName>
<LastName>Forester</LastName>
<EmailAddress>brenna.forester@duke.edu</EmailAddress>
<StartDate>02/26/2015</StartDate>
<EndDate/>
<RoleCode>Co-Principal Investigator</RoleCode>
</Investigator>
<Investigator>
<FirstName>Dean</FirstName>
<LastName>Urban</LastName>
<EmailAddress>deanu@duke.edu</EmailAddress>
<StartDate>02/26/2015</StartDate>
<EndDate/>
<RoleCode>Principal Investigator</RoleCode>
</Investigator>
<Institution>
<Name>Duke University</Name>
<CityName>Durham</CityName>
<ZipCode>277054010</ZipCode>
<PhoneNumber>9196843030</PhoneNumber>
<StreetAddress>2200 W. Main St, Suite 710</StreetAddress>
<CountryName>United States</CountryName>
<StateName>North Carolina</StateName>
<StateCode>NC</StateCode>
</Institution>
<ProgramElement>
<Code>7377</Code>
<Text>EVOLUTIONARY ECOLOGY</Text>
</ProgramElement>
<ProgramReference>
<Code>9169</Code>
<Text>BIODIVERSITY AND ECOSYSTEM DYNAMICS</Text>
</ProgramReference>
<ProgramReference>
<Code>9179</Code>
<Text>GRADUATE INVOLVEMENT</Text>
</ProgramReference>
<ProgramReference>
<Code>EGCH</Code>
<Text>ENVIRONMENT AND GLOBAL CHANGE</Text>
</ProgramReference>
<ProgramReference>
<Code>SMET</Code>
<Text>SCIENCE, MATH, ENG &amp; TECH EDUCATION</Text>
</ProgramReference>
</Award>
</rootTag>
