<?xml version="1.0" encoding="UTF-8"?>
<rootTag>
<Award>
<AwardTitle>DISSERTATION RESEARCH: Apparent competition or anthropogenic over-harvest: hunting in a multi-species context and its impact on species extinctions in Tropical East Asia</AwardTitle>
<AwardEffectiveDate>06/01/2015</AwardEffectiveDate>
<AwardExpirationDate>05/31/2017</AwardExpirationDate>
<AwardAmount>16336</AwardAmount>
<AwardInstrument>
<Value>Standard Grant</Value>
</AwardInstrument>
<Organization>
<Code>08010208</Code>
<Directorate>
<LongName>Direct For Biological Sciences</LongName>
</Directorate>
<Division>
<LongName>Division Of Environmental Biology</LongName>
</Division>
</Organization>
<ProgramOfficer>
<SignBlockName>Douglas Levey</SignBlockName>
</ProgramOfficer>
<AbstractNarration>Tropical forests contain most of the world's bird and mammal species, many of which are heavily threatened by overhunting. This project seeks to understand how habitat loss and hunting synergistically affect vertebrate communities. Doctoral Dissertation Improvement funds will complement ongoing research by supporting the collection of detailed information on hunter decision-making behavior, including hunter motivations, their prey preferences, and their searching strategies. The motivation for hunting - whether for subsistence livelihood, commercial markets, or recreation - can determine whether or not excessive hunting is likely to occur. Improved understanding of hunting behavior, in combination with spatial distribution patterns of different species, will improve management of hunting throughout the tropics, as well as in other low-governance areas. Such areas are often committed to the conflicting goals of biodiversity preservation and access by low-income rural populations to natural resources. The project will focus on capacity building and knowledge exchange with local partner institutions, ranging from protected area administration to research stations with local Chinese and Laotian graduate students and faculty.   It will contribute significantly to training a graduate student by supporting the integration of social science surveys with existing field research to address an increasing problem. &lt;br/&gt;&lt;br/&gt;A field study focusing on hunters and a suite of tropical bird species, ranging from species that are widely distributed and rarely hunted to those that have been heavily hunted and occur only in isolated fragments, will be conducted in Tropical East Asia. The investigators posit that the failure of current models to manage exploited populations results from the fact that hunting occurs in a multi-prey context. Common, unprotected prey species can subsidize the exploitation of rare species, a phenomenon called opportunistic exploitation. The researchers will adapt multi-species competition and predation models to include anthropogenic hunting, thereby offering novel predictors for vulnerability to over-exploitation. Point count transects will describe the abundance and distribution patterns of avian species within and around protected areas in Southwest China and Northern Laos. Household interviews of villagers living within 5km of protected areas will be conducted to assess hunter behavioral motivations, and hunting techniques and intensity. The field survey data will inform a mathematical model of multi-species hunting to better understand how to conserve tropical diversity.</AbstractNarration>
<MinAmdLetterDate>05/01/2015</MinAmdLetterDate>
<MaxAmdLetterDate>05/01/2015</MaxAmdLetterDate>
<ARRAAmount/>
<AwardID>1501552</AwardID>
<Investigator>
<FirstName>Simon</FirstName>
<LastName>Levin</LastName>
<EmailAddress>slevin@princeton.edu</EmailAddress>
<StartDate>05/01/2015</StartDate>
<EndDate/>
<RoleCode>Principal Investigator</RoleCode>
</Investigator>
<Investigator>
<FirstName>David</FirstName>
<LastName>Wilcove</LastName>
<EmailAddress>dwilcove@princeton.edu</EmailAddress>
<StartDate>05/01/2015</StartDate>
<EndDate/>
<RoleCode>Co-Principal Investigator</RoleCode>
</Investigator>
<Investigator>
<FirstName>Charlotte</FirstName>
<LastName>Chang</LastName>
<EmailAddress>chc2@princeton.edu</EmailAddress>
<StartDate>05/01/2015</StartDate>
<EndDate/>
<RoleCode>Co-Principal Investigator</RoleCode>
</Investigator>
<Institution>
<Name>Princeton University</Name>
<CityName>Princeton</CityName>
<ZipCode>085442020</ZipCode>
<PhoneNumber>6092583090</PhoneNumber>
<StreetAddress>Off. of Research &amp; Proj. Admin.</StreetAddress>
<CountryName>United States</CountryName>
<StateName>New Jersey</StateName>
<StateCode>NJ</StateCode>
</Institution>
<ProgramElement>
<Code>1182</Code>
<Text>POP &amp; COMMUNITY ECOL PROG</Text>
</ProgramElement>
<ProgramReference>
<Code>9169</Code>
<Text>BIODIVERSITY AND ECOSYSTEM DYNAMICS</Text>
</ProgramReference>
<ProgramReference>
<Code>9179</Code>
<Text>GRADUATE INVOLVEMENT</Text>
</ProgramReference>
<ProgramReference>
<Code>EGCH</Code>
<Text>ENVIRONMENT AND GLOBAL CHANGE</Text>
</ProgramReference>
<ProgramReference>
<Code>SMET</Code>
<Text>SCIENCE, MATH, ENG &amp; TECH EDUCATION</Text>
</ProgramReference>
</Award>
</rootTag>
