<?xml version="1.0" encoding="UTF-8"?>
<rootTag>
<Award>
<AwardTitle>DISSERTATION RESEARCH:  Assessing controls, fates, and significance of animal egesta in stream ecosystems</AwardTitle>
<AwardEffectiveDate>06/01/2015</AwardEffectiveDate>
<AwardExpirationDate>05/31/2016</AwardExpirationDate>
<AwardAmount>19045</AwardAmount>
<AwardInstrument>
<Value>Standard Grant</Value>
</AwardInstrument>
<Organization>
<Code>08010209</Code>
<Directorate>
<LongName>Direct For Biological Sciences</LongName>
</Directorate>
<Division>
<LongName>Division Of Environmental Biology</LongName>
</Division>
</Organization>
<ProgramOfficer>
<SignBlockName>Matthew Kane</SignBlockName>
</ProgramOfficer>
<AbstractNarration>Animals can play key roles in freshwater ecosystems by converting food resources into waste products that affect the cycling of nutrients such as nitrogen and phosphorus. Previous research has focused on the ecological importance of dissolved wastes (e.g. ammonium and phosphate) from animals, termed excreta, because these wastes are nutrient-rich and readily bioavailable to plants and bacteria. However, animals also produce substantial amounts of particulate wastes, termed feces. For example, leaf-shredding stream invertebrates convert plant litter into fine particulate feces that can be subsequently transported downstream, broken down, or consumed by other animals. Feces may vary widely in attributes depending on diet and the source animal, suggesting species-specific roles of animal feces in larger functioning of ecosystems. In this project, researchers will explore factors influencing attributes of animal feces and compare the impact of feces on nutrient cycling to that of excreta in stream ecosystems. This project will benefit society by contributing novel information about the importance of animals in ecosystems and providing career development for multiple undergraduates and one graduate student. Results can help guide management of human activities that drive changes in animal species distribution and nutrient pollution in freshwaters.&lt;br/&gt;&lt;br/&gt;This project will employ a combination of laboratory experiments and field surveys to assess controls, fates, and the significance of animal egesta (feces) in stream ecosystems. Dominant grazing and shredding macroinvertebrates from multiple species will be brought to the laboratory, fed diets of low or high nutrient content, and their egesta collected to characterize size and chemical binding as well as measure rates of microbial decomposition and nutrient leaching, uptake, and mineralization over the course of several months. Recurrent surveys of an Ozark headwater stream will quantify total excretion and egestion of carbon, nitrogen, and phosphorus by extant macroinvertebrates and compare these animal fluxes to background stocks and fluxes of dissolved nutrients (in the case of excreta) and fine particulate organic matter (in the case of egesta). All findings will be synthesized for modeling of how variation in background nutrient concentrations, animal community composition, and background stocks and fluxes of dissolved and particulate elements can affect the roles of animals in stream ecosystems.</AbstractNarration>
<MinAmdLetterDate>03/17/2015</MinAmdLetterDate>
<MaxAmdLetterDate>03/17/2015</MaxAmdLetterDate>
<ARRAAmount/>
<AwardID>1501703</AwardID>
<Investigator>
<FirstName>Halvor</FirstName>
<LastName>Halvorson</LastName>
<EmailAddress>hhalvors@uark.edu</EmailAddress>
<StartDate>03/17/2015</StartDate>
<EndDate/>
<RoleCode>Co-Principal Investigator</RoleCode>
</Investigator>
<Investigator>
<FirstName>Michelle</FirstName>
<LastName>Evans-White</LastName>
<EmailAddress>mevanswh@uark.edu</EmailAddress>
<StartDate>03/17/2015</StartDate>
<EndDate/>
<RoleCode>Principal Investigator</RoleCode>
</Investigator>
<Institution>
<Name>University of Arkansas</Name>
<CityName>FAYETTEVILLE</CityName>
<ZipCode>727011201</ZipCode>
<PhoneNumber>4795753845</PhoneNumber>
<StreetAddress>210 Administration Building</StreetAddress>
<CountryName>United States</CountryName>
<StateName>Arkansas</StateName>
<StateCode>AR</StateCode>
</Institution>
<ProgramElement>
<Code>1181</Code>
<Text>ECOSYSTEM STUDIES</Text>
</ProgramElement>
<ProgramReference>
<Code>9150</Code>
<Text>EXP PROG TO STIM COMP RES</Text>
</ProgramReference>
<ProgramReference>
<Code>9169</Code>
<Text>BIODIVERSITY AND ECOSYSTEM DYNAMICS</Text>
</ProgramReference>
<ProgramReference>
<Code>9179</Code>
<Text>GRADUATE INVOLVEMENT</Text>
</ProgramReference>
<ProgramReference>
<Code>EGCH</Code>
<Text>ENVIRONMENT AND GLOBAL CHANGE</Text>
</ProgramReference>
<ProgramReference>
<Code>SMET</Code>
<Text>SCIENCE, MATH, ENG &amp; TECH EDUCATION</Text>
</ProgramReference>
</Award>
</rootTag>
