<?xml version="1.0" encoding="UTF-8"?>
<rootTag>
<Award>
<AwardTitle>DISSERTATION RESEARCH: Plant-microbe effects on soil carbon storage in a changing global environment</AwardTitle>
<AwardEffectiveDate>07/01/2015</AwardEffectiveDate>
<AwardExpirationDate>06/30/2018</AwardExpirationDate>
<AwardAmount>19760</AwardAmount>
<AwardInstrument>
<Value>Standard Grant</Value>
</AwardInstrument>
<Organization>
<Code>08010209</Code>
<Directorate>
<LongName>Direct For Biological Sciences</LongName>
</Directorate>
<Division>
<LongName>Division Of Environmental Biology</LongName>
</Division>
</Organization>
<ProgramOfficer>
<SignBlockName>Matthew Kane</SignBlockName>
</ProgramOfficer>
<AbstractNarration>Our planet's environment is changing. Since the Industrial Revolution, land use change, fertilizer use, and fossil fuel combustion have increased atmospheric carbon dioxide concentrations by 40% and nitrogen inputs twelve fold. Plants and soils could either mitigate or accelerate this global change because of their role in taking up and cycling carbon and nutrients. This research addresses how one key player in plant-soil systems affects carbon storage and release. Fungi in soil connect to plant roots and transfer nutrients from the soil to the plant in exchange for carbon from the plant. However, it is unclear whether these fungi will facilitate net retention or release of carbon in the soil. On the one hand, fungi could protect carbon in soil under elevated CO2 concentrations. It is also possible that soil fungi have the opposite effect, and accelerate decomposition of carbon. This doctoral dissertation improvement grant project will test the extent to which each of these scenarios is accurate.  Experiments will take place at Cedar Creek Ecosystem Science Reserve in Minnesota where the Ph.D. student has conducted her main dissertation research. Results from this research, combined with the student's ongoing work, will inform how total soil carbon storage might be affected by soil fungi in a changing global environment.&lt;br/&gt;&lt;br/&gt;This research will not only advance understanding of global change effects on C cycling but will also provide unique educational opportunities. This award will greatly enhance the Ph.D. student's graduate training through collaboration in stable isotope analysis - a novel tool for studying flow of C through ecosystems - which would not be possible otherwise. Through performing the proposed work in collaboration with Dr. Elise Pendall (University of Western Sydney), who has significant experience with stable isotope analysis, the student will develop a strong skill set, building off her participation in the NSF-funded Stable Isotope Biogeochemistry and Ecology course at the University of Utah. Developing skills in using stable isotopes in ecological research could also generally increase the value she would bring to future collaborations. Additionally, the graduate student will leverage her ongoing leadership with the Boreas Environmental Leadership Program at the University of Minnesota's Institute on the Environment to explore new professional development opportunities for graduate students in the sciences to discuss and practice sharing their research to non-academic audiences.</AbstractNarration>
<MinAmdLetterDate>06/15/2015</MinAmdLetterDate>
<MaxAmdLetterDate>06/15/2015</MaxAmdLetterDate>
<ARRAAmount/>
<AwardID>1501769</AwardID>
<Investigator>
<FirstName>Peter</FirstName>
<LastName>Reich</LastName>
<EmailAddress>preich@umn.edu</EmailAddress>
<StartDate>06/15/2015</StartDate>
<EndDate/>
<RoleCode>Co-Principal Investigator</RoleCode>
</Investigator>
<Investigator>
<FirstName>Sarah</FirstName>
<LastName>Hobbie</LastName>
<EmailAddress>shobbie@umn.edu</EmailAddress>
<StartDate>06/15/2015</StartDate>
<EndDate/>
<RoleCode>Principal Investigator</RoleCode>
</Investigator>
<Investigator>
<FirstName>Clare</FirstName>
<LastName>Kazanski</LastName>
<EmailAddress>ckazansk@umn.edu</EmailAddress>
<StartDate>06/15/2015</StartDate>
<EndDate/>
<RoleCode>Co-Principal Investigator</RoleCode>
</Investigator>
<Institution>
<Name>University of Minnesota-Twin Cities</Name>
<CityName>Minneapolis</CityName>
<ZipCode>554552070</ZipCode>
<PhoneNumber>6126245599</PhoneNumber>
<StreetAddress>200 OAK ST SE</StreetAddress>
<CountryName>United States</CountryName>
<StateName>Minnesota</StateName>
<StateCode>MN</StateCode>
</Institution>
<ProgramElement>
<Code>1181</Code>
<Text>ECOSYSTEM STUDIES</Text>
</ProgramElement>
<ProgramReference>
<Code>9169</Code>
<Text>BIODIVERSITY AND ECOSYSTEM DYNAMICS</Text>
</ProgramReference>
<ProgramReference>
<Code>9179</Code>
<Text>GRADUATE INVOLVEMENT</Text>
</ProgramReference>
<ProgramReference>
<Code>EGCH</Code>
<Text>ENVIRONMENT AND GLOBAL CHANGE</Text>
</ProgramReference>
<ProgramReference>
<Code>SMET</Code>
<Text>SCIENCE, MATH, ENG &amp; TECH EDUCATION</Text>
</ProgramReference>
</Award>
</rootTag>
