<?xml version="1.0" encoding="UTF-8"?>
<rootTag>
<Award>
<AwardTitle>Workshop in Analysis and Probability</AwardTitle>
<AwardEffectiveDate>06/01/2015</AwardEffectiveDate>
<AwardExpirationDate>05/31/2019</AwardExpirationDate>
<AwardAmount>239997</AwardAmount>
<AwardInstrument>
<Value>Continuing grant</Value>
</AwardInstrument>
<Organization>
<Code>03040000</Code>
<Directorate>
<LongName>Direct For Mathematical &amp; Physical Scien</LongName>
</Directorate>
<Division>
<LongName>Division Of Mathematical Sciences</LongName>
</Division>
</Organization>
<ProgramOfficer>
<SignBlockName>Nandini Kannan</SignBlockName>
</ProgramOfficer>
<AbstractNarration>This award supports participation in the Workshop in Analysis and Probability held at Texas A&amp;M University during the period from July 1 to August 2, 2015, and during similar periods in the summers of 2016 and 2017. The Workshop brings together senior and junior researchers and advanced graduate students in analysis and probability and related fields of mathematics in order to broaden the education of the younger participants and to promote interaction among researchers working in different areas. It sponsors a yearly three-day conference (SUMIRFAS - Informal Regional Functional Analysis Seminar), Concentration Weeks, and mini-conferences. In 2015 SUMIRFAS will be held from July 31 to August 2, and the Concentration Week "From Commutators to BCP Operators" will take place July 27 to 31. In addition to advanced lectures for experts, Concentration Weeks include introductory lectures designed to acquaint junior researchers and non-experts with the basics of a topical area of current interest. All Workshop participants will be invited to disseminate their work through seminars, and past experience suggests that most will take advantage of this opportunity.&lt;br/&gt;&lt;br/&gt;The Workshop activities have a wide impact by providing intellectual stimulation for all participants as well as giving an opportunity to a diverse group of junior participants to increase the breadth and depth of knowledge and to interact with senior researchers in several areas of mathematics. There is also significant outreach to applied mathematics and computer science. Indeed, an important goal of the Workshop is to promote cooperation among researchers in different fields, and every Concentration Week involves participants from two or more research areas. The website of the Workshop is located at &lt;http://www.math.tamu.edu/~kerr/workshop&gt;.</AbstractNarration>
<MinAmdLetterDate>04/22/2015</MinAmdLetterDate>
<MaxAmdLetterDate>06/16/2017</MaxAmdLetterDate>
<ARRAAmount/>
<AwardID>1501062</AwardID>
<Investigator>
<FirstName>William</FirstName>
<LastName>Johnson</LastName>
<EmailAddress>johnson@math.tamu.edu</EmailAddress>
<StartDate>04/22/2015</StartDate>
<EndDate/>
<RoleCode>Co-Principal Investigator</RoleCode>
</Investigator>
<Investigator>
<FirstName>Gilles</FirstName>
<LastName>Pisier</LastName>
<EmailAddress>pisier@math.tamu.edu</EmailAddress>
<StartDate>04/22/2015</StartDate>
<EndDate/>
<RoleCode>Co-Principal Investigator</RoleCode>
</Investigator>
<Investigator>
<FirstName>David</FirstName>
<LastName>Kerr</LastName>
<EmailAddress>kerr@math.tamu.edu</EmailAddress>
<StartDate>04/22/2015</StartDate>
<EndDate/>
<RoleCode>Principal Investigator</RoleCode>
</Investigator>
<Institution>
<Name>Texas A&amp;M University Main Campus</Name>
<CityName>College Station</CityName>
<ZipCode>778454375</ZipCode>
<PhoneNumber>9798626777</PhoneNumber>
<StreetAddress>400 Harvey Mitchell Pkwy South</StreetAddress>
<CountryName>United States</CountryName>
<StateName>Texas</StateName>
<StateCode>TX</StateCode>
</Institution>
<ProgramElement>
<Code>1260</Code>
<Text>INFRASTRUCTURE PROGRAM</Text>
</ProgramElement>
<ProgramElement>
<Code>1281</Code>
<Text>ANALYSIS PROGRAM</Text>
</ProgramElement>
<ProgramReference>
<Code>7556</Code>
<Text>CONFERENCE AND WORKSHOPS</Text>
</ProgramReference>
</Award>
</rootTag>
