<?xml version="1.0" encoding="UTF-8"?>
<rootTag>
<Award>
<AwardTitle>DISSERTATION RESEARCH: Genomic signatures of pathogen-mediated selection in diachronic populations of the House Finch</AwardTitle>
<AwardEffectiveDate>06/01/2015</AwardEffectiveDate>
<AwardExpirationDate>05/31/2017</AwardExpirationDate>
<AwardAmount>21940</AwardAmount>
<AwardInstrument>
<Value>Standard Grant</Value>
</AwardInstrument>
<Organization>
<Code>08010207</Code>
<Directorate>
<LongName>Direct For Biological Sciences</LongName>
</Directorate>
<Division>
<LongName>Division Of Environmental Biology</LongName>
</Division>
</Organization>
<ProgramOfficer>
<SignBlockName>Samuel M. Scheiner</SignBlockName>
</ProgramOfficer>
<AbstractNarration>This study will examine how the House Finch has evolved resistance and tolerance to a novel pathogen. Novel pathogens are a challenge faced by many species, and understanding how species might respond is integral for informing conservation efforts to protect global biodiversity. Human-mediated introductions of pathogens into new environments are common today given the ease of global travel. In 1994, a species of bacteria, Mycoplamsa gallisepticum, historically associated with poultry, infected the House Finch and killed an estimated 225 million individuals (60% of the eastern population). This pathogen is the cause of one of the most significant diseases of the poultry industry, so any genes identified as targets of evolution in this House Finchmay also be applicable to improving resistance and tolerance in poultry.&lt;br/&gt;&lt;br/&gt;The project will use whole genome resequencing and genotyping of immune genes such as MHC and TLRs to disentangle the genetic underpinnings of two important immunological responses, resistance and tolerance. Data collected from wild populations around the U.S. in multiple time periods before and after exposure to the pathogen will show how the House Finch has evolved. The researchers will test whether MHC and TLR intra-individual allelic diversity has increased in response to strong selection, or if specific alleles confer resistance or susceptibility to the pathogen by increasing or decreasing in frequency over time. Genotyping of experimentally infected individuals from a historically unexposed population will test whether putatively selected alleles are associated with disease phenotypes such as pathogen load or conjunctival swelling.</AbstractNarration>
<MinAmdLetterDate>03/23/2015</MinAmdLetterDate>
<MaxAmdLetterDate>03/23/2015</MaxAmdLetterDate>
<ARRAAmount/>
<AwardID>1501554</AwardID>
<Investigator>
<FirstName>John</FirstName>
<LastName>Wakeley</LastName>
<EmailAddress>wakeley@fas.harvard.edu</EmailAddress>
<StartDate>03/23/2015</StartDate>
<EndDate/>
<RoleCode>Principal Investigator</RoleCode>
</Investigator>
<Investigator>
<FirstName>Allison</FirstName>
<LastName>Shultz</LastName>
<EmailAddress>ashultz@fas.harvard.edu</EmailAddress>
<StartDate>03/23/2015</StartDate>
<EndDate/>
<RoleCode>Co-Principal Investigator</RoleCode>
</Investigator>
<Institution>
<Name>Harvard University</Name>
<CityName>Cambridge</CityName>
<ZipCode>021385369</ZipCode>
<PhoneNumber>6174955501</PhoneNumber>
<StreetAddress>1033 MASSACHUSETTS AVE</StreetAddress>
<CountryName>United States</CountryName>
<StateName>Massachusetts</StateName>
<StateCode>MA</StateCode>
</Institution>
<ProgramElement>
<Code>7378</Code>
<Text>EVOLUTIONARY GENETICS</Text>
</ProgramElement>
<ProgramReference>
<Code>9169</Code>
<Text>BIODIVERSITY AND ECOSYSTEM DYNAMICS</Text>
</ProgramReference>
<ProgramReference>
<Code>9179</Code>
<Text>GRADUATE INVOLVEMENT</Text>
</ProgramReference>
<ProgramReference>
<Code>EGCH</Code>
<Text>ENVIRONMENT AND GLOBAL CHANGE</Text>
</ProgramReference>
<ProgramReference>
<Code>SMET</Code>
<Text>SCIENCE, MATH, ENG &amp; TECH EDUCATION</Text>
</ProgramReference>
</Award>
</rootTag>
