<?xml version="1.0" encoding="UTF-8"?>
<rootTag>
<Award>
<AwardTitle>GeoTech Consortium of Western New York: Get the GIST (Geospatial Information Science Technology) Certificate</AwardTitle>
<AwardEffectiveDate>07/01/2015</AwardEffectiveDate>
<AwardExpirationDate>06/30/2019</AwardExpirationDate>
<AwardAmount>199838</AwardAmount>
<AwardInstrument>
<Value>Standard Grant</Value>
</AwardInstrument>
<Organization>
<Code>11040100</Code>
<Directorate>
<LongName>Direct For Education and Human Resources</LongName>
</Directorate>
<Division>
<LongName>Division Of Undergraduate Education</LongName>
</Division>
</Organization>
<ProgramOfficer>
<SignBlockName>Elizabeth Teles</SignBlockName>
</ProgramOfficer>
<AbstractNarration>The Department of Labor considers the geospatial industry to be high growth (U.S. DOL, 2012).  The GeoTech Consortium of Western New York (GTCWNY) is developing a geospatial certificate program to help support growing geospatial industry needs.  The consortium focus is on program development and improvement by increasing the importance of geospatial technician education and the number of students with relevant geospatial and STEM competencies.  It also focuses on professional development for educators, which has resulted in awareness of the geospatial industry at the high school level, and dual-credit opportunities for high school students.  Led by Monroe Community College (MCC) of the State University of New York, GTCWNY is bridging the gaps among high schools, our two-year college, and the local and regional geospatial industry.  The consortium is composed of Monroe Community College, three school districts, Monroe County, New York Geographic Alliance, Geographic Information Sharing-Special Interest Group, Northeast Area Development GIS Scholars, and a major geospatial corporation.  With over 40 regional geospatial companies/agencies, GTCWNY serves industry demand and has an impact on STEM education.  GTCWNY is combining leveraged courses from the GeoTech Center with current MCC courses to create a geospatial certificate program.  The new courses are being aligned with the new Geospatial Technology Competency Model (GTCM) 2014 and the GeoTech Center Course Content Tool.  The GTCWNY Geospatial Information Science Technology (GIST) Advisory Board is identifying local and regional employment skills, allowing GTCWNY to modify the geospatial courses to regional industry needs.</AbstractNarration>
<MinAmdLetterDate>05/29/2015</MinAmdLetterDate>
<MaxAmdLetterDate>05/29/2015</MaxAmdLetterDate>
<ARRAAmount/>
<AwardID>1501076</AwardID>
<Investigator>
<FirstName>Daniel</FirstName>
<LastName>Robertson</LastName>
<EmailAddress>drobertson@monroecc.edu</EmailAddress>
<StartDate>05/29/2015</StartDate>
<EndDate/>
<RoleCode>Co-Principal Investigator</RoleCode>
</Investigator>
<Investigator>
<FirstName>Heather</FirstName>
<LastName>Pierce</LastName>
<EmailAddress>hpierce@monroecc.edu</EmailAddress>
<StartDate>05/29/2015</StartDate>
<EndDate/>
<RoleCode>Co-Principal Investigator</RoleCode>
</Investigator>
<Investigator>
<FirstName>Jonathan</FirstName>
<LastName>Little</LastName>
<EmailAddress>jlittle@monroecc.edu</EmailAddress>
<StartDate>05/29/2015</StartDate>
<EndDate/>
<RoleCode>Principal Investigator</RoleCode>
</Investigator>
<Institution>
<Name>Monroe Community College</Name>
<CityName>Rochester</CityName>
<ZipCode>146235780</ZipCode>
<PhoneNumber>5852621473</PhoneNumber>
<StreetAddress>1000 E Henrietta Road</StreetAddress>
<CountryName>United States</CountryName>
<StateName>New York</StateName>
<StateCode>NY</StateCode>
</Institution>
<ProgramElement>
<Code>7412</Code>
<Text>ADVANCED TECH EDUCATION PROG</Text>
</ProgramElement>
<ProgramReference>
<Code>1032</Code>
<Text>ADVANCED TECHNOLOGY EDUCATION</Text>
</ProgramReference>
<ProgramReference>
<Code>9178</Code>
<Text>UNDERGRADUATE EDUCATION</Text>
</ProgramReference>
<ProgramReference>
<Code>SMET</Code>
<Text>SCIENCE, MATH, ENG &amp; TECH EDUCATION</Text>
</ProgramReference>
</Award>
</rootTag>
