<?xml version="1.0" encoding="UTF-8"?>
<rootTag>
<Award>
<AwardTitle>iNoVATE Expansion Project (iNoVATE-X)</AwardTitle>
<AwardEffectiveDate>10/01/2015</AwardEffectiveDate>
<AwardExpirationDate>09/30/2019</AwardExpirationDate>
<AwardAmount>819979</AwardAmount>
<AwardInstrument>
<Value>Standard Grant</Value>
</AwardInstrument>
<Organization>
<Code>11040100</Code>
<Directorate>
<LongName>Direct For Education and Human Resources</LongName>
</Directorate>
<Division>
<LongName>Division Of Undergraduate Education</LongName>
</Division>
</Organization>
<ProgramOfficer>
<SignBlockName>R. Corby Hovis</SignBlockName>
</ProgramOfficer>
<AbstractNarration>Data centers are crucial in the modern, Internet-based economy, and information technology companies need employees who have the skills to run a highly efficient and modern data center -- expertise in identity management, systems management, virtualization, storage, and networking. At the same time, there is a pressing need in the state of Florida to expand access in rural areas to high-demand occupational training, educational best practices, and state-of-the-art educational infrastructure. This project will increase the accessibility of technical education for rural and underserved Florida residents, with a focus on the skills needed to operate a modern data center. One product will be the curriculum for a new Network Enterprise Administration technical certificate. After students have completed this program of study, they will be eligible for a number of high-skill, high-wage, high-growth jobs, including Computer Network Architect, Computer Network Support Specialist, Computer Programmer, Computer Systems Analyst, Computer User Support Specialist, and Network and Computer Systems Administrator. Partners in this project include Florida State College at Jacksonville, Daytona State College, Eastern Florida State College, Seminole State College, Tallahassee Community College, and the National Convergence Technology Center (an Advanced Technological Education [ATE] national center). Fourteen business and industry partners will work with the educational institutions to develop the curriculum, train faculty, and provide opportunities for students.&lt;br/&gt;&lt;br/&gt;This project builds on a prior NSF ATE grant (Award DUE-1104234, "iNoVATE: A Network Virtualization Project"), which resulted in the creation of a Network Virtualization technical certificate, over 100 community college faculty completing professional development in network virtualization, and over 100 students enrolled in newly developed network virtualization courses. The new project will create online curricula for five courses that align with the Microsoft Certified Solutions Expert (MCSE) server infrastructure certification, along with two additional courses, "Virtual Internship" and "Virtual Capstone." Major project activities include (1) designing, implementing, and disseminating the curriculum for the new Network Enterprise Administration technical certificate; (2) expanding Network Enterprise Administration labs, where students can remotely access equipment to practice server administration skills; (3) developing and offering workshops and other teaching resources for faculty; and (4) disseminating information about the Network Enterprise Administration program to rural and underserved areas. As online education becomes more common, it is imperative that distance learning students gain remote access to authentic, hands-on learning opportunities. Therefore, the project will build on prior research to explore the impact of remote access to virtual lab activities and other authentic, work-based learning, including student internships and capstone course requirements. The project team will measure and track student knowledge construction and the development of discipline-specific problem-solving skills for statistical comparison and longitudinal analysis, improving project strategies and building a strong foundation for future research.</AbstractNarration>
<MinAmdLetterDate>09/10/2015</MinAmdLetterDate>
<MaxAmdLetterDate>08/25/2017</MaxAmdLetterDate>
<ARRAAmount/>
<AwardID>1501359</AwardID>
<Investigator>
<FirstName>John</FirstName>
<LastName>Vail</LastName>
<EmailAddress>j.vail@fscj.edu</EmailAddress>
<StartDate>08/25/2017</StartDate>
<EndDate/>
<RoleCode>Principal Investigator</RoleCode>
</Investigator>
<Investigator>
<FirstName>Ernest</FirstName>
<LastName>Friend</LastName>
<EmailAddress>efriend@fccj.edu</EmailAddress>
<StartDate>09/10/2015</StartDate>
<EndDate/>
<RoleCode>Co-Principal Investigator</RoleCode>
</Investigator>
<Investigator>
<FirstName>John</FirstName>
<LastName>Vail</LastName>
<EmailAddress>j.vail@fscj.edu</EmailAddress>
<StartDate>09/10/2015</StartDate>
<EndDate>12/13/2016</EndDate>
<RoleCode>Former Co-Principal Investigator</RoleCode>
</Investigator>
<Investigator>
<FirstName>Arron</FirstName>
<LastName>Hoffer</LastName>
<EmailAddress>ahoffer@fscj.edu</EmailAddress>
<StartDate>09/10/2015</StartDate>
<EndDate>12/13/2016</EndDate>
<RoleCode>Former Principal Investigator</RoleCode>
</Investigator>
<Investigator>
<FirstName>Christopher</FirstName>
<LastName>Lee</LastName>
<EmailAddress>christopher.lee@fscj.edu</EmailAddress>
<StartDate>08/25/2017</StartDate>
<EndDate/>
<RoleCode>Co-Principal Investigator</RoleCode>
</Investigator>
<Investigator>
<FirstName>Douglas</FirstName>
<LastName>Moore</LastName>
<EmailAddress>douglas.moore@fscj.edu</EmailAddress>
<StartDate>12/13/2016</StartDate>
<EndDate>08/25/2017</EndDate>
<RoleCode>Former Co-Principal Investigator</RoleCode>
</Investigator>
<Investigator>
<FirstName>Ann</FirstName>
<LastName>Beheler</LastName>
<EmailAddress>abeheler@collin.edu</EmailAddress>
<StartDate>09/10/2015</StartDate>
<EndDate/>
<RoleCode>Co-Principal Investigator</RoleCode>
</Investigator>
<Institution>
<Name>Florida State College at Jacksonville</Name>
<CityName>Jacksonville</CityName>
<ZipCode>322024030</ZipCode>
<PhoneNumber>9046323327</PhoneNumber>
<StreetAddress>501 West State Street</StreetAddress>
<CountryName>United States</CountryName>
<StateName>Florida</StateName>
<StateCode>FL</StateCode>
</Institution>
<ProgramElement>
<Code>1536</Code>
<Text>S-STEM:SCHLR SCI TECH ENG&amp;MATH</Text>
</ProgramElement>
<ProgramElement>
<Code>7412</Code>
<Text>ADVANCED TECH EDUCATION PROG</Text>
</ProgramElement>
<ProgramReference>
<Code>1032</Code>
<Text>ADVANCED TECHNOLOGY EDUCATION</Text>
</ProgramReference>
<ProgramReference>
<Code>9178</Code>
<Text>UNDERGRADUATE EDUCATION</Text>
</ProgramReference>
<ProgramReference>
<Code>SMET</Code>
<Text>SCIENCE, MATH, ENG &amp; TECH EDUCATION</Text>
</ProgramReference>
</Award>
</rootTag>
