<?xml version="1.0" encoding="UTF-8"?>
<rootTag>
<Award>
<AwardTitle>DISSERTATION RESEARCH: The role of individual variation on predator-prey interactions and its joint effect with environmental temperature</AwardTitle>
<AwardEffectiveDate>05/01/2015</AwardEffectiveDate>
<AwardExpirationDate>04/30/2018</AwardExpirationDate>
<AwardAmount>17285</AwardAmount>
<AwardInstrument>
<Value>Standard Grant</Value>
</AwardInstrument>
<Organization>
<Code>08010208</Code>
<Directorate>
<LongName>Direct For Biological Sciences</LongName>
</Directorate>
<Division>
<LongName>Division Of Environmental Biology</LongName>
</Division>
</Organization>
<ProgramOfficer>
<SignBlockName>Betsy Von Holle</SignBlockName>
</ProgramOfficer>
<AbstractNarration>One important goal of ecology is to understand how characteristics, such as body dimensions and weight, among many others, affect the way species interact with their environment and how they survive and reproduce. To do so, ecologists have long measured average characteristics across the individuals of a given species. However, mounting mathematical evidence suggests that averages can be misleading, because much information is lost regarding how, and by how much, individuals differ in their characteristics. These differences may in turn be crucial to our understanding of whether species can survive in nature, but more importantly, taking these differences between individuals into account may be paramount to make accurate predictions about how populations will respond to environmental change. This research will test these ideas using both mathematical models and experiments. By quantifying the effects of individual variation on a critical process in different environments, the research will promote the advancement of science, support science education and diversity, and enhance broader understanding of science &lt;br/&gt;&lt;br/&gt;Despite theoretical predictions, whether variation actually has detectable effects upon ecological dynamics, and whether this effect interacts with other important drivers such as environmental temperature, is largely unknown. This project will quantify the joint effect of individual phenotypic variation and temperature on foraging rates using an integrative approach that merges mathematical models and microcosm experiments. Foraging rates of a small copepod, wherein body size affects predatory activity, on a protist will be quantified for different temperatures.  These results will clarify how this largely overlooked aspect of every population may help to predict ecological changes with greater precision, informing decisions about how to respond to climate change. Broader impacts will include enhancement of science education by involving undergraduate students from underrepresented groups and minorities in experimental and theoretical approaches to ecology and through outreach activities on the predator-prey dynamics to be run in the "Science with a Scientist" childrens outreach event at the University of Nebraska Museum of Natural History that involves radio controlled robots as predators and prey.</AbstractNarration>
<MinAmdLetterDate>04/21/2015</MinAmdLetterDate>
<MaxAmdLetterDate>04/21/2015</MaxAmdLetterDate>
<ARRAAmount/>
<AwardID>1501668</AwardID>
<Investigator>
<FirstName>John</FirstName>
<LastName>DeLong</LastName>
<EmailAddress>jpdelong@unl.edu</EmailAddress>
<StartDate>04/21/2015</StartDate>
<EndDate/>
<RoleCode>Principal Investigator</RoleCode>
</Investigator>
<Investigator>
<FirstName>Jean</FirstName>
<LastName>Gibert</LastName>
<EmailAddress>jeanphisth@gmail.com</EmailAddress>
<StartDate>04/21/2015</StartDate>
<EndDate/>
<RoleCode>Co-Principal Investigator</RoleCode>
</Investigator>
<Institution>
<Name>University of Nebraska-Lincoln</Name>
<CityName>Lincoln</CityName>
<ZipCode>685031435</ZipCode>
<PhoneNumber>4024723171</PhoneNumber>
<StreetAddress>151 Prem S. Paul Research Center</StreetAddress>
<CountryName>United States</CountryName>
<StateName>Nebraska</StateName>
<StateCode>NE</StateCode>
</Institution>
<ProgramElement>
<Code>1182</Code>
<Text>POP &amp; COMMUNITY ECOL PROG</Text>
</ProgramElement>
<ProgramReference>
<Code>9150</Code>
<Text>EXP PROG TO STIM COMP RES</Text>
</ProgramReference>
<ProgramReference>
<Code>9169</Code>
<Text>BIODIVERSITY AND ECOSYSTEM DYNAMICS</Text>
</ProgramReference>
<ProgramReference>
<Code>9179</Code>
<Text>GRADUATE INVOLVEMENT</Text>
</ProgramReference>
<ProgramReference>
<Code>EGCH</Code>
<Text>ENVIRONMENT AND GLOBAL CHANGE</Text>
</ProgramReference>
<ProgramReference>
<Code>SMET</Code>
<Text>SCIENCE, MATH, ENG &amp; TECH EDUCATION</Text>
</ProgramReference>
</Award>
</rootTag>
