<?xml version="1.0" encoding="UTF-8"?>
<rootTag>
<Award>
<AwardTitle>Hopf algebras, modular categories and their invariants</AwardTitle>
<AwardEffectiveDate>08/16/2014</AwardEffectiveDate>
<AwardExpirationDate>07/31/2018</AwardExpirationDate>
<AwardAmount>115695</AwardAmount>
<AwardInstrument>
<Value>Standard Grant</Value>
</AwardInstrument>
<Organization>
<Code>03040000</Code>
<Directorate>
<LongName>Direct For Mathematical &amp; Physical Scien</LongName>
</Directorate>
<Division>
<LongName>Division Of Mathematical Sciences</LongName>
</Division>
</Organization>
<ProgramOfficer>
<SignBlockName>Matthew  Douglass</SignBlockName>
</ProgramOfficer>
<AbstractNarration>This project will study the structure of certain finite-dimensional Hopf algebras, their categories of representations, and spherical fusion categories. The main part of this project concerns some categorical arithmetic invariants such as dimensions, exponents, Frobenius-Schur indicators, and representations of the modular group associated with modular tensor categories. These arithmetic invariants are closely related among each other, and they serve as important tools for studying these algebraic structures. A basic question is the relationship between the prime factors of the dimension of a simple object and those of the quasi-exponent of the underlying category. Any progress here would help in proving a conjecture of Kaplansky on semisimple Hopf algebras that remains open. The project also concerns the classification of Hopf algebras whose dimensions admit a simple prime factorization. Progress on the preceding basic question would also help in classifying finite-dimensional Hopf algebras.&lt;br/&gt;&lt;br/&gt;The appeal of symmetry has been guidance for understanding the nature of science. Some symmetry can be described in terms of algebraic structures. For instance, the symmetry of platonic solids can be described by some finite groups of spatial rotations. Hopf algebras and tensor categories are generalizations of groups which can also describe the symmetry of some physical systems.  They appear naturally in many areas of mathematics and mathematical physics such as conformal field theory, statistical mechanics, and quantum computations. Thus, a deeper understanding of these algebraic structures is of fundamental importance and it will eventually be useful in the other areas of science.</AbstractNarration>
<MinAmdLetterDate>10/24/2014</MinAmdLetterDate>
<MaxAmdLetterDate>10/24/2014</MaxAmdLetterDate>
<ARRAAmount/>
<AwardID>1501179</AwardID>
<Investigator>
<FirstName>Siu-Hung</FirstName>
<LastName>Ng</LastName>
<EmailAddress>rng@math.lsu.edu</EmailAddress>
<StartDate>10/24/2014</StartDate>
<EndDate/>
<RoleCode>Principal Investigator</RoleCode>
</Investigator>
<Institution>
<Name>Louisiana State University &amp; Agricultural and Mechanical College</Name>
<CityName>Baton Rouge</CityName>
<ZipCode>708032701</ZipCode>
<PhoneNumber>2255782760</PhoneNumber>
<StreetAddress>202 Himes Hall</StreetAddress>
<CountryName>United States</CountryName>
<StateName>Louisiana</StateName>
<StateCode>LA</StateCode>
</Institution>
<ProgramElement>
<Code>1264</Code>
<Text>ALGEBRA,NUMBER THEORY,AND COM</Text>
</ProgramElement>
<ProgramReference>
<Code>9150</Code>
<Text>EXP PROG TO STIM COMP RES</Text>
</ProgramReference>
</Award>
</rootTag>
