<?xml version="1.0" encoding="UTF-8"?>
<rootTag>
<Award>
<AwardTitle>Measuring the Gas Content of Extreme Star-forming Galaxies across Cosmic Time</AwardTitle>
<AwardEffectiveDate>09/01/2015</AwardEffectiveDate>
<AwardExpirationDate>08/31/2018</AwardExpirationDate>
<AwardAmount>278000</AwardAmount>
<AwardInstrument>
<Value>Fellowship</Value>
</AwardInstrument>
<Organization>
<Code>03020000</Code>
<Directorate>
<LongName>Direct For Mathematical &amp; Physical Scien</LongName>
</Directorate>
<Division>
<LongName>Division Of Astronomical Sciences</LongName>
</Division>
</Organization>
<ProgramOfficer>
<SignBlockName>Harshal Gupta</SignBlockName>
</ProgramOfficer>
<AbstractNarration>Ximena Fernandez is awarded an NSF Astronomy and Astrophysics Postdoctoral Fellowship to carry out a program of research and education at Rutgers, the State University of New Jersey. Her research seeks to understand how galaxies evolve; in particular, she is interested in those that are forming stars at a very high rate. The high star formation rates are triggered by interactions between galaxies at the present age of the Universe, but it is still unclear if this holds true at earlier times. Fernandez will use upgraded and new radio telescopes to image the gas reservoirs of these systems to better understand the processes taking place. This will yield important clues since gas provides the fuel for star formation, making it a key component in the evolution of galaxies. The educational component of the proposal consists of developing summer STEM courses as part of the Rutgers Future Scholars program with local public schools. This program selects local talented seventh graders and provides them with academic resources and mentoring to help them graduate from high school and be the first ones in their families to attend college. &lt;br/&gt;&lt;br/&gt;Fernandez seeks to measure the evolution of the atomic and molecular gas across cosmic time, and explore possible differences between the mergers and turbulent disks. She will study the evolution of ultra-luminous infrared galaxies using images of neutral hydrogen (HI). The first part of the study will use the COSMOS HI Large Extragalactic Survey, an on-going survey being done at the Very Large Array that is expected to image 300 galaxies in the redshift interval 0&lt; z &lt;0.5. The second part will use data from the LADUMA (Looking At the Distant Universe with the MeerKAT Array) survey planned with the South African Square Kilometer Array precursor, which will measure the HI content out to z=1.4. The third part consists of observing a sub-sample of galaxies in CO with ALMA to compare its amount and distribution of molecular hydrogen to HI. The educational component consists of developing several STEM courses that will use astronomy as a gateway science to illustrate how astronomers use fields such as physics, chemistry, biology, and engineering to understand the Universe. In addition, Fernandez will plan activities open to families which will consist of both lecture/demonstration and observing. She will serve as a mentor and offer research opportunities to interested students.</AbstractNarration>
<MinAmdLetterDate>06/10/2015</MinAmdLetterDate>
<MaxAmdLetterDate>06/27/2017</MaxAmdLetterDate>
<ARRAAmount/>
<AwardID>1501342</AwardID>
<Investigator>
<FirstName>Ximena</FirstName>
<LastName>Fernandez</LastName>
<EmailAddress/>
<StartDate>06/10/2015</StartDate>
<EndDate/>
<RoleCode>Principal Investigator</RoleCode>
</Investigator>
<Institution>
<Name>Fernandez, Ximena</Name>
<CityName>New York</CityName>
<ZipCode>100276601</ZipCode>
<PhoneNumber/>
<StreetAddress/>
<CountryName>United States</CountryName>
<StateName>New York</StateName>
<StateCode>NY</StateCode>
</Institution>
<ProgramElement>
<Code>1253</Code>
<Text>OFFICE OF MULTIDISCIPLINARY AC</Text>
</ProgramElement>
<ProgramElement>
<Code>1609</Code>
<Text>NSF ASTRON &amp; ASTROPHY PSTDC FE</Text>
</ProgramElement>
<ProgramReference>
<Code>1207</Code>
<Text>OBSERVATIONAL ASTRONOMY</Text>
</ProgramReference>
<ProgramReference>
<Code>1609</Code>
<Text>NSF ASTRON &amp; ASTROPHY PSTDC FE</Text>
</ProgramReference>
</Award>
</rootTag>
