<?xml version="1.0" encoding="UTF-8"?>
<rootTag>
<Award>
<AwardTitle>Leading Innovation through Green High-Tech Engineering, Sustainability &amp; Security (LIGHTES^2)</AwardTitle>
<AwardEffectiveDate>06/01/2015</AwardEffectiveDate>
<AwardExpirationDate>05/31/2019</AwardExpirationDate>
<AwardAmount>699486</AwardAmount>
<AwardInstrument>
<Value>Standard Grant</Value>
</AwardInstrument>
<Organization>
<Code>11040100</Code>
<Directorate>
<LongName>Direct For Education and Human Resources</LongName>
</Directorate>
<Division>
<LongName>Division Of Undergraduate Education</LongName>
</Division>
</Organization>
<ProgramOfficer>
<SignBlockName>Elizabeth Teles</SignBlockName>
</ProgramOfficer>
<AbstractNarration>As attention to the potential for cyber-attacks across industries and municipalities has grown, the need for individuals trained in cybersecurity to protect the nation's information systems, networks, and infrastructure has never been greater. This is evident in cybersecurity jobs growing at twice the rate of all other IT jobs combined. At the same time the potential vulnerabilities in the nation's information infrastructure carry implications for the sustainability of the nation's energy infrastructure. In response, this ATE project will i) engage in the design and creation a new seamless pathway from high school through college in cybersecurity and ii) enhance its existing sustainability programs. &lt;br/&gt;&lt;br/&gt;Specific goals of this project are to: 1) increase the capacity to grow and train an advanced technological workforce in cybersecurity; 2) create a seamless pathway for inquiry-based learning for STEM students, with attention to increased participation of underrepresented students, from high school through college; 3) engage and expand the number of minority and non-traditional students in cybersecurity and sustainability programs at the College;  and 4) foster regional collaboration among industry, higher education, secondary schools. The cybersecurity degree will include stacked certifications, permitting both traditional students and professionals returning to college to enter and exit the program flexibly and to obtain certifications while "stacking" those certifications towards the degree, or to complete the program traditionally and exit after two years with a degree and the certifications. Thus, the program will benefit both new students and existing professionals looking to upgrade their skills and obtain additional academic and workplace credentials.</AbstractNarration>
<MinAmdLetterDate>03/27/2015</MinAmdLetterDate>
<MaxAmdLetterDate>03/27/2015</MaxAmdLetterDate>
<ARRAAmount/>
<AwardID>1501781</AwardID>
<Investigator>
<FirstName>Nina</FirstName>
<LastName>Leonhardt</LastName>
<EmailAddress>leonhan@sunysuffolk.edu</EmailAddress>
<StartDate>03/27/2015</StartDate>
<EndDate/>
<RoleCode>Co-Principal Investigator</RoleCode>
</Investigator>
<Investigator>
<FirstName>Peter</FirstName>
<LastName>Maritato</LastName>
<EmailAddress>maritap@sunysuffolk.edu</EmailAddress>
<StartDate>03/27/2015</StartDate>
<EndDate/>
<RoleCode>Principal Investigator</RoleCode>
</Investigator>
<Institution>
<Name>Suffolk Community College</Name>
<CityName>Selden</CityName>
<ZipCode>117842899</ZipCode>
<PhoneNumber>6314514760</PhoneNumber>
<StreetAddress>533 College Road</StreetAddress>
<CountryName>United States</CountryName>
<StateName>New York</StateName>
<StateCode>NY</StateCode>
</Institution>
<ProgramElement>
<Code>7412</Code>
<Text>ADVANCED TECH EDUCATION PROG</Text>
</ProgramElement>
<ProgramReference>
<Code>1032</Code>
<Text>ADVANCED TECHNOLOGY EDUCATION</Text>
</ProgramReference>
<ProgramReference>
<Code>9178</Code>
<Text>UNDERGRADUATE EDUCATION</Text>
</ProgramReference>
<ProgramReference>
<Code>SMET</Code>
<Text>SCIENCE, MATH, ENG &amp; TECH EDUCATION</Text>
</ProgramReference>
</Award>
</rootTag>
