<?xml version="1.0" encoding="UTF-8"?>
<rootTag>
<Award>
<AwardTitle>DISSERTATION RESEARCH: Extinction and Diversification Dynamics of Archosauria Through Early Mesozoic Climate Crises</AwardTitle>
<AwardEffectiveDate>06/01/2015</AwardEffectiveDate>
<AwardExpirationDate>05/31/2018</AwardExpirationDate>
<AwardAmount>19154</AwardAmount>
<AwardInstrument>
<Value>Standard Grant</Value>
</AwardInstrument>
<Organization>
<Code>08010206</Code>
<Directorate>
<LongName>Direct For Biological Sciences</LongName>
</Directorate>
<Division>
<LongName>Division Of Environmental Biology</LongName>
</Division>
</Organization>
<ProgramOfficer>
<SignBlockName>Simon Malcomber</SignBlockName>
</ProgramOfficer>
<AbstractNarration>Two mass extinctions occurred early in the Mesozoic Era shortly after dinosaurs appeared, and multiple lines of evidence suggest that dramatic global climate change events were contributing factors. This project will investigate the response of the extinct relatives of birds and crocodilians (the Archosauria) to these episodes. The primary objectives of this study are to analyze the evolutionary relationships of fossil archosaurs, and use these evolutionary relationships as a framework to investigate how archosaur respiratory anatomy and body temperature regulation changed after the extinctions at the end of the Triassic Period and during the Early Jurassic Epoch. The study will test the hypothesis that global warming events initiated evolutionary changes in respiratory anatomy and contributed to currently unexplained patterns of extinction and diversification of extinct archosaurs, including dinosaurs. This research will provide insight into the ways that vertebrate communities on land respond to rapid changes in climate, and may help to predict which species will experience an increased risk of extinction during modern climate change. This research will provide multiple opportunities for undergraduate training. In addition, educational materials based on the results will be distributed to educators at secondary and higher education levels, as well as disseminated in the form of scientific papers and presentations at professional meetings.&lt;br/&gt;&lt;br/&gt;Time-calibrated phylogenies of Archosauria will be estimated using both parsimony analyses of morphology and combined-evidence Bayesian approaches to phylogeny reconstruction incorporating molecular sequence data from extant archosaurs. Character transformation rates for respiratory-related characters (e.g. postcranial skeletal pneumaticity) and non-respiratory characters will be modeled iteratively over a large sample of time-calibrated trees to account for uncertainty in phylogeny and chronology. Non-parametric statistics will be used to test for the presence of rate-shifts in respiratory character evolution surrounding the interval of extinctions and associated climate changes in the early Mesozoic Era.</AbstractNarration>
<MinAmdLetterDate>04/20/2015</MinAmdLetterDate>
<MaxAmdLetterDate>04/20/2015</MaxAmdLetterDate>
<ARRAAmount/>
<AwardID>1501489</AwardID>
<Investigator>
<FirstName>James</FirstName>
<LastName>Clark</LastName>
<EmailAddress>jclark@gwu.edu</EmailAddress>
<StartDate>04/20/2015</StartDate>
<EndDate/>
<RoleCode>Principal Investigator</RoleCode>
</Investigator>
<Investigator>
<FirstName>Josef</FirstName>
<LastName>Stiegler</LastName>
<EmailAddress>stiegler@gwmail.gwu.edu</EmailAddress>
<StartDate>04/20/2015</StartDate>
<EndDate/>
<RoleCode>Co-Principal Investigator</RoleCode>
</Investigator>
<Institution>
<Name>George Washington University</Name>
<CityName>Washington</CityName>
<ZipCode>200522000</ZipCode>
<PhoneNumber>2029946255</PhoneNumber>
<StreetAddress>2121 Eye Street NW</StreetAddress>
<CountryName>United States</CountryName>
<StateName>District of Columbia</StateName>
<StateCode>DC</StateCode>
</Institution>
<ProgramElement>
<Code>1171</Code>
<Text>PHYLOGENETIC SYSTEMATICS</Text>
</ProgramElement>
<ProgramReference>
<Code>9169</Code>
<Text>BIODIVERSITY AND ECOSYSTEM DYNAMICS</Text>
</ProgramReference>
<ProgramReference>
<Code>9179</Code>
<Text>GRADUATE INVOLVEMENT</Text>
</ProgramReference>
<ProgramReference>
<Code>EGCH</Code>
<Text>ENVIRONMENT AND GLOBAL CHANGE</Text>
</ProgramReference>
<ProgramReference>
<Code>SMET</Code>
<Text>SCIENCE, MATH, ENG &amp; TECH EDUCATION</Text>
</ProgramReference>
</Award>
</rootTag>
