<?xml version="1.0" encoding="UTF-8"?>
<rootTag>
<Award>
<AwardTitle>DISSERTATION RESEARCH: Effects of nitrogen addition on ectomycorrhizal communities in tropical montane forest</AwardTitle>
<AwardEffectiveDate>05/01/2015</AwardEffectiveDate>
<AwardExpirationDate>04/30/2016</AwardExpirationDate>
<AwardAmount>17262</AwardAmount>
<AwardInstrument>
<Value>Standard Grant</Value>
</AwardInstrument>
<Organization>
<Code>08010208</Code>
<Directorate>
<LongName>Direct For Biological Sciences</LongName>
</Directorate>
<Division>
<LongName>Division Of Environmental Biology</LongName>
</Division>
</Organization>
<ProgramOfficer>
<SignBlockName>Douglas Levey</SignBlockName>
</ProgramOfficer>
<AbstractNarration>Tropical forests are renowned for their high biodiversity, with hundreds or even thousands of tree species living together at a single site. In some tropical forests, however, a single tree species can outnumber all other species combined. Recent attempts to explain this one-species dominance have focused on the role of soil microbes in determining which tree species are common and which are rare.  Attention has been on beneficial associations between trees and fungi in their roots, called mycorrhizas. A leading idea about why some tropical trees are so common is that they are uniquely capable of forming associations with particular types of mycorrhizal fungi that provide access to nitrogen that is unavailable to less common tree species. Experimental work from a forest in western Panama is consistent with this hypothesis, leading to the question of how this plant-mycorrhizal association, and therefore tree community composition, may be disrupted by increasing rates of nitrogen deposition from the atmosphere.  Will this new and relatively plentiful form of nitrogen make mycorrhizal fungi unimportant? Effects of nitrogen on the plant-mycorrhizal association of a dominant tree will be addressed by comparing mycorrhizal fungal communities in forest plots with and without a treatment of nitrogen fertilization over the last eight years. This project will also provide training in fungal genetics and ecology to a graduate student, and research mentoring for undergraduate students.  &lt;br/&gt;&lt;br/&gt;The ectomycorrhizal fungal community associated with a dominant canopy tree, Oreomunnea mexicana, will be characterized in eight forest plots located in lower montane forest at Fortuna, Panama.  Four of the plots have received a nitrogen addition treatment four times per year since 2008. In each plot, root samples will be collected from Oreomunnea trees and ectomycorrhizal communities characterized using Illumina sequencing. It is predicted that nitrogen addition will reduce the diversity and infection frequency of ectomycorrhizal taxa and result in a shift in the composition and phylogenetic structure of ectomycorrhizal communities, favoring lineages known to contain nitrophilic taxa.</AbstractNarration>
<MinAmdLetterDate>04/07/2015</MinAmdLetterDate>
<MaxAmdLetterDate>04/07/2015</MaxAmdLetterDate>
<ARRAAmount/>
<AwardID>1501483</AwardID>
<Investigator>
<FirstName>James</FirstName>
<LastName>Dalling</LastName>
<EmailAddress>dallingj@life.uiuc.edu</EmailAddress>
<StartDate>04/07/2015</StartDate>
<EndDate/>
<RoleCode>Principal Investigator</RoleCode>
</Investigator>
<Investigator>
<FirstName>Adriana</FirstName>
<LastName>Corrales Osorio</LastName>
<EmailAddress>corrlssr@illinois.edu</EmailAddress>
<StartDate>04/07/2015</StartDate>
<EndDate/>
<RoleCode>Co-Principal Investigator</RoleCode>
</Investigator>
<Institution>
<Name>University of Illinois at Urbana-Champaign</Name>
<CityName>CHAMPAIGN</CityName>
<ZipCode>618207473</ZipCode>
<PhoneNumber>2173332187</PhoneNumber>
<StreetAddress>SUITE A</StreetAddress>
<CountryName>United States</CountryName>
<StateName>Illinois</StateName>
<StateCode>IL</StateCode>
</Institution>
<ProgramElement>
<Code>1182</Code>
<Text>POP &amp; COMMUNITY ECOL PROG</Text>
</ProgramElement>
<ProgramReference>
<Code>9169</Code>
<Text>BIODIVERSITY AND ECOSYSTEM DYNAMICS</Text>
</ProgramReference>
<ProgramReference>
<Code>9179</Code>
<Text>GRADUATE INVOLVEMENT</Text>
</ProgramReference>
<ProgramReference>
<Code>EGCH</Code>
<Text>ENVIRONMENT AND GLOBAL CHANGE</Text>
</ProgramReference>
<ProgramReference>
<Code>SMET</Code>
<Text>SCIENCE, MATH, ENG &amp; TECH EDUCATION</Text>
</ProgramReference>
</Award>
</rootTag>
