<?xml version="1.0" encoding="UTF-8"?>
<rootTag>
<Award>
<AwardTitle>DISSERTATION RESEARCH: Effects of immune gene diversity on immune function and survival in an endangered bird</AwardTitle>
<AwardEffectiveDate>07/01/2015</AwardEffectiveDate>
<AwardExpirationDate>06/30/2017</AwardExpirationDate>
<AwardAmount>18508</AwardAmount>
<AwardInstrument>
<Value>Standard Grant</Value>
</AwardInstrument>
<Organization>
<Code>08010207</Code>
<Directorate>
<LongName>Direct For Biological Sciences</LongName>
</Directorate>
<Division>
<LongName>Division Of Environmental Biology</LongName>
</Division>
</Organization>
<ProgramOfficer>
<SignBlockName>Leslie Rissler</SignBlockName>
</ProgramOfficer>
<AbstractNarration>The increasing emergence and spread of pathogens are serious concerns for both human and wildlife populations. The threat is substantially greater for populations of endangered species because they often have reduced genetic diversity, which could impair immune function and increase their susceptibility to disease. However, to date no studies have directly examined diversity at immune genes and their relationship to both disease resistance and survival. In greater prairie-chickens, we previously found that diversity at a variety of immune genes was reduced in small populations, but it remains unclear how that will affect individuals. The current study will extend that research and specifically examine how immune gene diversity in individuals is related to their immune function and survival in the wild. Thus, the results from this study will provide a broader understanding of the importance of immune gene diversity to individual survival and ultimately entire populations. &lt;br/&gt;&lt;br/&gt;The Attwater?s prairie-chicken is one of the most endangered birds in North America. The persistence of the remaining wild population relies entirely on a large captive breeding and release program in Texas. About 200 captive-bred juveniles are released each year, but 79% of them die within nine months. It is known that outbred individuals have greater survival, but previous work showed no relationship between genome-wide genetic diversity and four immunological assays for pathogen resistance. The intense captive breeding and release program provides an unparalleled opportunity to study how diversity at immune genes directly influences immune function and survival. This study will characterize immune gene diversity across a wide array of immune genes (encompassing both innate and acquired immunity) in prairie-chickens and correlate it with data on immune function and survival already obtained from previously released birds. The results from this study will provide a broader understanding of the links between immune genes and survival, and, therefore, help managers make informed decisions about which individuals to pair for breeding or release into the wild.</AbstractNarration>
<MinAmdLetterDate>03/13/2015</MinAmdLetterDate>
<MaxAmdLetterDate>03/13/2015</MaxAmdLetterDate>
<ARRAAmount/>
<AwardID>1501347</AwardID>
<Investigator>
<FirstName>Peter</FirstName>
<LastName>Dunn</LastName>
<EmailAddress>pdunn@uwm.edu</EmailAddress>
<StartDate>03/13/2015</StartDate>
<EndDate/>
<RoleCode>Principal Investigator</RoleCode>
</Investigator>
<Investigator>
<FirstName>Zachary</FirstName>
<LastName>Bateson</LastName>
<EmailAddress>zbateson@uwm.edu</EmailAddress>
<StartDate>03/13/2015</StartDate>
<EndDate/>
<RoleCode>Co-Principal Investigator</RoleCode>
</Investigator>
<Institution>
<Name>University of Wisconsin-Milwaukee</Name>
<CityName>Milwaukee</CityName>
<ZipCode>532010340</ZipCode>
<PhoneNumber>4142294853</PhoneNumber>
<StreetAddress>P O BOX 340</StreetAddress>
<CountryName>United States</CountryName>
<StateName>Wisconsin</StateName>
<StateCode>WI</StateCode>
</Institution>
<ProgramElement>
<Code>7378</Code>
<Text>EVOLUTIONARY GENETICS</Text>
</ProgramElement>
<ProgramReference>
<Code>9169</Code>
<Text>BIODIVERSITY AND ECOSYSTEM DYNAMICS</Text>
</ProgramReference>
<ProgramReference>
<Code>9179</Code>
<Text>GRADUATE INVOLVEMENT</Text>
</ProgramReference>
<ProgramReference>
<Code>EGCH</Code>
<Text>ENVIRONMENT AND GLOBAL CHANGE</Text>
</ProgramReference>
<ProgramReference>
<Code>SMET</Code>
<Text>SCIENCE, MATH, ENG &amp; TECH EDUCATION</Text>
</ProgramReference>
</Award>
</rootTag>
