<?xml version="1.0" encoding="UTF-8"?>
<rootTag>
<Award>
<AwardTitle>Semiclassical Analysis, Amplification, and Subconvexity</AwardTitle>
<AwardEffectiveDate>07/01/2015</AwardEffectiveDate>
<AwardExpirationDate>06/30/2018</AwardExpirationDate>
<AwardAmount>160000</AwardAmount>
<AwardInstrument>
<Value>Standard Grant</Value>
</AwardInstrument>
<Organization>
<Code>03040000</Code>
<Directorate>
<LongName>Direct For Mathematical &amp; Physical Scien</LongName>
</Directorate>
<Division>
<LongName>Division Of Mathematical Sciences</LongName>
</Division>
</Organization>
<ProgramOfficer>
<SignBlockName>Andrew D. Pollington</SignBlockName>
</ProgramOfficer>
<AbstractNarration>L-functions are functions of one complex variable whose study is central to modern number theory.  They were introduced in order to study deep questions about the distribution of prime numbers.  Today, we know that the values of L-functions at special points are linked to many areas of mathematics, from solving equations in integers to mathematical physics.  When these special values are small, it tells us that certain highly structured mathematical objects are in fact behaving randomly.  This research project project attempts to prove that this happens by using methods from quantum physics.&lt;br/&gt;&lt;br/&gt;The principal investigator will use techniques from semiclassical analysis to approach the subconvexity problem for L-functions.  The link between these two areas is provided by period integral formulae such as those of Rankin-Selberg, Waldspurger, and Ichino-Ikeda.  The PI hopes that the geometric structure of arithmetic manifolds will make it easier to study the oscillatory integrals and equidistribution problems that will arise in this work.  The PI also aims to prove chaoticity results for automorphic forms, by showing that their Lp norms are smaller than those of general wave packets.</AbstractNarration>
<MinAmdLetterDate>05/13/2015</MinAmdLetterDate>
<MaxAmdLetterDate>05/13/2015</MaxAmdLetterDate>
<ARRAAmount/>
<AwardID>1501230</AwardID>
<Investigator>
<FirstName>Simon</FirstName>
<LastName>Marshall</LastName>
<EmailAddress>marshall@math.wisc.edu</EmailAddress>
<StartDate>05/13/2015</StartDate>
<EndDate/>
<RoleCode>Principal Investigator</RoleCode>
</Investigator>
<Institution>
<Name>University of Wisconsin-Madison</Name>
<CityName>MADISON</CityName>
<ZipCode>537151218</ZipCode>
<PhoneNumber>6082623822</PhoneNumber>
<StreetAddress>21 North Park Street</StreetAddress>
<CountryName>United States</CountryName>
<StateName>Wisconsin</StateName>
<StateCode>WI</StateCode>
</Institution>
<ProgramElement>
<Code>1264</Code>
<Text>ALGEBRA,NUMBER THEORY,AND COM</Text>
</ProgramElement>
</Award>
</rootTag>
