<?xml version="1.0" encoding="UTF-8"?>
<rootTag>
<Award>
<AwardTitle>DISSERTATION RESEARCH: Origins of Parthenogenesis in the Common Checkered Whiptail</AwardTitle>
<AwardEffectiveDate>06/01/2015</AwardEffectiveDate>
<AwardExpirationDate>05/31/2017</AwardExpirationDate>
<AwardAmount>16993</AwardAmount>
<AwardInstrument>
<Value>Standard Grant</Value>
</AwardInstrument>
<Organization>
<Code>08010206</Code>
<Directorate>
<LongName>Direct For Biological Sciences</LongName>
</Directorate>
<Division>
<LongName>Division Of Environmental Biology</LongName>
</Division>
</Organization>
<ProgramOfficer>
<SignBlockName>Simon Malcomber</SignBlockName>
</ProgramOfficer>
<AbstractNarration>One of the primary advantages of sexual reproduction is its ability to generate and maintain biodiversity, yet some species reproduce clonally. This project will address the ability of clonal reproduction to generate genetic diversity in unisexual lizards, the only group of vertebrates capable of reproducing without any input from males. Understanding the evolutionary trajectories of unisexual populations will help identify why sex is the prevalent mode of reproduction for multicellular life. Results and discoveries from this project will connect with the broader community by: 1) promoting training and mentoring, 2) clarifying species level relationships in a taxonomically-challenged species complex, and 3) facilitating exchange of intellectual expertise via international collaborations with Mexican researchers. Using emerging genomic approaches, unique lizard models, and the talents of an international team of researchers, this project addresses a persistent evolutionary question about the evolution and maintenance of sexual reproduction.&lt;br/&gt;&lt;br/&gt;The goals of this project are to identify the evolutionary processes that shape organismal diversity in a clonally-reproducing lizard. Most vertebrate species maintain genetic variation by reproducing sexually, but several all-female lizards reproduce without males by cloning themselves; mothers beget daughters whose genomes are all but identical. However, cloning is imperfect, as individuals may not produce genetically-identical clones due to mutation. To investigate what generates diversity (including phenotypic diversity) among clones this project uses DNA sequence from one parthenogenetic, all-female species and its related sexual species to determine if either multiple founding events or genetic mechanisms after inception best explain the diversity in phenotypes. Combining genome-wide genotyping with a novel approach to sequence entire mitochondrial genomes, these data should permit a clear picture into the origins of the parthenogenetic species and infer species level relationships among the sexual species. This research will investigate the tempo and mode of mutation processes generating diversity in a clonally-reproducing lizard, thus providing insight into the origins and evolution of unisexuality in vertebrates.</AbstractNarration>
<MinAmdLetterDate>03/13/2015</MinAmdLetterDate>
<MaxAmdLetterDate>03/13/2015</MaxAmdLetterDate>
<ARRAAmount/>
<AwardID>1501675</AwardID>
<Investigator>
<FirstName>Matthew</FirstName>
<LastName>Fujita</LastName>
<EmailAddress>mkfujita@uta.edu</EmailAddress>
<StartDate>03/13/2015</StartDate>
<EndDate/>
<RoleCode>Principal Investigator</RoleCode>
</Investigator>
<Investigator>
<FirstName>Alexander</FirstName>
<LastName>Hall</LastName>
<EmailAddress>alexandershall@mavs.uta.edu</EmailAddress>
<StartDate>03/13/2015</StartDate>
<EndDate/>
<RoleCode>Co-Principal Investigator</RoleCode>
</Investigator>
<Institution>
<Name>University of Texas at Arlington</Name>
<CityName>Arlington</CityName>
<ZipCode>760190145</ZipCode>
<PhoneNumber>8172722105</PhoneNumber>
<StreetAddress>1 UNIVERSITY OF TEXAS AT</StreetAddress>
<CountryName>United States</CountryName>
<StateName>Texas</StateName>
<StateCode>TX</StateCode>
</Institution>
<ProgramElement>
<Code>1171</Code>
<Text>PHYLOGENETIC SYSTEMATICS</Text>
</ProgramElement>
<ProgramReference>
<Code>9169</Code>
<Text>BIODIVERSITY AND ECOSYSTEM DYNAMICS</Text>
</ProgramReference>
<ProgramReference>
<Code>9179</Code>
<Text>GRADUATE INVOLVEMENT</Text>
</ProgramReference>
<ProgramReference>
<Code>EGCH</Code>
<Text>ENVIRONMENT AND GLOBAL CHANGE</Text>
</ProgramReference>
<ProgramReference>
<Code>SMET</Code>
<Text>SCIENCE, MATH, ENG &amp; TECH EDUCATION</Text>
</ProgramReference>
</Award>
</rootTag>
