<?xml version="1.0" encoding="UTF-8"?>
<rootTag>
<Award>
<AwardTitle>DISSERTATION RESEARCH: Flowers as hubs of nectar-microbe diversity and dispersal in flower visitor networks</AwardTitle>
<AwardEffectiveDate>07/15/2015</AwardEffectiveDate>
<AwardExpirationDate>06/30/2017</AwardExpirationDate>
<AwardAmount>19702</AwardAmount>
<AwardInstrument>
<Value>Standard Grant</Value>
</AwardInstrument>
<Organization>
<Code>08010208</Code>
<Directorate>
<LongName>Direct For Biological Sciences</LongName>
</Directorate>
<Division>
<LongName>Division Of Environmental Biology</LongName>
</Division>
</Organization>
<ProgramOfficer>
<SignBlockName>Betsy Von Holle</SignBlockName>
</ProgramOfficer>
<AbstractNarration>Many plants can only be fertilized when pollen is deposited on flowers by flying insects such as bees, wasps, beetles, flies, and butterflies. While these insects move around gathering nectar and pollen from flowers, they also tend to move around microbes such as yeast, bacteria, and viruses that can impact the plant or other flower visitors. For example, some of these microbes infect crops through the flowers, some infect honeybee and bumblebee colonies, and others affect whether or not an insect is attracted to the flower. While it is known that these floral microbes are moved around by insects, and affect the plant they land on, little is known about how predictable the distribution of floral microbes are in flowering plant communities. This research seeks to understand how the pattern of insect visitation to flowers affects the distribution of microbes on flowers. It is important to learn this because it could help address management of plants and insects that are critical to our food and fiber production as well as native ecosystems.  &lt;br/&gt; &lt;br/&gt;Nectar-inhabiting microbes can alter floral attractiveness to pollinators and thus shape the success of pollination services. Since nectar microbes are primarily flower-visitor dispersed, they have great potential to affect and be affected by flower visitor network structure. However, the interactions of plants with their flower visitors and nectar microbes have yet to be considered in a network framework. The aim of this project is to test the hypothesis that hub plant species (plant species that have very high diversity of flower visitors) are also hubs of floral microbe diversity and dispersal in a native plant community. Network hubs are known to be responsible for a disproportionate amount of pathogen spread within animal species ("super-spreaders"). In flower visitor networks, hub plant species might function as super-spreaders of floral microbes between plant species. The project goals are to construct a dataset of plants, their flower visitors, and nectar microbe composition as well as perform a manipulative experiment on a species with high variation in flower visitors, Aquilegia formosa, in a high elevation wet meadow plant community. Simulation models will be used to evaluate the effects of visitor diversity and visitation frequency on the diversity of nectar microbes at the plant level. The researchers will empirically test the hypothesis that certain flowers are hubs of nectar microbe diversity.</AbstractNarration>
<MinAmdLetterDate>07/09/2015</MinAmdLetterDate>
<MaxAmdLetterDate>07/09/2015</MaxAmdLetterDate>
<ARRAAmount/>
<AwardID>1501620</AwardID>
<Investigator>
<FirstName>Jay</FirstName>
<LastName>Rosenheim</LastName>
<EmailAddress>jarosenheim@ucdavis.edu</EmailAddress>
<StartDate>07/09/2015</StartDate>
<EndDate/>
<RoleCode>Principal Investigator</RoleCode>
</Investigator>
<Investigator>
<FirstName>Ash</FirstName>
<LastName>Zemenick</LastName>
<EmailAddress>kazemenick@ucdavis.edu</EmailAddress>
<StartDate>07/09/2015</StartDate>
<EndDate/>
<RoleCode>Co-Principal Investigator</RoleCode>
</Investigator>
<Institution>
<Name>University of California-Davis</Name>
<CityName>Davis</CityName>
<ZipCode>956186134</ZipCode>
<PhoneNumber>5307547700</PhoneNumber>
<StreetAddress>OR/Sponsored Programs</StreetAddress>
<CountryName>United States</CountryName>
<StateName>California</StateName>
<StateCode>CA</StateCode>
</Institution>
<ProgramElement>
<Code>1182</Code>
<Text>POP &amp; COMMUNITY ECOL PROG</Text>
</ProgramElement>
<ProgramReference>
<Code>9169</Code>
<Text>BIODIVERSITY AND ECOSYSTEM DYNAMICS</Text>
</ProgramReference>
<ProgramReference>
<Code>9179</Code>
<Text>GRADUATE INVOLVEMENT</Text>
</ProgramReference>
<ProgramReference>
<Code>EGCH</Code>
<Text>ENVIRONMENT AND GLOBAL CHANGE</Text>
</ProgramReference>
<ProgramReference>
<Code>SMET</Code>
<Text>SCIENCE, MATH, ENG &amp; TECH EDUCATION</Text>
</ProgramReference>
</Award>
</rootTag>
