<?xml version="1.0" encoding="UTF-8"?>
<rootTag>
<Award>
<AwardTitle>EMERGE - Establishing a Means for Effective Renewabale/Green Energy</AwardTitle>
<AwardEffectiveDate>07/01/2015</AwardEffectiveDate>
<AwardExpirationDate>06/30/2019</AwardExpirationDate>
<AwardAmount>900000</AwardAmount>
<AwardInstrument>
<Value>Standard Grant</Value>
</AwardInstrument>
<Organization>
<Code>11040100</Code>
<Directorate>
<LongName>Direct For Education and Human Resources</LongName>
</Directorate>
<Division>
<LongName>Division Of Undergraduate Education</LongName>
</Division>
</Organization>
<ProgramOfficer>
<SignBlockName>Heather Watson</SignBlockName>
</ProgramOfficer>
<AbstractNarration>This project contributes to the study of science and engineering education by addressing the research question, "Do project-based learning instructional strategies integrated with sustainability content have an impact on student enrollment and retention in STEM college credit certificates and degrees?" Research-informed activities will focus on the development and pilot testing of several coordinated strategies: (1) providing secondary students with opportunities to earn industry certifications by incorporating a replicable Sustainable Engineering certificate within an Early College dual enrollment program; (2) increasing general science knowledge and interest in STEM by offering relevant sustainability courses to both scientist/technicians and non-science college majors; and (3) meeting workforce and societal needs by engaging students in learning sustainability content, embedded within multiple STEM degree and certificate programs. &lt;br/&gt;&lt;br/&gt;Project objectives and outcomes include: (1) developing a new 18 credit hour/6 course Sustainable Engineering certificate containing specializations tied to industry certifications; (2) increasing enrollment in Sustainable Engineering courses; (3) increasing the number of students pursing the embedded Sustainable Engineering certificate as part of their degree program; and (4) increasing knowledge of scientists/technicians and non-scientists exposed to sustainable/renewable concepts. Outcomes will further support the development of replicable models for STEM student success, and will impact the training of the future science and technology workforce, increasing participation among underrepresented groups and those empowered by their knowledge about green technology.</AbstractNarration>
<MinAmdLetterDate>03/27/2015</MinAmdLetterDate>
<MaxAmdLetterDate>05/02/2016</MaxAmdLetterDate>
<ARRAAmount/>
<AwardID>1501486</AwardID>
<Investigator>
<FirstName>Michael</FirstName>
<LastName>Staley</LastName>
<EmailAddress>staleym@seminolestate.edu</EmailAddress>
<StartDate>03/27/2015</StartDate>
<EndDate/>
<RoleCode>Co-Principal Investigator</RoleCode>
</Investigator>
<Investigator>
<FirstName>Stephen</FirstName>
<LastName>Summers</LastName>
<EmailAddress>summerss@seminolestate.edu</EmailAddress>
<StartDate>05/02/2016</StartDate>
<EndDate/>
<RoleCode>Principal Investigator</RoleCode>
</Investigator>
<Investigator>
<FirstName>Stephen</FirstName>
<LastName>Summers</LastName>
<EmailAddress>summerss@seminolestate.edu</EmailAddress>
<StartDate>03/27/2015</StartDate>
<EndDate>05/02/2016</EndDate>
<RoleCode>Former Co-Principal Investigator</RoleCode>
</Investigator>
<Investigator>
<FirstName>Jason</FirstName>
<LastName>Gaschel</LastName>
<EmailAddress>gaschelj@seminolestate.edu</EmailAddress>
<StartDate>03/27/2015</StartDate>
<EndDate>05/02/2016</EndDate>
<RoleCode>Former Principal Investigator</RoleCode>
</Investigator>
<Institution>
<Name>Seminole State College of Florida</Name>
<CityName>Sanford</CityName>
<ZipCode>327736132</ZipCode>
<PhoneNumber>4077082009</PhoneNumber>
<StreetAddress>100 Weldon Blvd.</StreetAddress>
<CountryName>United States</CountryName>
<StateName>Florida</StateName>
<StateCode>FL</StateCode>
</Institution>
<ProgramElement>
<Code>7412</Code>
<Text>ADVANCED TECH EDUCATION PROG</Text>
</ProgramElement>
<ProgramReference>
<Code>1032</Code>
<Text>ADVANCED TECHNOLOGY EDUCATION</Text>
</ProgramReference>
<ProgramReference>
<Code>9178</Code>
<Text>UNDERGRADUATE EDUCATION</Text>
</ProgramReference>
<ProgramReference>
<Code>SMET</Code>
<Text>SCIENCE, MATH, ENG &amp; TECH EDUCATION</Text>
</ProgramReference>
</Award>
</rootTag>
