<?xml version="1.0" encoding="UTF-8"?>
<rootTag>
<Award>
<AwardTitle>Graduate Student Combinatorics Conference 2015</AwardTitle>
<AwardEffectiveDate>02/01/2015</AwardEffectiveDate>
<AwardExpirationDate>01/31/2016</AwardExpirationDate>
<AwardAmount>15000</AwardAmount>
<AwardInstrument>
<Value>Standard Grant</Value>
</AwardInstrument>
<Organization>
<Code>03040000</Code>
<Directorate>
<LongName>Direct For Mathematical &amp; Physical Scien</LongName>
</Directorate>
<Division>
<LongName>Division Of Mathematical Sciences</LongName>
</Division>
</Organization>
<ProgramOfficer>
<SignBlockName>Tomek Bartoszynski</SignBlockName>
</ProgramOfficer>
<AbstractNarration>The University of Kentucky Department of Mathematics will host the 11th annual Graduate Student Combinatorics Conference (GSCC 2015) in Lexington, Kentucky, March 27 - 29, 2015.  The GSCC provides a unique and invaluable opportunity for graduate students whose research focuses on combinatorics to experience the benefits of taking part in a research conference.  Apart from the keynote lectures, the GSCC focuses solely on graduate student talks.  Furthermore, with only graduate students, undergraduates, and local professors in attendance, the conference provides a low pressure environment in which students can present their research and improve upon their presentation and teaching skills.  The GSCC also provides an opportunity for graduate students to network by meeting other young mathematicians with similar research topics.  These conferences can lead to potential joint research projects and opportunities for future collaboration.  This award defrays travel costs for graduate student participants. &lt;br/&gt;&lt;br/&gt;The first GSCC was hosted by the University of Minnesota in 2005, with subsequent conferences held at the University of Wisconsin (2006), the University of Washington (2007), UC-Davis (2008), the University of Kentucky (2009), Auburn University (2010), Penn State University (2011), the University of Illinois-UC (2012), the University of Minnesota (2013), and again at Auburn University (2014).  Two keynote speakers have been invited to each give a one hour lecture at the 2015 GSCC.  Topics discussed will include extremal and probabilistic combinatorics, with focus on graphs and hypergraphs, and a range of combinatorial topics such as partition theory, lattice point enumeration, and permutation statistics.   The website for the conference is https://sites.google.com/site/gsccuk2015.</AbstractNarration>
<MinAmdLetterDate>01/31/2015</MinAmdLetterDate>
<MaxAmdLetterDate>01/31/2015</MaxAmdLetterDate>
<ARRAAmount/>
<AwardID>1501219</AwardID>
<Investigator>
<FirstName>Benjamin</FirstName>
<LastName>Braun</LastName>
<EmailAddress>benjamin.braun@uky.edu</EmailAddress>
<StartDate>01/31/2015</StartDate>
<EndDate/>
<RoleCode>Co-Principal Investigator</RoleCode>
</Investigator>
<Investigator>
<FirstName>Carl</FirstName>
<LastName>Lee</LastName>
<EmailAddress>lee@ms.uky.edu</EmailAddress>
<StartDate>01/31/2015</StartDate>
<EndDate/>
<RoleCode>Principal Investigator</RoleCode>
</Investigator>
<Institution>
<Name>University of Kentucky Research Foundation</Name>
<CityName>Lexington</CityName>
<ZipCode>405260001</ZipCode>
<PhoneNumber>8592579420</PhoneNumber>
<StreetAddress>109 Kinkead Hall</StreetAddress>
<CountryName>United States</CountryName>
<StateName>Kentucky</StateName>
<StateCode>KY</StateCode>
</Institution>
<ProgramElement>
<Code>7970</Code>
<Text>Combinatorics</Text>
</ProgramElement>
<ProgramReference>
<Code>7556</Code>
<Text>CONFERENCE AND WORKSHOPS</Text>
</ProgramReference>
<ProgramReference>
<Code>9150</Code>
<Text>EXP PROG TO STIM COMP RES</Text>
</ProgramReference>
</Award>
</rootTag>
