<?xml version="1.0" encoding="UTF-8"?>
<rootTag>
<Award>
<AwardTitle>Theoretical Studies of Spectroscopic Line Mixing in Remote Sensing Applications with Theoretical Support to Improve the Accuracy of the HITRAN H2O Database</AwardTitle>
<AwardEffectiveDate>09/15/2015</AwardEffectiveDate>
<AwardExpirationDate>08/31/2018</AwardExpirationDate>
<AwardAmount>267515</AwardAmount>
<AwardInstrument>
<Value>Standard Grant</Value>
</AwardInstrument>
<Organization>
<Code>06020104</Code>
<Directorate>
<LongName>Directorate For Geosciences</LongName>
</Directorate>
<Division>
<LongName>Div Atmospheric &amp; Geospace Sciences</LongName>
</Division>
</Organization>
<ProgramOfficer>
<SignBlockName>Peter J. Milne</SignBlockName>
</ProgramOfficer>
<AbstractNarration>The HITRAN (high-resolution transmission) molecular absorption  database currently contains some 7.4 million spectral lines of some 47 different molecular species (https://www.cfa.harvard.edu/hitran/ ) &lt;br/&gt;As such, along with appropriate computer codes, it can be used to accurately calculate the spectroscopic properties (transmission and emission) of light in the terrestrial (and other planetary) atmospheres. The HITRAN database is widely used by thousands of scientists and engineers, tackling a large range of scientific problems and interests.    &lt;br/&gt;&lt;br/&gt;This project has two stated objectives namely :  (1) continuing studying theoretical and computational treatment of line mixing for molecules that are important in remote sensing and spectroscopy, and , (2) providing  theoretical support for improving the accuracy of the HITRAN database, in particular calculation of H2O lineshapes.   The first objective is based on prior NSF support to develop a formalism capable of studying line mixing from interactions between a molecular absorber and molecular perturbers. The second objective represents continuing effort to improve the accuracy of spectroscopic parameters of H2O lineshapes in spectral databases, specifically HITRAN, and related compilations.</AbstractNarration>
<MinAmdLetterDate>09/14/2015</MinAmdLetterDate>
<MaxAmdLetterDate>09/14/2015</MaxAmdLetterDate>
<ARRAAmount/>
<AwardID>1501297</AwardID>
<Investigator>
<FirstName>Richard</FirstName>
<LastName>Tipping</LastName>
<EmailAddress>rtipping@bama.ua.edu</EmailAddress>
<StartDate>09/14/2015</StartDate>
<EndDate/>
<RoleCode>Co-Principal Investigator</RoleCode>
</Investigator>
<Investigator>
<FirstName>Qiancheng</FirstName>
<LastName>Ma</LastName>
<EmailAddress>qm2@columbia.edu</EmailAddress>
<StartDate>09/14/2015</StartDate>
<EndDate/>
<RoleCode>Principal Investigator</RoleCode>
</Investigator>
<Institution>
<Name>Columbia University</Name>
<CityName>NEW YORK</CityName>
<ZipCode>100276902</ZipCode>
<PhoneNumber>2128546851</PhoneNumber>
<StreetAddress>2960 Broadway</StreetAddress>
<CountryName>United States</CountryName>
<StateName>New York</StateName>
<StateCode>NY</StateCode>
</Institution>
<ProgramElement>
<Code>1524</Code>
<Text>ATMOSPHERIC CHEMISTRY</Text>
</ProgramElement>
</Award>
</rootTag>
