<?xml version="1.0" encoding="UTF-8"?>
<rootTag>
<Award>
<AwardTitle>P2C2: Amazonian Tree-Ring Chronologies for Climate and Streamflow Reconstruction</AwardTitle>
<AwardEffectiveDate>07/01/2015</AwardEffectiveDate>
<AwardExpirationDate>06/30/2019</AwardExpirationDate>
<AwardAmount>418656</AwardAmount>
<AwardInstrument>
<Value>Standard Grant</Value>
</AwardInstrument>
<Organization>
<Code>06020108</Code>
<Directorate>
<LongName>Directorate For Geosciences</LongName>
</Directorate>
<Division>
<LongName>Div Atmospheric &amp; Geospace Sciences</LongName>
</Division>
</Organization>
<ProgramOfficer>
<SignBlockName>David J. Verardo</SignBlockName>
</ProgramOfficer>
<AbstractNarration>This project aims to develop 200-400 year-long tree-ring chronologies from the Amazon Basin to extend the short instrumental record of precipitation and streamflow.&lt;br/&gt;&lt;br/&gt;Amazon River discharge, the largest on Earth, is modulated in part by ocean-atmospheric forcing from the tropical Atlantic and Pacific. Amazon discharge has been monitored since 1902 and appears to have entered a new regime of amplified hydrological variability. The recent divergence in minimum and maximum flows has no precedent in the short instrumental record. The cause of this intensified hydrological cycle over Amazonia is not known, but may arise from deforestation or moisture advection changes associated with the observed warming of the tropical North Atlantic.&lt;br/&gt;&lt;br/&gt;A severe decline in annual precipitation is predicted for the mid-21st century over most of Amazonia based on CMIP5 climate model ensemble simulations under business-as-usual greenhouse gas emissions and land cover changes.  How unprecedented the recent and predicted hydroclimatic changes might be in the context of natural climate variability during the late Holocene cannot be determined empirically from the few short and spatially discontinuous instrumental observations from the Amazon Basin.&lt;br/&gt;&lt;br/&gt;Tree-ring reconstructions have provided well-dated spatially distributed estimates of past megadroughts and pluvials needed for verifying model simulations of the dynamics responsible for decadal moisture regimes over North America and Asia.  However, the most biodiverse forest ecosystems in the world, the forests of Amazonia, have not produced freely available multi-century tree-ring chronologies useful for exact dating or climate reconstruction. &lt;br/&gt;&lt;br/&gt;In the absence of a cold winter dormant season, most tropical tree species do not produce anatomically distinctive annual growth rings and therefore cannot be used for routine dendrochronology.  However, strong environmental rhythms do exist in some tropical forests and can induce annual tree-ring formation in a few native species.  These annual changes include the profound precipitation seasonality and prolonged flood pulse of lowland forests in the central, eastern, and southern Amazon. Colleagues on the research team have proven that annual rings exist in Macrolobium acaciifolium in these inundation forests and have demonstrated their potential value for hydroclimatic applications. Annual rings have also been proven in Bertholletia excelsa, Cedrella fissilis, C. odorata, and Centrolobium microchaete from seasonally dry upland forests of Brazil and eastern Bolivia, and ring width and oxygen isotope chronologies derived from them are related to large-scale climate variability. &lt;br/&gt;&lt;br/&gt;This project will use new tree-ring chronologies to develop gridded regional moisture reconstructions, to frame the most extreme pre-instrumental and modern droughts in the context of climate change using CMIP5 ensemble simulations of the past millennium and the 21st century, and to explore the stability of ocean-atmospheric forcing of climate over Amazonia.&lt;br/&gt;The project will also leverage research resources and unite students and investigators from the United States, Brazil, Bolivia, and Argentina in the application of dendroclimatology to select tropical hardwoods in Amazonia. An international collaboration of climatologists, dendrochronologists, and forest scientists has been organized with the expertise required to solve the complexities involved in the exact tree-ring dating of tropical hardwoods.</AbstractNarration>
<MinAmdLetterDate>06/26/2015</MinAmdLetterDate>
<MaxAmdLetterDate>06/26/2015</MaxAmdLetterDate>
<ARRAAmount/>
<AwardID>1501321</AwardID>
<Investigator>
<FirstName>Song</FirstName>
<LastName>Feng</LastName>
<EmailAddress>songfeng@uark.edu</EmailAddress>
<StartDate>06/26/2015</StartDate>
<EndDate/>
<RoleCode>Co-Principal Investigator</RoleCode>
</Investigator>
<Investigator>
<FirstName>David</FirstName>
<LastName>Stahle</LastName>
<EmailAddress>dstahle@uark.edu</EmailAddress>
<StartDate>06/26/2015</StartDate>
<EndDate/>
<RoleCode>Principal Investigator</RoleCode>
</Investigator>
<Institution>
<Name>University of Arkansas</Name>
<CityName>FAYETTEVILLE</CityName>
<ZipCode>727011201</ZipCode>
<PhoneNumber>4795753845</PhoneNumber>
<StreetAddress>210 Administration Building</StreetAddress>
<CountryName>United States</CountryName>
<StateName>Arkansas</StateName>
<StateCode>AR</StateCode>
</Institution>
<ProgramElement>
<Code>1530</Code>
<Text>PALEOCLIMATE PROGRAM</Text>
</ProgramElement>
<ProgramReference>
<Code>7754</Code>
<Text>CLIMATE VARIABILITY &amp; CHANGE</Text>
</ProgramReference>
<ProgramReference>
<Code>8070</Code>
<Text>P2C2 Proposals</Text>
</ProgramReference>
<ProgramReference>
<Code>9150</Code>
<Text>EXP PROG TO STIM COMP RES</Text>
</ProgramReference>
<ProgramReference>
<Code>EGCH</Code>
<Text>ENVIRONMENT AND GLOBAL CHANGE</Text>
</ProgramReference>
</Award>
</rootTag>
