<?xml version="1.0" encoding="UTF-8"?>
<rootTag>
<Award>
<AwardTitle>DISSERTATION RESEARCH: Stochastic modeling approaches to evaluate the evolution of chromosome number and genome size in plants</AwardTitle>
<AwardEffectiveDate>06/01/2015</AwardEffectiveDate>
<AwardExpirationDate>05/31/2017</AwardExpirationDate>
<AwardAmount>16493</AwardAmount>
<AwardInstrument>
<Value>Standard Grant</Value>
</AwardInstrument>
<Organization>
<Code>08090300</Code>
<Directorate>
<LongName>Direct For Biological Sciences</LongName>
</Directorate>
<Division>
<LongName>Division Of Integrative Organismal Systems</LongName>
</Division>
</Organization>
<ProgramOfficer>
<SignBlockName>Irwin Forseth</SignBlockName>
</ProgramOfficer>
<AbstractNarration>DNA provides the genetic instructions for life, yet very little is known about why the amount of DNA in a genome varies tremendously across species. In flowering plants, the size and composition of genomes can change drastically through whole genome duplications, which are associated with ecological adaptation and shifts in species diversification rates. This project takes an interdisciplinary approach, combining insights and approaches from disparate fields, such as Botany, Genetics, and Statistics, to examine the role of whole genome duplication in generating and maintaining variation in genome size and chromosome number among species. Specifically, this project will develop and implement new mathematical models to measure the effect of different evolutionary mechanisms associated with duplications on genome size variation in flowering plants.  The software and methods developed by this project will help scientists test many questions in genome evolution in a statistically rigorous manner, and the project also will provide interdisciplinary training to graduate students.&lt;br/&gt;&lt;br/&gt;Whole genome duplication (WGD) is a recurrent genomic process in angiosperms that has been linked to genetic innovation, ecological adaptation, and shifts in diversification rates. However, the role of WGD in generating and maintaining variation in genome size and chromosome number among species is still largely unknown. The goal of this project is to develop new stochastic models of chromosome number and genome size change that will enable scientists to infer the speed of evolutionary mechanisms responsible for the variation in genome size as well as an inferential procedure that will allow estimation of the frequency of such evolutionary processes. Specifically, this project will (1) estimate the relative influence of genome downsizing and constraints against WGD using a formal simulation approach; (2) propose a new stochastic model for ploidy change that includes diploidization; and (3) propose a new stochastic model for genome size change that includes genome downsizing and selection against WGD for taxa with large genomes. The project will also provide new methods and open source software for the scientific community and will provide interdisciplinary training for graduate students.</AbstractNarration>
<MinAmdLetterDate>03/16/2015</MinAmdLetterDate>
<MaxAmdLetterDate>06/17/2015</MaxAmdLetterDate>
<ARRAAmount/>
<AwardID>1501547</AwardID>
<Investigator>
<FirstName>Emily</FirstName>
<LastName>Sessa</LastName>
<EmailAddress>emilysessa@ufl.edu</EmailAddress>
<StartDate>06/17/2015</StartDate>
<EndDate/>
<RoleCode>Principal Investigator</RoleCode>
</Investigator>
<Investigator>
<FirstName>Rosana</FirstName>
<LastName>Zenil-Ferguson</LastName>
<EmailAddress>rzenil@ufl.edu</EmailAddress>
<StartDate>03/16/2015</StartDate>
<EndDate/>
<RoleCode>Co-Principal Investigator</RoleCode>
</Investigator>
<Investigator>
<FirstName>John</FirstName>
<LastName>Burleigh</LastName>
<EmailAddress>gburleigh@ufl.edu</EmailAddress>
<StartDate>03/16/2015</StartDate>
<EndDate>06/17/2015</EndDate>
<RoleCode>Former Principal Investigator</RoleCode>
</Investigator>
<Institution>
<Name>University of Florida</Name>
<CityName>GAINESVILLE</CityName>
<ZipCode>326112002</ZipCode>
<PhoneNumber>3523923516</PhoneNumber>
<StreetAddress>1 UNIVERSITY OF FLORIDA</StreetAddress>
<CountryName>United States</CountryName>
<StateName>Florida</StateName>
<StateCode>FL</StateCode>
</Institution>
<ProgramElement>
<Code>7378</Code>
<Text>EVOLUTIONARY GENETICS</Text>
</ProgramElement>
<ProgramReference>
<Code>9169</Code>
<Text>BIODIVERSITY AND ECOSYSTEM DYNAMICS</Text>
</ProgramReference>
<ProgramReference>
<Code>9179</Code>
<Text>GRADUATE INVOLVEMENT</Text>
</ProgramReference>
<ProgramReference>
<Code>EGCH</Code>
<Text>ENVIRONMENT AND GLOBAL CHANGE</Text>
</ProgramReference>
<ProgramReference>
<Code>SMET</Code>
<Text>SCIENCE, MATH, ENG &amp; TECH EDUCATION</Text>
</ProgramReference>
</Award>
</rootTag>
