<?xml version="1.0" encoding="UTF-8"?>
<rootTag>
<Award>
<AwardTitle>Graduate Student Topology and Geometry Conference</AwardTitle>
<AwardEffectiveDate>03/01/2015</AwardEffectiveDate>
<AwardExpirationDate>02/28/2017</AwardExpirationDate>
<AwardAmount>76952</AwardAmount>
<AwardInstrument>
<Value>Standard Grant</Value>
</AwardInstrument>
<Organization>
<Code>03040000</Code>
<Directorate>
<LongName>Direct For Mathematical &amp; Physical Scien</LongName>
</Directorate>
<Division>
<LongName>Division Of Mathematical Sciences</LongName>
</Division>
</Organization>
<ProgramOfficer>
<SignBlockName>Christopher W. Stark</SignBlockName>
</ProgramOfficer>
<AbstractNarration>The thirteenth annual Graduate Student Topology and Geometry Conference (GSTGC) is to be held March 29-March 30, 2015, at the University of Illinois Urbana-Champaign. This will be the largest GSTGC ever, with over 150 graduate students from across the country at various stages of their careers expected to attend.  The schedule includes a broad range of talks: 24-32 graduate student 30 minute talks on expository and original research topics in geometry/topology; plenary speakers, Kathryn Hess (EPFL), Misha Kapovich (UC Davis), and Daniel Wise (McGill); and six invited young faculty speakers, Anna Marie Bohmann (Northwestern), Jeff Danciger (UT Austin), Jo Nelson (IAS), Vivek Schende (UC Berkeley), Hiro Lee Tanaka (Harvard) and Jing Tao (Oklahoma). This conference will include talks in many subfields of topology and geometry, including hyperbolic geometry, geometry of positive curvature, global analysis, 3-manifolds, homotopy theory, symplectic geometry, dynamics, knot theory, cobordism theory, category theory, Teichmuller theory, 4-manifolds, differential topology, geometric group theory, algebraic K-theory, and more.&lt;br/&gt;&lt;br/&gt;This conference provides a venue for communication among young mathematicians from different geographic regions. Participants include graduate students at all stages of their careers. This is one of the few conferences in topology and geometry that is dedicated to graduate students. Student participants at this conference have the opportunity to learn about cutting edge research, to refine their communication and networking skills, and to establish collaborations with peers. Geometry and topology are fundamental mathematical fields with deep connections to many other areas of research, such as dynamical systems, physics, computer science, and mathematical biology. This conference serves to foster research and communication about research in these areas, and to enable and encourage graduate students in these fields.&lt;br/&gt;&lt;br/&gt;Conference URL: http://www.math.illinois.edu/gstgc2015/</AbstractNarration>
<MinAmdLetterDate>02/20/2015</MinAmdLetterDate>
<MaxAmdLetterDate>02/20/2015</MaxAmdLetterDate>
<ARRAAmount/>
<AwardID>1501039</AwardID>
<Investigator>
<FirstName>Steven</FirstName>
<LastName>Bradlow</LastName>
<EmailAddress>bradlow@math.uiuc.edu</EmailAddress>
<StartDate>02/20/2015</StartDate>
<EndDate/>
<RoleCode>Principal Investigator</RoleCode>
</Investigator>
<Institution>
<Name>University of Illinois at Urbana-Champaign</Name>
<CityName>CHAMPAIGN</CityName>
<ZipCode>618207473</ZipCode>
<PhoneNumber>2173332187</PhoneNumber>
<StreetAddress>SUITE A</StreetAddress>
<CountryName>United States</CountryName>
<StateName>Illinois</StateName>
<StateCode>IL</StateCode>
</Institution>
<ProgramElement>
<Code>1265</Code>
<Text>GEOMETRIC ANALYSIS</Text>
</ProgramElement>
<ProgramElement>
<Code>1267</Code>
<Text>TOPOLOGY</Text>
</ProgramElement>
<ProgramReference>
<Code>7556</Code>
<Text>CONFERENCE AND WORKSHOPS</Text>
</ProgramReference>
</Award>
</rootTag>
