<?xml version="1.0" encoding="UTF-8"?>
<rootTag>
<Award>
<AwardTitle>Representation Theory and Moduli Spaces</AwardTitle>
<AwardEffectiveDate>07/01/2015</AwardEffectiveDate>
<AwardExpirationDate>06/30/2016</AwardExpirationDate>
<AwardAmount>106099</AwardAmount>
<AwardInstrument>
<Value>Standard Grant</Value>
</AwardInstrument>
<Organization>
<Code>03040000</Code>
<Directorate>
<LongName>Direct For Mathematical &amp; Physical Scien</LongName>
</Directorate>
<Division>
<LongName>Division Of Mathematical Sciences</LongName>
</Division>
</Organization>
<ProgramOfficer>
<SignBlockName>Matthew  Douglass</SignBlockName>
</ProgramOfficer>
<AbstractNarration>This research lies in the intersection of several fields of mathematics, including representation theory, algebraic geometry, number theory, and mathematical physics. In particular, new connections between the Langlands program (which originates in number theory - arguably the oldest subject in mathematics) and quantum field theory will be explored.&lt;br/&gt;&lt;br/&gt;On the more technical side the PI will study various moduli spaces attached to affine Kac-Moody groups (such as the affine Grassmannian, Uhlenbeck compactifications of moduli spaces of principal bundles on some algebraic surfaces, and some others) in order to attack the following problems: 1) a construction of local L-functions for representations of p-adic groups, 2) Hecke algebras and Eisenstein series for affine Kac-Moody groups over functional fields, and 3) instanton counting and other problems in 4-dimensional gauge theory.</AbstractNarration>
<MinAmdLetterDate>04/24/2015</MinAmdLetterDate>
<MaxAmdLetterDate>06/18/2015</MaxAmdLetterDate>
<ARRAAmount/>
<AwardID>1501047</AwardID>
<Investigator>
<FirstName>Alexander</FirstName>
<LastName>Braverman</LastName>
<EmailAddress>braval@math.brown.edu</EmailAddress>
<StartDate>04/24/2015</StartDate>
<EndDate/>
<RoleCode>Principal Investigator</RoleCode>
</Investigator>
<Institution>
<Name>Brown University</Name>
<CityName>Providence</CityName>
<ZipCode>029129002</ZipCode>
<PhoneNumber>4018632777</PhoneNumber>
<StreetAddress>BOX 1929</StreetAddress>
<CountryName>United States</CountryName>
<StateName>Rhode Island</StateName>
<StateCode>RI</StateCode>
</Institution>
<ProgramElement>
<Code>1264</Code>
<Text>ALGEBRA,NUMBER THEORY,AND COM</Text>
</ProgramElement>
<ProgramReference>
<Code>9150</Code>
<Text>EXP PROG TO STIM COMP RES</Text>
</ProgramReference>
</Award>
</rootTag>
