<?xml version="1.0" encoding="UTF-8"?>
<rootTag>
<Award>
<AwardTitle>Dissertation Research: Molecular mechanisms underlying striking craniofacial variation in New World Leaf-Nosed bats (Phyllostomidae)</AwardTitle>
<AwardEffectiveDate>06/01/2015</AwardEffectiveDate>
<AwardExpirationDate>05/31/2018</AwardExpirationDate>
<AwardAmount>21882</AwardAmount>
<AwardInstrument>
<Value>Standard Grant</Value>
</AwardInstrument>
<Organization>
<Code>08010206</Code>
<Directorate>
<LongName>Direct For Biological Sciences</LongName>
</Directorate>
<Division>
<LongName>Division Of Environmental Biology</LongName>
</Division>
</Organization>
<ProgramOfficer>
<SignBlockName>Simon Malcomber</SignBlockName>
</ProgramOfficer>
<AbstractNarration>New-World leaf-nosed bats are one of the most successful and diverse lineages of mammals. They have evolved many distinct faces and each head shape serves a different purpose. For example, bats with flat, primate-like faces eat fruit and disperse seeds. Bats with long and narrow faces consume nectar and pollinate flowers. The New-World leaf-nosed bats are an ideal group with which to test an important aspect of mammal evolution: how their heads and faces changed in appearance over time. The researchers will examine the evolution and development of uniquely shaped bat faces that allow for distinct feeding strategies in natural populations of bats by integrating museum collections, fieldwork, gene expression studies, and experiments in the laboratory. The nature of this project will foster collaborations, networking, and training among scientists from different fields of biology across several institutions plus involvement and mentoring of undergraduates. Phyllostomid bats are fascinating and charismatic animals and this combined with a close tie to the museums and their collections and exhibits will likely help the outreach efforts for providing the broader impact of this study.&lt;br/&gt;&lt;br/&gt;Morphological diversity can be explained by examining evolutionary patterns in related species and characterizing developmental gene expression leading to the appearance of fundamental species-specific features. This project will: 1) quantify morphological transformations in the evolution of unique feeding strategies among phyllostomid bats, 2) compare embryonic gene expression between bats that differ in easily quantifiable characteristics, such as shortening and elongation of the cranium; and 3) evaluate mechanisms for diversification by connecting developmental change to evolutionary change. Anticipated significant developmental gene expression differences among bats will provide the foundation for testing hypotheses about the link between ontogeny and phylogeny. Specifically, gene expression changes may be experimentally replicated in bat and/or mouse embryos and the subsequent phenotypes will be examined by quantitative morphometrics to evaluate if evolutionary patterns are mimicked. This will indicate a causative connection between morphological and molecular evolutionary changes. The results of this research allow for a general understanding of the fundamental mechanisms underlying major diversity patterns among mammals</AbstractNarration>
<MinAmdLetterDate>04/09/2015</MinAmdLetterDate>
<MaxAmdLetterDate>08/26/2015</MaxAmdLetterDate>
<ARRAAmount/>
<AwardID>1501690</AwardID>
<Investigator>
<FirstName>Jasmin</FirstName>
<LastName>Camacho</LastName>
<EmailAddress>jcamacho@fas.harvard.edu</EmailAddress>
<StartDate>04/09/2015</StartDate>
<EndDate/>
<RoleCode>Co-Principal Investigator</RoleCode>
</Investigator>
<Investigator>
<FirstName>Hopi</FirstName>
<LastName>Hoekstra</LastName>
<EmailAddress>hoekstra@oeb.harvard.edu</EmailAddress>
<StartDate>08/26/2015</StartDate>
<EndDate/>
<RoleCode>Principal Investigator</RoleCode>
</Investigator>
<Investigator>
<FirstName>Arkhat</FirstName>
<LastName>Abzhanov</LastName>
<EmailAddress>abzhanov@fas.harvard.edu</EmailAddress>
<StartDate>04/09/2015</StartDate>
<EndDate>08/26/2015</EndDate>
<RoleCode>Former Principal Investigator</RoleCode>
</Investigator>
<Institution>
<Name>Harvard University</Name>
<CityName>Cambridge</CityName>
<ZipCode>021385369</ZipCode>
<PhoneNumber>6174955501</PhoneNumber>
<StreetAddress>1033 MASSACHUSETTS AVE</StreetAddress>
<CountryName>United States</CountryName>
<StateName>Massachusetts</StateName>
<StateCode>MA</StateCode>
</Institution>
<ProgramElement>
<Code>1171</Code>
<Text>PHYLOGENETIC SYSTEMATICS</Text>
</ProgramElement>
<ProgramReference>
<Code>9169</Code>
<Text>BIODIVERSITY AND ECOSYSTEM DYNAMICS</Text>
</ProgramReference>
<ProgramReference>
<Code>9179</Code>
<Text>GRADUATE INVOLVEMENT</Text>
</ProgramReference>
<ProgramReference>
<Code>EGCH</Code>
<Text>ENVIRONMENT AND GLOBAL CHANGE</Text>
</ProgramReference>
<ProgramReference>
<Code>SMET</Code>
<Text>SCIENCE, MATH, ENG &amp; TECH EDUCATION</Text>
</ProgramReference>
</Award>
</rootTag>
