<?xml version="1.0" encoding="UTF-8"?>
<rootTag>
<Award>
<AwardTitle>Geometric Methods in Representation Theory</AwardTitle>
<AwardEffectiveDate>06/15/2015</AwardEffectiveDate>
<AwardExpirationDate>05/31/2018</AwardExpirationDate>
<AwardAmount>170000</AwardAmount>
<AwardInstrument>
<Value>Standard Grant</Value>
</AwardInstrument>
<Organization>
<Code>03040000</Code>
<Directorate>
<LongName>Direct For Mathematical &amp; Physical Scien</LongName>
</Directorate>
<Division>
<LongName>Division Of Mathematical Sciences</LongName>
</Division>
</Organization>
<ProgramOfficer>
<SignBlockName>Matthew  Douglass</SignBlockName>
</ProgramOfficer>
<AbstractNarration>This research is at the interface of geometry and representation theory. Geometry is the mathematical study of shapes and properties of space, and representation theory uses algebraic techniques to study symmetries. Several research projects in geometry and representation theory that enhance the unity of mathematics by connecting algebraic and geometric ideas will be completed. Among them is a project to use a novel representation-theoretic approach to solve a long-standing conjecture about counting the number of Latin squares.&lt;br/&gt;&lt;br/&gt;In more detail, the proposed projects are summarized as follows: The first project is to answer of a well-known question of Kostant to describe the decomposition of the tensor product of two irreducible representations of a semisimple Lie algebra with the same highest weight; the second project is to extend the celebrated  Parthasarathy-Ranga Rao-Varadarajan theorem to a new setting; the third project is to find an analog for more general groups of the classical fact about the general linear group that the cup product structure coefficients in the cohomology of Grassmannians coincide with the Littlewood-Richardson coefficients for tensor products of representations; and the fourth project is to solve a combinatorial conjecture of Alon and Tarsi counting the number of Latin squares of a certain type.</AbstractNarration>
<MinAmdLetterDate>06/10/2015</MinAmdLetterDate>
<MaxAmdLetterDate>06/10/2015</MaxAmdLetterDate>
<ARRAAmount/>
<AwardID>1501094</AwardID>
<Investigator>
<FirstName>Shrawan</FirstName>
<LastName>Kumar</LastName>
<EmailAddress>shrawan@email.unc.edu</EmailAddress>
<StartDate>06/10/2015</StartDate>
<EndDate/>
<RoleCode>Principal Investigator</RoleCode>
</Investigator>
<Institution>
<Name>University of North Carolina at Chapel Hill</Name>
<CityName>CHAPEL HILL</CityName>
<ZipCode>275991350</ZipCode>
<PhoneNumber>9199663411</PhoneNumber>
<StreetAddress>104 AIRPORT DR STE 2200</StreetAddress>
<CountryName>United States</CountryName>
<StateName>North Carolina</StateName>
<StateCode>NC</StateCode>
</Institution>
<ProgramElement>
<Code>1264</Code>
<Text>ALGEBRA,NUMBER THEORY,AND COM</Text>
</ProgramElement>
</Award>
</rootTag>
