<?xml version="1.0" encoding="UTF-8"?>
<rootTag>
<Award>
<AwardTitle>CAREER:  Test Ideals and the Geometry of Projective Varieties in Positive Characteristic</AwardTitle>
<AwardEffectiveDate>08/02/2014</AwardEffectiveDate>
<AwardExpirationDate>08/31/2018</AwardExpirationDate>
<AwardAmount>400843</AwardAmount>
<AwardInstrument>
<Value>Continuing grant</Value>
</AwardInstrument>
<Organization>
<Code>03040000</Code>
<Directorate>
<LongName>Direct For Mathematical &amp; Physical Scien</LongName>
</Directorate>
<Division>
<LongName>Division Of Mathematical Sciences</LongName>
</Division>
</Organization>
<ProgramOfficer>
<SignBlockName>Matthew  Douglass</SignBlockName>
</ProgramOfficer>
<AbstractNarration>The Principal Investigator will explore questions in characteristic p &gt; 0 algebraic geometry and commutative algebra.  Explicitly, he proposes to apply methods of commutative algebra to study adjoint line bundles in characteristic p &gt; 0, especially to produce global sections.  Such line bundles are crucial when classifying the central objects of algebraic geometry.  Over the complex numbers, the standard techniques to study adjoint line bundles include Kodaira-type vanishing theorems.  These theorems are unavailable in characteristic p &gt; 0, thus methods of the Frobenius morphism and test ideals from commutative algebra will be employed instead.  The PI also proposes to use methods of algebraic geometry to study questions related to singularities in commutative algebra.  The Principal Investigator will also run several mathematics camps for high school students.  He will employ students to help develop software related to test ideals and singularities in characteristic p &gt; 0.  Finally he will continue to organize conferences.&lt;br/&gt;&lt;br/&gt;Algebraic geometry is a very active field of mathematics.  Explicitly, it is the study of geometric objects (called algebraic varieties) made up of the solutions to polynomial equations (for example, the parabola is the solution to y = x^2). Characteristic p &gt; 0 algebraic geometry is the study of these equations and their solutions when the underlying rules of arithmetic have changed.  For example, instead of simply 4 + 4 = 8, in characteristic p = 5, once we get to 5 we start counting at 1 again so that 4 + 4 = 3 (like counting hours of a clock). This type of arithmetic and related algebra and geometry is heavily employed in modern cryptography and coding theory.  The running of camps, conferences and the development of software will also help train the next generation of researchers.</AbstractNarration>
<MinAmdLetterDate>10/28/2014</MinAmdLetterDate>
<MaxAmdLetterDate>07/18/2017</MaxAmdLetterDate>
<ARRAAmount/>
<AwardID>1501102</AwardID>
<Investigator>
<FirstName>Karl</FirstName>
<LastName>Schwede</LastName>
<EmailAddress>schwede@math.utah.edu</EmailAddress>
<StartDate>10/28/2014</StartDate>
<EndDate/>
<RoleCode>Principal Investigator</RoleCode>
</Investigator>
<Institution>
<Name>University of Utah</Name>
<CityName>SALT LAKE CITY</CityName>
<ZipCode>841128930</ZipCode>
<PhoneNumber>8015816903</PhoneNumber>
<StreetAddress>75 S 2000 E</StreetAddress>
<CountryName>United States</CountryName>
<StateName>Utah</StateName>
<StateCode>UT</StateCode>
</Institution>
<ProgramElement>
<Code>1264</Code>
<Text>ALGEBRA,NUMBER THEORY,AND COM</Text>
</ProgramElement>
<ProgramElement>
<Code>8048</Code>
<Text>Division Co-Funding: CAREER</Text>
</ProgramElement>
<ProgramReference>
<Code>1045</Code>
<Text>CAREER: FACULTY EARLY CAR DEV</Text>
</ProgramReference>
<ProgramReference>
<Code>9150</Code>
<Text>EXP PROG TO STIM COMP RES</Text>
</ProgramReference>
</Award>
</rootTag>
