<?xml version="1.0" encoding="UTF-8"?>
<rootTag>
<Award>
<AwardTitle>DISSERTATION RESEARCH: Do tradeoffs between water use efficiency and growth explain plant community response to nitrogen deposition?</AwardTitle>
<AwardEffectiveDate>07/01/2015</AwardEffectiveDate>
<AwardExpirationDate>12/31/2017</AwardExpirationDate>
<AwardAmount>19749</AwardAmount>
<AwardInstrument>
<Value>Standard Grant</Value>
</AwardInstrument>
<Organization>
<Code>08010208</Code>
<Directorate>
<LongName>Direct For Biological Sciences</LongName>
</Directorate>
<Division>
<LongName>Division Of Environmental Biology</LongName>
</Division>
</Organization>
<ProgramOfficer>
<SignBlockName>Douglas Levey</SignBlockName>
</ProgramOfficer>
<AbstractNarration>Nitrogen is a largely unrecognized component of air pollution and can negatively impact ecosystems. Excess nitrogen in the air is eventually deposited in the soil. While more nitrogen in the soil may seem beneficial for plant growth, many plant species are adapted to lower nutrient levels. Indeed, previous studies have shown that nitrogen deposition can be detrimental to ecosystem health. Southern California, which is notorious for its nitrogen-containing smog, has high levels of nitrogen deposition in the soil and many invasive plant species that also reduce native biodiversity. Nitrogen deposition may magnify the impact of invasive species because it often promotes growth of invasive annual plants over native shrubs and wildflowers. One possible explanation for the loss of native species is that added nitrogen makes them grow faster and use water less efficiently, causing them to be more susceptible to drought. Invasive plants on the other hand, may be able to grow fast with added nitrogen and still use water efficiently. The purpose of this research is to compare growth and water use by native and invasive plants under different levels of nitrogen addition. This work will lead to a better understanding of the environmental effects of nitrogen deposition, especially in dry habitats with problematic invasive species.&lt;br/&gt;&lt;br/&gt;Identifying how trait differences between native and invasive plant species influence community composition over environmental gradients is critical to a mechanistic understanding of how ecosystems will respond to global change. Nitrogen deposition is reported as major driver of plant diversity loss, invasion and vegetation-type conversion in some areas of Europe and North America. In arid systems, nitrogen and water will have interactive effects on water-use efficiency and growth, and these responses may mediate survival. Trade-offs among plant traits, such as water-use efficiency and relative growth rate, are known to play an important role in community assembly and species coexistence. Native and invasive plants may differ in this trade-off, and added nitrogen may influence these dynamics. The use of stable isotopes (13C) for the estimation of integrated water-use efficiency in conjunction with a plant functional trait-based approach and community-level data will allow for exploration of this important tradeoff as a mechanism of invasion under N deposition. The researchers will address this hypothesis by measuring the growth and water-use efficiency of native and invasive plants along an experimental gradient in nitrogen deposition in the Santa Monica Mountains of southern California.</AbstractNarration>
<MinAmdLetterDate>04/03/2015</MinAmdLetterDate>
<MaxAmdLetterDate>04/03/2015</MaxAmdLetterDate>
<ARRAAmount/>
<AwardID>1501110</AwardID>
<Investigator>
<FirstName>Justin</FirstName>
<LastName>Valliere</LastName>
<EmailAddress>jvall007@ucr.edu</EmailAddress>
<StartDate>04/03/2015</StartDate>
<EndDate/>
<RoleCode>Co-Principal Investigator</RoleCode>
</Investigator>
<Investigator>
<FirstName>Edith</FirstName>
<LastName>Allen</LastName>
<EmailAddress>edith.allen@ucr.edu</EmailAddress>
<StartDate>04/03/2015</StartDate>
<EndDate/>
<RoleCode>Principal Investigator</RoleCode>
</Investigator>
<Institution>
<Name>University of California-Riverside</Name>
<CityName>RIVERSIDE</CityName>
<ZipCode>925210217</ZipCode>
<PhoneNumber>9518275535</PhoneNumber>
<StreetAddress>Research &amp; Economic Development</StreetAddress>
<CountryName>United States</CountryName>
<StateName>California</StateName>
<StateCode>CA</StateCode>
</Institution>
<ProgramElement>
<Code>1182</Code>
<Text>POP &amp; COMMUNITY ECOL PROG</Text>
</ProgramElement>
<ProgramReference>
<Code>9169</Code>
<Text>BIODIVERSITY AND ECOSYSTEM DYNAMICS</Text>
</ProgramReference>
<ProgramReference>
<Code>9179</Code>
<Text>GRADUATE INVOLVEMENT</Text>
</ProgramReference>
<ProgramReference>
<Code>EGCH</Code>
<Text>ENVIRONMENT AND GLOBAL CHANGE</Text>
</ProgramReference>
<ProgramReference>
<Code>SMET</Code>
<Text>SCIENCE, MATH, ENG &amp; TECH EDUCATION</Text>
</ProgramReference>
</Award>
</rootTag>
