<?xml version="1.0" encoding="UTF-8"?>
<rootTag>
<Award>
<AwardTitle>Balancing Gas Loss, Star Formation, and Black Hole Activity in Cluster Galaxies</AwardTitle>
<AwardEffectiveDate>09/01/2015</AwardEffectiveDate>
<AwardExpirationDate>08/31/2018</AwardExpirationDate>
<AwardAmount>278000</AwardAmount>
<AwardInstrument>
<Value>Fellowship</Value>
</AwardInstrument>
<Organization>
<Code>03020000</Code>
<Directorate>
<LongName>Direct For Mathematical &amp; Physical Scien</LongName>
</Directorate>
<Division>
<LongName>Division Of Astronomical Sciences</LongName>
</Division>
</Organization>
<ProgramOfficer>
<SignBlockName>Harshal Gupta</SignBlockName>
</ProgramOfficer>
<AbstractNarration>Rukmani Vijayaraghavan is awarded an NSF Astronomy and Astrophysics Postdoctoral Fellowship to carry out a program of research and education at the University of Virginia. Galaxies in dense groups and clusters, unlike ordinary field galaxies like the Milky Way, are subject to extreme astrophysical processes that remove their gas and shut down star formation. These processes are far from gentle; many galaxies go through a violent evolutionary phase before settling into their eventual passive gas-poor states. During this phase, star formation and supermassive black hole activity within galaxies can be triggered by strong pressure in the ambient gas. Energy injected by these stars and supermassive black holes can in turn replenish gas lost from galaxies, further continuing this cycle. These processes, mysteriously, operate in the presence of other mechanisms in dense environments that should destroy galactic gas. While there is abundant observational evidence that these processes operate in cluster galaxies, a theoretical understanding of the physics driving the energy cycle in group and cluster galaxies remains elusive. Vijayaraghavan will exploit recent advances in computing and astrophysical software development to carry out a simulations-based investigation into these extreme astrophysical phenomena. She will also run an educational program to promote enthusiasm for computational astrophysics in middle-school-aged girl students. These students will be exposed to the latest scientific developments and techniques in modern astrophysics through computer- and telescope-based activities.&lt;br/&gt;&lt;br/&gt;Solving the problem of galaxy evolution in cluster environments requires modeling and disentangling the contribution of multiple simultaneous complex physical phenomena, operating over six orders of magnitude in physical scale. Vijayaraghavan will perform a series of supercomputer simulations using the FLASH code to progressively incorporate multiple physics modules, and use adaptive mesh refinement to focus computational resources on interesting regions. In these simulations, cosmologically realistic red and blue galaxies, including their stellar and gas components, will be allowed to evolve within massive group and cluster environments in the presence of progressively complex physical processes. Based on these simulations, Vijayaraghavan will identify and disentangle the physical mechanisms triggering star formation and black hole activity in cluster galaxies, and investigate the impacts of these processes on cluster galaxy evolution. She will also generate mock observations from simulations to directly compare with radio, optical, and X-ray observations of the hot and cold gas, star formation, and black hole activity in cluster galaxies. This project will use supercomputing resources at the University of Virginia and NSF XSEDE supercomputers. The educational component of this program will be based around summer day camps, where girls will gain an understanding of modern astrophysics through a combination of interactive presentations and hands-on experience with computers and observatory telescopes.  The object of these camps will be to inspire girls to pursue careers in STEM fields.</AbstractNarration>
<MinAmdLetterDate>04/21/2015</MinAmdLetterDate>
<MaxAmdLetterDate>06/27/2017</MaxAmdLetterDate>
<ARRAAmount/>
<AwardID>1501374</AwardID>
<Investigator>
<FirstName>Rukmani</FirstName>
<LastName>Vijayaraghavan</LastName>
<EmailAddress/>
<StartDate>04/21/2015</StartDate>
<EndDate/>
<RoleCode>Principal Investigator</RoleCode>
</Investigator>
<Institution>
<Name>Vijayaraghavan          Rukmani</Name>
<CityName>Urbana</CityName>
<ZipCode>618013074</ZipCode>
<PhoneNumber/>
<StreetAddress/>
<CountryName>United States</CountryName>
<StateName>Illinois</StateName>
<StateCode>IL</StateCode>
</Institution>
<ProgramElement>
<Code>1609</Code>
<Text>NSF ASTRON &amp; ASTROPHY PSTDC FE</Text>
</ProgramElement>
<ProgramReference>
<Code>1206</Code>
<Text>THEORETICAL &amp; COMPUTATIONAL ASTROPHYSICS</Text>
</ProgramReference>
</Award>
</rootTag>
