<?xml version="1.0" encoding="UTF-8"?>
<rootTag>
<Award>
<AwardTitle>Workshop Proposal: Integrating Citizen Science into the STEM Learning Ecosystem</AwardTitle>
<AwardEffectiveDate>02/15/2015</AwardEffectiveDate>
<AwardExpirationDate>01/31/2016</AwardExpirationDate>
<AwardAmount>49470</AwardAmount>
<AwardInstrument>
<Value>Standard Grant</Value>
</AwardInstrument>
<Organization>
<Code>11090000</Code>
<Directorate>
<LongName>Direct For Education and Human Resources</LongName>
</Directorate>
<Division>
<LongName>Division Of Research On Learning</LongName>
</Division>
</Organization>
<ProgramOfficer>
<SignBlockName>Ellen McCallie</SignBlockName>
</ProgramOfficer>
<AbstractNarration>This project will identify opportunities and strategies to support the integration of citizen science into science, technology, engineering, and math (STEM) education. Public participation in scientific research is growing rapidly. It is resulting in important scientific insights and is engaging the public in authentic scientific experiences. However, citizen science has yet to achieve its full potential for improving STEM learning by enabling learners' full participation in the practices of science in the process of leading to scientific insight. This workshop will bring together researchers and practitioners from across disciplines to identify citizen science projects that are also exemplary models for learning by the public. Workshop participants will generate ideas and potential solutions to overcome barriers to implementing citizen science to improve learning outcomes in schools, museums, parks, and other learning environments with diverse audiences. Consistent with the aims of the Advancing Informal Science Learning program of the Division of Research on Learning, this workshop will advance new approaches to and evidence-based understanding of the design and development of STEM learning in informal environments and pave the way to broaden access to and engagement in STEM learning experiences for underrepresented audiences.&lt;br/&gt;&lt;br/&gt;This two-day workshop will be held in San Jose, California on February 11th and 12th, 2015, as a component of the Citizen Science 2015 Conference. It will be led by the Citizen Science Association Education Working Group. The goal of the workshop is to facilitate growth, innovation, and improved outcomes in the use of citizen science in STEM education for diverse, informal audiences. The workshop will result in (1) interdisciplinary discussions and sharing of perspectives, best practices, and innovations among leading researchers, educators, and citizen science practitioners; (2) a framework for bridging citizen science and STEM education communities and effectively implementing citizen science in a variety of learning environments; and (3) a draft research, resource development, and action agenda to advance the use of citizen science for STEM learning. The workshop will help to establish a global community of practice invested in improving STEM learning outcomes through citizen science in informal learning environments.</AbstractNarration>
<MinAmdLetterDate>02/06/2015</MinAmdLetterDate>
<MaxAmdLetterDate>02/06/2015</MaxAmdLetterDate>
<ARRAAmount/>
<AwardID>1501158</AwardID>
<Investigator>
<FirstName>Sarah</FirstName>
<LastName>Kirn</LastName>
<EmailAddress>sarah@gmri.org</EmailAddress>
<StartDate>02/06/2015</StartDate>
<EndDate/>
<RoleCode>Co-Principal Investigator</RoleCode>
</Investigator>
<Investigator>
<FirstName>Meg</FirstName>
<LastName>Domroese</LastName>
<EmailAddress>megdom1@gmail.com</EmailAddress>
<StartDate>02/06/2015</StartDate>
<EndDate/>
<RoleCode>Co-Principal Investigator</RoleCode>
</Investigator>
<Investigator>
<FirstName>Mark</FirstName>
<LastName>Berry</LastName>
<EmailAddress>mberry@schoodicinstitute.org</EmailAddress>
<StartDate>02/06/2015</StartDate>
<EndDate/>
<RoleCode>Principal Investigator</RoleCode>
</Investigator>
<Investigator>
<FirstName>Abraham</FirstName>
<LastName>Miller-Rushing</LastName>
<EmailAddress>abe_miller-rushing@nps.gov</EmailAddress>
<StartDate>02/06/2015</StartDate>
<EndDate/>
<RoleCode>Co-Principal Investigator</RoleCode>
</Investigator>
<Institution>
<Name>Schoodic Institute at Acadia National Park</Name>
<CityName>Winter Harbor</CityName>
<ZipCode>046930277</ZipCode>
<PhoneNumber>2072881328</PhoneNumber>
<StreetAddress>9 Atterbury Circle</StreetAddress>
<CountryName>United States</CountryName>
<StateName>Maine</StateName>
<StateCode>ME</StateCode>
</Institution>
<ProgramElement>
<Code>7259</Code>
<Text>AISL</Text>
</ProgramElement>
<ProgramReference>
<Code>7556</Code>
<Text>CONFERENCE AND WORKSHOPS</Text>
</ProgramReference>
<ProgramReference>
<Code>9150</Code>
<Text>EXP PROG TO STIM COMP RES</Text>
</ProgramReference>
</Award>
</rootTag>
