<?xml version="1.0" encoding="UTF-8"?>
<rootTag>
<Award>
<AwardTitle>DISSERTATION RESEARCH: The Phenotypic and Genetic Basis of Facilitation and Competition in Plants</AwardTitle>
<AwardEffectiveDate>07/01/2015</AwardEffectiveDate>
<AwardExpirationDate>04/30/2018</AwardExpirationDate>
<AwardAmount>20546</AwardAmount>
<AwardInstrument>
<Value>Standard Grant</Value>
</AwardInstrument>
<Organization>
<Code>08010207</Code>
<Directorate>
<LongName>Direct For Biological Sciences</LongName>
</Directorate>
<Division>
<LongName>Division Of Environmental Biology</LongName>
</Division>
</Organization>
<ProgramOfficer>
<SignBlockName>Leslie Rissler</SignBlockName>
</ProgramOfficer>
<AbstractNarration>Plants growing in the same place harm each other when there are not enough resources such as nutrients and sunlight to go around. This means poor competitors are at the mercy of superior ones, and less likely to survive and reproduce. On the flip side, plants can actually protect each other when faced with environmental stress such as drought. By blocking sunlight from reaching and heating the soil, plants that are growing close together prevent the evaporation of soil moisture. But since environments are constantly changing, a single plant can receive both harm and protection from neighbors over its lifetime. These dynamic neighbor relationships raise many intriguing questions. What makes some plants good competitors, but makes others rely on protection from their neighbors? How much do genetics versus the environment (nature versus nurture) control whether plants will harm or protect each other? Do harm and protection cause plant traits to evolve? The researchers aim to identify environmental conditions, plant traits, and genes that cause harm and protection, and use this information to determine if these plant interactions affect evolution. By identifying conditions that reduce harm, this research helps ecologists working to develop better methods to protect endangered species that are poor competitors. The results also can be used to breed crops that can survive and make food even when resources are low and stress is high.&lt;br/&gt; &lt;br/&gt;The researchers are combining manipulations of the environment with selection analysis and other quantitative genetics techniques (e.g. analyses of trait co-variances) to connect competition (harm) and facilitation (protection) with natural selection and adaptation in Arabidopsis thaliana (Brassicaceae). Changes in light, moisture, and temperature caused by neighbors are being linked with the effects of those neighbors on the survival and reproduction of focal plants. Genome-wide association mapping is being used to identify genes for competition and facilitation as those explaining differences in survival and reproduction in the presence versus absence of neighbors. Once all these analyses are complete, the researchers plan to use previous knowledge of gene function to test the hypothesis that genes controlling nutrient processing and requirements, phenology, and stress tolerance also control competition and facilitation.</AbstractNarration>
<MinAmdLetterDate>03/16/2015</MinAmdLetterDate>
<MaxAmdLetterDate>03/16/2015</MaxAmdLetterDate>
<ARRAAmount/>
<AwardID>1501710</AwardID>
<Investigator>
<FirstName>Lindsay</FirstName>
<LastName>Leverett</LastName>
<EmailAddress>ldl11@duke.edu</EmailAddress>
<StartDate>03/16/2015</StartDate>
<EndDate/>
<RoleCode>Co-Principal Investigator</RoleCode>
</Investigator>
<Investigator>
<FirstName>Kathleen</FirstName>
<LastName>Donohue</LastName>
<EmailAddress>k.donohue@duke.edu</EmailAddress>
<StartDate>03/16/2015</StartDate>
<EndDate/>
<RoleCode>Principal Investigator</RoleCode>
</Investigator>
<Institution>
<Name>Duke University</Name>
<CityName>Durham</CityName>
<ZipCode>277054010</ZipCode>
<PhoneNumber>9196843030</PhoneNumber>
<StreetAddress>2200 W. Main St, Suite 710</StreetAddress>
<CountryName>United States</CountryName>
<StateName>North Carolina</StateName>
<StateCode>NC</StateCode>
</Institution>
<ProgramElement>
<Code>7377</Code>
<Text>EVOLUTIONARY ECOLOGY</Text>
</ProgramElement>
<ProgramReference>
<Code>9169</Code>
<Text>BIODIVERSITY AND ECOSYSTEM DYNAMICS</Text>
</ProgramReference>
<ProgramReference>
<Code>9179</Code>
<Text>GRADUATE INVOLVEMENT</Text>
</ProgramReference>
<ProgramReference>
<Code>EGCH</Code>
<Text>ENVIRONMENT AND GLOBAL CHANGE</Text>
</ProgramReference>
<ProgramReference>
<Code>SMET</Code>
<Text>SCIENCE, MATH, ENG &amp; TECH EDUCATION</Text>
</ProgramReference>
</Award>
</rootTag>
