<?xml version="1.0" encoding="UTF-8"?>
<rootTag>
<Award>
<AwardTitle>DISSERTATION RESEARCH: The Ecological Role of Fluorescence in a Reef-building Coral</AwardTitle>
<AwardEffectiveDate>09/01/2015</AwardEffectiveDate>
<AwardExpirationDate>08/31/2017</AwardExpirationDate>
<AwardAmount>20124</AwardAmount>
<AwardInstrument>
<Value>Standard Grant</Value>
</AwardInstrument>
<Organization>
<Code>08010207</Code>
<Directorate>
<LongName>Direct For Biological Sciences</LongName>
</Directorate>
<Division>
<LongName>Division Of Environmental Biology</LongName>
</Division>
</Organization>
<ProgramOfficer>
<SignBlockName>George W. Gilchrist</SignBlockName>
</ProgramOfficer>
<AbstractNarration>Reef-building corals are declining worldwide, largely due to negative anthropogenic effects on their habitats. Efforts to mitigate the loss of this economically and ecologically critical group of organisms is hindered by our lack of understanding of their basic biological processes, including the function of specific genes. In typical model organisms such as fruit fly or mouse, the function of a gene is tested by investigating the consequence of its artificial silencing, a process termed "knockdown". The authors propose to develop knockdown methods for studying functions of coral genes, starting with the genes encoding fluorescent proteins. These proteins are natural visible markers of gene activity, making it straightforward to confirm the efficiency of their knockdown. In addition, the authors plan to verify a hypothesis that these proteins play a specific role in facilitating larval dispersal, a trait that may allow coral populations to recover rapidly after disturbances. The PIs will also engage in teaching coral biology to high school students from underrepresented groups, and in other community outreach activities.&lt;br/&gt;&lt;br/&gt;Specific gene knockdown is a technical challenge that has not yet been met in corals. The project will test several alternative methods of gene silencing and assess the direct effect of these procedures on the quantity of fluorescent proteins as well as their effects on physiological parameters associated with larval dispersal. In addition to addressing this specific improvement on this Dissertation, the availability of coral gene knockdown method will open up rich opportunities for in-depth analysis of gene function in the context of animal development, adaptation, and evolution.</AbstractNarration>
<MinAmdLetterDate>03/31/2015</MinAmdLetterDate>
<MaxAmdLetterDate>03/31/2015</MaxAmdLetterDate>
<ARRAAmount/>
<AwardID>1501463</AwardID>
<Investigator>
<FirstName>Mikhail</FirstName>
<LastName>Matz</LastName>
<EmailAddress>matz@utexas.edu</EmailAddress>
<StartDate>03/31/2015</StartDate>
<EndDate/>
<RoleCode>Principal Investigator</RoleCode>
</Investigator>
<Investigator>
<FirstName>Marie</FirstName>
<LastName>Strader</LastName>
<EmailAddress>stradermarie@gmail.com</EmailAddress>
<StartDate>03/31/2015</StartDate>
<EndDate/>
<RoleCode>Co-Principal Investigator</RoleCode>
</Investigator>
<Institution>
<Name>University of Texas at Austin</Name>
<CityName>Austin</CityName>
<ZipCode>787595316</ZipCode>
<PhoneNumber>5124716424</PhoneNumber>
<StreetAddress>3925 W Braker Lane, Ste 3.340</StreetAddress>
<CountryName>United States</CountryName>
<StateName>Texas</StateName>
<StateCode>TX</StateCode>
</Institution>
<ProgramElement>
<Code>7377</Code>
<Text>EVOLUTIONARY ECOLOGY</Text>
</ProgramElement>
<ProgramReference>
<Code>9169</Code>
<Text>BIODIVERSITY AND ECOSYSTEM DYNAMICS</Text>
</ProgramReference>
<ProgramReference>
<Code>9179</Code>
<Text>GRADUATE INVOLVEMENT</Text>
</ProgramReference>
<ProgramReference>
<Code>EGCH</Code>
<Text>ENVIRONMENT AND GLOBAL CHANGE</Text>
</ProgramReference>
<ProgramReference>
<Code>SMET</Code>
<Text>SCIENCE, MATH, ENG &amp; TECH EDUCATION</Text>
</ProgramReference>
</Award>
</rootTag>
