<?xml version="1.0" encoding="UTF-8"?>
<rootTag>
<Award>
<AwardTitle>DISSERTATION RESEARCH: Non-lethal Effects of Chytridiomycosis on the Reproductive Behavior of Tungara Frogs</AwardTitle>
<AwardEffectiveDate>08/15/2015</AwardEffectiveDate>
<AwardExpirationDate>07/31/2017</AwardExpirationDate>
<AwardAmount>19887</AwardAmount>
<AwardInstrument>
<Value>Standard Grant</Value>
</AwardInstrument>
<Organization>
<Code>08090500</Code>
<Directorate>
<LongName>Direct For Biological Sciences</LongName>
</Directorate>
<Division>
<LongName>Division Of Integrative Organismal Systems</LongName>
</Division>
</Organization>
<ProgramOfficer>
<SignBlockName>Karen Mabry</SignBlockName>
</ProgramOfficer>
<AbstractNarration>The world is experiencing the greatest vertebrate extinction in human history, because a fungus is responsible for the demise of many amphibian species. Currently, 168 amphibian species are extinct, and the number is rising. This study will investigate the effect of this emergent fungal pathogen on a tropical frog species. Although the pathogen is rapidly spreading and its infections are usually lethal, some species, including the focus of this study, appear to be resistant. The researchers will determine the sub-lethal effects of the pathogen on adults, tadpole survivorship, and female mate choice. This study will advance our knowledge of emergent diseases in the wild by showing the toll that such diseases take even on "resistant" species.&lt;br/&gt;&lt;br/&gt;This study will determine how chytridiomycosis, an emergent infectious disease caused by the chytrid fungus Batrachochytrium dendrobatidis (Bd), influences the reproductive behavior of frogs. Little attention has been given to sub-lethal effects of chytridiomycosis in resistant species. Túngara frog populations infected with Bd lack any clear signs of the disease, allowing us to examine how the potential pathogen-stress influences reproductive behavior. The first aim is to understand the basic epidemiology of chytrid infections in the widespread tropical Túngara frog. Since 2010, the researchers have sampled annually for the presence of Bd in populations of Túngara frogs from western Panama to the Darien Gap, an approximately 1000 km transect. All populations surveyed are currently infected with Bd. The second aim is to examine how the potential pathogen-stress induced by Bd interact with sexual communication, mate choice, vigor, and reproductive success. To assess if there is a trade-off between the response to the infection and calling behavior, the researchers will analyze males' advertisement calls before and after experimental infection with Bd. The researchers will perform female phonotaxis experiments with these same calls to determine if male infection with Bd influences female mate choice, and determine if there is a cost of the response to the infection in development and overall performance. Videos of behavioral tests, protocol details and data will be available to other researchers upon request, and will be publicly available after publication of results. Data back-ups will be securely stored in UT Box, at the Ryan Lab account in the TACC computer, and in external hard drives. As data are published they will be deposited in the DRYAD repository.</AbstractNarration>
<MinAmdLetterDate>08/10/2015</MinAmdLetterDate>
<MaxAmdLetterDate>08/10/2015</MaxAmdLetterDate>
<ARRAAmount/>
<AwardID>1501653</AwardID>
<Investigator>
<FirstName>Sofia</FirstName>
<LastName>Rodriguez Brenes</LastName>
<EmailAddress>sofiab@utexas.edu</EmailAddress>
<StartDate>08/10/2015</StartDate>
<EndDate/>
<RoleCode>Co-Principal Investigator</RoleCode>
</Investigator>
<Investigator>
<FirstName>Michael</FirstName>
<LastName>Ryan</LastName>
<EmailAddress>mryan@utexas.edu</EmailAddress>
<StartDate>08/10/2015</StartDate>
<EndDate/>
<RoleCode>Principal Investigator</RoleCode>
</Investigator>
<Institution>
<Name>University of Texas at Austin</Name>
<CityName>Austin</CityName>
<ZipCode>787595316</ZipCode>
<PhoneNumber>5124716424</PhoneNumber>
<StreetAddress>3925 W Braker Lane, Ste 3.340</StreetAddress>
<CountryName>United States</CountryName>
<StateName>Texas</StateName>
<StateCode>TX</StateCode>
</Institution>
<ProgramElement>
<Code>7275</Code>
<Text>CROSS-EF ACTIVITIES</Text>
</ProgramElement>
<ProgramReference>
<Code>9178</Code>
<Text>UNDERGRADUATE EDUCATION</Text>
</ProgramReference>
<ProgramReference>
<Code>9179</Code>
<Text>GRADUATE INVOLVEMENT</Text>
</ProgramReference>
</Award>
</rootTag>
