<?xml version="1.0" encoding="UTF-8"?>
<rootTag>
<Award>
<AwardTitle>Skilled Workers Get Jobs 2.0: Appalachian Impact</AwardTitle>
<AwardEffectiveDate>07/01/2015</AwardEffectiveDate>
<AwardExpirationDate>06/30/2019</AwardExpirationDate>
<AwardAmount>898198</AwardAmount>
<AwardInstrument>
<Value>Standard Grant</Value>
</AwardInstrument>
<Organization>
<Code>11040100</Code>
<Directorate>
<LongName>Direct For Education and Human Resources</LongName>
</Directorate>
<Division>
<LongName>Division Of Undergraduate Education</LongName>
</Division>
</Organization>
<ProgramOfficer>
<SignBlockName>Elizabeth Teles</SignBlockName>
</ProgramOfficer>
<AbstractNarration>This project seeks to improve technician education and increase the number of skilled workers in STEM priority areas.  The project will build upon the results of a pilot effort that evaluated several strategies to retain more female college students in two-year technician preparation programs. The specific goals of this scale-up project are to: (1) narrow the gender equity enrollment and persistence gap among female college students in targeted advanced technology education priority areas; and (2) improve all students' attainment of college course learning objectives in targeted advanced technology education priority areas.  These goals will be accomplished through three main activity components:  wider adaptation/implementation across six Partner Colleges in the Southern Appalachian Region (North Carolina, Virginia, Tennessee); broader institutionalization at Asheville-Buncombe Technical Community College (A-B Tech); and execution of a learning community proof of concept effort at A-B Tech.  &lt;br/&gt;&lt;br/&gt;The premise of the project is that the unique combination of gender equity practices, problem-based learning, and a support network are critically important to recruitment and retention of all students - particularly under-represented populations, such as female students in technology and engineering programs.  Through this project, a significant benefit to society will be realized as the STEM "pathway" is expanded.  Dissemination of results will take place through presentations and other sharing activities at the local, regional and national level.  A viable and reproducible model for high school, community college, and university pathway efforts is being developed, and the model is expected to address an increasing labor shortage of STEM technicians and professionals.</AbstractNarration>
<MinAmdLetterDate>06/16/2015</MinAmdLetterDate>
<MaxAmdLetterDate>03/23/2017</MaxAmdLetterDate>
<ARRAAmount/>
<AwardID>1501535</AwardID>
<Investigator>
<FirstName>Amanda</FirstName>
<LastName>Whitt</LastName>
<EmailAddress>amandarwhitt@abtech.edu</EmailAddress>
<StartDate>03/23/2017</StartDate>
<EndDate/>
<RoleCode>Co-Principal Investigator</RoleCode>
</Investigator>
<Investigator>
<FirstName>Steven</FirstName>
<LastName>Marcus</LastName>
<EmailAddress>smarcus@abtech.edu</EmailAddress>
<StartDate>06/16/2015</StartDate>
<EndDate>03/23/2017</EndDate>
<RoleCode>Former Co-Principal Investigator</RoleCode>
</Investigator>
<Investigator>
<FirstName>James</FirstName>
<LastName>Sullivan</LastName>
<EmailAddress>jsullivan@abtech.edu</EmailAddress>
<StartDate>06/16/2015</StartDate>
<EndDate/>
<RoleCode>Co-Principal Investigator</RoleCode>
</Investigator>
<Investigator>
<FirstName>Pamela</FirstName>
<LastName>Silvers</LastName>
<EmailAddress>pamelajsilvers@abtech.edu</EmailAddress>
<StartDate>06/16/2015</StartDate>
<EndDate/>
<RoleCode>Principal Investigator</RoleCode>
</Investigator>
<Investigator>
<FirstName>Rachael</FirstName>
<LastName>Tipton</LastName>
<EmailAddress>rachaelatipton@abtech.edu</EmailAddress>
<StartDate>06/16/2015</StartDate>
<EndDate/>
<RoleCode>Co-Principal Investigator</RoleCode>
</Investigator>
<Institution>
<Name>Asheville-Buncombe Technical Community College</Name>
<CityName>Asheville</CityName>
<ZipCode>288010001</ZipCode>
<PhoneNumber>8283987900</PhoneNumber>
<StreetAddress>340 Victoria Road</StreetAddress>
<CountryName>United States</CountryName>
<StateName>North Carolina</StateName>
<StateCode>NC</StateCode>
</Institution>
<ProgramElement>
<Code>7412</Code>
<Text>ADVANCED TECH EDUCATION PROG</Text>
</ProgramElement>
<ProgramReference>
<Code>1032</Code>
<Text>ADVANCED TECHNOLOGY EDUCATION</Text>
</ProgramReference>
<ProgramReference>
<Code>9178</Code>
<Text>UNDERGRADUATE EDUCATION</Text>
</ProgramReference>
<ProgramReference>
<Code>SMET</Code>
<Text>SCIENCE, MATH, ENG &amp; TECH EDUCATION</Text>
</ProgramReference>
</Award>
</rootTag>
