<?xml version="1.0" encoding="UTF-8"?>
<rootTag>
<Award>
<AwardTitle>The SMART Center:  Creating the Next Generation of Credentialed, Skilled Technicians for the Maritime and Transportation Industry</AwardTitle>
<AwardEffectiveDate>09/15/2015</AwardEffectiveDate>
<AwardExpirationDate>08/31/2019</AwardExpirationDate>
<AwardAmount>2987753</AwardAmount>
<AwardInstrument>
<Value>Continuing grant</Value>
</AwardInstrument>
<Organization>
<Code>11040100</Code>
<Directorate>
<LongName>Direct For Education and Human Resources</LongName>
</Directorate>
<Division>
<LongName>Division Of Undergraduate Education</LongName>
</Division>
</Organization>
<ProgramOfficer>
<SignBlockName>David B. Campbell</SignBlockName>
</ProgramOfficer>
<AbstractNarration>The Southeast Maritime and Transportation (SMART) Center stands well-poised to increase the pipeline of educated, credentialed technicians working in our country's vitally important maritime and transportation industry. The SMART Center will build on work to change students' and educators' perception of the maritime and transportation industry and the educational pathway leading to highly-paid, highly-skilled careers. Increasing industry leaders' awareness of the potential to build a more highly-qualified and credentialed workforce will catalyze partnerships between employers and colleges. Increasing the number of veterans, women, first-generation college students and under-represented minorities is the first goal of the proposed work. Connecting educators to employers through the SMART Institutes will increase the number of students enrolling in and completing academic programs to become credentialed technicians.&lt;br/&gt;&lt;br/&gt;The SMART Center's four high-level goals are:&lt;br/&gt;Goal 1: Career Awareness -- Increase career awareness by replicating and teaching career pathways to produce a greater number of increasingly diverse students entering the maritime and transportation industry pipeline and exiting with academic and industry-valued credentials.&lt;br/&gt;Goal 2: Identifying Industry Standards for Curriculum -- Expand the SMART Center digital repository of industry competencies linked to courses and credentials embedded in registered apprenticeship and building related pathways in maritime logistics and emerging maritime-dependent offshore industries.&lt;br/&gt;Goal 3: Professional Development -- Deliver scalable models of industry-validated professional development built on existing partnerships, including expansion of the SMART Institute model, to create a network of SMART educator-ambassadors.&lt;br/&gt;Goal 4: Partnerships -- Model effective industry and educator partnerships to maintain national focus on maritime and transportation industry workforce needs and to influence formation of federal, regional and state policies and pathways to meet those needs.&lt;br/&gt;&lt;br/&gt;The SMART Center will scale the SMART Maritime Technologies pathway built on the registered apprenticeship model which incorporates in-demand industry certifications and academic courses that confer college credit toward degrees. Work will include adaptation of successful SMART Center career pathway tools to each of the four maritime transportation industry sectors: (1) shipbuilding and ship repair, (2) seagoing/vessel operations, (3) marine logistics/port services, and (4) emerging maritime-dependent offshore industries. The SMART Center will build a replicable education model for the emerging maritime-dependent offshore wind energy industry by identifying competencies needed for academic and industry credentials and creating relevant courses.</AbstractNarration>
<MinAmdLetterDate>09/09/2015</MinAmdLetterDate>
<MaxAmdLetterDate>10/05/2017</MaxAmdLetterDate>
<ARRAAmount/>
<AwardID>1501449</AwardID>
<Investigator>
<FirstName>Sarah</FirstName>
<LastName>Janes</LastName>
<EmailAddress>sarah.janes@sjcd.edu</EmailAddress>
<StartDate>09/09/2015</StartDate>
<EndDate/>
<RoleCode>Co-Principal Investigator</RoleCode>
</Investigator>
<Investigator>
<FirstName>Thomas</FirstName>
<LastName>Stout</LastName>
<EmailAddress>tstout@tcc.edu</EmailAddress>
<StartDate>10/05/2017</StartDate>
<EndDate/>
<RoleCode>Principal Investigator</RoleCode>
</Investigator>
<Investigator>
<FirstName>Brad</FirstName>
<LastName>Mason</LastName>
<EmailAddress>brad.mason@hii-amsec.com</EmailAddress>
<StartDate>09/09/2015</StartDate>
<EndDate/>
<RoleCode>Co-Principal Investigator</RoleCode>
</Investigator>
<Investigator>
<FirstName>George</FirstName>
<LastName>Hagerman</LastName>
<EmailAddress>hagerman@vt.edu</EmailAddress>
<StartDate>09/09/2015</StartDate>
<EndDate/>
<RoleCode>Co-Principal Investigator</RoleCode>
</Investigator>
<Investigator>
<FirstName>Jennifer</FirstName>
<LastName>Palestrant</LastName>
<EmailAddress>jpalestrant@tcc.edu</EmailAddress>
<StartDate>10/05/2017</StartDate>
<EndDate/>
<RoleCode>Co-Principal Investigator</RoleCode>
</Investigator>
<Investigator>
<FirstName>Barbara</FirstName>
<LastName>Murray</LastName>
<EmailAddress>bmurray@tcc.edu</EmailAddress>
<StartDate>09/09/2015</StartDate>
<EndDate>10/05/2017</EndDate>
<RoleCode>Former Principal Investigator</RoleCode>
</Investigator>
<Investigator>
<FirstName>Erika</FirstName>
<LastName>Bowles</LastName>
<EmailAddress>ebowles@tacomacc.edu</EmailAddress>
<StartDate>09/09/2015</StartDate>
<EndDate>10/05/2017</EndDate>
<RoleCode>Former Co-Principal Investigator</RoleCode>
</Investigator>
<Institution>
<Name>Tidewater Community College</Name>
<CityName>Norfolk</CityName>
<ZipCode>235101938</ZipCode>
<PhoneNumber>7578221063</PhoneNumber>
<StreetAddress>District Office - Norfolk</StreetAddress>
<CountryName>United States</CountryName>
<StateName>Virginia</StateName>
<StateCode>VA</StateCode>
</Institution>
<ProgramElement>
<Code>7412</Code>
<Text>ADVANCED TECH EDUCATION PROG</Text>
</ProgramElement>
<ProgramReference>
<Code>1032</Code>
<Text>ADVANCED TECHNOLOGY EDUCATION</Text>
</ProgramReference>
<ProgramReference>
<Code>9178</Code>
<Text>UNDERGRADUATE EDUCATION</Text>
</ProgramReference>
<ProgramReference>
<Code>SMET</Code>
<Text>SCIENCE, MATH, ENG &amp; TECH EDUCATION</Text>
</ProgramReference>
</Award>
</rootTag>
