<?xml version="1.0" encoding="UTF-8"?>
<rootTag>
<Award>
<AwardTitle>Wabash Seminar and Miniconference</AwardTitle>
<AwardEffectiveDate>06/01/2015</AwardEffectiveDate>
<AwardExpirationDate>05/31/2019</AwardExpirationDate>
<AwardAmount>46143</AwardAmount>
<AwardInstrument>
<Value>Continuing grant</Value>
</AwardInstrument>
<Organization>
<Code>03040000</Code>
<Directorate>
<LongName>Direct For Mathematical &amp; Physical Scien</LongName>
</Directorate>
<Division>
<LongName>Division Of Mathematical Sciences</LongName>
</Division>
</Organization>
<ProgramOfficer>
<SignBlockName>Edward Taylor</SignBlockName>
</ProgramOfficer>
<AbstractNarration>This award provides three years of funding to help defray the expenses of participants in the "Wabash Seminar and Miniconference." The three seminar meetings in the first year of the award will be held on October 24, 2015, February 27, 2016, and April 9, 2016, on the campus of Wabash College, while the 2015 miniconference will be held September 12-13, 2015, on the campus of the Indiana University-Purdue University Indianapolis (IUPUI). Additional information is available on the seminar web site  http://www.math.purdue.edu/~mdd/Wabash/&lt;br/&gt;&lt;br/&gt;The Wabash seminar and miniconference series, which is organized by a consortium of Midwestern mathematics departments, has for over forty years provided a catalyst for the stimulation and dissemination of significant contributions to a wide range of areas of modern analysis, with a primary focus on functional and harmonic analysis. The format for Wabash events provides ample opportunity for graduate students, postdocs, and other young scientists to present their work.</AbstractNarration>
<MinAmdLetterDate>12/31/2014</MinAmdLetterDate>
<MaxAmdLetterDate>06/09/2017</MaxAmdLetterDate>
<ARRAAmount/>
<AwardID>1501073</AwardID>
<Investigator>
<FirstName>Zhong-Jin</FirstName>
<LastName>Ruan</LastName>
<EmailAddress>ruan@math.uiuc.edu</EmailAddress>
<StartDate>12/31/2014</StartDate>
<EndDate/>
<RoleCode>Principal Investigator</RoleCode>
</Investigator>
<Investigator>
<FirstName>David</FirstName>
<LastName>Fisher</LastName>
<EmailAddress>fisherdm@indiana.edu</EmailAddress>
<StartDate>12/31/2014</StartDate>
<EndDate/>
<RoleCode>Co-Principal Investigator</RoleCode>
</Investigator>
<Investigator>
<FirstName>Hari</FirstName>
<LastName>Bercovici</LastName>
<EmailAddress>bercovic@indiana.edu</EmailAddress>
<StartDate>12/31/2014</StartDate>
<EndDate/>
<RoleCode>Co-Principal Investigator</RoleCode>
</Investigator>
<Investigator>
<FirstName>Marius</FirstName>
<LastName>Dadarlat</LastName>
<EmailAddress>mdd@math.purdue.edu</EmailAddress>
<StartDate>12/31/2014</StartDate>
<EndDate/>
<RoleCode>Co-Principal Investigator</RoleCode>
</Investigator>
<Investigator>
<FirstName>Ronghui</FirstName>
<LastName>Ji</LastName>
<EmailAddress>ronji@math.iupui.edu</EmailAddress>
<StartDate>12/31/2014</StartDate>
<EndDate/>
<RoleCode>Co-Principal Investigator</RoleCode>
</Investigator>
<Institution>
<Name>University of Illinois at Urbana-Champaign</Name>
<CityName>CHAMPAIGN</CityName>
<ZipCode>618207473</ZipCode>
<PhoneNumber>2173332187</PhoneNumber>
<StreetAddress>SUITE A</StreetAddress>
<CountryName>United States</CountryName>
<StateName>Illinois</StateName>
<StateCode>IL</StateCode>
</Institution>
<ProgramElement>
<Code>1281</Code>
<Text>ANALYSIS PROGRAM</Text>
</ProgramElement>
<ProgramReference>
<Code>7556</Code>
<Text>CONFERENCE AND WORKSHOPS</Text>
</ProgramReference>
</Award>
</rootTag>
