<?xml version="1.0" encoding="UTF-8"?>
<rootTag>
<Award>
<AwardTitle>DISSERTATION RESEARCH: The effects of pollinator diversity loss on plant-pollinator interaction networks and native plant reproduction in scrub ecosystems of Southern California</AwardTitle>
<AwardEffectiveDate>06/01/2015</AwardEffectiveDate>
<AwardExpirationDate>05/31/2017</AwardExpirationDate>
<AwardAmount>18092</AwardAmount>
<AwardInstrument>
<Value>Standard Grant</Value>
</AwardInstrument>
<Organization>
<Code>08010208</Code>
<Directorate>
<LongName>Direct For Biological Sciences</LongName>
</Directorate>
<Division>
<LongName>Division Of Environmental Biology</LongName>
</Division>
</Organization>
<ProgramOfficer>
<SignBlockName>Betsy Von Holle</SignBlockName>
</ProgramOfficer>
<AbstractNarration>Human development often causes declines in the diversity of pollinators, but little is known about how such declines impact pollination ecosystem services in natural (e.g., non-agricultural) ecosystems. For a series of scrub habitat field in large natural reserves and in small patches of natural scrub habitat embedded in urban landscapes sites in Southern California. The research will examine how declines in pollinator diversity impact interactions between pollinators and native plants and the reproduction of a native plant species. The findings of this project will be relevant to the conservation, management, and restoration of plant-pollinator interactions in natural ecosystems. Additionally, at least six undergraduate students will receive training in a diversity of laboratory and field techniques as well as mentorship regarding careers in science. Additional broader impacts of this project include engaging high school students in hands-on scientific research and contributing data on the diversity and distribution of Southern California native pollinators.&lt;br/&gt;&lt;br/&gt;The research will evaluate the causal link between pollinator diversity and the structure and function of plant-pollinator interaction networks. Pollination networks will be constructed using empirical floral visitation observations study sites located in natural reserves and scrub habitat fragments in Southern California. A native plant species will also be experimentally introduced into study sites to evaluate how the restructuring of pollination networks may potentially impact plant pollination and reproduction. Two hypotheses will be tested: (1) pollinator diversity loss yields networks with higher modularity and fewer links than expected based on the number of extant pollinator taxa, and (2) changes in network architecture associated with pollinator diversity loss negatively affect floral visitation, pollen deposition, and overall reproductive fitness of a focal native plant species.</AbstractNarration>
<MinAmdLetterDate>03/25/2015</MinAmdLetterDate>
<MaxAmdLetterDate>03/25/2015</MaxAmdLetterDate>
<ARRAAmount/>
<AwardID>1501566</AwardID>
<Investigator>
<FirstName>Keng-Lou</FirstName>
<LastName>Hung</LastName>
<EmailAddress>kjhung@ucsd.edu</EmailAddress>
<StartDate>03/25/2015</StartDate>
<EndDate/>
<RoleCode>Co-Principal Investigator</RoleCode>
</Investigator>
<Investigator>
<FirstName>David</FirstName>
<LastName>Holway</LastName>
<EmailAddress>dholway@ucsd.edu</EmailAddress>
<StartDate>03/25/2015</StartDate>
<EndDate/>
<RoleCode>Principal Investigator</RoleCode>
</Investigator>
<Institution>
<Name>University of California-San Diego</Name>
<CityName>La Jolla</CityName>
<ZipCode>920930621</ZipCode>
<PhoneNumber>8585344896</PhoneNumber>
<StreetAddress>Office of Contract &amp; Grant Admin</StreetAddress>
<CountryName>United States</CountryName>
<StateName>California</StateName>
<StateCode>CA</StateCode>
</Institution>
<ProgramElement>
<Code>1182</Code>
<Text>POP &amp; COMMUNITY ECOL PROG</Text>
</ProgramElement>
<ProgramReference>
<Code>9169</Code>
<Text>BIODIVERSITY AND ECOSYSTEM DYNAMICS</Text>
</ProgramReference>
<ProgramReference>
<Code>9179</Code>
<Text>GRADUATE INVOLVEMENT</Text>
</ProgramReference>
<ProgramReference>
<Code>EGCH</Code>
<Text>ENVIRONMENT AND GLOBAL CHANGE</Text>
</ProgramReference>
<ProgramReference>
<Code>SMET</Code>
<Text>SCIENCE, MATH, ENG &amp; TECH EDUCATION</Text>
</ProgramReference>
</Award>
</rootTag>
