<?xml version="1.0" encoding="UTF-8"?>
<rootTag>
<Award>
<AwardTitle>DISSERTATION RESEARCH:  New Cretaceous Mammals from Gondwana and their implications for the systematics of Mesozoic Mammaliaformes</AwardTitle>
<AwardEffectiveDate>05/01/2015</AwardEffectiveDate>
<AwardExpirationDate>04/30/2017</AwardExpirationDate>
<AwardAmount>16080</AwardAmount>
<AwardInstrument>
<Value>Standard Grant</Value>
</AwardInstrument>
<Organization>
<Code>08010206</Code>
<Directorate>
<LongName>Direct For Biological Sciences</LongName>
</Directorate>
<Division>
<LongName>Division Of Environmental Biology</LongName>
</Division>
</Organization>
<ProgramOfficer>
<SignBlockName>Simon Malcomber</SignBlockName>
</ProgramOfficer>
<AbstractNarration>By the Middle Jurassic (about 165 million years ago), mammals were already geographically widespread and lived in ecologically diverse habitats. Recent discoveries reveal that early mammals climbed, dug holes, swam and some mammals even ate dinosaurs. Despite the tremendous increase in anatomical information from fossils, one question still remains unanswered: when did mammals originate? This project will investigate the origin of mammals by incorporating skeletal material of several, until recently, poorly known early mammals into a broad-scale phylogenetic analysis. Detailed morphological descriptions, character matrices, illustrations, and 3D reconstructions will be openly accessible through MorphoBank and MorphoSource. This work has already generated collaborations with high school students and has formed part of a course offered to undergraduate Women in Science and Engineering at Stony Brook University. More specifically, this project centers on an early mammalian grouping called Allotheria (including Gondwanatheria, Haramiyida, Euharamiyida, and Multituberculata). Recently, Allotheria became a focal point in the debate on the origin of mammals as it may include species that are more than 50 million years older than the oldest, previously known mammalian fossils, pushing the origin of mammals back into the Triassic. &lt;br/&gt;&lt;br/&gt;Allotheria have specialized dentition which is more similar to that of modern rodents than any other early mammal. Most early mammals either retained primitive reptilian-like teeth or developed a pre-tribosphenic or tribosphenic dentition (a pattern seen in modern placental and marsupials). The clades of Allotheria do not fit this scheme, but whether this is due to a common origin or to convergent evolution is uncertain. Rigorous tests of their phylogenetic relationships have not been possible, because several allotherians were, until recently, represented almost solely by highly specialized teeth and jaws. Fortunately, largely complete skeletons of basal multituberculates, euharamiyids, and haramiyids have been found in China, while a complete and exceptionally well-preserved skeleton of a gondwanatherian-like mammal has been found in Madagascar. Together with a complete skull of a gondwanatherian from Madagascar, these remarkable discoveries provide a tremendous amount of morphological data that was previously unavailable. By including this information into the Tree of Life (AToL) matrix, it will finally be possible to provide more robust tests of the position of Gondwanatheria, Haramiyida, Euharamiyida, and Multituberculata relative to extant mammalian lineages. On a broader scale, scoring previously unsampled specimens for more than 1,500 characters in the AToL Mammal Tree of Life matrix will contribute significantly to the ongoing growth of that project.</AbstractNarration>
<MinAmdLetterDate>03/17/2015</MinAmdLetterDate>
<MaxAmdLetterDate>03/17/2015</MaxAmdLetterDate>
<ARRAAmount/>
<AwardID>1501497</AwardID>
<Investigator>
<FirstName>Erik</FirstName>
<LastName>Seiffert</LastName>
<EmailAddress>erik.seiffert@stonybrook.edu</EmailAddress>
<StartDate>03/17/2015</StartDate>
<EndDate/>
<RoleCode>Principal Investigator</RoleCode>
</Investigator>
<Investigator>
<FirstName>Simone</FirstName>
<LastName>Hoffmann</LastName>
<EmailAddress>shoffm04@nyit.edu</EmailAddress>
<StartDate>03/17/2015</StartDate>
<EndDate/>
<RoleCode>Co-Principal Investigator</RoleCode>
</Investigator>
<Institution>
<Name>SUNY at Stony Brook</Name>
<CityName>Stony Brook</CityName>
<ZipCode>117940001</ZipCode>
<PhoneNumber>6316329949</PhoneNumber>
<StreetAddress>WEST 5510 FRK MEL LIB</StreetAddress>
<CountryName>United States</CountryName>
<StateName>New York</StateName>
<StateCode>NY</StateCode>
</Institution>
<ProgramElement>
<Code>1171</Code>
<Text>PHYLOGENETIC SYSTEMATICS</Text>
</ProgramElement>
<ProgramReference>
<Code>9169</Code>
<Text>BIODIVERSITY AND ECOSYSTEM DYNAMICS</Text>
</ProgramReference>
<ProgramReference>
<Code>9179</Code>
<Text>GRADUATE INVOLVEMENT</Text>
</ProgramReference>
<ProgramReference>
<Code>EGCH</Code>
<Text>ENVIRONMENT AND GLOBAL CHANGE</Text>
</ProgramReference>
<ProgramReference>
<Code>SMET</Code>
<Text>SCIENCE, MATH, ENG &amp; TECH EDUCATION</Text>
</ProgramReference>
</Award>
</rootTag>
