<?xml version="1.0" encoding="UTF-8"?>
<rootTag>
<Award>
<AwardTitle>DISSERTATION RESEARCH: Riverscape genetics: testing the role of river properties with population-genetic models in Neotropical freshwater fishes</AwardTitle>
<AwardEffectiveDate>04/01/2015</AwardEffectiveDate>
<AwardExpirationDate>03/31/2018</AwardExpirationDate>
<AwardAmount>20179</AwardAmount>
<AwardInstrument>
<Value>Standard Grant</Value>
</AwardInstrument>
<Organization>
<Code>08010207</Code>
<Directorate>
<LongName>Direct For Biological Sciences</LongName>
</Directorate>
<Division>
<LongName>Division Of Environmental Biology</LongName>
</Division>
</Organization>
<ProgramOfficer>
<SignBlockName>George W. Gilchrist</SignBlockName>
</ProgramOfficer>
<AbstractNarration>Genetic data can provide a window in the factors that structure and drive divergence among populations. In this study, we will use such data to reveal how current and past landscapes features determine population structure. Such inferences, however, are challenging without methodologies to predict the genetic signature under such conditions. The proposed work will be a step towards addressing this knowledge gap with an application to a freshwater fish biodiversity hotspot, the Atlantic Coastal Rainforest of Brazil. The proposed work will provide critical knowledge about freshwater fishes in this particular ecosystem, as well as be broadly applicable to riverine environments in other world regions. The project provide insights into the properties of rivers that make them critical to conservation efforts because of their impact in population persistence and movement patterns of organisms living in the rivers. The PIs will also collaborate with Brazilian students on this project, promoting international scientific engagement. &lt;br/&gt;&lt;br/&gt;This research will use computer simulations to generate expected patterns of genetic variation so the impact of specific river properties (e.g., the length of river segments, the number of connecting tributaries, and the flow regime) on movement patterns of an endemic tetra can be discerned. Such a mechanistic understanding will be instrumental to interpreting past studies that have documented differences in genetic variation between different regions. The tests developed here will allow re-evaluation of those prior studies to determine what processes structuring biodiversity might differ among regions. As such, the work will provide a general tool that can advance our understanding of the processes generating biodiversity patterns.</AbstractNarration>
<MinAmdLetterDate>03/31/2015</MinAmdLetterDate>
<MaxAmdLetterDate>03/31/2015</MaxAmdLetterDate>
<ARRAAmount/>
<AwardID>1501301</AwardID>
<Investigator>
<FirstName>Andrea</FirstName>
<LastName>Thomaz</LastName>
<EmailAddress>thomaz@umich.edu</EmailAddress>
<StartDate>03/31/2015</StartDate>
<EndDate/>
<RoleCode>Co-Principal Investigator</RoleCode>
</Investigator>
<Investigator>
<FirstName>L. Lacey</FirstName>
<LastName>Knowles</LastName>
<EmailAddress>knowlesl@umich.edu</EmailAddress>
<StartDate>03/31/2015</StartDate>
<EndDate/>
<RoleCode>Principal Investigator</RoleCode>
</Investigator>
<Institution>
<Name>University of Michigan Ann Arbor</Name>
<CityName>Ann Arbor</CityName>
<ZipCode>481091274</ZipCode>
<PhoneNumber>7347636438</PhoneNumber>
<StreetAddress>3003 South State St. Room 1062</StreetAddress>
<CountryName>United States</CountryName>
<StateName>Michigan</StateName>
<StateCode>MI</StateCode>
</Institution>
<ProgramElement>
<Code>7378</Code>
<Text>EVOLUTIONARY GENETICS</Text>
</ProgramElement>
<ProgramReference>
<Code>9169</Code>
<Text>BIODIVERSITY AND ECOSYSTEM DYNAMICS</Text>
</ProgramReference>
<ProgramReference>
<Code>9179</Code>
<Text>GRADUATE INVOLVEMENT</Text>
</ProgramReference>
<ProgramReference>
<Code>EGCH</Code>
<Text>ENVIRONMENT AND GLOBAL CHANGE</Text>
</ProgramReference>
<ProgramReference>
<Code>SMET</Code>
<Text>SCIENCE, MATH, ENG &amp; TECH EDUCATION</Text>
</ProgramReference>
</Award>
</rootTag>
