<?xml version="1.0" encoding="UTF-8"?>
<rootTag>
<Award>
<AwardTitle>DISSERTATION RESEARCH: A coalescent analysis of the diversity of standing genetic variation and adaptive evolution in the threespine stickleback</AwardTitle>
<AwardEffectiveDate>06/01/2015</AwardEffectiveDate>
<AwardExpirationDate>07/31/2017</AwardExpirationDate>
<AwardAmount>18850</AwardAmount>
<AwardInstrument>
<Value>Standard Grant</Value>
</AwardInstrument>
<Organization>
<Code>08010207</Code>
<Directorate>
<LongName>Direct For Biological Sciences</LongName>
</Directorate>
<Division>
<LongName>Division Of Environmental Biology</LongName>
</Division>
</Organization>
<ProgramOfficer>
<SignBlockName>Leslie Rissler</SignBlockName>
</ProgramOfficer>
<AbstractNarration>Evolution by natural selection is thought to often take thousands or millions of years. The environments in which species live can change drastically on much shorter timescales, however, and species must adapt quickly or risk extinction. Along the west coast of the US and Canada, a small fish species, the threespine stickleback, is known to adapt within decades to wildly different environments. This study will examine how stickleback achieve this feat by focusing on the influence a species' gene pool has on its ability to respond rapidly to a changing environment. Specifically, the proposed research will examine (1) how much of adaptive evolution is aided by genetic variation already existing in the stickleback gene pool, and (2) how the stickleback's history of adaptation has influenced the organization of genetic variation in  its entire genome. This understanding of adaptive potential is crucial to our ability to predict how species and ecosystems will respond to future environmental shifts, and thus has implications for conservation and game management efforts, climate change mitigation, and agriculture. &lt;br/&gt;&lt;br/&gt;Standing genetic variation is the pool of available genetic variants in a population available for evolutionary change. Recent research, facilitated by next-generation DNA sequencing technologies and new analytical techniques, has revitalized the debate over the relative influence of standing genetic variation versus new mutation on adaptive evolution and speciation. The research funded by this grant will use approaches based in coalescent theory, a mathematically-rigorous approach at the interface of phylogenetics and population genetics, to understand the prevalence and influence of standing variation in natural populations of threespine stickleback fish. By combining restriction site-associated DNA sequencing, a powerful method for genome-wide inference, with new long-read sequencing capabilities, the proposed research will generate data-rich genealogies at tens of thousands of loci and provide unprecedented detail into adaptation of natural populations.</AbstractNarration>
<MinAmdLetterDate>03/16/2015</MinAmdLetterDate>
<MaxAmdLetterDate>03/16/2015</MaxAmdLetterDate>
<ARRAAmount/>
<AwardID>1501423</AwardID>
<Investigator>
<FirstName>William</FirstName>
<LastName>Cresko</LastName>
<EmailAddress>wcresko@uoregon.edu</EmailAddress>
<StartDate>03/16/2015</StartDate>
<EndDate/>
<RoleCode>Principal Investigator</RoleCode>
</Investigator>
<Investigator>
<FirstName>Thom</FirstName>
<LastName>Nelson</LastName>
<EmailAddress>tcn@uoregon.edu</EmailAddress>
<StartDate>03/16/2015</StartDate>
<EndDate/>
<RoleCode>Co-Principal Investigator</RoleCode>
</Investigator>
<Institution>
<Name>University of Oregon Eugene</Name>
<CityName>Eugene</CityName>
<ZipCode>974035219</ZipCode>
<PhoneNumber>5413465131</PhoneNumber>
<StreetAddress>5219 UNIVERSITY OF OREGON</StreetAddress>
<CountryName>United States</CountryName>
<StateName>Oregon</StateName>
<StateCode>OR</StateCode>
</Institution>
<ProgramElement>
<Code>7378</Code>
<Text>EVOLUTIONARY GENETICS</Text>
</ProgramElement>
<ProgramReference>
<Code>9169</Code>
<Text>BIODIVERSITY AND ECOSYSTEM DYNAMICS</Text>
</ProgramReference>
<ProgramReference>
<Code>9179</Code>
<Text>GRADUATE INVOLVEMENT</Text>
</ProgramReference>
<ProgramReference>
<Code>EGCH</Code>
<Text>ENVIRONMENT AND GLOBAL CHANGE</Text>
</ProgramReference>
<ProgramReference>
<Code>SMET</Code>
<Text>SCIENCE, MATH, ENG &amp; TECH EDUCATION</Text>
</ProgramReference>
</Award>
</rootTag>
