<?xml version="1.0" encoding="UTF-8"?>
<rootTag>
<Award>
<AwardTitle>Function theory in CR geometry and partial differential equations</AwardTitle>
<AwardEffectiveDate>09/01/2015</AwardEffectiveDate>
<AwardExpirationDate>08/31/2019</AwardExpirationDate>
<AwardAmount>118348</AwardAmount>
<AwardInstrument>
<Value>Standard Grant</Value>
</AwardInstrument>
<Organization>
<Code>03040000</Code>
<Directorate>
<LongName>Direct For Mathematical &amp; Physical Scien</LongName>
</Directorate>
<Division>
<LongName>Division Of Mathematical Sciences</LongName>
</Division>
</Organization>
<ProgramOfficer>
<SignBlockName>Edward Taylor</SignBlockName>
</ProgramOfficer>
<AbstractNarration>Function theory in complex analysis has important applications to other branches of mathematics including algebraic geometry, applied mathematics, as well as to other disciplines, such as physics and engineering. For instance, in problems arising from electric fields, various geometric conditions can always be expressed in terms of functions of complex variables. By employing appropriate conformal maps, many inconvenient geometric configurations can be transformed to rather easy formats and hence be completely solved.  Some other types of real-world phenomena are modeled as solutions to certain partial differential equations. Methods developed in complex analysis, such as Fourier analysis, have played fundamental roles in solving those equations and giving interpretations for solutions. The current project will address related problems in holomorphic function theory. Progress of the project will help us understand more precisely properties of conformal maps in higher dimensions and explore new methods that can be applied into other fields. &lt;br/&gt;&lt;br/&gt;The PI proposes to study a variety of problems in several complex variables and the corresponding partial differential equations, together with her collaborators. More specifically, the PI will investigate rigidity and classification problems of CR embeddings between some special types of CR manifolds, such as (generalized) Heisenberg hypersurfaces. Since transversality property of CR mappings is closely related to CR embeddability, she also plans to continue the work on CR transversality along the line of the conjecture of Baouendi-Huang for Levi non-degenerate hypersurfaces of higher codimension.  On the aspect of partial differential equations, the PI will work on regularity of solutions to Cauchy-Riemann equations over pseudoconvex domains through the method of integral representation theory. The method will involve strong correlation between holomorphic function theory and the geometry of the domains. The PI is also interested in the regularity problem for solutions to some Beltrami equations, as well as solvability and regularity to some general types of nonlinear elliptic complex partial differential equations on Heisenberg hypersurfaces.</AbstractNarration>
<MinAmdLetterDate>04/24/2015</MinAmdLetterDate>
<MaxAmdLetterDate>04/24/2015</MaxAmdLetterDate>
<ARRAAmount/>
<AwardID>1501024</AwardID>
<Investigator>
<FirstName>Yuan</FirstName>
<LastName>Zhang</LastName>
<EmailAddress>zhangyu@ipfw.edu</EmailAddress>
<StartDate>04/24/2015</StartDate>
<EndDate/>
<RoleCode>Principal Investigator</RoleCode>
</Investigator>
<Institution>
<Name>Purdue University</Name>
<CityName>West Lafayette</CityName>
<ZipCode>479072114</ZipCode>
<PhoneNumber>7654941055</PhoneNumber>
<StreetAddress>Young Hall</StreetAddress>
<CountryName>United States</CountryName>
<StateName>Indiana</StateName>
<StateCode>IN</StateCode>
</Institution>
<ProgramElement>
<Code>1281</Code>
<Text>ANALYSIS PROGRAM</Text>
</ProgramElement>
</Award>
</rootTag>
