<?xml version="1.0" encoding="UTF-8"?>
<rootTag>
<Award>
<AwardTitle>DISSERTATION RESEARCH:   Understanding Variation in Motor Performance and Mate Choice in a Lekking Species with Complex, Acrobatic Displays</AwardTitle>
<AwardEffectiveDate>08/15/2015</AwardEffectiveDate>
<AwardExpirationDate>07/31/2018</AwardExpirationDate>
<AwardAmount>19760</AwardAmount>
<AwardInstrument>
<Value>Standard Grant</Value>
</AwardInstrument>
<Organization>
<Code>08090500</Code>
<Directorate>
<LongName>Direct For Biological Sciences</LongName>
</Directorate>
<Division>
<LongName>Division Of Integrative Organismal Systems</LongName>
</Division>
</Organization>
<ProgramOfficer>
<SignBlockName>Michelle M. Elekonich</SignBlockName>
</ProgramOfficer>
<AbstractNarration>Many animals have complex courtship displays, and these displays are often essential for reproduction. This project asks how and why individuals differ in their performance of complex displays and the consequences of that variation.  Research focuses on the complex, acrobatic displays of a small, tropical bird, the lance-tailed manakin. Researchers will analyze continuously recorded video of display sites to determine how the courtship performance of males is influenced by female preferences. Analyses will quantify fine-scale variation in complex displays and determine how courtship performance affects reproductive success. Undergraduate mentoring is an essential aspect of this research program, and will promote opportunities for minority students. Findings will be disseminated to the public through informal presentations, published in peer-reviewed journals, and presented at international conferences.&lt;br/&gt;&lt;br/&gt;Motor performance (the execution of visible body movements) is an integral component of many courtship displays and has the potential to be an important signal of male quality. The whole organism is used in the execution of such movements, which involve factors such as respiration, muscular capacity, and current energy reserves; therefore, motor performance may be an even more valuable signal than static traits more commonly investigated in sexual selection studies. In lekking species, mate choice by females is expected to depend on which males she observes. Therefore, it is important to quantify phenotypic variation among the particular subset of males among which each female is choosing. This research will investigate the causes of variation in the performance of complex, acrobatic displays in the lance-tailed manakin, and the fitness consequences of that variation, specifically addressing three key questions: 1) What factors influence variation in display performance? 2) How does male display performance influence female choice? and 3) How do males choose which female to direct their displays toward when multiple females are present? This research utilizes advances in video technology to quantify fine-scale variation in complex courtship displays. Researchers will employ genetic techniques to determine how display performance and female visitation patterns relate to genetic siring success. Understanding what causes variation in motor displays is the first essential step in disentangling complex courtship displays and how these displays may influence fitness. All data associated with this research will be archived at Florida State University for a minimum of 5 years following project completion.</AbstractNarration>
<MinAmdLetterDate>08/07/2015</MinAmdLetterDate>
<MaxAmdLetterDate>08/07/2015</MaxAmdLetterDate>
<ARRAAmount/>
<AwardID>1501660</AwardID>
<Investigator>
<FirstName>Carla</FirstName>
<LastName>Vanderbilt</LastName>
<EmailAddress>cvanderbilt@bio.fsu.edu</EmailAddress>
<StartDate>08/07/2015</StartDate>
<EndDate/>
<RoleCode>Co-Principal Investigator</RoleCode>
</Investigator>
<Investigator>
<FirstName>Emily</FirstName>
<LastName>DuVal</LastName>
<EmailAddress>ehduval@gmail.com</EmailAddress>
<StartDate>08/07/2015</StartDate>
<EndDate/>
<RoleCode>Principal Investigator</RoleCode>
</Investigator>
<Institution>
<Name>Florida State University</Name>
<CityName>TALLAHASSEE</CityName>
<ZipCode>323064166</ZipCode>
<PhoneNumber>8506445260</PhoneNumber>
<StreetAddress>874 Traditions Way, 3rd Floor</StreetAddress>
<CountryName>United States</CountryName>
<StateName>Florida</StateName>
<StateCode>FL</StateCode>
</Institution>
<ProgramElement>
<Code>7275</Code>
<Text>CROSS-EF ACTIVITIES</Text>
</ProgramElement>
<ProgramReference>
<Code>9178</Code>
<Text>UNDERGRADUATE EDUCATION</Text>
</ProgramReference>
<ProgramReference>
<Code>9179</Code>
<Text>GRADUATE INVOLVEMENT</Text>
</ProgramReference>
</Award>
</rootTag>
