<?xml version="1.0" encoding="UTF-8"?>
<rootTag>
<Award>
<AwardTitle>DISSERTATION RESEARCH: Quantitative test of evolutionary bet-hedging theory in a mirobial model system</AwardTitle>
<AwardEffectiveDate>06/01/2015</AwardEffectiveDate>
<AwardExpirationDate>05/31/2017</AwardExpirationDate>
<AwardAmount>21125</AwardAmount>
<AwardInstrument>
<Value>Standard Grant</Value>
</AwardInstrument>
<Organization>
<Code>08010207</Code>
<Directorate>
<LongName>Direct For Biological Sciences</LongName>
</Directorate>
<Division>
<LongName>Division Of Environmental Biology</LongName>
</Division>
</Organization>
<ProgramOfficer>
<SignBlockName>Samuel M. Scheiner</SignBlockName>
</ProgramOfficer>
<AbstractNarration>This project will provide understanding of the fundamental principles that influence adaptation in changing environments. Evolutionary theory predicts that natural selection in changing environments will favor traits so long as they confer a net benefit over time. This context of adaptation in changing environments is central to understanding many traits, such as the ability to sense and respond to the environment, and drug resistance of pathogenic microorganisms. This research will therefore help to elucidate the evolutionary processes underlying medically important traits. The researchers will also develop and distribute a lesson plan aimed at teaching the basic tenets of adaptation in changing environments to high school students, thus helping to raise public awareness about a biologically relevant problem.&lt;br/&gt;&lt;br/&gt;Biological traits such as phenotypic plasticity and bet-hedging are presumed to evolve by increasing the long-term geometric mean fitness of a lineage. This framework serves as a useful description of the average selective advantage of traits in a variable environment. However, there are known theoretical limitations with this approach since it fails to explicitly capture evolutionary dynamics of evolving populations and thus does not provide a mechanistic description of the evolutionary origin and maintenance of traits such as bet-hedging. Using laboratory yeast populations adapted to rapid periods of environmental stress, the researchers will experimentally measure evolutionary dynamics of competing bet-hedging strategies in a variable environment. The researchers will use a combination of genome sequencing and reverse genetics to construct a panel of fluorescently labeled yeast strains that express differing bet-hedging strategies. By carefully tracking the abundance of competing strains during the course of competition experiments in variable environments, the researchers will directly compare evolutionary changes in the laboratory to the predictions of computational models of adaptation in varying environments. In doing so, the research will generate data necessary to directly test of the geometric mean fitness concept and will experimentally determine the extent of its limitations for describing adaptation to varying environments.</AbstractNarration>
<MinAmdLetterDate>02/05/2015</MinAmdLetterDate>
<MaxAmdLetterDate>02/05/2015</MaxAmdLetterDate>
<ARRAAmount/>
<AwardID>1501355</AwardID>
<Investigator>
<FirstName>Daniel</FirstName>
<LastName>Weinreich</LastName>
<EmailAddress>weinreich@brown.edu</EmailAddress>
<StartDate>02/05/2015</StartDate>
<EndDate/>
<RoleCode>Principal Investigator</RoleCode>
</Investigator>
<Investigator>
<FirstName>Christopher</FirstName>
<LastName>Graves</LastName>
<EmailAddress>Christopher_Graves@brown.edu</EmailAddress>
<StartDate>02/05/2015</StartDate>
<EndDate/>
<RoleCode>Co-Principal Investigator</RoleCode>
</Investigator>
<Institution>
<Name>Brown University</Name>
<CityName>Providence</CityName>
<ZipCode>029129002</ZipCode>
<PhoneNumber>4018632777</PhoneNumber>
<StreetAddress>BOX 1929</StreetAddress>
<CountryName>United States</CountryName>
<StateName>Rhode Island</StateName>
<StateCode>RI</StateCode>
</Institution>
<ProgramElement>
<Code>7377</Code>
<Text>EVOLUTIONARY ECOLOGY</Text>
</ProgramElement>
<ProgramReference>
<Code>9150</Code>
<Text>EXP PROG TO STIM COMP RES</Text>
</ProgramReference>
<ProgramReference>
<Code>9169</Code>
<Text>BIODIVERSITY AND ECOSYSTEM DYNAMICS</Text>
</ProgramReference>
<ProgramReference>
<Code>9179</Code>
<Text>GRADUATE INVOLVEMENT</Text>
</ProgramReference>
<ProgramReference>
<Code>EGCH</Code>
<Text>ENVIRONMENT AND GLOBAL CHANGE</Text>
</ProgramReference>
<ProgramReference>
<Code>SMET</Code>
<Text>SCIENCE, MATH, ENG &amp; TECH EDUCATION</Text>
</ProgramReference>
</Award>
</rootTag>
