<?xml version="1.0" encoding="UTF-8"?>
<rootTag>
<Award>
<AwardTitle>Working Partners: Documenting the Impact of Industry Collaboration within the ATE Community</AwardTitle>
<AwardEffectiveDate>09/01/2015</AwardEffectiveDate>
<AwardExpirationDate>08/31/2019</AwardExpirationDate>
<AwardAmount>754934</AwardAmount>
<AwardInstrument>
<Value>Standard Grant</Value>
</AwardInstrument>
<Organization>
<Code>11040100</Code>
<Directorate>
<LongName>Direct For Education and Human Resources</LongName>
</Directorate>
<Division>
<LongName>Division Of Undergraduate Education</LongName>
</Division>
</Organization>
<ProgramOfficer>
<SignBlockName>Connie K. Della-Piana</SignBlockName>
</ProgramOfficer>
<AbstractNarration>Recognizing the significant role of industry in the education and training of the science, technology, engineering, and mathematics (STEM) technician workforce, the "Working Partners: Documenting the Impact of Industry Collaboration within the Advanced Technological Education (ATE) Community" project investigates and identifies indicators and features of effective models of industry/community college partnerships and collaborations.  Research findings and the Working Partners Toolkit will enhance and provide know-how on creating and sustaining effective industry partnerships and collaborations with STEM technician oriented programs at two-year institutions and with secondary education programs in Career and Technical Education.  The participatory nature of the research and user oriented dissemination activities are designed to meet the information needs of a diverse body of constituents.  Project deliverables will engage policy makers and practitioners in strengthening existing partnership and collaborations and developing new types of industry/higher education partnerships and collaborations to further the global competitiveness of the STEM technician workforce.  &lt;br/&gt;&lt;br/&gt;The scope and goals of the project are to (1) identify, investigate, and document the models of partnerships and collaboration that exist between the ATE community and industry; (2) investigate and articulate implementations, challenges, and impact of the partnership models; (3) explore and document conditions that sustain and support productive industry relationships; and (4) chronicle meaningful experiences and student academic and career pathways that arise from ATE community partnerships with industry.  The systems-based theoretical approach seeks to understand and articulate the various interdependencies and connections between people and objects in a system composed of tools, rules, overarching community expectations, and divisions of labor.  The mixed methods research design aligns the theoretical approach of the research project to the ATE program theory; couples the research questions to the research methods; structures data collection (surveys, interviews, document analysis, focus groups) and data analyses (descriptive analyses comparing emergent themes and correlations to expected patterns and correlations); and provides a conceptual framework for validating ATE/industry partnership models.</AbstractNarration>
<MinAmdLetterDate>09/01/2015</MinAmdLetterDate>
<MaxAmdLetterDate>09/01/2015</MaxAmdLetterDate>
<ARRAAmount/>
<AwardID>1501176</AwardID>
<Investigator>
<FirstName>Mary</FirstName>
<LastName>Slowinski</LastName>
<EmailAddress>mary.slowinski@bellevuecollege.edu</EmailAddress>
<StartDate>09/01/2015</StartDate>
<EndDate/>
<RoleCode>Co-Principal Investigator</RoleCode>
</Investigator>
<Investigator>
<FirstName>Rachael</FirstName>
<LastName>Bower</LastName>
<EmailAddress>bower@scout.wisc.edu</EmailAddress>
<StartDate>09/01/2015</StartDate>
<EndDate/>
<RoleCode>Principal Investigator</RoleCode>
</Investigator>
<Investigator>
<FirstName>Edward</FirstName>
<LastName>Almasy</LastName>
<EmailAddress>ealmasy@scout.wisc.edu</EmailAddress>
<StartDate>09/01/2015</StartDate>
<EndDate/>
<RoleCode>Co-Principal Investigator</RoleCode>
</Investigator>
<Institution>
<Name>University of Wisconsin-Madison</Name>
<CityName>MADISON</CityName>
<ZipCode>537151218</ZipCode>
<PhoneNumber>6082623822</PhoneNumber>
<StreetAddress>21 North Park Street</StreetAddress>
<CountryName>United States</CountryName>
<StateName>Wisconsin</StateName>
<StateCode>WI</StateCode>
</Institution>
<ProgramElement>
<Code>1536</Code>
<Text>S-STEM:SCHLR SCI TECH ENG&amp;MATH</Text>
</ProgramElement>
<ProgramElement>
<Code>7412</Code>
<Text>ADVANCED TECH EDUCATION PROG</Text>
</ProgramElement>
<ProgramReference>
<Code>1032</Code>
<Text>ADVANCED TECHNOLOGY EDUCATION</Text>
</ProgramReference>
<ProgramReference>
<Code>9178</Code>
<Text>UNDERGRADUATE EDUCATION</Text>
</ProgramReference>
<ProgramReference>
<Code>SMET</Code>
<Text>SCIENCE, MATH, ENG &amp; TECH EDUCATION</Text>
</ProgramReference>
</Award>
</rootTag>
