<?xml version="1.0" encoding="UTF-8"?>
<rootTag>
<Award>
<AwardTitle>DISSERTATION RESEARCH: Discovering the Evolutionary History of Nocturnality in Birds</AwardTitle>
<AwardEffectiveDate>04/15/2015</AwardEffectiveDate>
<AwardExpirationDate>03/31/2018</AwardExpirationDate>
<AwardAmount>16575</AwardAmount>
<AwardInstrument>
<Value>Standard Grant</Value>
</AwardInstrument>
<Organization>
<Code>08010206</Code>
<Directorate>
<LongName>Direct For Biological Sciences</LongName>
</Directorate>
<Division>
<LongName>Division Of Environmental Biology</LongName>
</Division>
</Organization>
<ProgramOfficer>
<SignBlockName>Simon Malcomber</SignBlockName>
</ProgramOfficer>
<AbstractNarration>Historically, transitioning to a nocturnal lifestyle allowed some birds to operate during a time when fewer predators were active and there was less competition for food. Adaptation to nocturnality contributed to the great diversity of birds seen today and that transition likely began with the evolution of night vision. This research will develop a novel method to uncover the ways that birds adapted to see in the dark, and thus became nocturnal. This method incorporates detailed analyses of the genetic foundation of vision in all birds, and will help uncover other modes of avian diversification, such as the origin of diverse plumage coloration. The insights into bird vision gained through this research will be applicable and relevant to research on human vision and visual diseases, such as colorblindness.&lt;br/&gt;&lt;br/&gt;Little is known about night vision in birds, but phylogenetic analyses offer evidence of multiple independent origins of this trait and of nocturnality. The DNA sequence capture probe set developed in this proposal will allow isolation and sequencing of the entire phototransduction cascade from the genome of any bird. The phototransduction cascade is a pathway of approximately 30 genes, beginning with the absorption of a photon in an opsin, and resulting in the generation of a neural signal. For this project, these genes will be captured and sequenced from all major nocturnal bird lineages and their diurnal relatives. Analysis of these data will identify evidence of spectral tuning in opsins, evidence for selection, and potential loss or pseudogenization of genes in this cascade. This information will indicate how many times nocturnality has evolved across the avian tree of life, providing insight into the evolutionary origin of those adaptations, whether they were independently derived, represent convergent innovations, or are due to deep homology.</AbstractNarration>
<MinAmdLetterDate>04/01/2015</MinAmdLetterDate>
<MaxAmdLetterDate>04/01/2015</MaxAmdLetterDate>
<ARRAAmount/>
<AwardID>1501796</AwardID>
<Investigator>
<FirstName>Noor</FirstName>
<LastName>White</LastName>
<EmailAddress>whitend@si.edu</EmailAddress>
<StartDate>04/01/2015</StartDate>
<EndDate/>
<RoleCode>Co-Principal Investigator</RoleCode>
</Investigator>
<Investigator>
<FirstName>Karen</FirstName>
<LastName>Carleton</LastName>
<EmailAddress>kcarleto@umd.edu</EmailAddress>
<StartDate>04/01/2015</StartDate>
<EndDate/>
<RoleCode>Principal Investigator</RoleCode>
</Investigator>
<Institution>
<Name>University of Maryland College Park</Name>
<CityName>COLLEGE PARK</CityName>
<ZipCode>207425141</ZipCode>
<PhoneNumber>3014056269</PhoneNumber>
<StreetAddress>3112 LEE BLDG 7809 Regents Drive</StreetAddress>
<CountryName>United States</CountryName>
<StateName>Maryland</StateName>
<StateCode>MD</StateCode>
</Institution>
<ProgramElement>
<Code>1171</Code>
<Text>PHYLOGENETIC SYSTEMATICS</Text>
</ProgramElement>
<ProgramReference>
<Code>9169</Code>
<Text>BIODIVERSITY AND ECOSYSTEM DYNAMICS</Text>
</ProgramReference>
<ProgramReference>
<Code>9179</Code>
<Text>GRADUATE INVOLVEMENT</Text>
</ProgramReference>
<ProgramReference>
<Code>EGCH</Code>
<Text>ENVIRONMENT AND GLOBAL CHANGE</Text>
</ProgramReference>
<ProgramReference>
<Code>SMET</Code>
<Text>SCIENCE, MATH, ENG &amp; TECH EDUCATION</Text>
</ProgramReference>
</Award>
</rootTag>
