<?xml version="1.0" encoding="UTF-8"?>
<rootTag>
<Award>
<AwardTitle>Collaborative Research: The O2/N2 Ratio and CO2 Airborne Southern Ocean (ORCAS) Study</AwardTitle>
<AwardEffectiveDate>05/15/2015</AwardEffectiveDate>
<AwardExpirationDate>04/30/2018</AwardExpirationDate>
<AwardAmount>320001</AwardAmount>
<AwardInstrument>
<Value>Standard Grant</Value>
</AwardInstrument>
<Organization>
<Code>06090300</Code>
<Directorate>
<LongName>Directorate For Geosciences</LongName>
</Directorate>
<Division>
<LongName>Office of Polar Programs (OPP)</LongName>
</Division>
</Organization>
<ProgramOfficer>
<SignBlockName>Peter J. Milne</SignBlockName>
</ProgramOfficer>
<AbstractNarration>The Southern Ocean plays a dominant role in the oceanic uptake of excess (anthropogenic) carbon, yet the extent of this air-sea exchange process is poorly represented by earth system models, and its future projection remains highly uncertain. The O2/N2 Ratio and CO2 Airborne Southern Ocean Study (ORCAS) seeks to advance understanding of the physical and biological controls on air-sea exchange and uptake of O2 and CO2 in the vast Southern Ocean. This will be investigated through intensive airborne surveys of atmospheric O2, CO2, related gases, their state of equilibrium, along with other ocean surface properties over diverse biogeochemical regions adjacent to the southern tip of South America and the Western Antarctic Peninsula. &lt;br/&gt;&lt;br/&gt;ORCAS will utilize the NSF Gulfstream V (GV) aircraft equipped with a suite of high-precision in situ and remote sensing instruments, on 14 flights over a period of 6 weeks in austral mid-summer, from Punta Arenas, Chile, out over the Drake Passage, and with concurrent overflights of the ARSV LM Gould sampling the Palmer LTER site. ORCAS observations will be guided by, and used to test a suite of ocean biogeochemistry models to improve our understanding of key processes and feedbacks in this under sampled yet climatically important region of the world.</AbstractNarration>
<MinAmdLetterDate>05/11/2015</MinAmdLetterDate>
<MaxAmdLetterDate>05/11/2015</MaxAmdLetterDate>
<ARRAAmount/>
<AwardID>1501292</AwardID>
<Investigator>
<FirstName>Eric</FirstName>
<LastName>Kort</LastName>
<EmailAddress>eakort@umich.edu</EmailAddress>
<StartDate>05/11/2015</StartDate>
<EndDate/>
<RoleCode>Principal Investigator</RoleCode>
</Investigator>
<Institution>
<Name>University of Michigan Ann Arbor</Name>
<CityName>Ann Arbor</CityName>
<ZipCode>481091274</ZipCode>
<PhoneNumber>7347636438</PhoneNumber>
<StreetAddress>3003 South State St. Room 1062</StreetAddress>
<CountryName>United States</CountryName>
<StateName>Michigan</StateName>
<StateCode>MI</StateCode>
</Institution>
<ProgramElement>
<Code>5113</Code>
<Text>ANTARCTIC OCEAN &amp; ATMOSPH SCI</Text>
</ProgramElement>
<ProgramReference>
<Code>1524</Code>
<Text>ATMOSPHERIC CHEMISTRY</Text>
</ProgramReference>
<ProgramReference>
<Code>5113</Code>
<Text>ANTARCTIC OCEAN &amp; ATMOSPH SCI</Text>
</ProgramReference>
</Award>
</rootTag>
