<?xml version="1.0" encoding="UTF-8"?>
<rootTag>
<Award>
<AwardTitle>SusChEM: New Concepts for Multifunctional Asymmetric Catalysis</AwardTitle>
<AwardEffectiveDate>07/01/2013</AwardEffectiveDate>
<AwardExpirationDate>06/30/2016</AwardExpirationDate>
<AwardAmount>420000</AwardAmount>
<AwardInstrument>
<Value>Standard Grant</Value>
</AwardInstrument>
<Organization>
<Code>03090000</Code>
<Directorate>
<LongName>Direct For Mathematical &amp; Physical Scien</LongName>
</Directorate>
<Division>
<LongName>Division Of Chemistry</LongName>
</Division>
</Organization>
<ProgramOfficer>
<SignBlockName>Tingyu Li</SignBlockName>
</ProgramOfficer>
<AbstractNarration>In this project funded by the Chemical Synthesis Program of the Chemistry Division, Professor Daniel Seidel of the Department of Chemistry at Rutgers University, New Brunswick, will attempt to advance the field of asymmetric catalysis through exploration of conceptually new and underdeveloped methods of substrate activation.  A major goal is the development of reactions that produce enantiomerically enriched products through intervention of chiral anionic and zwitterionic intermediates.  Catalytic amounts of chiral anion receptors will be used in combination with simple nucleophilic catalysts, Bronsted acids and other co-catalysts and promoters to facilitate unprecedented enantioselective processes. These strategies will be used to address challenging problems such as the kinetic resolution and desymmetrization of amines and diamines. &lt;br/&gt; &lt;br/&gt;The ability to prepare complex chiral molecules in the most cost-effective way possible is directly dependent on the availability of sustainable synthetic methodologies.  The new synthetic methods that will emerge from this work will provide enhanced access to biologically significant, chiral nitrogen containing compounds such as amines, diamines, natural and unnatural amino acids, tetrahydroquinoline alkaloids, carbolines and other indole containing substances, which should, in turn, help advance the chemical industry.  Furthermore, this project provides an ideal training ground to prepare the next generation of researchers in the chemical sciences.</AbstractNarration>
<MinAmdLetterDate>04/22/2013</MinAmdLetterDate>
<MaxAmdLetterDate>04/22/2013</MaxAmdLetterDate>
<ARRAAmount/>
<AwardID>1300382</AwardID>
<Investigator>
<FirstName>Daniel</FirstName>
<LastName>Seidel</LastName>
<EmailAddress>seidel@chem.ufl.edu</EmailAddress>
<StartDate>04/22/2013</StartDate>
<EndDate/>
<RoleCode>Principal Investigator</RoleCode>
</Investigator>
<Institution>
<Name>Rutgers University New Brunswick</Name>
<CityName>Piscataway</CityName>
<ZipCode>088543925</ZipCode>
<PhoneNumber>8489320150</PhoneNumber>
<StreetAddress>33 Knightsbridge Road</StreetAddress>
<CountryName>United States</CountryName>
<StateName>New Jersey</StateName>
<StateCode>NJ</StateCode>
</Institution>
<ProgramElement>
<Code>6878</Code>
<Text>Chemical Synthesis</Text>
</ProgramElement>
<ProgramReference>
<Code>1948</Code>
<Text>SYNTHESIS</Text>
</ProgramReference>
<ProgramReference>
<Code>8248</Code>
<Text>SusChEM</Text>
</ProgramReference>
<ProgramReference>
<Code>8650</Code>
<Text>Sustainable Chemistry</Text>
</ProgramReference>
<ProgramReference>
<Code>9146</Code>
<Text>MANUFACTURING BASE RESEARCH</Text>
</ProgramReference>
<ProgramReference>
<Code>MANU</Code>
<Text>MANUFACTURING</Text>
</ProgramReference>
</Award>
</rootTag>
