<?xml version="1.0" encoding="UTF-8"?>
<rootTag>
<Award>
<AwardTitle>Selected problems in perturbation theory, Schur multipliers, and Hankel and Toeplitz Operators in Noncommutative Analysis</AwardTitle>
<AwardEffectiveDate>08/01/2013</AwardEffectiveDate>
<AwardExpirationDate>06/30/2017</AwardExpirationDate>
<AwardAmount>330000</AwardAmount>
<AwardInstrument>
<Value>Continuing grant</Value>
</AwardInstrument>
<Organization>
<Code>03040000</Code>
<Directorate>
<LongName>Direct For Mathematical &amp; Physical Scien</LongName>
</Directorate>
<Division>
<LongName>Division Of Mathematical Sciences</LongName>
</Division>
</Organization>
<ProgramOfficer>
<SignBlockName>Edward Taylor</SignBlockName>
</ProgramOfficer>
<AbstractNarration>This project is devoted to the study of various problems in noncommutative analysis. In particular, it is concentrated on problems in perturbation theory. One of the most important problems of the proposal is the problem to estimate functions of perturbed noncommuting pairs of self-adjoint operators. This problem is very important in many applications, in particular, in quantum mechanics. Other important problems in perturbation theory deal with trace formulas for functions of perturbed operators, functional calculus for almost commuting self-adjoint operators, and estimates for operator and commutator moduli of continuity. The project hopes to reveal new connections with Schur multipliers, Hankel operators, and Hankel tensors; comprehend the role of Hankel and Toeplitz operators in noncommutative analysis; develop techniques of Schur multipliers in operator theory and harmonic analysis; find new applications in mathematical physics, control theory, prediction theory, and approximation theory. &lt;br/&gt;&lt;br/&gt;The problems of perturbation theory that are the focus of this project are important in applications in quantum mechanics, mathematical physics, electrical engineering, and control theory, and in other fields of science. The importance of perturbation theory in applications stems from the fact that if one is faced with an equation that describes a given situation (say, a physical one), the equation is often very complicated. One can replace it with a simpler (perturbed) equation that is reasonably close to the original equation and solve the new equation.  Then it is time to invoke the latest results of perturbation theory to find out whether the solutions of the perturbed equation are reasonably close to the solutions of the initial equation that is needed for applications. This project considers important problems in perturbation theory that can help in such commonly occurring situations. Other problems described in the proposal are also important in applications such as prediction theory, control theory, and approximation theory.</AbstractNarration>
<MinAmdLetterDate>07/18/2013</MinAmdLetterDate>
<MaxAmdLetterDate>06/30/2015</MaxAmdLetterDate>
<ARRAAmount/>
<AwardID>1300924</AwardID>
<Investigator>
<FirstName>Vladimir</FirstName>
<LastName>Peller</LastName>
<EmailAddress>peller@math.msu.edu</EmailAddress>
<StartDate>07/18/2013</StartDate>
<EndDate/>
<RoleCode>Principal Investigator</RoleCode>
</Investigator>
<Institution>
<Name>Michigan State University</Name>
<CityName>East Lansing</CityName>
<ZipCode>488242600</ZipCode>
<PhoneNumber>5173555040</PhoneNumber>
<StreetAddress>Office of Sponsored Programs</StreetAddress>
<CountryName>United States</CountryName>
<StateName>Michigan</StateName>
<StateCode>MI</StateCode>
</Institution>
<ProgramElement>
<Code>1281</Code>
<Text>ANALYSIS PROGRAM</Text>
</ProgramElement>
</Award>
</rootTag>
