<?xml version="1.0" encoding="UTF-8"?>
<rootTag>
<Award>
<AwardTitle>GOALI: Operational Reconfigurability of Constrained Moving-Boundary Processes through Agile Motion Planning with Application to Steel Continuous Casting</AwardTitle>
<AwardEffectiveDate>06/15/2013</AwardEffectiveDate>
<AwardExpirationDate>08/31/2018</AwardExpirationDate>
<AwardAmount>383211</AwardAmount>
<AwardInstrument>
<Value>Standard Grant</Value>
</AwardInstrument>
<Organization>
<Code>07030000</Code>
<Directorate>
<LongName>Directorate For Engineering</LongName>
</Directorate>
<Division>
<LongName>Div Of Civil, Mechanical, &amp; Manufact Inn</LongName>
</Division>
</Organization>
<ProgramOfficer>
<SignBlockName>Atul G. Kelkar</SignBlockName>
</ProgramOfficer>
<AbstractNarration>The research effort supported by this award is aimed at providing operational flexibility of controlled systems with moving boundaries, such as those involving melting and/or solidification, to meet changing production demands. The objective, referred to as motion planning, is a timely generation of commands to the closed loop, the latter being composed of a process coupled to a model-based feedback control law, to guarantee process motions that provide optimal product quality. Focusing on continuous steel casting, the research approach is to start from the improvement of process model and clear delineation of static and dynamic constraints on its behavior and progress to creation of motion planning algorithms that satisfy the constraints. Deliverables include fundamental control-theoretic results, fast optimal motion planning tools for moving boundary systems, software/hardware demonstration and validation on an industrial caster at Nucor Steel, documentation of research results in publications, and engineering student education.&lt;br/&gt;&lt;br/&gt;If successful, the results of this research will offer widely applicable motion planning tools that rigorously optimize operation of moving boundary processes, providing significant economic and environmental impacts. Example applications include crystal growth, solid and liquid burning, and multiple forms of melting and solidification. For example, a one percent reduction in yield loss in continuous steel casting would save about $150 million per year, while optimizing cooling conditions to conserve just 10% more of the cast steel internal energy would produce $350 million per year savings during reheating. Student researchers will master and broadly disseminate expertise and commercialize the results. The research and educational infrastructure will be significantly enhanced through student involvement, international collaboration, and broad dissemination of knowledge.</AbstractNarration>
<MinAmdLetterDate>06/15/2013</MinAmdLetterDate>
<MaxAmdLetterDate>02/15/2018</MaxAmdLetterDate>
<ARRAAmount/>
<AwardID>1300907</AwardID>
<Investigator>
<FirstName>Joseph</FirstName>
<LastName>Bentsman</LastName>
<EmailAddress>jbentsma@uiuc.edu</EmailAddress>
<StartDate>06/15/2013</StartDate>
<EndDate/>
<RoleCode>Principal Investigator</RoleCode>
</Investigator>
<Investigator>
<FirstName>Brian</FirstName>
<LastName>Thomas</LastName>
<EmailAddress>bgthomas@uiuc.edu</EmailAddress>
<StartDate>06/29/2017</StartDate>
<EndDate/>
<RoleCode>Co-Principal Investigator</RoleCode>
</Investigator>
<Investigator>
<FirstName>Ronald</FirstName>
<LastName>OMalley</LastName>
<EmailAddress>omalleyr@mst.edu</EmailAddress>
<StartDate>06/15/2013</StartDate>
<EndDate/>
<RoleCode>Co-Principal Investigator</RoleCode>
</Investigator>
<Institution>
<Name>University of Illinois at Urbana-Champaign</Name>
<CityName>CHAMPAIGN</CityName>
<ZipCode>618207473</ZipCode>
<PhoneNumber>2173332187</PhoneNumber>
<StreetAddress>SUITE A</StreetAddress>
<CountryName>United States</CountryName>
<StateName>Illinois</StateName>
<StateCode>IL</StateCode>
</Institution>
<ProgramElement>
<Code>1504</Code>
<Text>GRANT OPP FOR ACAD LIA W/INDUS</Text>
</ProgramElement>
<ProgramElement>
<Code>7478</Code>
<Text>DYNAMICAL SYSTEMS</Text>
</ProgramElement>
<ProgramReference>
<Code>018Z</Code>
<Text>Grad Prep APG:Enhan. Activities</Text>
</ProgramReference>
<ProgramReference>
<Code>034E</Code>
<Text>Dynamical systems</Text>
</ProgramReference>
<ProgramReference>
<Code>035E</Code>
<Text>NOISE, ACOUSTICS, VIBRATIONS</Text>
</ProgramReference>
<ProgramReference>
<Code>1504</Code>
<Text>GRANT OPP FOR ACAD LIA W/INDUS</Text>
</ProgramReference>
<ProgramReference>
<Code>7478</Code>
<Text>DYNAMICAL SYSTEMS</Text>
</ProgramReference>
<ProgramReference>
<Code>8024</Code>
<Text>Complex Systems</Text>
</ProgramReference>
</Award>
</rootTag>
