<?xml version="1.0" encoding="UTF-8"?>
<rootTag>
<Award>
<AwardTitle>Estimation and Control Using Sensor Vehicle Networks for Approximation and Learning Problems</AwardTitle>
<AwardEffectiveDate>09/01/2013</AwardEffectiveDate>
<AwardExpirationDate>08/31/2017</AwardExpirationDate>
<AwardAmount>279999</AwardAmount>
<AwardInstrument>
<Value>Standard Grant</Value>
</AwardInstrument>
<Organization>
<Code>07030000</Code>
<Directorate>
<LongName>Directorate For Engineering</LongName>
</Directorate>
<Division>
<LongName>Div Of Civil, Mechanical, &amp; Manufact Inn</LongName>
</Division>
</Organization>
<ProgramOfficer>
<SignBlockName>Irina Dolinskaya</SignBlockName>
</ProgramOfficer>
<AbstractNarration>The research objective of this award is to derive, develop, implement and test a theoretical framework for control and estimation methods for sensor networks that enables the derivation of near optimal rates of approximation of the vehicles' environment. The theoretical framework will serve as the foundation for deriving encoding and decoding schemes that are essential to high-bandwidth mobile sensor networks. The approach relies on the synthesis of techniques from several disparate technical fields including control theory, estimation theory, approximation theory and statistical learning theory.   The work extends recent efforts that study the fidelity of approximation in distribution free learning theory, a sub-problem of statistical learning theory, to include classes of decentralized and dependent measurement processes.   The algorithms developed under this project will be validated using multi-vehicle network that host three dimensional laser-ranging sensors to map unknown environments.&lt;br/&gt;&lt;br/&gt;The successful completion of the research will enable novel and efficient algorithms for the mapping of unknown fields over complex environments by decentralized, autonomous robotic vehicle teams. The successful completion of the research will enable large-scale, multivehicle sensor networks to be employed in a host of environmental monitoring and mapping applications including contaminant dispersal in a marine environment, chemical plume dispersal in urban environments, wildfire evolution in forests, and crop density in automated agribusiness.  This research project will build human and institutional infrastructure for science and technology via the creation of new graduate courses that treat the synthesis of estimation, control and approximation theory.  The research program will create an outreach program that engages K-12 students in robotics and environmental mapping.  The results of this research will be disseminated through presentation and publication at national and international conferences, as well as through top-notch peer-reviewed journals.  The dissemination of the research will enable industry to implement and field scalable and general algorithms for decentralized mapping using robotic vehicle sensor networks.</AbstractNarration>
<MinAmdLetterDate>08/10/2013</MinAmdLetterDate>
<MaxAmdLetterDate>08/15/2014</MaxAmdLetterDate>
<ARRAAmount/>
<AwardID>1300301</AwardID>
<Investigator>
<FirstName>Andrew</FirstName>
<LastName>Kurdila</LastName>
<EmailAddress>kurdila@vt.edu</EmailAddress>
<StartDate>08/10/2013</StartDate>
<EndDate/>
<RoleCode>Principal Investigator</RoleCode>
</Investigator>
<Investigator>
<FirstName>Alexander</FirstName>
<LastName>Leonessa</LastName>
<EmailAddress>leonessa@vt.edu</EmailAddress>
<StartDate>08/10/2013</StartDate>
<EndDate>08/15/2014</EndDate>
<RoleCode>Former Co-Principal Investigator</RoleCode>
</Investigator>
<Institution>
<Name>Virginia Polytechnic Institute and State University</Name>
<CityName>BLACKSBURG</CityName>
<ZipCode>240610001</ZipCode>
<PhoneNumber>5402315281</PhoneNumber>
<StreetAddress>Sponsored Programs 0170</StreetAddress>
<CountryName>United States</CountryName>
<StateName>Virginia</StateName>
<StateCode>VA</StateCode>
</Institution>
<ProgramElement>
<Code>1632</Code>
<Text>CONTROL SYSTEMS</Text>
</ProgramElement>
<ProgramReference>
<Code>030E</Code>
<Text>CONTROL SYSTEMS</Text>
</ProgramReference>
<ProgramReference>
<Code>031E</Code>
<Text>MECHATRONICS</Text>
</ProgramReference>
<ProgramReference>
<Code>034E</Code>
<Text>Dynamical systems</Text>
</ProgramReference>
<ProgramReference>
<Code>036E</Code>
<Text>CIVIL INFRASTRUCTURE</Text>
</ProgramReference>
<ProgramReference>
<Code>1057</Code>
<Text>CIS BASE RESEARCH</Text>
</ProgramReference>
<ProgramReference>
<Code>CVIS</Code>
<Text>CIVIL INFRASTRUCTURE</Text>
</ProgramReference>
</Award>
</rootTag>
