<?xml version="1.0" encoding="UTF-8"?>
<rootTag>
<Award>
<AwardTitle>Nonlinear Partial Differential equations and boundary conditions.</AwardTitle>
<AwardEffectiveDate>07/01/2013</AwardEffectiveDate>
<AwardExpirationDate>06/30/2017</AwardExpirationDate>
<AwardAmount>277268</AwardAmount>
<AwardInstrument>
<Value>Continuing grant</Value>
</AwardInstrument>
<Organization>
<Code>03040000</Code>
<Directorate>
<LongName>Direct For Mathematical &amp; Physical Scien</LongName>
</Directorate>
<Division>
<LongName>Division Of Mathematical Sciences</LongName>
</Division>
</Organization>
<ProgramOfficer>
<SignBlockName>Edward Taylor</SignBlockName>
</ProgramOfficer>
<AbstractNarration>This project includes several aspects of the nonlinear partial differential equations, given in a domain with general geometry. The domain can be given either a priori (fixed boundary problem), or as a part of the problem (free boundary problem). The problems to be discussed arise in a variety of physical phenomena.  First we propose to study the averaging behavior for solutions of nonlinear PDEs in a domain with oscillatory boundary data. This type of question arises for instance in the narrow escape problem, which concerns diffusion processes in domains with partly insulated boundaries. We also discuss interface homogenization problems where the inhomogeneity is present, for example, in the perforation structure of the domain (percolation) or in the advection vector field (turbulent flames).  Our goal is to understand how the inhomogeneities in the system interact with the geometry of the domain to affect the macroscopic behavior of the solutions. Our second project concerns phase transition phenomena in collective motions, for example the emergence of jammed region in congestion models with a density constraint. We will in particular focus on the characterization of the phase motion law. Lastly we propose to study the evolution of capillary drops on a flat or tilted surface in the quasi-static approximation regime. The aim is to address stability of solutions, classification of possible singularities such as pinning and pinching, and the long-time behavior. For the investigation the tools from probability and PDE theory will be used when they are available.&lt;br/&gt;&lt;br/&gt;&lt;br/&gt;The presence of lower-dimensional structure is ubiquitous in the physical literature, either as a boundary of a domain or a moving interface created by different types of materials. The proposal addresses some fundamental questions concerning these problems, such as existence and long-time behavior of solutions. This is important, since without a proper mathematical theory it is difficult to develop accurate and trustworthy numerical methods.  A good example is the problem of sliding drops on tilted surface. In this case the shape of the drop can change drastically when the velocity is increased, and a singularity (corner) develops at the rear of the drop when the velocity exceed a certain critical value. At higher speeds the tail of the drop may break into another component (pearling).  Accurate modeling of the motion of drops is therefore an important and highly complex question in fluid mechanics, with many applications in engineering. Another example is in the crowd motion  of individuals or cars in congested areas exiting through part of the boundary of the confining domain (e.g. a room or a highway), where the exit pattern is highly affected by the shape of the domain as well as the location of the exit.  The project aim towards a better understanding of the properties of these problems and provide a framework for developing accurate computer-based numerical simulations.  Finally, the proposal involves collaboration with students and colleagues at all stages. The plan is to create active environments in applied analysis at the PI's institution by organizing seminars, inviting visitors as well as communicating to experts in related fields, and also by traveling to other institutions, for collaboration and presentations.</AbstractNarration>
<MinAmdLetterDate>04/02/2013</MinAmdLetterDate>
<MaxAmdLetterDate>06/24/2015</MaxAmdLetterDate>
<ARRAAmount/>
<AwardID>1300445</AwardID>
<Investigator>
<FirstName>Christina</FirstName>
<LastName>Kim</LastName>
<EmailAddress>ikim@math.ucla.edu</EmailAddress>
<StartDate>04/02/2013</StartDate>
<EndDate/>
<RoleCode>Principal Investigator</RoleCode>
</Investigator>
<Institution>
<Name>University of California-Los Angeles</Name>
<CityName>LOS ANGELES</CityName>
<ZipCode>900951406</ZipCode>
<PhoneNumber>3107940102</PhoneNumber>
<StreetAddress>10889 Wilshire Boulevard</StreetAddress>
<CountryName>United States</CountryName>
<StateName>California</StateName>
<StateCode>CA</StateCode>
</Institution>
<ProgramElement>
<Code>1281</Code>
<Text>ANALYSIS PROGRAM</Text>
</ProgramElement>
</Award>
</rootTag>
