<?xml version="1.0" encoding="UTF-8"?>
<rootTag>
<Award>
<AwardTitle>Collaborative Research:  The U.S. Environmental Risk Policy Network</AwardTitle>
<AwardEffectiveDate>08/16/2012</AwardEffectiveDate>
<AwardExpirationDate>08/31/2014</AwardExpirationDate>
<AwardAmount>106578</AwardAmount>
<AwardInstrument>
<Value>Standard Grant</Value>
</AwardInstrument>
<Organization>
<Code>04050000</Code>
<Directorate>
<LongName>Direct For Social, Behav &amp; Economic Scie</LongName>
</Directorate>
<Division>
<LongName>Divn Of Social and Economic Sciences</LongName>
</Division>
</Organization>
<ProgramOfficer>
<SignBlockName>Robert E. O'Connor</SignBlockName>
</ProgramOfficer>
<AbstractNarration>Concepts of risk and formal tools such as risk analysis have become central to environmental and technology policy. The use of risk concepts in environmental policy is an activity carried out by members of a policy network focused in, but not limited to, Washington, DC. This project surveys the members of the policy network of risk analysts in order to address two central research questions:  &lt;br/&gt;&lt;br/&gt;* How is the U.S. environmental risk policy network structured? Advances in network analysis allow the research team to identify the boundaries of the network, the position of actors within it, and essential structural features hypothesized to influence policy outcomes.&lt;br/&gt;&lt;br/&gt;* What factors have influenced the structure of the U.S. environmental risk policy network? Network models facilitate determining the processes by which the observed network is generated. This lends important, theoretically-relevant insights into the rationales that drive the self-organization of policy networks. &lt;br/&gt;&lt;br/&gt;The research includes the merging of the new data to be collected with two prior datasets, one collected during the early 1980s (when risk approaches to policy were relatively new) and one smaller replication collected circa 2000. The enables an analysis of changes over time in the same network, a subject that has not been extensively studied in the risk or policy networks literature.&lt;br/&gt;&lt;br/&gt;Risk analysis is a set of analytic tools that has become a central feature in discussions of environmental and technology policies. Risk is a key way in which scientific information enters into policy debates.  A network of risk professionals carries out the work of risk analysis and engages in policy debates.  By better understanding these professionals and their networks, we can gain insights into how science contributes to shaping policy.  Moreover, understanding the flows of scientific and other kinds of information through these professionals? networks will contribute to the development of enhanced communication and the effective use of science in decision making.</AbstractNarration>
<MinAmdLetterDate>11/08/2012</MinAmdLetterDate>
<MaxAmdLetterDate>11/08/2012</MaxAmdLetterDate>
<ARRAAmount/>
<AwardID>1300976</AwardID>
<Investigator>
<FirstName>Adam</FirstName>
<LastName>Henry</LastName>
<EmailAddress>adhenry@email.arizona.edu</EmailAddress>
<StartDate>11/08/2012</StartDate>
<EndDate/>
<RoleCode>Principal Investigator</RoleCode>
</Investigator>
<Institution>
<Name>University of Arizona</Name>
<CityName>Tucson</CityName>
<ZipCode>857194824</ZipCode>
<PhoneNumber>5206266000</PhoneNumber>
<StreetAddress>888 N Euclid Ave</StreetAddress>
<CountryName>United States</CountryName>
<StateName>Arizona</StateName>
<StateCode>AZ</StateCode>
</Institution>
<ProgramElement>
<Code>1321</Code>
<Text>DECISION RISK &amp; MANAGEMENT SCI</Text>
</ProgramElement>
<ProgramElement>
<Code>9150</Code>
<Text>EPSCoR Co-Funding</Text>
</ProgramElement>
<ProgramReference>
<Code>9150</Code>
<Text>EXP PROG TO STIM COMP RES</Text>
</ProgramReference>
</Award>
</rootTag>
