<?xml version="1.0" encoding="UTF-8"?>
<rootTag>
<Award>
<AwardTitle>Synthetic Methodologies Utilizing Superelectrophiles</AwardTitle>
<AwardEffectiveDate>10/01/2013</AwardEffectiveDate>
<AwardExpirationDate>09/30/2017</AwardExpirationDate>
<AwardAmount>240000</AwardAmount>
<AwardInstrument>
<Value>Continuing grant</Value>
</AwardInstrument>
<Organization>
<Code>03090000</Code>
<Directorate>
<LongName>Direct For Mathematical &amp; Physical Scien</LongName>
</Directorate>
<Division>
<LongName>Division Of Chemistry</LongName>
</Division>
</Organization>
<ProgramOfficer>
<SignBlockName>Kevin Moeller</SignBlockName>
</ProgramOfficer>
<AbstractNarration>In this project funded by the Chemical Synthesis Program of the Chemistry Division, Professor Douglas A. Klumpp of the Department of Chemistry and Biochemistry at Northern Illinois University will explore synthetic chemistry involving highly charged cationic species (superelectrophiles).  It has been previously shown that superelectrophiles exhibit large-scale electron delocalization and these charge-charge repulsive effects can be used to drive new types of synthetic reactions.  Specific synthetic goals include the preparation of technologically important heterocyclic products, such as indoles, indolizidines, 2-oxyindoles, and aza-steroids.  Several natural product syntheses will be explored using this chemistry.  Superelectrophilic reactions will also be done to identify synthetic routes to commodity chemicals from biorenewable feedstock.&lt;br/&gt;&lt;br/&gt;The successful development of the proposed chemistry will improve access to a variety of organic products.  These chemical reactions could be valuable to the pharmaceutical, petrochemical, colorants/dye/pigment, and agricultural chemical industries.  With both synthetic and mechanistic components, the research will be an ideal training ground for graduate and undergraduate students in chemistry.  Moreover, summer research projects are planned for home-schooled, high school age students-typically, high achieving students with little access to formal laboratory sciences.</AbstractNarration>
<MinAmdLetterDate>09/18/2013</MinAmdLetterDate>
<MaxAmdLetterDate>06/20/2014</MaxAmdLetterDate>
<ARRAAmount/>
<AwardID>1300878</AwardID>
<Investigator>
<FirstName>Douglas</FirstName>
<LastName>Klumpp</LastName>
<EmailAddress>dklumpp@niu.edu</EmailAddress>
<StartDate>09/18/2013</StartDate>
<EndDate/>
<RoleCode>Principal Investigator</RoleCode>
</Investigator>
<Institution>
<Name>Northern Illinois University</Name>
<CityName>De Kalb</CityName>
<ZipCode>601152828</ZipCode>
<PhoneNumber>8157531581</PhoneNumber>
<StreetAddress>301 Lowden Hall</StreetAddress>
<CountryName>United States</CountryName>
<StateName>Illinois</StateName>
<StateCode>IL</StateCode>
</Institution>
<ProgramElement>
<Code>6878</Code>
<Text>Chemical Synthesis</Text>
</ProgramElement>
</Award>
</rootTag>
