<?xml version="1.0" encoding="UTF-8"?>
<rootTag>
<Award>
<AwardTitle>GOALI: Polarized Infrared Imaging for the Mechanics of Photovoltaic Wafers</AwardTitle>
<AwardEffectiveDate>07/01/2013</AwardEffectiveDate>
<AwardExpirationDate>06/30/2017</AwardExpirationDate>
<AwardAmount>398407</AwardAmount>
<AwardInstrument>
<Value>Standard Grant</Value>
</AwardInstrument>
<Organization>
<Code>07030000</Code>
<Directorate>
<LongName>Directorate For Engineering</LongName>
</Directorate>
<Division>
<LongName>Div Of Civil, Mechanical, &amp; Manufact Inn</LongName>
</Division>
</Organization>
<ProgramOfficer>
<SignBlockName>Kara Peters</SignBlockName>
</ProgramOfficer>
<AbstractNarration>The research objective of this Grant Opportunity for Academic Liaison with Industry (GOALI) award is to investigate the mechanics of stress, defects, and failure in thin silicon photovoltaic wafers using a combination of infrared photoelasticity and polarized photoluminescence inspection techniques.  Silicon wafers are the most common base material in solar cells, but due to stress and defects that arise during the crystal growth process, material losses during manufacturing remain a significant problem.  Under support from this award, the relationship between stress and defects in photovoltaic wafers will be studied directly using lock-in infrared photoelasticity.  Also, a new class of inspection techniques based on a lock-in polarized photoluminescence method, in which both intensity and polarization of emitted light is measured, will be developed and used to study the interaction of stress and defects with light absorbed or emitted by the material.  Finally, the relationship between stress and failure in these materials will be investigated using a series of imaging and fracture experiments.&lt;br/&gt;&lt;br/&gt;The award will support a collaborative effort between university and industry researchers.  The research could have significant impact in the solar energy industry, as it will help to explain the role of stress and defects in photovoltaic wafer failure, and could enable a pathway to rapid inspection and sorting of silicon photovoltaic wafers based on the probability of mechanical failure.  The results will also add to the fundamental understanding of the interaction of light with defects in crystalline materials.  In addition to the research objectives, the award will support graduate and undergraduate education and training.  The academic/industry partnership will be highlighted by the annual summer placement of a graduate research assistant in the industry facility to learn characterization and manufacturing methods. Undergraduate students will be involved through an engineering outreach event at the University of Illinois, and through research in the laboratory of the Principle Investigator.</AbstractNarration>
<MinAmdLetterDate>05/02/2013</MinAmdLetterDate>
<MaxAmdLetterDate>05/02/2013</MaxAmdLetterDate>
<ARRAAmount/>
<AwardID>1300466</AwardID>
<Investigator>
<FirstName>Harley</FirstName>
<LastName>Johnson</LastName>
<EmailAddress>htj@illinois.edu</EmailAddress>
<StartDate>05/02/2013</StartDate>
<EndDate/>
<RoleCode>Principal Investigator</RoleCode>
</Investigator>
<Investigator>
<FirstName>Gavin</FirstName>
<LastName>Horn</LastName>
<EmailAddress>ghorn@uiuc.edu</EmailAddress>
<StartDate>05/02/2013</StartDate>
<EndDate/>
<RoleCode>Co-Principal Investigator</RoleCode>
</Investigator>
<Investigator>
<FirstName>Bjoern</FirstName>
<LastName>Seipel</LastName>
<EmailAddress>bjoern.seipel@solarworld-usa.com</EmailAddress>
<StartDate>05/02/2013</StartDate>
<EndDate/>
<RoleCode>Co-Principal Investigator</RoleCode>
</Investigator>
<Institution>
<Name>University of Illinois at Urbana-Champaign</Name>
<CityName>CHAMPAIGN</CityName>
<ZipCode>618207473</ZipCode>
<PhoneNumber>2173332187</PhoneNumber>
<StreetAddress>SUITE A</StreetAddress>
<CountryName>United States</CountryName>
<StateName>Illinois</StateName>
<StateCode>IL</StateCode>
</Institution>
<ProgramElement>
<Code>1467</Code>
<Text>MATERIALS PROCESSING AND MANFG</Text>
</ProgramElement>
<ProgramElement>
<Code>1504</Code>
<Text>GRANT OPP FOR ACAD LIA W/INDUS</Text>
</ProgramElement>
<ProgramElement>
<Code>1630</Code>
<Text>Mechanics of Materials and Str</Text>
</ProgramElement>
<ProgramReference>
<Code>022E</Code>
<Text>SOLID MECHANICS</Text>
</ProgramReference>
<ProgramReference>
<Code>024E</Code>
<Text>MATERIALS DESIGN</Text>
</ProgramReference>
<ProgramReference>
<Code>083E</Code>
<Text>MATERIAL TRANSFORMATION PROC</Text>
</ProgramReference>
<ProgramReference>
<Code>1504</Code>
<Text>GRANT OPP FOR ACAD LIA W/INDUS</Text>
</ProgramReference>
<ProgramReference>
<Code>8025</Code>
<Text>Advanced Materials Processing</Text>
</ProgramReference>
<ProgramReference>
<Code>9161</Code>
<Text>SINGLE DIVISION/UNIVERSITY</Text>
</ProgramReference>
<ProgramReference>
<Code>AMPP</Code>
<Text>ADVANCED MATERIALS &amp; PROCESSING PROGRAM</Text>
</ProgramReference>
</Award>
</rootTag>
