<?xml version="1.0" encoding="UTF-8"?>
<rootTag>
<Award>
<AwardTitle>Semilinear and nonlinear pdes in CR manifolds and complex variables</AwardTitle>
<AwardEffectiveDate>07/01/2013</AwardEffectiveDate>
<AwardExpirationDate>06/30/2016</AwardExpirationDate>
<AwardAmount>165883</AwardAmount>
<AwardInstrument>
<Value>Continuing grant</Value>
</AwardInstrument>
<Organization>
<Code>03040000</Code>
<Directorate>
<LongName>Direct For Mathematical &amp; Physical Scien</LongName>
</Directorate>
<Division>
<LongName>Division Of Mathematical Sciences</LongName>
</Division>
</Organization>
<ProgramOfficer>
<SignBlockName>Bruce P. Palka</SignBlockName>
</ProgramOfficer>
<AbstractNarration>The main parts of this mathematics research project by Shiferaw Berhanu involve the solvability of complex semi-linear partial differential equations, the regularity of the solutions of fully nonlinear, first order complex partial differential equations, and the properties of CR manifolds where the strong maximum principle holds for CR functions. The semi-linear equations are analogues of Vekua's equation for the Cauchy Riemann operator and arise from geometrical and physical problems. The questions to be investigated for the nonlinear equations include the smoothness and real analyticity of the solutions. The tools that may be used for the nonlinear partial differential equations include a new family of nonlinear Fourier transforms that characterize smoothness and real analyticity and the methods developed in the regularity theory of CR functions.  For the semi-linear equations, the  tools include the solvability of complex vector fields in various function spaces.&lt;br/&gt;&lt;br/&gt;&lt;br/&gt;Results from this mathematics research project have important applications to function theory of several complex variables, geometry, and the theory of so-called semi-linear and non-linear partial differential equations. The semi-linear equations considered in this project are crucial in solving a geometric problem that involves the existence of certain types of bending of surfaces which in turn has physical applications to the elasticity of thin shells. The non-linear partial differential equations under study are relevant to physical and geometrical applications such as the modeling of atmospheric phenomena and the study of limit shapes of surfaces that minimize surface tension. This project will provide many interesting  research problems to graduate students and young researchers.</AbstractNarration>
<MinAmdLetterDate>04/23/2013</MinAmdLetterDate>
<MaxAmdLetterDate>04/08/2015</MaxAmdLetterDate>
<ARRAAmount/>
<AwardID>1300026</AwardID>
<Investigator>
<FirstName>Shiferaw</FirstName>
<LastName>Berhanu</LastName>
<EmailAddress>berhanu@temple.edu</EmailAddress>
<StartDate>04/23/2013</StartDate>
<EndDate/>
<RoleCode>Principal Investigator</RoleCode>
</Investigator>
<Institution>
<Name>Temple University</Name>
<CityName>Philadelphia</CityName>
<ZipCode>191226003</ZipCode>
<PhoneNumber>2157077547</PhoneNumber>
<StreetAddress>1801 N. Broad Street</StreetAddress>
<CountryName>United States</CountryName>
<StateName>Pennsylvania</StateName>
<StateCode>PA</StateCode>
</Institution>
<ProgramElement>
<Code>1281</Code>
<Text>ANALYSIS PROGRAM</Text>
</ProgramElement>
<ProgramReference>
<Code>1281</Code>
<Text>ANALYSIS PROGRAM</Text>
</ProgramReference>
</Award>
</rootTag>
