<?xml version="1.0" encoding="UTF-8"?>
<rootTag>
<Award>
<AwardTitle>RUI: Synthesis of New P-Metallated Nucleosides</AwardTitle>
<AwardEffectiveDate>04/01/2013</AwardEffectiveDate>
<AwardExpirationDate>03/31/2018</AwardExpirationDate>
<AwardAmount>163534</AwardAmount>
<AwardInstrument>
<Value>Standard Grant</Value>
</AwardInstrument>
<Organization>
<Code>03090000</Code>
<Directorate>
<LongName>Direct For Mathematical &amp; Physical Scien</LongName>
</Directorate>
<Division>
<LongName>Division Of Chemistry</LongName>
</Division>
</Organization>
<ProgramOfficer>
<SignBlockName>Carlos A. Murillo</SignBlockName>
</ProgramOfficer>
<AbstractNarration>With this award from the Chemical Synthesis Program, Prof. Robert A. Stockland Jr. from Bucknell University will synthesize unique P-metallated nucleosides through phosphorus-hydrogen (P-H) activation of hydrogen phosphonates and related compounds using organometallic complexes as precursors.  These metallated nucleosides will serve as transfer agents in a new base-free cross-coupling reaction that will be developed for the synthesis of P-arylated derivatives.  The cross-coupling chemistry will be expanded to include heteroaryl substrates through the incorporation of nitrogen, sulfur, and oxygen-containing aromatic heterocycles.  Detailed mechanistic studies will shed light on key reaction intermediates as well as the electronic and steric scope of the reaction.  Furthermore, the synthesis of new derivatives through the exchange of one metal center for another will be investigated in order to expand the scope of the chemistry and incorporate metal centers that have a rich history in electrochemistry or photophysics.  The metallated nucleosides will also be used as building blocks in the synthesis of unique metal-organic architectures.&lt;br/&gt;&lt;br/&gt;This work will lead to the development of new synthetic methodology for the preparation of functionalized nucleosides.  These new compounds are high-value targets due to their potential applications in medicine and chemical biology.  Furthermore, this work will generate strategies for the synthesis of compounds with unique geometries and reactivity profiles that are not accessible with current methods.   Experiments designed to probe the importance of specific structural motifs will be carried out to refine the synthetic procedures and design second-generation catalysts.  The undergraduate researchers involved in these projects will gain valuable laboratory experience in several areas of chemistry and will hone their critical thinking and problem solving skills.</AbstractNarration>
<MinAmdLetterDate>03/14/2013</MinAmdLetterDate>
<MaxAmdLetterDate>03/31/2017</MaxAmdLetterDate>
<ARRAAmount/>
<AwardID>1300088</AwardID>
<Investigator>
<FirstName>Robert</FirstName>
<LastName>Stockland</LastName>
<EmailAddress>rstockla@bucknell.edu</EmailAddress>
<StartDate>03/14/2013</StartDate>
<EndDate/>
<RoleCode>Principal Investigator</RoleCode>
</Investigator>
<Institution>
<Name>Bucknell University</Name>
<CityName>LEWISBURG</CityName>
<ZipCode>178372111</ZipCode>
<PhoneNumber>5705773510</PhoneNumber>
<StreetAddress>One Dent Drive</StreetAddress>
<CountryName>United States</CountryName>
<StateName>Pennsylvania</StateName>
<StateCode>PA</StateCode>
</Institution>
<ProgramElement>
<Code>6878</Code>
<Text>Chemical Synthesis</Text>
</ProgramElement>
<ProgramReference>
<Code>1948</Code>
<Text>SYNTHESIS</Text>
</ProgramReference>
<ProgramReference>
<Code>1982</Code>
<Text>BIOLOGICAL CHEMISTRY</Text>
</ProgramReference>
<ProgramReference>
<Code>6878</Code>
<Text>CHEMICAL SYNTHESIS</Text>
</ProgramReference>
<ProgramReference>
<Code>9229</Code>
<Text>RES IN UNDERGRAD INST-RESEARCH</Text>
</ProgramReference>
</Award>
</rootTag>
