<?xml version="1.0" encoding="UTF-8"?>
<rootTag>
<Award>
<AwardTitle>Collaborative Research:  Organizational and Uncertainty Impacts of Couplings in a System Design Framework</AwardTitle>
<AwardEffectiveDate>08/01/2013</AwardEffectiveDate>
<AwardExpirationDate>07/31/2017</AwardExpirationDate>
<AwardAmount>330000</AwardAmount>
<AwardInstrument>
<Value>Standard Grant</Value>
</AwardInstrument>
<Organization>
<Code>07030000</Code>
<Directorate>
<LongName>Directorate For Engineering</LongName>
</Directorate>
<Division>
<LongName>Div Of Civil, Mechanical, &amp; Manufact Inn</LongName>
</Division>
</Organization>
<ProgramOfficer>
<SignBlockName>Richard Malak</SignBlockName>
</ProgramOfficer>
<AbstractNarration>The research objective of this collaborative project is to investigate three hypotheses focusing on the impact of organizational couplings and physics-based couplings on decision-making under uncertainty in the design of large-scale complex engineered systems. Methods to measure loss in value of a system design due to fixed requirements as well as to organizational incentives are to be developed and tested. Three research objectives are pursued as follows: 1) evaluate the impact of incorporating physics-based coupling information in a system value model to better enable trade-offs; 2) incorporate uncertainties associated with physics-based couplings to determine impact on system value; and 3) evaluate the impact of fixed requirements on the system design. The work will provide foundational theoretical and empirical investigations into the theory of large-scale systems design using a value-based approach. The research will identify the value gap due to organizational and technical couplings and the associated impact on the resulting system design, thereby providing a clear basis for changing present practice.&lt;br/&gt;&lt;br/&gt;If successful, the results of this research will demonstrate that requirements, organizational structure, and incentive structures can seriously impact the system value and hence, system design. Further, the research will offer alternatives to mitigate this impact, thereby enabling an increase in system value and improved system design. This can have significant impact on industries and federal agencies engaged in the design of complex engineered systems. For these engineered systems, during the detailed design stage, there may be thousands of individuals working in a team environment distributed across multiple organizations, with many of these geographically and temporally distributed, wherein these individuals operate with different preferences, beliefs, organizational structures, and incentive structures. This research can potentially result in improved theory, methods, and processes to continuity across an organization, regardless of structure, to produce the greatest system value. The results will be disseminated through a variety of conference and journal mechanisms, with the most significant outreach effort focused on a website that will also contain a "common language" established to span fields of Multidisciplinary Design Optimization (MDO), Value-Driven Design (VDD), and Decision Analysis (DA). Papers and tools produced will also be on this website. Outreach to students from under-represented groups will be a key effort, using the special emphasis of social sciences challenges being addressed together with technical issues.</AbstractNarration>
<MinAmdLetterDate>07/29/2013</MinAmdLetterDate>
<MaxAmdLetterDate>03/04/2016</MaxAmdLetterDate>
<ARRAAmount/>
<AwardID>1300921</AwardID>
<Investigator>
<FirstName>Bryan</FirstName>
<LastName>Mesmer</LastName>
<EmailAddress>bryan.mesmer@UAH.edu</EmailAddress>
<StartDate>07/29/2013</StartDate>
<EndDate/>
<RoleCode>Co-Principal Investigator</RoleCode>
</Investigator>
<Investigator>
<FirstName>Christina</FirstName>
<LastName>Bloebaum</LastName>
<EmailAddress>bloebaum@iastate.edu</EmailAddress>
<StartDate>07/29/2013</StartDate>
<EndDate/>
<RoleCode>Principal Investigator</RoleCode>
</Investigator>
<Institution>
<Name>Iowa State University</Name>
<CityName>AMES</CityName>
<ZipCode>500112207</ZipCode>
<PhoneNumber>5152945225</PhoneNumber>
<StreetAddress>1138 Pearson</StreetAddress>
<CountryName>United States</CountryName>
<StateName>Iowa</StateName>
<StateCode>IA</StateCode>
</Institution>
<ProgramElement>
<Code>1464</Code>
<Text>ENGINEERING DESIGN AND INNOVAT</Text>
</ProgramElement>
<ProgramElement>
<Code>8085</Code>
<Text>Systems Science (SYS)</Text>
</ProgramElement>
<ProgramReference>
<Code>067E</Code>
<Text>DESIGN TOOLS</Text>
</ProgramReference>
<ProgramReference>
<Code>068E</Code>
<Text>DESIGN THEORY</Text>
</ProgramReference>
<ProgramReference>
<Code>116E</Code>
<Text>RESEARCH EXP FOR UNDERGRADS</Text>
</ProgramReference>
<ProgramReference>
<Code>9102</Code>
<Text>WOMEN, MINORITY, DISABLED, NEC</Text>
</ProgramReference>
<ProgramReference>
<Code>9150</Code>
<Text>EXP PROG TO STIM COMP RES</Text>
</ProgramReference>
<ProgramReference>
<Code>9178</Code>
<Text>UNDERGRADUATE EDUCATION</Text>
</ProgramReference>
<ProgramReference>
<Code>9231</Code>
<Text>SUPPL FOR UNDERGRAD RES ASSIST</Text>
</ProgramReference>
<ProgramReference>
<Code>9251</Code>
<Text>RES EXPER FOR UNDERGRAD-SUPPLT</Text>
</ProgramReference>
</Award>
</rootTag>
