<?xml version="1.0" encoding="UTF-8"?>
<rootTag>
<Award>
<AwardTitle>Manufacture of Strong, Tough Hybrid Hydrogels</AwardTitle>
<AwardEffectiveDate>06/01/2013</AwardEffectiveDate>
<AwardExpirationDate>05/31/2017</AwardExpirationDate>
<AwardAmount>330769</AwardAmount>
<AwardInstrument>
<Value>Standard Grant</Value>
</AwardInstrument>
<Organization>
<Code>07030000</Code>
<Directorate>
<LongName>Directorate For Engineering</LongName>
</Directorate>
<Division>
<LongName>Div Of Civil, Mechanical, &amp; Manufact Inn</LongName>
</Division>
</Organization>
<ProgramOfficer>
<SignBlockName>Thomas F. Kuech</SignBlockName>
</ProgramOfficer>
<AbstractNarration>This grant provides funding for the manufacture of hybrid hydrogels, wherein physical and cross-linked networks are incorporated into a single multi-component polymer. Hydrogels are three-dimensional networks composed of chemically and/or physically-crosslinked hydrophilic polymers that have applications in diverse technologies such as drug or agrochemical delivery, food and personal care products, optics, fluidics, wound healing and tissue engineering.  Chemical hydrogels formed from covalent bonds have permanent shapes, but they generally exhibit poor mechanical strength and toughness, while physical hydrogels exhibit good toughness, but lack the creep resistance of covalent gels. The research includes the synthesis of hybrid hydrogels and the characterization of the microstructure, swelling behavior, flow and viscoelastic properties and mechanical properties of neutral and charged materials. The objectives are to develop strong, tough hydrogels, understand the mechanism of toughening in hybrid hydrogels and the development of manufacturing methods for producing shaped gel objects by solvent or melt injection, melt shaping and electrospinning of nanofibers.  &lt;br/&gt;&lt;br/&gt;The results of this research will lead to improvements in the mechanical properties and manufacturing methods for producing hydrogel products. The development of an understanding of the mechanism by which strong, tough materials that are mostly water (i.e., hydrogels) are achieved will lead to the design of improved soft materials for existing applications and expand the application of hydrogels into technologies for which they are currently unsuitable, because of poor stiffness, strength and/or fracture toughness.  In addition to the expansion of commercial applications of hydrogels, the substitution of hydrogels for many existing material applications should also have positive environmental implications, in that most hydrogels are environmentally benign. The nano-structured morphology expected for hybrid hydrogels may also lead to smart applications of these materials, such as shape memory and/or self-healing behavior.</AbstractNarration>
<MinAmdLetterDate>04/17/2013</MinAmdLetterDate>
<MaxAmdLetterDate>04/14/2014</MaxAmdLetterDate>
<ARRAAmount/>
<AwardID>1300212</AwardID>
<Investigator>
<FirstName>Robert</FirstName>
<LastName>Weiss</LastName>
<EmailAddress>rweiss@uakron.edu</EmailAddress>
<StartDate>04/17/2013</StartDate>
<EndDate/>
<RoleCode>Principal Investigator</RoleCode>
</Investigator>
<Institution>
<Name>University of Akron</Name>
<CityName>Akron</CityName>
<ZipCode>443250001</ZipCode>
<PhoneNumber>3309727666</PhoneNumber>
<StreetAddress>302 Buchtel Common</StreetAddress>
<CountryName>United States</CountryName>
<StateName>Ohio</StateName>
<StateCode>OH</StateCode>
</Institution>
<ProgramElement>
<Code>1467</Code>
<Text>MATERIALS PROCESSING AND MANFG</Text>
</ProgramElement>
<ProgramReference>
<Code>024E</Code>
<Text>MATERIALS DESIGN</Text>
</ProgramReference>
<ProgramReference>
<Code>080E</Code>
<Text>DEFORMATION PROCESSES</Text>
</ProgramReference>
<ProgramReference>
<Code>083E</Code>
<Text>MATERIAL TRANSFORMATION PROC</Text>
</ProgramReference>
<ProgramReference>
<Code>116E</Code>
<Text>RESEARCH EXP FOR UNDERGRADS</Text>
</ProgramReference>
<ProgramReference>
<Code>8025</Code>
<Text>Advanced Materials Processing</Text>
</ProgramReference>
<ProgramReference>
<Code>9178</Code>
<Text>UNDERGRADUATE EDUCATION</Text>
</ProgramReference>
<ProgramReference>
<Code>9231</Code>
<Text>SUPPL FOR UNDERGRAD RES ASSIST</Text>
</ProgramReference>
<ProgramReference>
<Code>9251</Code>
<Text>RES EXPER FOR UNDERGRAD-SUPPLT</Text>
</ProgramReference>
<ProgramReference>
<Code>SMET</Code>
<Text>SCIENCE, MATH, ENG &amp; TECH EDUCATION</Text>
</ProgramReference>
</Award>
</rootTag>
