<?xml version="1.0" encoding="UTF-8"?>
<rootTag>
<Award>
<AwardTitle>Role of structure in chemical functionalization of oxide-free silicon surfaces and nanoparticles</AwardTitle>
<AwardEffectiveDate>09/15/2013</AwardEffectiveDate>
<AwardExpirationDate>08/31/2017</AwardExpirationDate>
<AwardAmount>393654</AwardAmount>
<AwardInstrument>
<Value>Standard Grant</Value>
</AwardInstrument>
<Organization>
<Code>03090000</Code>
<Directorate>
<LongName>Direct For Mathematical &amp; Physical Scien</LongName>
</Directorate>
<Division>
<LongName>Division Of Chemistry</LongName>
</Division>
</Organization>
<ProgramOfficer>
<SignBlockName>Tingyu Li</SignBlockName>
</ProgramOfficer>
<AbstractNarration>The Chemical Structure, Dynamics, and Mechanisms - B Program of the Division of Chemistry supports Professor Yves J. Chabal from the University of Texas at Dallas to develop a fundamental understanding and control of the chemistry involved in making and modifying model hydrogen-terminated Si surfaces to investigate the correlation between their optoelectronic properties and chemical bonding. While hydrogen-terminated silicon surfaces have played a critical role in microelectronics because of their simple synthesis, superior chemical stability and excellent electrical properties, their transformative use critically depends on the ability to chemically modify them without oxidizing the Si substrate, since interfacial oxides typically have poor electrical properties. By controlling the quality of the chemical and physical structure of modified H/Si surfaces, it is then possible to address fundamental questions such as the nature of interfacial defect states and the origin of photoluminescence of Si nanoparticles. &lt;br/&gt;&lt;br/&gt;This work will provide the fundamental knowledge for applications such as silicon-based chemical- and bio-sensors, fuel and photovoltaic cells, catalysis, selective atomic layer deposition, ultra-shallow doping, and single electron devices. Thus, this interdisciplinary approach is of interest to the chemical, biomedical, energy and semiconductor processing industries and provides students with the opportunity to learn about different fields and to connect to industrial projects and international collaborators. The program will also incorporate "Surface Chemical Functionalization" into two courses and several modules for Materials Research Society tutorials, a Research Experience for Undergraduates program, as well as graduate student seminars.</AbstractNarration>
<MinAmdLetterDate>09/06/2013</MinAmdLetterDate>
<MaxAmdLetterDate>07/15/2015</MaxAmdLetterDate>
<ARRAAmount/>
<AwardID>1300180</AwardID>
<Investigator>
<FirstName>Yves</FirstName>
<LastName>Chabal</LastName>
<EmailAddress>chabal@utdallas.edu</EmailAddress>
<StartDate>09/06/2013</StartDate>
<EndDate/>
<RoleCode>Principal Investigator</RoleCode>
</Investigator>
<Institution>
<Name>University of Texas at Dallas</Name>
<CityName>Richardson</CityName>
<ZipCode>750803021</ZipCode>
<PhoneNumber>9728832313</PhoneNumber>
<StreetAddress>800 W. Campbell Rd., AD15</StreetAddress>
<CountryName>United States</CountryName>
<StateName>Texas</StateName>
<StateCode>TX</StateCode>
</Institution>
<ProgramElement>
<Code>9102</Code>
<Text>Chem Struct,Dynmcs&amp;Mechansms B</Text>
</ProgramElement>
<ProgramReference>
<Code>6879</Code>
<Text>STRUCTURE, DYNAMIC &amp; MECHANISM</Text>
</ProgramReference>
<ProgramReference>
<Code>9161</Code>
<Text>SINGLE DIVISION/UNIVERSITY</Text>
</ProgramReference>
<ProgramReference>
<Code>AMPP</Code>
<Text>ADVANCED MATERIALS &amp; PROCESSING PROGRAM</Text>
</ProgramReference>
</Award>
</rootTag>
