<?xml version="1.0" encoding="UTF-8"?>
<rootTag>
<Award>
<AwardTitle>Nonlinear Dynamics and Bifurcations of Human Posture on Tunable Balance Boards</AwardTitle>
<AwardEffectiveDate>06/01/2013</AwardEffectiveDate>
<AwardExpirationDate>12/31/2017</AwardExpirationDate>
<AwardAmount>550392</AwardAmount>
<AwardInstrument>
<Value>Standard Grant</Value>
</AwardInstrument>
<Organization>
<Code>07030000</Code>
<Directorate>
<LongName>Directorate For Engineering</LongName>
</Directorate>
<Division>
<LongName>Div Of Civil, Mechanical, &amp; Manufact Inn</LongName>
</Division>
</Organization>
<ProgramOfficer>
<SignBlockName>Atul G. Kelkar</SignBlockName>
</ProgramOfficer>
<AbstractNarration>The goal of this research is to study the dynamics of human posture on a balance board with tunable stiffness and time delay and exploit this understanding to improve the early detection of neuromuscular disease and the rehabilitation of balance compromised populations. The research will develop new mathematical models of human posture coupled to an external system and study the emergent dynamics therein; and develop a novel balance board with tunable board rotational stiffness and time delay. This tunable device will be used to assess the potential advantages of bifurcation-based approaches for the early detection of neuromuscular disorder and improved rehabilitation of younger subjects, older subjects and individuals with multiple sclerosis (MS), in collaboration with the Indiana University School of Medicine. In addition an inter-generational service-learning program focused on improving balance will be developed at a local retirement home, a campus wide forum/seminar series on dynamical systems in perception, cognition, and motor control will be created, senior undergraduate students will be mentored in research projects, and the team will reach out to local MS support groups.&lt;br/&gt;&lt;br/&gt;The development of the tunable balance board could be a major improvement in rehabilitative devices as it can manipulate and thus, explore the contribution of muscle stiffness and time delay to balance. If successful the idea of using bifurcation thresholds on the tunable balance boards as a means of indicating early stage neuromuscular disease could lead to early diagnosis of fall-propensity in frail older adults and adults with MS, Parkinson?s disease or persons suffering from traumatic brain injury. New detection and training concepts using these tunable balance boards delay could eventually be commercialized and improve quality of life of balance-compromised individuals. In addition, the substantial economic cost associated with falls, valued at over $19 billion in direct medical costs in 2000, may be reduced.</AbstractNarration>
<MinAmdLetterDate>05/17/2013</MinAmdLetterDate>
<MaxAmdLetterDate>05/17/2013</MaxAmdLetterDate>
<ARRAAmount/>
<AwardID>1300632</AwardID>
<Investigator>
<FirstName>Arvind</FirstName>
<LastName>Raman</LastName>
<EmailAddress>raman@ecn.purdue.edu</EmailAddress>
<StartDate>05/17/2013</StartDate>
<EndDate/>
<RoleCode>Principal Investigator</RoleCode>
</Investigator>
<Investigator>
<FirstName>Shirley</FirstName>
<LastName>Rietdyk</LastName>
<EmailAddress>srietdyk@purdue.edu</EmailAddress>
<StartDate>05/17/2013</StartDate>
<EndDate/>
<RoleCode>Co-Principal Investigator</RoleCode>
</Investigator>
<Investigator>
<FirstName>Jeffrey</FirstName>
<LastName>Haddad</LastName>
<EmailAddress>jmhaddad@purdue.edu</EmailAddress>
<StartDate>05/17/2013</StartDate>
<EndDate/>
<RoleCode>Co-Principal Investigator</RoleCode>
</Investigator>
<Investigator>
<FirstName>Howard</FirstName>
<LastName>Zelaznik</LastName>
<EmailAddress>hnzelaz@purdue.edu</EmailAddress>
<StartDate>05/17/2013</StartDate>
<EndDate/>
<RoleCode>Co-Principal Investigator</RoleCode>
</Investigator>
<Institution>
<Name>Purdue University</Name>
<CityName>West Lafayette</CityName>
<ZipCode>479072114</ZipCode>
<PhoneNumber>7654941055</PhoneNumber>
<StreetAddress>Young Hall</StreetAddress>
<CountryName>United States</CountryName>
<StateName>Indiana</StateName>
<StateCode>IN</StateCode>
</Institution>
<ProgramElement>
<Code>7478</Code>
<Text>DYNAMICAL SYSTEMS</Text>
</ProgramElement>
<ProgramReference>
<Code>034E</Code>
<Text>Dynamical systems</Text>
</ProgramReference>
<ProgramReference>
<Code>035E</Code>
<Text>NOISE, ACOUSTICS, VIBRATIONS</Text>
</ProgramReference>
<ProgramReference>
<Code>8024</Code>
<Text>Complex Systems</Text>
</ProgramReference>
</Award>
</rootTag>
