<?xml version="1.0" encoding="UTF-8"?>
<rootTag>
<Award>
<AwardTitle>RUI:  Experimental and Theoretical Investigation of Alkylidenecarbenes from Methylenecyclopropanes</AwardTitle>
<AwardEffectiveDate>09/01/2013</AwardEffectiveDate>
<AwardExpirationDate>08/31/2017</AwardExpirationDate>
<AwardAmount>327317</AwardAmount>
<AwardInstrument>
<Value>Standard Grant</Value>
</AwardInstrument>
<Organization>
<Code>03090000</Code>
<Directorate>
<LongName>Direct For Mathematical &amp; Physical Scien</LongName>
</Directorate>
<Division>
<LongName>Division Of Chemistry</LongName>
</Division>
</Organization>
<ProgramOfficer>
<SignBlockName>Tingyu Li</SignBlockName>
</ProgramOfficer>
<AbstractNarration>The Chemical Structure, Dynamics, and Mechanisms - B Program of the Division of Chemistry supports Professor Dasan M. Thamattoor of Colby College, in an undergraduate-driven research program, to investigate alkylidenecarbenes generated from new photochemical sources based on cyclopropanated phenanthrene and indan systems. The program includes the study of acyclic alkylidenecarbenes with alkyl and aryl substituents, the investigation of cycloalkylidenecarbenes, with a particular emphasis on their ability to generate small- and medium-ring cycloalkynes, the study of dihalovinylidenes, and the domino generation of two alkylidenecarbenes from a single precursor and the formation of C2.  &lt;br/&gt;&lt;br/&gt;This research program provides a research experience for undergraduate students, which trains them in the synthesis of organic molecules and in the physical methods used to characterize these molecules and determine their structures.  The work will continue an outreach program that provides research opportunities to high school students over the summer months. Also, the implementation of new partnerships with math and science teachers at local elementary and middle schools, to deliver quality instruction in STEM subjects, will be sought and existing ones strengthened.</AbstractNarration>
<MinAmdLetterDate>09/05/2013</MinAmdLetterDate>
<MaxAmdLetterDate>04/15/2015</MaxAmdLetterDate>
<ARRAAmount/>
<AwardID>1300937</AwardID>
<Investigator>
<FirstName>Dasan</FirstName>
<LastName>Thamattoor</LastName>
<EmailAddress>dmthamat@colby.edu</EmailAddress>
<StartDate>09/05/2013</StartDate>
<EndDate/>
<RoleCode>Principal Investigator</RoleCode>
</Investigator>
<Institution>
<Name>Colby College</Name>
<CityName>Waterville</CityName>
<ZipCode>049018840</ZipCode>
<PhoneNumber>2078594342</PhoneNumber>
<StreetAddress>4000 Mayflower Hill</StreetAddress>
<CountryName>United States</CountryName>
<StateName>Maine</StateName>
<StateCode>ME</StateCode>
</Institution>
<ProgramElement>
<Code>7298</Code>
<Text>COLLABORATIVE RESEARCH</Text>
</ProgramElement>
<ProgramElement>
<Code>9102</Code>
<Text>Chem Struct,Dynmcs&amp;Mechansms B</Text>
</ProgramElement>
<ProgramReference>
<Code>1982</Code>
<Text>BIOLOGICAL CHEMISTRY</Text>
</ProgramReference>
<ProgramReference>
<Code>5936</Code>
<Text>GERMANY (F.R.G.)</Text>
</ProgramReference>
<ProgramReference>
<Code>6879</Code>
<Text>STRUCTURE, DYNAMIC &amp; MECHANISM</Text>
</ProgramReference>
<ProgramReference>
<Code>9150</Code>
<Text>EXP PROG TO STIM COMP RES</Text>
</ProgramReference>
<ProgramReference>
<Code>9161</Code>
<Text>SINGLE DIVISION/UNIVERSITY</Text>
</ProgramReference>
<ProgramReference>
<Code>9229</Code>
<Text>RES IN UNDERGRAD INST-RESEARCH</Text>
</ProgramReference>
</Award>
</rootTag>
