<?xml version="1.0" encoding="UTF-8"?>
<rootTag>
<Award>
<AwardTitle>Synthesis, Characterization and Chemistry of Model Gamma Alumina Heterogeneous Catalysts</AwardTitle>
<AwardEffectiveDate>09/15/2013</AwardEffectiveDate>
<AwardExpirationDate>08/31/2018</AwardExpirationDate>
<AwardAmount>408300</AwardAmount>
<AwardInstrument>
<Value>Standard Grant</Value>
</AwardInstrument>
<Organization>
<Code>03090000</Code>
<Directorate>
<LongName>Direct For Mathematical &amp; Physical Scien</LongName>
</Directorate>
<Division>
<LongName>Division Of Chemistry</LongName>
</Division>
</Organization>
<ProgramOfficer>
<SignBlockName>George Janini</SignBlockName>
</ProgramOfficer>
<AbstractNarration>The NSF Chemical Catalysis Program supports the efforts of Professor Judith C. Yang to correlate experimental studies with first principles theoretical simulations in developing a fundamental understanding of the structure/chemical property relationship of a prototypical system based on platinum/gamma-alumina (Pt/gamma-Al2O3).  Pt/gamma-Al2O3 is an important heterogeneous catalysts system used in oil refining, catalytic converters, and fuel cells.  While much is known about the system, a significant gap exists between experiment and theory because commercially-available gamma-alumina is polycrystalline with ill-defined morphologies, crystallography and impurities.  To bridge the gap, Yang's research group optimizes the oxidation conditions of single crystal nickel aluminum to produce reasonably flat, defect-free, single crystal gamma-Al2O3 films that are tens of nanometers thick (bulk-like).  The characterization of size, morphologies, facets, dispersion and interfaces as well as electronic and chemical states under gas environments is accomplished by using the cutting-edge facilities at the Center for Functional Nanomaterials at Brookhaven National Laboratory. Direct comparison of the experimental data with theoretical modeling is accomplished through collaboration with Drs. Linlin Wang and Duane Johnson (Ames Laboratory and Iowa State University). This research project exposes graduate students to cutting edge research environments through combined university and national laboratory learning opportunities and collaborations.  Undergraduates are also mentored in a team environment.  Finally, Professor Yang serves and engages the local community via collaborations with the Pennsylvania Junior Academy of Science and the Materials Research Society.</AbstractNarration>
<MinAmdLetterDate>08/29/2013</MinAmdLetterDate>
<MaxAmdLetterDate>06/21/2017</MaxAmdLetterDate>
<ARRAAmount/>
<AwardID>1300544</AwardID>
<Investigator>
<FirstName>Judith</FirstName>
<LastName>Yang</LastName>
<EmailAddress>judyyang@pitt.edu</EmailAddress>
<StartDate>08/29/2013</StartDate>
<EndDate/>
<RoleCode>Principal Investigator</RoleCode>
</Investigator>
<Institution>
<Name>University of Pittsburgh</Name>
<CityName>Pittsburgh</CityName>
<ZipCode>152132303</ZipCode>
<PhoneNumber>4126247400</PhoneNumber>
<StreetAddress>University Club</StreetAddress>
<CountryName>United States</CountryName>
<StateName>Pennsylvania</StateName>
<StateCode>PA</StateCode>
</Institution>
<ProgramElement>
<Code>6884</Code>
<Text>Chemical Catalysis</Text>
</ProgramElement>
<ProgramReference>
<Code>1401</Code>
<Text>CATALYSIS AND BIOCATALYSIS</Text>
</ProgramReference>
<ProgramReference>
<Code>6884</Code>
<Text>CHEMICAL CATALYSIS</Text>
</ProgramReference>
<ProgramReference>
<Code>7237</Code>
<Text>NANO NON-SOLIC SCI &amp; ENG AWD</Text>
</ProgramReference>
<ProgramReference>
<Code>8037</Code>
<Text>Advanced Manufacturing</Text>
</ProgramReference>
<ProgramReference>
<Code>8248</Code>
<Text>SusChEM</Text>
</ProgramReference>
<ProgramReference>
<Code>8396</Code>
<Text>Clean Energy Technology</Text>
</ProgramReference>
<ProgramReference>
<Code>8398</Code>
<Text>Hydrocarbon Conversion</Text>
</ProgramReference>
<ProgramReference>
<Code>8650</Code>
<Text>Sustainable Chemistry</Text>
</ProgramReference>
<ProgramReference>
<Code>9146</Code>
<Text>MANUFACTURING BASE RESEARCH</Text>
</ProgramReference>
<ProgramReference>
<Code>9161</Code>
<Text>SINGLE DIVISION/UNIVERSITY</Text>
</ProgramReference>
</Award>
</rootTag>
