<?xml version="1.0" encoding="UTF-8"?>
<rootTag>
<Award>
<AwardTitle>CSR: Student Travel Support for SIGMETRICS 2013</AwardTitle>
<AwardEffectiveDate>03/01/2013</AwardEffectiveDate>
<AwardExpirationDate>02/28/2014</AwardExpirationDate>
<AwardAmount>10000</AwardAmount>
<AwardInstrument>
<Value>Standard Grant</Value>
</AwardInstrument>
<Organization>
<Code>05050000</Code>
<Directorate>
<LongName>Direct For Computer &amp; Info Scie &amp; Enginr</LongName>
</Directorate>
<Division>
<LongName>Division Of Computer and Network Systems</LongName>
</Division>
</Organization>
<ProgramOfficer>
<SignBlockName>M. Mimi McClure</SignBlockName>
</ProgramOfficer>
<AbstractNarration>The purpose of this project is to support students to attend the ACM Sigmetrics conference to be held in Pittsburgh, PA  on June 17-21, 2013.</AbstractNarration>
<MinAmdLetterDate>01/07/2013</MinAmdLetterDate>
<MaxAmdLetterDate>01/07/2013</MaxAmdLetterDate>
<ARRAAmount/>
<AwardID>1300202</AwardID>
<Investigator>
<FirstName>Mor</FirstName>
<LastName>Harchol-Balter</LastName>
<EmailAddress>harchol@cs.cmu.edu</EmailAddress>
<StartDate>01/07/2013</StartDate>
<EndDate/>
<RoleCode>Principal Investigator</RoleCode>
</Investigator>
<Institution>
<Name>Carnegie-Mellon University</Name>
<CityName>PITTSBURGH</CityName>
<ZipCode>152133815</ZipCode>
<PhoneNumber>4122689527</PhoneNumber>
<StreetAddress>5000 Forbes Avenue</StreetAddress>
<CountryName>United States</CountryName>
<StateName>Pennsylvania</StateName>
<StateCode>PA</StateCode>
</Institution>
<ProgramElement>
<Code>7354</Code>
<Text>Computer Systems Research (CSR</Text>
</ProgramElement>
</Award>
</rootTag>
