<?xml version="1.0" encoding="UTF-8"?>
<rootTag>
<Award>
<AwardTitle>Integration of Polyelectrolyte Contact Printing and Aryldiazonium Chemistry for Nanopatterning</AwardTitle>
<AwardEffectiveDate>08/01/2013</AwardEffectiveDate>
<AwardExpirationDate>07/31/2017</AwardExpirationDate>
<AwardAmount>399801</AwardAmount>
<AwardInstrument>
<Value>Standard Grant</Value>
</AwardInstrument>
<Organization>
<Code>07030000</Code>
<Directorate>
<LongName>Directorate For Engineering</LongName>
</Directorate>
<Division>
<LongName>Div Of Civil, Mechanical, &amp; Manufact Inn</LongName>
</Division>
</Organization>
<ProgramOfficer>
<SignBlockName>Khershed Cooper</SignBlockName>
</ProgramOfficer>
<AbstractNarration>This grant provides funding for the development of a novel contact printing technique for surface patterning at the nanometer scale. Contact printing is a cost-effective surface patterning technique that holds tremendous potential for industrial adoption in advanced manufacturing processes. The technique relies on transferring an ink material from a stamp to a substrate through intimate contact. The ink is a water-soluble polymer that allows for a unique spectrum of chemical reactions. The reactions can be readily used to pattern a wide range of technologically important materials including biomolecules, metals and carbon nanotubes. In this study, the inking and printing processes of the technique will be systematically studied and optimized. The optimized processes will be used to fabricate a variety of functional nanostructures for a variety of applications. &lt;br/&gt;&lt;br/&gt;If successful, this research will deliver a new surface patterning technique that has an unprecedented set of capabilities and that is low cost. This technique will impact applications such as sensors, flexible electronics and displays, and bio-chips. The knowledge acquired is also valuable in developing other surface engineering nano-scale techniques. Research resources and high-quality education will be provided to college students. In addition, the successful implementation of the funded project will offer research training to students from underrepresented groups, improve undergraduate education, increase public awareness of nano-science/technology, and foster interest in pursuing higher education and career in science and engineering among K-12 students.</AbstractNarration>
<MinAmdLetterDate>07/18/2013</MinAmdLetterDate>
<MaxAmdLetterDate>07/18/2013</MaxAmdLetterDate>
<ARRAAmount/>
<AwardID>1300447</AwardID>
<Investigator>
<FirstName>Jingjiao</FirstName>
<LastName>Guan</LastName>
<EmailAddress>guan@eng.fsu.edu</EmailAddress>
<StartDate>07/18/2013</StartDate>
<EndDate/>
<RoleCode>Principal Investigator</RoleCode>
</Investigator>
<Investigator>
<FirstName>Tao</FirstName>
<LastName>Liu</LastName>
<EmailAddress>liutao@eng.fsu.edu</EmailAddress>
<StartDate>07/18/2013</StartDate>
<EndDate/>
<RoleCode>Co-Principal Investigator</RoleCode>
</Investigator>
<Institution>
<Name>Florida State University</Name>
<CityName>TALLAHASSEE</CityName>
<ZipCode>323064166</ZipCode>
<PhoneNumber>8506445260</PhoneNumber>
<StreetAddress>874 Traditions Way, 3rd Floor</StreetAddress>
<CountryName>United States</CountryName>
<StateName>Florida</StateName>
<StateCode>FL</StateCode>
</Institution>
<ProgramElement>
<Code>1788</Code>
<Text>NANOMANUFACTURING</Text>
</ProgramElement>
<ProgramReference>
<Code>082E</Code>
<Text>MFG MACHINES &amp; METROLOGY</Text>
</ProgramReference>
<ProgramReference>
<Code>083E</Code>
<Text>MATERIAL TRANSFORMATION PROC</Text>
</ProgramReference>
<ProgramReference>
<Code>084E</Code>
<Text>NANOMANUFACTURING</Text>
</ProgramReference>
<ProgramReference>
<Code>9146</Code>
<Text>MANUFACTURING BASE RESEARCH</Text>
</ProgramReference>
<ProgramReference>
<Code>MANU</Code>
<Text>MANUFACTURING</Text>
</ProgramReference>
</Award>
</rootTag>
