<?xml version="1.0" encoding="UTF-8"?>
<rootTag>
<Award>
<AwardTitle>SusChEM: Utilizing Iron-Coenzyme Oxygen Activation in Catalysis</AwardTitle>
<AwardEffectiveDate>07/01/2013</AwardEffectiveDate>
<AwardExpirationDate>05/31/2017</AwardExpirationDate>
<AwardAmount>441704</AwardAmount>
<AwardInstrument>
<Value>Standard Grant</Value>
</AwardInstrument>
<Organization>
<Code>03090000</Code>
<Directorate>
<LongName>Direct For Mathematical &amp; Physical Scien</LongName>
</Directorate>
<Division>
<LongName>Division Of Chemistry</LongName>
</Division>
</Organization>
<ProgramOfficer>
<SignBlockName>George Janini</SignBlockName>
</ProgramOfficer>
<AbstractNarration>Professor John P. Caradonna of Boston University is supported by the Chemical Catalysis (CAT) Program in the Division of Chemistry to investigate new oxidation processes that directly utilize dioxygen in sustainable metal-based systems that preclude non-selective free-radical chain reactions. This research develops and characterizes a family of mononuclear iron complexes that utilize dioxygen (4-5 turnovers) in the production of an iron-based reactive species that is capable of oxidizing carbon-hydrogen (C-H) bonds in the presence of sacrificial two-electron donor ligands such as -keto acids.  The research focuses on two fundamentally different, although related aspects of alkane oxidation: 1) the development of a molecular-level understanding of the mechanism by which these mononuclear non-heme ferrous complexes activate dioxygen to form a metal-based oxidant, and 2) the creation of second-generation complexes that will support the general synthetic use of the formal oxygen-atom transfer reactivity of these systems. The use of iron in these catalytic systems is particularly attractive as this metal is earth-abundant and non-toxic and thus, this effort opens new avenues in inexpensive and sustainable catalytic transformations of interest to industry. Overall, the effort results in a deeper understanding of fundamental reaction chemistry and leads to the development of useful reagents for the controlled oxidation of substrates such as alkanes and arenes. &lt;br/&gt;&lt;br/&gt;Professor Caradonna and his research group actively participate in the NSF-funded PROSTARS Program in which community college students perform research in biological/chemical oriented laboratories.  His laboratory also offers research opportunities to students at the earliest level possible, and annually participates in the Boston University's High School Research Internship Program in Science and Engineering.  Finally, the investigator mentors and encourages recent Ph.D. graduates whose graduate careers have shown their potential for future excellence in both chemistry teaching and research though Boston University's Postdoctoral Faculty Fellow (PFF) program. Together, the research activities and educational projects generate a wide range of experiences, depth of knowledge, environmental and industrial insights, and communications skills necessary for the development of next generation scientists with interests in sustainable chemistry.</AbstractNarration>
<MinAmdLetterDate>04/19/2013</MinAmdLetterDate>
<MaxAmdLetterDate>04/15/2015</MaxAmdLetterDate>
<ARRAAmount/>
<AwardID>1300122</AwardID>
<Investigator>
<FirstName>John</FirstName>
<LastName>Caradonna</LastName>
<EmailAddress>caradonn@bu.edu</EmailAddress>
<StartDate>04/19/2013</StartDate>
<EndDate/>
<RoleCode>Principal Investigator</RoleCode>
</Investigator>
<Institution>
<Name>Trustees of Boston University</Name>
<CityName>BOSTON</CityName>
<ZipCode>022151300</ZipCode>
<PhoneNumber>6173534365</PhoneNumber>
<StreetAddress>881 COMMONWEALTH AVE</StreetAddress>
<CountryName>United States</CountryName>
<StateName>Massachusetts</StateName>
<StateCode>MA</StateCode>
</Institution>
<ProgramElement>
<Code>6884</Code>
<Text>Chemical Catalysis</Text>
</ProgramElement>
<ProgramReference>
<Code>1401</Code>
<Text>CATALYSIS AND BIOCATALYSIS</Text>
</ProgramReference>
<ProgramReference>
<Code>8248</Code>
<Text>SusChEM</Text>
</ProgramReference>
<ProgramReference>
<Code>8396</Code>
<Text>Clean Energy Technology</Text>
</ProgramReference>
<ProgramReference>
<Code>8611</Code>
<Text>Energy Efficiency and End Use</Text>
</ProgramReference>
<ProgramReference>
<Code>8650</Code>
<Text>Sustainable Chemistry</Text>
</ProgramReference>
<ProgramReference>
<Code>9146</Code>
<Text>MANUFACTURING BASE RESEARCH</Text>
</ProgramReference>
<ProgramReference>
<Code>MANU</Code>
<Text>MANUFACTURING</Text>
</ProgramReference>
</Award>
</rootTag>
