<?xml version="1.0" encoding="UTF-8"?>
<rootTag>
<Award>
<AwardTitle>Birational geometry of algebraic varieties</AwardTitle>
<AwardEffectiveDate>07/01/2013</AwardEffectiveDate>
<AwardExpirationDate>06/30/2019</AwardExpirationDate>
<AwardAmount>477670</AwardAmount>
<AwardInstrument>
<Value>Continuing grant</Value>
</AwardInstrument>
<Organization>
<Code>03040000</Code>
<Directorate>
<LongName>Direct For Mathematical &amp; Physical Scien</LongName>
</Directorate>
<Division>
<LongName>Division Of Mathematical Sciences</LongName>
</Division>
</Organization>
<ProgramOfficer>
<SignBlockName>Matthew  Douglass</SignBlockName>
</ProgramOfficer>
<AbstractNarration>The proposed research deals with topics in Higher dimensional Algebraic Geometry. It is mainly focused on natural questions in the birational geometry of projective varieties such as the study of questions related to the minimal model program. The PI will investigate the existence of minimal models for varieties not of general type, abundance and the termination of flips, the existence of flips for 3-folds in positive characteristic, the geometry of Fano varieties (in particular the boundedness of log-Fanos), the singularities of normal varieties and multiplier ideal sheaves, the pluricanonical maps of  algebraic varieties and the birational geometry of irregular varieties.&lt;br/&gt;&lt;br/&gt;The birational classification of surfaces was understood by the Italian school at the beginning of the twentieth century. If a surface is not covered by rational curves then there is a natural choice of a birational surface (known as the minimal model) which has many useful properties. The Minimal Model Program aims to generalize these results to higher dimensions. This program is complete in dimension 3 (by work of Mori, Kawamata, Kollar, Reid, Shokurov and others) and is known to work for complex projective varieties of general type (by work of Birkar, Cascini, Hacon, McKernan, Siu and others). This project hopes to answer some of the remaining questions and conjectures that naturally arise in this context.</AbstractNarration>
<MinAmdLetterDate>04/08/2013</MinAmdLetterDate>
<MaxAmdLetterDate>06/27/2017</MaxAmdLetterDate>
<ARRAAmount/>
<AwardID>1300750</AwardID>
<Investigator>
<FirstName>Christopher</FirstName>
<LastName>Hacon</LastName>
<EmailAddress>hacon@math.utah.edu</EmailAddress>
<StartDate>04/08/2013</StartDate>
<EndDate/>
<RoleCode>Principal Investigator</RoleCode>
</Investigator>
<Institution>
<Name>University of Utah</Name>
<CityName>SALT LAKE CITY</CityName>
<ZipCode>841128930</ZipCode>
<PhoneNumber>8015816903</PhoneNumber>
<StreetAddress>75 S 2000 E</StreetAddress>
<CountryName>United States</CountryName>
<StateName>Utah</StateName>
<StateCode>UT</StateCode>
</Institution>
<ProgramElement>
<Code>1264</Code>
<Text>ALGEBRA,NUMBER THEORY,AND COM</Text>
</ProgramElement>
<ProgramReference>
<Code>9150</Code>
<Text>EXP PROG TO STIM COMP RES</Text>
</ProgramReference>
</Award>
</rootTag>
