<?xml version="1.0" encoding="UTF-8"?>
<rootTag>
<Award>
<AwardTitle>Algorithms for Large-Scale Cone and Convex Programs, Saddle-Point Problems and Variational Inequalities</AwardTitle>
<AwardEffectiveDate>07/01/2013</AwardEffectiveDate>
<AwardExpirationDate>06/30/2018</AwardExpirationDate>
<AwardAmount>300000</AwardAmount>
<AwardInstrument>
<Value>Standard Grant</Value>
</AwardInstrument>
<Organization>
<Code>07030000</Code>
<Directorate>
<LongName>Directorate For Engineering</LongName>
</Directorate>
<Division>
<LongName>Div Of Civil, Mechanical, &amp; Manufact Inn</LongName>
</Division>
</Organization>
<ProgramOfficer>
<SignBlockName>Georgia-Ann Klutke</SignBlockName>
</ProgramOfficer>
<AbstractNarration>The main focus of this project is on the development and/or complexity analysis of efficient algorithms for solving convex optimization (CO) problems. Many problems in economics, natural sciences and engineering can be formulated as convex optimization (CO) problems. In particular, these include first-order methods with low CPU time and memory space requirements in order to solve extremely large CO instances. This investigation will also lead to the study efficient algorithms in the context of the saddle-point (SP) problem and variational inequalities (VI) due to their close connection to CO. New algorithms for solving CO will be developed by either handling the instance as is, or by reformulating it as a SP problem or VI, and then using an efficient algorithm for solving the reformulation.&lt;br/&gt;&lt;br/&gt;If successful, the results of this research will lead to: 1) new and/or better algorithms for solving CO problems, and; 2) new complexity results for existing (e.g., augmented Lagrangian penalty) and/or new (e.g., variants of the block-decomposition) methods. As a by-product, this project will also lead to the development of new software packages, which will increase and improve the existing tools available to practitioners for solving CO problems arising in many applications in economics, natural sciences, and engineering.</AbstractNarration>
<MinAmdLetterDate>04/09/2013</MinAmdLetterDate>
<MaxAmdLetterDate>04/09/2013</MaxAmdLetterDate>
<ARRAAmount/>
<AwardID>1300221</AwardID>
<Investigator>
<FirstName>Renato D. C.</FirstName>
<LastName>Monteiro</LastName>
<EmailAddress>monteiro@isye.gatech.edu</EmailAddress>
<StartDate>04/09/2013</StartDate>
<EndDate/>
<RoleCode>Principal Investigator</RoleCode>
</Investigator>
<Institution>
<Name>Georgia Tech Research Corporation</Name>
<CityName>Atlanta</CityName>
<ZipCode>303320420</ZipCode>
<PhoneNumber>4048944819</PhoneNumber>
<StreetAddress>Office of Sponsored Programs</StreetAddress>
<CountryName>United States</CountryName>
<StateName>Georgia</StateName>
<StateCode>GA</StateCode>
</Institution>
<ProgramElement>
<Code>5514</Code>
<Text>OPERATIONS RESEARCH</Text>
</ProgramElement>
<ProgramReference>
<Code>072E</Code>
<Text>NETWORKS &amp; QUEUING SYSTEMS</Text>
</ProgramReference>
<ProgramReference>
<Code>073E</Code>
<Text>OPTIMIZATION &amp; DECISION MAKING</Text>
</ProgramReference>
<ProgramReference>
<Code>077E</Code>
<Text>SIMULATION MODELS</Text>
</ProgramReference>
<ProgramReference>
<Code>9102</Code>
<Text>WOMEN, MINORITY, DISABLED, NEC</Text>
</ProgramReference>
</Award>
</rootTag>
