<?xml version="1.0" encoding="UTF-8"?>
<rootTag>
<Award>
<AwardTitle>Conference ``Algebraic Geometry and Hyperbolic Geometry --- New Connections"</AwardTitle>
<AwardEffectiveDate>04/01/2013</AwardEffectiveDate>
<AwardExpirationDate>03/31/2014</AwardExpirationDate>
<AwardAmount>30000</AwardAmount>
<AwardInstrument>
<Value>Standard Grant</Value>
</AwardInstrument>
<Organization>
<Code>03040000</Code>
<Directorate>
<LongName>Direct For Mathematical &amp; Physical Scien</LongName>
</Directorate>
<Division>
<LongName>Division Of Mathematical Sciences</LongName>
</Division>
</Organization>
<ProgramOfficer>
<SignBlockName>Joanna Kania-Bartoszynska</SignBlockName>
</ProgramOfficer>
<AbstractNarration>This NSF grant will be used to organize the conference "Algebraic Geometry and Hyperbolic Geometry - New Connections", which will take place June 16 - June 22, 2013 in Cabo Frio (Rio de Janeiro, Brazil). The goal of the conference is to bring together researchers in algebraic and hyperbolic geometry in order to explore new connections between the two fields, the latter include: 2-dimensional Cremona group, fundamental groups of Kaehler manifolds, minimal model program,  geometrization and geometry of complex ball quotients. &lt;br/&gt;&lt;br/&gt;This conference will bring together researchers working in two branches of geometry: Algebraic geometry, which deals with geometry of solution sets of algebraic equations and hyperbolic geometry, which deals with concepts like distances, angles and areas. The goal of the conference is to explore new mutually beneficial connections between the two areas of mathematics. This project will benefit the graduate students and young researchers. It will also promote interaction between the US and Latin American geometers.&lt;br/&gt;&lt;br/&gt;The conference's homepage is:&lt;br/&gt;http://www.impa.br/opencms/pt/eventos/store/evento_1306</AbstractNarration>
<MinAmdLetterDate>12/20/2012</MinAmdLetterDate>
<MaxAmdLetterDate>12/20/2012</MaxAmdLetterDate>
<ARRAAmount/>
<AwardID>1300954</AwardID>
<Investigator>
<FirstName>Michael</FirstName>
<LastName>Kapovich</LastName>
<EmailAddress>kapovich@math.ucdavis.edu</EmailAddress>
<StartDate>12/20/2012</StartDate>
<EndDate/>
<RoleCode>Principal Investigator</RoleCode>
</Investigator>
<Institution>
<Name>University of California-Davis</Name>
<CityName>Davis</CityName>
<ZipCode>956186134</ZipCode>
<PhoneNumber>5307547700</PhoneNumber>
<StreetAddress>OR/Sponsored Programs</StreetAddress>
<CountryName>United States</CountryName>
<StateName>California</StateName>
<StateCode>CA</StateCode>
</Institution>
<ProgramElement>
<Code>1264</Code>
<Text>ALGEBRA,NUMBER THEORY,AND COM</Text>
</ProgramElement>
<ProgramElement>
<Code>1267</Code>
<Text>TOPOLOGY</Text>
</ProgramElement>
<ProgramReference>
<Code>7556</Code>
<Text>CONFERENCE AND WORKSHOPS</Text>
</ProgramReference>
</Award>
</rootTag>
