<?xml version="1.0" encoding="UTF-8"?>
<rootTag>
<Award>
<AwardTitle>Extremal and Probabilistic Questions on Hypergraphs</AwardTitle>
<AwardEffectiveDate>08/01/2013</AwardEffectiveDate>
<AwardExpirationDate>07/31/2019</AwardExpirationDate>
<AwardAmount>357151</AwardAmount>
<AwardInstrument>
<Value>Continuing grant</Value>
</AwardInstrument>
<Organization>
<Code>03040000</Code>
<Directorate>
<LongName>Direct For Mathematical &amp; Physical Scien</LongName>
</Directorate>
<Division>
<LongName>Division Of Mathematical Sciences</LongName>
</Division>
</Organization>
<ProgramOfficer>
<SignBlockName>Tomek Bartoszynski</SignBlockName>
</ProgramOfficer>
<AbstractNarration>The PI will  develop the theory of hypergraphs, or families of sets, focusing on extremal and probabilistic questions. Three directions of study are proposed: quasirandomness, extremal Turan-type problems, and ramsey theory.  In each of these areas, the PI  will extend classical results in graph theory that have been around for decades to hypergraphs. For example, extending the foundational results of Thomason and Chung-Graham-Wilson on quasirandom graphs to hypergraphs has received considerable attention since the early 1990's and the PI has made further progress recently; he plans to explore the sparse case in this project. The PI (together with coauthors) has recently extended the Erdos-Gallai theorem about paths and cycles in graphs to hypergraphs; further extensions of the new method that was  developed will be explored for other forbidden structures.  Finally, there have been relatively few results in hypergraph Ramsey theory since some basic bounds of Erdos and others from the 1950's and the PI will  use modern approaches to tackle some outstanding problems in these areas. &lt;br/&gt;&lt;br/&gt;The  extremal and probabilistic theory of hypergraphs impacts several areas of Mathematics (number theory, combinatorics, logic) as well as other fields like information theory, coding theory, and theoretical computer science. The study of random structures and randomized algorithms has gained particular importance in recent years due to the many large real world networks that have emerged and are being studied. Developing new techniques to study these complex systems will be a major task for future researchers. The theory of quasirandom hypergraphs may form a theoretical foundation for studying large scale behavior of more complicated networks where groups of more than two nodes are connected to each other.  One theme common to most problems that will be investigated in this project is to understand the quantitative relationship between the local and global behavior of a large system.&lt;br/&gt;</AbstractNarration>
<MinAmdLetterDate>07/31/2013</MinAmdLetterDate>
<MaxAmdLetterDate>06/10/2017</MaxAmdLetterDate>
<ARRAAmount/>
<AwardID>1300138</AwardID>
<Investigator>
<FirstName>Dhruv</FirstName>
<LastName>Mubayi</LastName>
<EmailAddress>mubayi@uic.edu</EmailAddress>
<StartDate>07/31/2013</StartDate>
<EndDate/>
<RoleCode>Principal Investigator</RoleCode>
</Investigator>
<Institution>
<Name>University of Illinois at Chicago</Name>
<CityName>CHICAGO</CityName>
<ZipCode>606124305</ZipCode>
<PhoneNumber>3129962862</PhoneNumber>
<StreetAddress>809 S. Marshfield Avenue</StreetAddress>
<CountryName>United States</CountryName>
<StateName>Illinois</StateName>
<StateCode>IL</StateCode>
</Institution>
<ProgramElement>
<Code>7970</Code>
<Text>Combinatorics</Text>
</ProgramElement>
</Award>
</rootTag>
