<?xml version="1.0" encoding="UTF-8"?>
<rootTag>
<Award>
<AwardTitle>Reduce Energy Consumption Through Integrated Design:  How Do Engineers Translate and Teams Synthesize Energy Modeling in Successful High Performance Building Design?</AwardTitle>
<AwardEffectiveDate>08/15/2013</AwardEffectiveDate>
<AwardExpirationDate>07/31/2016</AwardExpirationDate>
<AwardAmount>432009</AwardAmount>
<AwardInstrument>
<Value>Standard Grant</Value>
</AwardInstrument>
<Organization>
<Code>07030000</Code>
<Directorate>
<LongName>Directorate For Engineering</LongName>
</Directorate>
<Division>
<LongName>Div Of Civil, Mechanical, &amp; Manufact Inn</LongName>
</Division>
</Organization>
<ProgramOfficer>
<SignBlockName>Richard Malak</SignBlockName>
</ProgramOfficer>
<AbstractNarration>The objective of this research project is to help scientists and practitioners understand how teams of engineers, architects and builders can design buildings that have better energy performance and are more habitable. Using a healthcare project as a test case, this research seeks to explain under what conditions engineers best translate technical analysis of potential energy performance to support decision making that leads to higher performance buildings. The research combines observation of design analytics and decision-making in one healthcare project, interviews with 50 experts, and assessment of 50 completed projects. Working with industry partners, via workshops, this project will disseminate best practices found in the research.  The project will also develop curriculum to foster underrepresented participation through problem based collaborative learning and train US engineering students in translation and synthesis so that they may become better industry leaders who are able to collaborate across engineering disciplines.   &lt;br/&gt;&lt;br/&gt;This research will advance our understanding of collaboration, especially in the new interdisciplinary and iterative design processes that use energy modeling software. This project will advance knowledge of human-software-organizational interaction and contribute to the fields of architecture, engineering design and management, communication, and organizational behavior. Healthcare infrastructure such as hospitals and clinics consumes more than 5 percent of the total energy used in the US.  Energy conserving buildings require integrated design, whereas today analysis is done separately by different engineering specialties. By better use of analytical modeling and organizational innovation, this project seeks to improve the building process and maximize the ecological efficiency of buildings.</AbstractNarration>
<MinAmdLetterDate>08/02/2013</MinAmdLetterDate>
<MaxAmdLetterDate>08/02/2013</MaxAmdLetterDate>
<ARRAAmount/>
<AwardID>1300271</AwardID>
<Investigator>
<FirstName>Gina</FirstName>
<LastName>Neff</LastName>
<EmailAddress>gneff@uw.edu</EmailAddress>
<StartDate>08/02/2013</StartDate>
<EndDate/>
<RoleCode>Co-Principal Investigator</RoleCode>
</Investigator>
<Investigator>
<FirstName>Carrie</FirstName>
<LastName>Dossick</LastName>
<EmailAddress>cdossick@uw.edu</EmailAddress>
<StartDate>08/02/2013</StartDate>
<EndDate/>
<RoleCode>Principal Investigator</RoleCode>
</Investigator>
<Investigator>
<FirstName>Heather</FirstName>
<LastName>Burpee</LastName>
<EmailAddress>burpeeh@uw.edu</EmailAddress>
<StartDate>08/02/2013</StartDate>
<EndDate/>
<RoleCode>Co-Principal Investigator</RoleCode>
</Investigator>
<Institution>
<Name>University of Washington</Name>
<CityName>Seattle</CityName>
<ZipCode>981950001</ZipCode>
<PhoneNumber>2065434043</PhoneNumber>
<StreetAddress>4333 Brooklyn Ave NE</StreetAddress>
<CountryName>United States</CountryName>
<StateName>Washington</StateName>
<StateCode>WA</StateCode>
</Institution>
<ProgramElement>
<Code>1464</Code>
<Text>ENGINEERING DESIGN AND INNOVAT</Text>
</ProgramElement>
<ProgramReference>
<Code>029E</Code>
<Text>INFRASTRUCTURE SYSTEMS MGT</Text>
</ProgramReference>
<ProgramReference>
<Code>067E</Code>
<Text>DESIGN TOOLS</Text>
</ProgramReference>
<ProgramReference>
<Code>068E</Code>
<Text>DESIGN THEORY</Text>
</ProgramReference>
<ProgramReference>
<Code>8023</Code>
<Text>Health Care Enterprise Systems</Text>
</ProgramReference>
<ProgramReference>
<Code>9102</Code>
<Text>WOMEN, MINORITY, DISABLED, NEC</Text>
</ProgramReference>
</Award>
</rootTag>
