<?xml version="1.0" encoding="UTF-8"?>
<rootTag>
<Award>
<AwardTitle>Hyperbolic Dynamics, Large Deviations and Fluctuations</AwardTitle>
<AwardEffectiveDate>01/01/2013</AwardEffectiveDate>
<AwardExpirationDate>12/31/2014</AwardExpirationDate>
<AwardAmount>42000</AwardAmount>
<AwardInstrument>
<Value>Standard Grant</Value>
</AwardInstrument>
<Organization>
<Code>03040000</Code>
<Directorate>
<LongName>Direct For Mathematical &amp; Physical Scien</LongName>
</Directorate>
<Division>
<LongName>Division Of Mathematical Sciences</LongName>
</Division>
</Organization>
<ProgramOfficer>
<SignBlockName>Edward Taylor</SignBlockName>
</ProgramOfficer>
<AbstractNarration>This grant is to provide travel support for American participants of two Workshops organized as part of a semester-long program "Hyperbolic Dynamics, Large Deviations and Fluctuations" that takes place at the Centre Interfacultaire Bernoulli, Ecole Politechnique, Lausanne, Switzerland, March-June 2013. The first workshop is on "Large deviations and thermodynamical formalism" and the second one is on "Limit Theorems for dynamical systems". Each workshop is preceded by a series of intensive mini-courses for post-graduate and post-doctoral students given by distinguished mathematicians in the field of dynamical systems. &lt;br/&gt;&lt;br/&gt;During the last 50 years statistical properties of dynamical systems have been a center of extensive study in dynamics with many great applications to other areas of mathematics as well as outside to physics, engineering and biology. The systematic study of statistical properties began in the early 60's with the works of Sinai and Ruelle, and later of Bowen, who laid the foundations of thermodynamics. Though the methods they developed were of rather general nature, their applications were restricted mostly to uniformly hyperbolic systems. Much wider horizons were opened after the development of non-uniform hyperbolicity theory that is also known as "Pesin's theory". The main activities in dynamics these days are concentrated around studying non-uniformly hyperbolic systems, hyperbolic systems with singularities, and more generally, systems which posses some kind of hyperbolicity however do not belong to the previously mentioned categories. The main aim of the program is to bring together leading experts and young researchers working on statistical properties of dynamical systems and their applications in statistical mechanics, and mathematical physics as well as to foster scholarly exchange and collaboration. The workshops are intended to provide a focus of activities and a meeting place for mathematicians from various countries working in dynamical systems and related topics. They will serve as a forum for both young and established researchers to exchange ideas with their counterparts throughout the world, promote current and future research and create a concrete agenda for further research on several fronts. All participants, including members of traditionally underrepresented groups will also benefit from the presence of many strong young mathematicians from Europe.</AbstractNarration>
<MinAmdLetterDate>12/20/2012</MinAmdLetterDate>
<MaxAmdLetterDate>12/20/2012</MaxAmdLetterDate>
<ARRAAmount/>
<AwardID>1300155</AwardID>
<Investigator>
<FirstName>Dmitry</FirstName>
<LastName>Dolgopyat</LastName>
<EmailAddress>dmitry@math.umd.edu</EmailAddress>
<StartDate>12/20/2012</StartDate>
<EndDate/>
<RoleCode>Co-Principal Investigator</RoleCode>
</Investigator>
<Investigator>
<FirstName>Yakov</FirstName>
<LastName>Pesin</LastName>
<EmailAddress>pesin@math.psu.edu</EmailAddress>
<StartDate>12/20/2012</StartDate>
<EndDate/>
<RoleCode>Principal Investigator</RoleCode>
</Investigator>
<Institution>
<Name>Pennsylvania State Univ University Park</Name>
<CityName>UNIVERSITY PARK</CityName>
<ZipCode>168027000</ZipCode>
<PhoneNumber>8148651372</PhoneNumber>
<StreetAddress>110 Technology Center Building</StreetAddress>
<CountryName>United States</CountryName>
<StateName>Pennsylvania</StateName>
<StateCode>PA</StateCode>
</Institution>
<ProgramElement>
<Code>1281</Code>
<Text>ANALYSIS PROGRAM</Text>
</ProgramElement>
<ProgramReference>
<Code>7556</Code>
<Text>CONFERENCE AND WORKSHOPS</Text>
</ProgramReference>
</Award>
</rootTag>
