<?xml version="1.0" encoding="UTF-8"?>
<rootTag>
<Award>
<AwardTitle>Novel Approaches to Carbonyl alpha-Functionalization</AwardTitle>
<AwardEffectiveDate>09/01/2013</AwardEffectiveDate>
<AwardExpirationDate>08/31/2017</AwardExpirationDate>
<AwardAmount>405000</AwardAmount>
<AwardInstrument>
<Value>Standard Grant</Value>
</AwardInstrument>
<Organization>
<Code>03090000</Code>
<Directorate>
<LongName>Direct For Mathematical &amp; Physical Scien</LongName>
</Directorate>
<Division>
<LongName>Division Of Chemistry</LongName>
</Division>
</Organization>
<ProgramOfficer>
<SignBlockName>Tingyu Li</SignBlockName>
</ProgramOfficer>
<AbstractNarration>In this project funded by the Chemical Synthesis Program of the Chemistry Division, Professor Don Coltart of the Department of Chemistry at the University of Houston will explore the development of approaches to the challenging and long-standing problem of&lt;br/&gt;asymmetric alpha-functionalization of ketones. The central hypothesis of the research is that activated hydrazones and oximes will provide the basis for a variety of new approaches to the asymmetric alpha-alkylation/functionalization of aldehydes and/or ketones.  For ketone derived systems, fundamentally new substitution patterns that cannot be generated using existing technology will be accessible in an asymmetric manner. For both aldehydes and ketones, it will be possible to conduct asymmetric alpha-alkylation/functionalization in an umploung sense relative to typical methods, thus enabling the incorporation of functionality that cannot be introduced using enolate based methods.&lt;br/&gt;&lt;br/&gt;This project focuses on developing more efficient methods for the preparation of complex organic molecules.  The methods that will be developed are designed to be very general, and will therefore be directly applicable to the asymmetric synthesis of a wide range of biologically important natural products, drugs, and related compounds. Consequently, they stand to find wide use by researchers in academic, government, and private sectors. In addition, this project will provide excellent training of students, from pre-undergraduate to post-doctoral, including those from groups historically underrepresented in the sciences.</AbstractNarration>
<MinAmdLetterDate>04/22/2013</MinAmdLetterDate>
<MaxAmdLetterDate>04/22/2013</MaxAmdLetterDate>
<ARRAAmount/>
<AwardID>1300652</AwardID>
<Investigator>
<FirstName>Don</FirstName>
<LastName>Coltart</LastName>
<EmailAddress>dcoltart@central.uh.edu</EmailAddress>
<StartDate>04/22/2013</StartDate>
<EndDate/>
<RoleCode>Principal Investigator</RoleCode>
</Investigator>
<Institution>
<Name>University of Houston</Name>
<CityName>Houston</CityName>
<ZipCode>772042015</ZipCode>
<PhoneNumber>7137435773</PhoneNumber>
<StreetAddress>4800 Calhoun Boulevard</StreetAddress>
<CountryName>United States</CountryName>
<StateName>Texas</StateName>
<StateCode>TX</StateCode>
</Institution>
<ProgramElement>
<Code>6878</Code>
<Text>Chemical Synthesis</Text>
</ProgramElement>
<ProgramReference>
<Code>1948</Code>
<Text>SYNTHESIS</Text>
</ProgramReference>
<ProgramReference>
<Code>9146</Code>
<Text>MANUFACTURING BASE RESEARCH</Text>
</ProgramReference>
<ProgramReference>
<Code>MANU</Code>
<Text>MANUFACTURING</Text>
</ProgramReference>
</Award>
</rootTag>
