<?xml version="1.0" encoding="UTF-8"?>
<rootTag>
<Award>
<AwardTitle>Dynamics of interval exchange transformations and flows on flat surfaces</AwardTitle>
<AwardEffectiveDate>09/15/2013</AwardEffectiveDate>
<AwardExpirationDate>08/31/2018</AwardExpirationDate>
<AwardAmount>269944</AwardAmount>
<AwardInstrument>
<Value>Continuing grant</Value>
</AwardInstrument>
<Organization>
<Code>03040000</Code>
<Directorate>
<LongName>Direct For Mathematical &amp; Physical Scien</LongName>
</Directorate>
<Division>
<LongName>Division Of Mathematical Sciences</LongName>
</Division>
</Organization>
<ProgramOfficer>
<SignBlockName>Edward Taylor</SignBlockName>
</ProgramOfficer>
<AbstractNarration>This project seeks to better understand the dynamics of interval exchange transformations, straight line flow on flat surfaces and billiard flow in rational polygons. These represent low complexity, zero entropy systems that have a high complexity, positive entropy renormalization map on them. Additionally, Eskin-Mirzakhani-Mohammadi recently showed that if one looks at the systems arising from the whole flat surface simultaneously then the geometry shows greater structure than one might naively expect. This project seeks to connect these related and different phenomena to prove results about the straight line flow on these surfaces.   &lt;br/&gt;&lt;br/&gt;Ergodic theory is interested in describing the long term behavior of orbits of dynamical systems. The questions this project is interested come from statistical mechanics, number theory and ergodic theory. Here are some sample questions: if there are two point masses on a flat surface and one is sent out in a random direction, how quickly does it get close to the other? If one fires the point masses in different directions will the trajectories be related? When is it possible for them to be related? This project hopes to attack these problems through tools coming from geometry, homogeneous dynamics and ergodic theory. The hope is to better understand what typical behavior is and what untypical behavior can occur.</AbstractNarration>
<MinAmdLetterDate>04/18/2013</MinAmdLetterDate>
<MaxAmdLetterDate>07/02/2015</MaxAmdLetterDate>
<ARRAAmount/>
<AwardID>1300550</AwardID>
<Investigator>
<FirstName>Jonathan</FirstName>
<LastName>Chaika</LastName>
<EmailAddress>jonchaika@gmail.com</EmailAddress>
<StartDate>04/18/2013</StartDate>
<EndDate/>
<RoleCode>Principal Investigator</RoleCode>
</Investigator>
<Institution>
<Name>University of Utah</Name>
<CityName>SALT LAKE CITY</CityName>
<ZipCode>841128930</ZipCode>
<PhoneNumber>8015816903</PhoneNumber>
<StreetAddress>75 S 2000 E</StreetAddress>
<CountryName>United States</CountryName>
<StateName>Utah</StateName>
<StateCode>UT</StateCode>
</Institution>
<ProgramElement>
<Code>1281</Code>
<Text>ANALYSIS PROGRAM</Text>
</ProgramElement>
<ProgramReference>
<Code>9150</Code>
<Text>EXP PROG TO STIM COMP RES</Text>
</ProgramReference>
</Award>
</rootTag>
