<?xml version="1.0" encoding="UTF-8"?>
<rootTag>
<Award>
<AwardTitle>Quantum Monte Carlo studies of rovibrational dynamics and quantum solvation in ultracold bosonic clusters</AwardTitle>
<AwardEffectiveDate>05/01/2013</AwardEffectiveDate>
<AwardExpirationDate>04/30/2017</AwardExpirationDate>
<AwardAmount>368066</AwardAmount>
<AwardInstrument>
<Value>Standard Grant</Value>
</AwardInstrument>
<Organization>
<Code>03090000</Code>
<Directorate>
<LongName>Direct For Mathematical &amp; Physical Scien</LongName>
</Directorate>
<Division>
<LongName>Division Of Chemistry</LongName>
</Division>
</Organization>
<ProgramOfficer>
<SignBlockName>Evelyn M. Goldfield</SignBlockName>
</ProgramOfficer>
<AbstractNarration>David Farrelly of Utah State University is supported by the Chemical Theory, Models and Computational Methods  program in the Chemistry Division to develop a new theoretical and computational approach to the quantum Diffusion Monte Carlo (DMC) method. Application will be made to molecular and cluster dynamics. In the proposed algorithm, the nodal hypersurfaces of wave functions - a key input to DMC calculations - are computed and improved on-the-fly throughout the calculation. The nodal search is formulated as a multi-dimensional optimization problem, and is solved using genetic algorithms. Both methodological and algorithmic developments are underway and these will allow efficient utilization of current and future high-end parallel computers. Simulations of problems of current interest are being performed: these include the spectroscopy and dynamics of molecules and molecular clusters doped into small bosonic droplets of helium-4 atoms or para-hydrogen molecules. Bosonic solvent droplets have been used experimentally as nanocryostats to form exotic species and aggregates, as chemical nanoreactors to isolate otherwise unstable reaction intermediates, and as spectroscopic matrices to study large organic molecules and nanostructures.&lt;br/&gt;&lt;br/&gt;Farrelly and his coworkers are developing a new theoretical and computational approach to Quantum Monte Carlo algorithms used for investigating the quantum dynamics of complex molecular systems, including clusters of atoms.  Usually one of the inputs to these algorithms is the nodal structure of the quantum wavefunctions, i.e., the places where the wavefunction is zero.  Unfortunately, this structure is not usually known prior to the calculation so it must be "guessed at".  In this project, the nodal structure is computed "on the fly" during the calculation using state-of-the art optimization methods, leading to a more accurate calculation.  Quantum Monte Carlo methods are widely used in fields such as the rational design of advanced new materials, simulations of processes important in atmospheric chemistry (e.g., aerosol formation), and cold-atom physics (e.g., quantum computing and developing essentially noise-free atomic analogs of electronics using cold atoms). Undergraduate and graduate students, including those from underrepresented groups, are being trained in state-of-the art computational methods. The resulting computer program is being designed so as to be useful and broadly accessible to other researchers.</AbstractNarration>
<MinAmdLetterDate>04/17/2013</MinAmdLetterDate>
<MaxAmdLetterDate>04/17/2013</MaxAmdLetterDate>
<ARRAAmount/>
<AwardID>1300504</AwardID>
<Investigator>
<FirstName>David</FirstName>
<LastName>Farrelly</LastName>
<EmailAddress>david.farrelly@gmail.com</EmailAddress>
<StartDate>04/17/2013</StartDate>
<EndDate/>
<RoleCode>Principal Investigator</RoleCode>
</Investigator>
<Institution>
<Name>Utah State University</Name>
<CityName>Logan</CityName>
<ZipCode>843221415</ZipCode>
<PhoneNumber>4357971226</PhoneNumber>
<StreetAddress>Sponsored Programs Office</StreetAddress>
<CountryName>United States</CountryName>
<StateName>Utah</StateName>
<StateCode>UT</StateCode>
</Institution>
<ProgramElement>
<Code>6881</Code>
<Text>Theory, Models, Comput. Method</Text>
</ProgramElement>
<ProgramReference>
<Code>7237</Code>
<Text>NANO NON-SOLIC SCI &amp; ENG AWD</Text>
</ProgramReference>
<ProgramReference>
<Code>9150</Code>
<Text>EXP PROG TO STIM COMP RES</Text>
</ProgramReference>
<ProgramReference>
<Code>9215</Code>
<Text>HIGH PERFORMANCE COMPUTING SYSTEMS</Text>
</ProgramReference>
<ProgramReference>
<Code>9216</Code>
<Text>ADVANCED SOFTWARE TECH &amp; ALGOR</Text>
</ProgramReference>
<ProgramReference>
<Code>9263</Code>
<Text>COMPUTATIONAL SCIENCE &amp; ENGING</Text>
</ProgramReference>
<ProgramReference>
<Code>HPCC</Code>
<Text>HIGH PERFORMANCE COMPUTING &amp; COMM</Text>
</ProgramReference>
</Award>
</rootTag>
