<?xml version="1.0" encoding="UTF-8"?>
<rootTag>
<Award>
<AwardTitle>Stitching and Healing Graphene Flakes by Atomic-Layer-Deposition for Roll-to-Roll Printing of Transparent Conducting Electrodes</AwardTitle>
<AwardEffectiveDate>08/01/2013</AwardEffectiveDate>
<AwardExpirationDate>07/31/2017</AwardExpirationDate>
<AwardAmount>437651</AwardAmount>
<AwardInstrument>
<Value>Standard Grant</Value>
</AwardInstrument>
<Organization>
<Code>07030000</Code>
<Directorate>
<LongName>Directorate For Engineering</LongName>
</Directorate>
<Division>
<LongName>Div Of Civil, Mechanical, &amp; Manufact Inn</LongName>
</Division>
</Organization>
<ProgramOfficer>
<SignBlockName>Khershed Cooper</SignBlockName>
</ProgramOfficer>
<AbstractNarration>This grant supports the development of a new approach to nanotechnology-based transparent conducting electrodes. Exploiting the exceptional electrical conductivity and transparency of single or few-layer graphene, the research focuses on a key nanomanufacturing challenge, which is how to electrically connect small graphene flakes to form a large area continuous conductor.  Atomic layer deposition (ALD) will be employed to provide ultrathin conducting layers that stitch or glue the graphene flakes together, with emphasis on selective deposition nucleated at edges of the flakes and on defect sites within the graphene flakes.  Work will include continuous, roll-to-roll printing of electronics with graphene ink, and model defects on graphene surfaces to identify selective deposition processes. Tradeoffs between material distribution on the nano- and micro-scales, electrical conductivity, and optical transparency will serve as guidelines for prototype scale-up, and to assess manufacturing viability.&lt;br/&gt;&lt;br/&gt;This research will provide prototype demonstration of a novel manufacturing technology for transparent electrodes based on low-cost graphene materials and scalable fabrication processes. The project will create new knowledge in surface chemistry, nanofabrication, nano-scale material transport and optoelectronics. It will underscore the critical role of defect management in moving nanoscience to the marketplace. It will have broad technological impact in areas of nanotechnology, such as displays, solar cells, and flexible electronics. Research activities and other nanomanufacturing ?stories? will be used as the basis for development of a new senior/graduate level course.</AbstractNarration>
<MinAmdLetterDate>07/20/2013</MinAmdLetterDate>
<MaxAmdLetterDate>07/20/2013</MaxAmdLetterDate>
<ARRAAmount/>
<AwardID>1300361</AwardID>
<Investigator>
<FirstName>Liangbing</FirstName>
<LastName>Hu</LastName>
<EmailAddress>binghu@umd.edu</EmailAddress>
<StartDate>07/20/2013</StartDate>
<EndDate/>
<RoleCode>Principal Investigator</RoleCode>
</Investigator>
<Investigator>
<FirstName>Gary</FirstName>
<LastName>Rubloff</LastName>
<EmailAddress>rubloff@isr.umd.edu</EmailAddress>
<StartDate>07/20/2013</StartDate>
<EndDate/>
<RoleCode>Co-Principal Investigator</RoleCode>
</Investigator>
<Institution>
<Name>University of Maryland College Park</Name>
<CityName>COLLEGE PARK</CityName>
<ZipCode>207425141</ZipCode>
<PhoneNumber>3014056269</PhoneNumber>
<StreetAddress>3112 LEE BLDG 7809 Regents Drive</StreetAddress>
<CountryName>United States</CountryName>
<StateName>Maryland</StateName>
<StateCode>MD</StateCode>
</Institution>
<ProgramElement>
<Code>1788</Code>
<Text>NANOMANUFACTURING</Text>
</ProgramElement>
<ProgramReference>
<Code>083E</Code>
<Text>MATERIAL TRANSFORMATION PROC</Text>
</ProgramReference>
<ProgramReference>
<Code>084E</Code>
<Text>NANOMANUFACTURING</Text>
</ProgramReference>
<ProgramReference>
<Code>9146</Code>
<Text>MANUFACTURING BASE RESEARCH</Text>
</ProgramReference>
<ProgramReference>
<Code>MANU</Code>
<Text>MANUFACTURING</Text>
</ProgramReference>
</Award>
</rootTag>
