<?xml version="1.0" encoding="UTF-8"?>
<rootTag>
<Award>
<AwardTitle>Optical Characterization of Intrinsic Properties and Fabric of Coarse-Grained Soils</AwardTitle>
<AwardEffectiveDate>09/01/2013</AwardEffectiveDate>
<AwardExpirationDate>08/31/2018</AwardExpirationDate>
<AwardAmount>408194</AwardAmount>
<AwardInstrument>
<Value>Standard Grant</Value>
</AwardInstrument>
<Organization>
<Code>07030000</Code>
<Directorate>
<LongName>Directorate For Engineering</LongName>
</Directorate>
<Division>
<LongName>Div Of Civil, Mechanical, &amp; Manufact Inn</LongName>
</Division>
</Organization>
<ProgramOfficer>
<SignBlockName>Richard J. Fragaszy</SignBlockName>
</ProgramOfficer>
<AbstractNarration>This research project aims to bring intrinsic soil properties including particle shape, angularity and surface roughness as well as soil fabric into wider common practice and research through development of optical methods for rapidly quantifying them at no extra time or cost than required to develop grain size distributions.  To accomplish this, a sediment imaging (Sedimaging) system will be used for particles smaller than 2 mm and a translucent segregation table (TST) will be used for the coarser fraction.  Both systems rapidly sort a statistically representative soil specimen prior to image capture.  Most importantly, although the particles are sorted, they need not be separated from contact with each other.  This allows for a large number of particles to be rapidly evaluated.  Furthermore, because of the recent introduction of high resolution cameras approaching 40 MPix, only one high resolution photograph is needed in each test.   The major research tasks include: development of advanced Sedimaging and TST systems; segmentation of particles from images of 3D assemblies and selection of segmented particles for shape analysis; quantification of  particle shape of segmented particles; comparison of particle Roundness and Sphericity obtained from Sedimaging and TST images with traditionally obtained (ex-situ) measures; determination of typical shape distributions as a function of particle size within specimens; establishing minimum particle size for which shape descriptors should be determined; evaluation of surface roughness by corner detection methods; development of a wavelet-based index for soil fabric potential; performance of laboratory tests for confirmation of previous findings on particle shape and fabric effects; and extension of methods to images collected in-situ by the vision cone penetrometer.&lt;br/&gt;&lt;br/&gt;Broader impacts will be addressed on three distinct fronts. First, the Sedimaging and TST tests will become regular and distinct laboratory exercises in the undergraduate Introductory Geotechnical Engineering course at the University of Michigan.  This will demonstrate that research findings and developments do transfer into engineering practice.  Secondly, working with the University of Michigan Ergonomics Research Center and three local sand and aggregate producers, the geotechnical laboratory work environment will be evaluated with emphasis on improvements created by the Sedimaging and TST systems that relieve workers from the tedium of particle size and aspect ratio testing.  Finally, the impediments to technology transfer (from research to practice) in geotechnical and geoenvironmental engineering will be investigated and documented by geotechnical specialty area (i.e soil improvement, deep foundations, retaining structures, etc.).</AbstractNarration>
<MinAmdLetterDate>02/14/2013</MinAmdLetterDate>
<MaxAmdLetterDate>04/17/2015</MaxAmdLetterDate>
<ARRAAmount/>
<AwardID>1300010</AwardID>
<Investigator>
<FirstName>Roman</FirstName>
<LastName>Hryciw</LastName>
<EmailAddress>romanh@umich.edu</EmailAddress>
<StartDate>02/14/2013</StartDate>
<EndDate/>
<RoleCode>Principal Investigator</RoleCode>
</Investigator>
<Institution>
<Name>University of Michigan Ann Arbor</Name>
<CityName>Ann Arbor</CityName>
<ZipCode>481091274</ZipCode>
<PhoneNumber>7347636438</PhoneNumber>
<StreetAddress>3003 South State St. Room 1062</StreetAddress>
<CountryName>United States</CountryName>
<StateName>Michigan</StateName>
<StateCode>MI</StateCode>
</Institution>
<ProgramElement>
<Code>1634</Code>
<Text>GEOMECHANICS &amp; GEOMATERIALS</Text>
</ProgramElement>
<ProgramElement>
<Code>1636</Code>
<Text>Geotechnical Engineering and M</Text>
</ProgramElement>
<ProgramReference>
<Code>036E</Code>
<Text>CIVIL INFRASTRUCTURE</Text>
</ProgramReference>
<ProgramReference>
<Code>116E</Code>
<Text>RESEARCH EXP FOR UNDERGRADS</Text>
</ProgramReference>
<ProgramReference>
<Code>172E</Code>
<Text>Geomechanics</Text>
</ProgramReference>
<ProgramReference>
<Code>9178</Code>
<Text>UNDERGRADUATE EDUCATION</Text>
</ProgramReference>
<ProgramReference>
<Code>9231</Code>
<Text>SUPPL FOR UNDERGRAD RES ASSIST</Text>
</ProgramReference>
<ProgramReference>
<Code>9251</Code>
<Text>RES EXPER FOR UNDERGRAD-SUPPLT</Text>
</ProgramReference>
</Award>
</rootTag>
