<?xml version="1.0" encoding="UTF-8"?>
<rootTag>
<Award>
<AwardTitle>Tame Geometry</AwardTitle>
<AwardEffectiveDate>08/01/2013</AwardEffectiveDate>
<AwardExpirationDate>07/31/2016</AwardExpirationDate>
<AwardAmount>140225</AwardAmount>
<AwardInstrument>
<Value>Standard Grant</Value>
</AwardInstrument>
<Organization>
<Code>03040000</Code>
<Directorate>
<LongName>Direct For Mathematical &amp; Physical Scien</LongName>
</Directorate>
<Division>
<LongName>Division Of Mathematical Sciences</LongName>
</Division>
</Organization>
<ProgramOfficer>
<SignBlockName>Tomek Bartoszynski</SignBlockName>
</ProgramOfficer>
<AbstractNarration>The basic question of the investigation is to determine which expansions of semialgebraic geometry can (or should) be considered as tame and can be handled by model theoretic techniques. One of the central goals of this investigation is to achieve a better understanding of the geometric consequences of the non-definability of the set of integers on the definability of fractals. Towards this goal, we will apply methods from real analysis, geometric measure theory and model theory, some of which have not yet been used in the study of expansions of the real field. The insights of this research are not only important in the fundamental study of tameness in ordered fields, but should also prove useful to questions in control theory and real-analytic geometry.&lt;br/&gt;&lt;br/&gt;The study of o-minimal geometry, a branch of mathematical logic, can be considered as a framework for studying tame geometric objects. In the last two decades researchers proved that many classical phenomena from real-analytic geometry fall into the framework of o-minimality. This has led to advances not only in geometry, but also in other branches of mathematics like Lie theory and number theory, and in such diverse fields as general equilibrium theory in economics and neural networks in computer science. Unfortunately, o-minimality can only be used to model phenomena that are at least locally finite (more precisely, locally having only finitely many connected components). Many natural geometric objects like spirals or fractals do not have this finiteness property and hence the known techniques are unapplicable to such an object. Hieronymi aims to overcome this limitation by studying tameness even outside the setting of local finiteness.</AbstractNarration>
<MinAmdLetterDate>07/11/2013</MinAmdLetterDate>
<MaxAmdLetterDate>07/11/2013</MaxAmdLetterDate>
<ARRAAmount/>
<AwardID>1300402</AwardID>
<Investigator>
<FirstName>Philipp</FirstName>
<LastName>Hieronymi</LastName>
<EmailAddress>phierony@illinois.edu</EmailAddress>
<StartDate>07/11/2013</StartDate>
<EndDate/>
<RoleCode>Principal Investigator</RoleCode>
</Investigator>
<Institution>
<Name>University of Illinois at Urbana-Champaign</Name>
<CityName>CHAMPAIGN</CityName>
<ZipCode>618207473</ZipCode>
<PhoneNumber>2173332187</PhoneNumber>
<StreetAddress>SUITE A</StreetAddress>
<CountryName>United States</CountryName>
<StateName>Illinois</StateName>
<StateCode>IL</StateCode>
</Institution>
<ProgramElement>
<Code>1268</Code>
<Text>FOUNDATIONS</Text>
</ProgramElement>
</Award>
</rootTag>
