<?xml version="1.0" encoding="UTF-8"?>
<rootTag>
<Award>
<AwardTitle>Problems in probabilistic and geometric combinatorics</AwardTitle>
<AwardEffectiveDate>08/01/2013</AwardEffectiveDate>
<AwardExpirationDate>07/31/2017</AwardExpirationDate>
<AwardAmount>190818</AwardAmount>
<AwardInstrument>
<Value>Standard Grant</Value>
</AwardInstrument>
<Organization>
<Code>03040000</Code>
<Directorate>
<LongName>Direct For Mathematical &amp; Physical Scien</LongName>
</Directorate>
<Division>
<LongName>Division Of Mathematical Sciences</LongName>
</Division>
</Organization>
<ProgramOfficer>
<SignBlockName>Tomek Bartoszynski</SignBlockName>
</ProgramOfficer>
<AbstractNarration>Combinatorics is an area centered around problems and applications. Some of these problems arise in the field itself and others come from other mathematical areas and from applications in other scientific fields. We present problems which in the interface between combinatorics, geometry and probability with much input from theoretical computer science and mathematical programming. We will study, also using discrete harmonic analysis, phase transition phenomena for combinatorial stochastic models and problems related to the combinatorics of simplicial and polyhedral complexes arising in geometric problems about convex sets.    &lt;br/&gt;&lt;br/&gt;The research topics were selected to have potential impact in other areas of mathematics,  theoretical computer science, mathematical programming, and questions regarding social choice. What causes phase transition for stochastic combinatorial models, and what is the nature of this phase transition? How to analyze the noise sensitivity of Boolean functions and how it is related to models of computations on the one hand, and to voting rules on the other? What can we infer from combinatorics of polyhedra to the performance of optimization algorithms. These are areas where theory and practice are surprisingly interlaced, and information as well as inspiration go both ways.</AbstractNarration>
<MinAmdLetterDate>07/09/2013</MinAmdLetterDate>
<MaxAmdLetterDate>07/09/2013</MaxAmdLetterDate>
<ARRAAmount/>
<AwardID>1300120</AwardID>
<Investigator>
<FirstName>Gil</FirstName>
<LastName>Kalai</LastName>
<EmailAddress>gil.kalai@yale.edu</EmailAddress>
<StartDate>07/09/2013</StartDate>
<EndDate/>
<RoleCode>Principal Investigator</RoleCode>
</Investigator>
<Institution>
<Name>Yale University</Name>
<CityName>New Haven</CityName>
<ZipCode>065208327</ZipCode>
<PhoneNumber>2037854689</PhoneNumber>
<StreetAddress>Office of Sponsored Projects</StreetAddress>
<CountryName>United States</CountryName>
<StateName>Connecticut</StateName>
<StateCode>CT</StateCode>
</Institution>
<ProgramElement>
<Code>1263</Code>
<Text>PROBABILITY</Text>
</ProgramElement>
<ProgramElement>
<Code>7970</Code>
<Text>Combinatorics</Text>
</ProgramElement>
</Award>
</rootTag>
