<?xml version="1.0" encoding="UTF-8"?>
<rootTag>
<Award>
<AwardTitle>SusChEM: Stereoselective Polymerization of Biomass Monomers by Transition-Metal and Organic Catalysts</AwardTitle>
<AwardEffectiveDate>09/01/2013</AwardEffectiveDate>
<AwardExpirationDate>12/31/2016</AwardExpirationDate>
<AwardAmount>447000</AwardAmount>
<AwardInstrument>
<Value>Continuing grant</Value>
</AwardInstrument>
<Organization>
<Code>03090000</Code>
<Directorate>
<LongName>Direct For Mathematical &amp; Physical Scien</LongName>
</Directorate>
<Division>
<LongName>Division Of Chemistry</LongName>
</Division>
</Organization>
<ProgramOfficer>
<SignBlockName>George Janini</SignBlockName>
</ProgramOfficer>
<AbstractNarration>The Chemical Catalysis Program supports the efforts of Professor Eugene Y. Chen of Colorado State University in the investigation of new stereoselective polymerization systems by chiral transition-metal and organic catalysts for the synthesis of high-value stereoregular and chiral polymers or optically-resolved chemicals from biomass-derived acrylic monomers in a catalytic fashion.  Synthetic, catalytic, mechanistic, and computational methods are employed to accomplish three specific objectives: (1) establishing stereoselective polymerization of biomass acrylics through molecular engineering of chiral transition-metal catalysts; (2) advancing hydride-shuttling polymerizations promoted by chiral ion pairs to enable catalytic polymerization of biomass acrylics and catalytic asymmetric polymerization of bulky acrylics; and (3) developing catalytic and asymmetric organopolymerizations of acrylics via internal and external chain transfer routes and utilization of chiral organic catalysts.  Diverse experimental techniques are coupled with international collaborations that bring in complementary theoretical expertise.  This project falls under the SusChEM initiative as it utilizes non-petroleum based starting materials (e.g., plant biomass) for the production of potential commodity-scale products.  This research provides educational opportunities for training and teaching of students with a wide range of techniques in catalysis and polymeric materials, areas central to the global economy.  Students also learn about sustainability, providing them with a strong basis to address global problems and play leadership roles in their future professional workplaces.&lt;br/&gt;&lt;br/&gt;The Chemical Catalysis Program supports the efforts of Eugene Y. Chen of Colorado State University for the investigation of metal-and organically-catalyzed polymerization of acrylics.  The metal-catalyzed route departs from conventional (anionic or radical) acrylic polymerizations in three ways: (a) it is catalyst site-controlled so that molecular catalysts can be engineered for the synthesis of a wide range of polymers with high precision at room temperature; (b) it ensures the same degree of chiral induction for each monomer to produce uniform chiral polymers; and (c) catalytic cycles can be constructed by internal or external processes for catalytic production of stereoregular or chiral polymers.  The organocatalysis route exhibits characteristics that embody several key principles of sustainable/green chemistry: it employs only a small amount of the relatively non-toxic organic catalyst and rapidly converts all monomers to high molecular weight bioplastics in less than 1 min of reaction at room temperature.  From a technological point of view, both polymerization systems can be operated under economically viable conditions (e.g., at lower temperatures and in a catalytic fashion) and produce technologically important stereoregular or chiral polymers using renewable feedstocks, which offer not only sustainable alternatives to petroleum-based polymers, but also superior materials properties.  Professor Chen is preparing a new textbook for senior undergraduate and graduate level students on the "Chemistry of Sustainability". This text is envisioned for use in educating chemistry and chemical engineering students as well as the general public in the central role of chemistry in sustainability.</AbstractNarration>
<MinAmdLetterDate>07/11/2013</MinAmdLetterDate>
<MaxAmdLetterDate>08/08/2016</MaxAmdLetterDate>
<ARRAAmount/>
<AwardID>1300267</AwardID>
<Investigator>
<FirstName>Eugene</FirstName>
<LastName>Chen</LastName>
<EmailAddress>eugene.chen@colostate.edu</EmailAddress>
<StartDate>07/11/2013</StartDate>
<EndDate/>
<RoleCode>Principal Investigator</RoleCode>
</Investigator>
<Institution>
<Name>Colorado State University</Name>
<CityName>Fort Collins</CityName>
<ZipCode>805232002</ZipCode>
<PhoneNumber>9704916355</PhoneNumber>
<StreetAddress>601 S Howes St</StreetAddress>
<CountryName>United States</CountryName>
<StateName>Colorado</StateName>
<StateCode>CO</StateCode>
</Institution>
<ProgramElement>
<Code>1991</Code>
<Text>CHEMISTRY PROJECTS</Text>
</ProgramElement>
<ProgramElement>
<Code>6884</Code>
<Text>Chemical Catalysis</Text>
</ProgramElement>
<ProgramReference>
<Code>1401</Code>
<Text>CATALYSIS AND BIOCATALYSIS</Text>
</ProgramReference>
<ProgramReference>
<Code>5560</Code>
<Text>ENERGY CONVERSION</Text>
</ProgramReference>
<ProgramReference>
<Code>7298</Code>
<Text>COLLABORATIVE RESEARCH</Text>
</ProgramReference>
<ProgramReference>
<Code>8248</Code>
<Text>SusChEM</Text>
</ProgramReference>
<ProgramReference>
<Code>8396</Code>
<Text>Clean Energy Technology</Text>
</ProgramReference>
<ProgramReference>
<Code>8398</Code>
<Text>Hydrocarbon Conversion</Text>
</ProgramReference>
<ProgramReference>
<Code>8604</Code>
<Text>Fuel Cells</Text>
</ProgramReference>
<ProgramReference>
<Code>8650</Code>
<Text>Sustainable Chemistry</Text>
</ProgramReference>
<ProgramReference>
<Code>9146</Code>
<Text>MANUFACTURING BASE RESEARCH</Text>
</ProgramReference>
<ProgramReference>
<Code>9161</Code>
<Text>SINGLE DIVISION/UNIVERSITY</Text>
</ProgramReference>
<ProgramReference>
<Code>9223</Code>
<Text>ENVIRON BENIGN CHEMICAL SYNTH &amp; PROCESS</Text>
</ProgramReference>
</Award>
</rootTag>
