<?xml version="1.0" encoding="UTF-8"?>
<rootTag>
<Award>
<AwardTitle>Doctoral Dissertation Research: Evolution of Culture among Warning System Organizations</AwardTitle>
<AwardEffectiveDate>04/01/2013</AwardEffectiveDate>
<AwardExpirationDate>12/31/2014</AwardExpirationDate>
<AwardAmount>9976</AwardAmount>
<AwardInstrument>
<Value>Standard Grant</Value>
</AwardInstrument>
<Organization>
<Code>07030000</Code>
<Directorate>
<LongName>Directorate For Engineering</LongName>
</Directorate>
<Division>
<LongName>Div Of Civil, Mechanical, &amp; Manufact Inn</LongName>
</Division>
</Organization>
<ProgramOfficer>
<SignBlockName>Dennis Wenger</SignBlockName>
</ProgramOfficer>
<AbstractNarration>The purpose of this research is to improve our understanding of how current warning systems work and provide an opportunity to make improvements.  Many weather events affect the United States each year and some of them lead to loss of life, injuries, and damaged property. These problems call for better warning systems.  Such warnings systems are difficult to create since so many different people, processes, and resources are involved in detecting, predicting, and communicating the risks. Understanding how these warning systems work is important if we want to know how to make them better.  This research will look at the differences between warning systems in different regions of the US. The study will include in-depth qualitative interviews with warning system members in three different areas.  The interviews will address tasks and activities associated with the warning system, communication within and between organizations involved, roles and responsibilities, and the use of resources. &lt;br/&gt;&lt;br/&gt;This research will not only improve our understanding of how the current warning systems work, but it will present an opportunity to explore the storm spotter network and their modern role in the warning system.  In addition, it will provide the basic information we need in order to improve warning organizations and improve severe weather communications.</AbstractNarration>
<MinAmdLetterDate>03/29/2013</MinAmdLetterDate>
<MaxAmdLetterDate>03/29/2013</MaxAmdLetterDate>
<ARRAAmount/>
<AwardID>1300244</AwardID>
<Investigator>
<FirstName>Danielle</FirstName>
<LastName>Nagele</LastName>
<EmailAddress>dnagele@udel.edu</EmailAddress>
<StartDate>03/29/2013</StartDate>
<EndDate/>
<RoleCode>Co-Principal Investigator</RoleCode>
</Investigator>
<Investigator>
<FirstName>Joseph</FirstName>
<LastName>Trainor</LastName>
<EmailAddress>jtrainor@udel.edu</EmailAddress>
<StartDate>03/29/2013</StartDate>
<EndDate/>
<RoleCode>Principal Investigator</RoleCode>
</Investigator>
<Institution>
<Name>University of Delaware</Name>
<CityName>Newark</CityName>
<ZipCode>197162553</ZipCode>
<PhoneNumber>3028312136</PhoneNumber>
<StreetAddress>210 Hullihen Hall</StreetAddress>
<CountryName>United States</CountryName>
<StateName>Delaware</StateName>
<StateCode>DE</StateCode>
</Institution>
<ProgramElement>
<Code>1638</Code>
<Text>HDBE-Humans, Disasters, and th</Text>
</ProgramElement>
<ProgramReference>
<Code>036E</Code>
<Text>CIVIL INFRASTRUCTURE</Text>
</ProgramReference>
<ProgramReference>
<Code>041E</Code>
<Text>HAZARD AND DISASTER REDUCTION</Text>
</ProgramReference>
<ProgramReference>
<Code>042E</Code>
<Text>HAZARD AND DISASTER RESPONSE</Text>
</ProgramReference>
<ProgramReference>
<Code>1576</Code>
<Text>NATIONL EARTHQK HZRD REDCT PRG</Text>
</ProgramReference>
<ProgramReference>
<Code>9150</Code>
<Text>EXP PROG TO STIM COMP RES</Text>
</ProgramReference>
</Award>
</rootTag>
