<?xml version="1.0" encoding="UTF-8"?>
<rootTag>
<Award>
<AwardTitle>Exploratory Project: Development of a Case-Study Based Introductory Undergraduate Course on Life in the Universe</AwardTitle>
<AwardEffectiveDate>06/01/2012</AwardEffectiveDate>
<AwardExpirationDate>09/30/2015</AwardExpirationDate>
<AwardAmount>151877</AwardAmount>
<AwardInstrument>
<Value>Standard Grant</Value>
</AwardInstrument>
<Organization>
<Code>11040200</Code>
<Directorate>
<LongName>Direct For Education and Human Resources</LongName>
</Directorate>
<Division>
<LongName>Division Of Undergraduate Education</LongName>
</Division>
</Organization>
<ProgramOfficer>
<SignBlockName>R. Corby Hovis</SignBlockName>
</ProgramOfficer>
<AbstractNarration>Interdisciplinary (99)&lt;br/&gt;&lt;br/&gt;Faculty in the sciences continue to seek out courses that will help capture the interest and imagination of students in introductory general education science courses.  The course in astrobiology at the PIs institution is doing just this.  The course material covers important societal questions like global warming and nuclear weapons proliferation and it poses interesting questions like "Should the federal government invest funds in SETI, the Search for Extra-Terrestrial Intelligences?" and "If an alien has infrared vision, what can you say about the alien's home planet?"  Its "case study" approach is novel in the fields of astronomy and physics. This interdisciplinary course, using materials from astronomy, physics, biology, chemistry, planetary science and geology, helps students see the unity and integration in science. Instructional materials from the project are available to the academic community through The National Center for Case Study Teaching in Science.</AbstractNarration>
<MinAmdLetterDate>10/26/2012</MinAmdLetterDate>
<MaxAmdLetterDate>06/05/2015</MaxAmdLetterDate>
<ARRAAmount/>
<AwardID>1300717</AwardID>
<Investigator>
<FirstName>Lior</FirstName>
<LastName>Burko</LastName>
<EmailAddress>lburko@ggc.edu</EmailAddress>
<StartDate>10/26/2012</StartDate>
<EndDate/>
<RoleCode>Principal Investigator</RoleCode>
</Investigator>
<Institution>
<Name>Alabama A&amp;M University</Name>
<CityName>Normal</CityName>
<ZipCode>357620285</ZipCode>
<PhoneNumber>2563728186</PhoneNumber>
<StreetAddress>2nd Floor Carnegie Building</StreetAddress>
<CountryName>United States</CountryName>
<StateName>Alabama</StateName>
<StateCode>AL</StateCode>
</Institution>
<ProgramElement>
<Code>1536</Code>
<Text>S-STEM:SCHLR SCI TECH ENG&amp;MATH</Text>
</ProgramElement>
<ProgramElement>
<Code>7494</Code>
<Text>CCLI-Type 1 (Exploratory)</Text>
</ProgramElement>
<ProgramReference>
<Code>9150</Code>
<Text>EXP PROG TO STIM COMP RES</Text>
</ProgramReference>
<ProgramReference>
<Code>9178</Code>
<Text>UNDERGRADUATE EDUCATION</Text>
</ProgramReference>
<ProgramReference>
<Code>SMET</Code>
<Text>SCIENCE, MATH, ENG &amp; TECH EDUCATION</Text>
</ProgramReference>
</Award>
</rootTag>
