<?xml version="1.0" encoding="UTF-8"?>
<rootTag>
<Award>
<AwardTitle>Laser Spectroscopy of Ions and Clusters</AwardTitle>
<AwardEffectiveDate>09/15/2013</AwardEffectiveDate>
<AwardExpirationDate>05/31/2017</AwardExpirationDate>
<AwardAmount>567500</AwardAmount>
<AwardInstrument>
<Value>Standard Grant</Value>
</AwardInstrument>
<Organization>
<Code>03090000</Code>
<Directorate>
<LongName>Direct For Mathematical &amp; Physical Scien</LongName>
</Directorate>
<Division>
<LongName>Division Of Chemistry</LongName>
</Division>
</Organization>
<ProgramOfficer>
<SignBlockName>Colby A. Foss</SignBlockName>
</ProgramOfficer>
<AbstractNarration>In this award, funded by the Chemical Structure, Dynamics and Mechanisms (CSDM-A) Program of the Division of Chemistry, Professor Richard Saykally of the University of California - Berkeley and his graduate research students are investigating structure and dynamics of small clusters of water as well as water clusters containing other atmospherically-abundant molecules (nitrogen, oxygen, and small hydrocarbons).  Specifically, Prof. Saykally and his group will probe water clusters produced in the laboratory with modern THz light sources.&lt;br/&gt;&lt;br/&gt;The ultimate goal of the work by Professor Saykally and his group is to develop a better quantitative understanding of the complex interactions in water.  Results of this work could have profound impacts in biology and environmental science.   In addition, Prof. Saykally will help to train a new generation of scientists skilled in cutting-edge research.  Prof. Saykally and his colleagues are also involved in scientific outreach, including the Math, Science and Engineering Resource Support (MASERS) program, which brings hands-on science activities and science professionals into middle schools in the San Francisco Bay area.</AbstractNarration>
<MinAmdLetterDate>09/05/2013</MinAmdLetterDate>
<MaxAmdLetterDate>09/05/2013</MaxAmdLetterDate>
<ARRAAmount/>
<AwardID>1300723</AwardID>
<Investigator>
<FirstName>Richard</FirstName>
<LastName>Saykally</LastName>
<EmailAddress>saykally@berkeley.edu</EmailAddress>
<StartDate>09/05/2013</StartDate>
<EndDate/>
<RoleCode>Principal Investigator</RoleCode>
</Investigator>
<Institution>
<Name>University of California-Berkeley</Name>
<CityName>BERKELEY</CityName>
<ZipCode>947045940</ZipCode>
<PhoneNumber>5106428109</PhoneNumber>
<StreetAddress>Sponsored Projects Office</StreetAddress>
<CountryName>United States</CountryName>
<StateName>California</StateName>
<StateCode>CA</StateCode>
</Institution>
<ProgramElement>
<Code>9101</Code>
<Text>Chem Struct,Dynmcs&amp;Mechansms A</Text>
</ProgramElement>
<ProgramReference>
<Code>9161</Code>
<Text>SINGLE DIVISION/UNIVERSITY</Text>
</ProgramReference>
<ProgramReference>
<Code>AMPP</Code>
<Text>ADVANCED MATERIALS &amp; PROCESSING PROGRAM</Text>
</ProgramReference>
</Award>
</rootTag>
