<?xml version="1.0" encoding="UTF-8"?>
<rootTag>
<Award>
<AwardTitle>Time-Domain Atomistic Theory and Simulation of Excitation Dynamics on the Nanoscale</AwardTitle>
<AwardEffectiveDate>03/15/2013</AwardEffectiveDate>
<AwardExpirationDate>04/30/2015</AwardExpirationDate>
<AwardAmount>480000</AwardAmount>
<AwardInstrument>
<Value>Continuing grant</Value>
</AwardInstrument>
<Organization>
<Code>03090000</Code>
<Directorate>
<LongName>Direct For Mathematical &amp; Physical Scien</LongName>
</Directorate>
<Division>
<LongName>Division Of Chemistry</LongName>
</Division>
</Organization>
<ProgramOfficer>
<SignBlockName>Evelyn M. Goldfield</SignBlockName>
</ProgramOfficer>
<AbstractNarration>Oleg Prezhdo of the University of Rochester is supported by an award from the Chemical Theory, Models and Computational Methods program for the development of novel simulations approaches for nonadiabatic and semiclassical molecular dynamics, their implementation within time-domain density functional theory and the investigation of the fundamental questions posed in the recent time-resolved experiments performed on nanoscale materials. This work provides a detailed, atomistic picture of photo excitation dynamics in real-time and in direct connection with experiment. The research focuses on the quantum properties of condensed phase environments at the nanoscale, such as decoherence, state-specific dynamics, zero-point energy, and non-adiabatic transitions, providing more rigorous treatments of ultrafast phenomena. These methods are applied to the excitation dynamics in novel nanomaterials, including wet-electrons, carbon nanotubes and nanoribbons, and metallic particles.&lt;br/&gt;&lt;br/&gt;The PI and his coworkers develop methods to study many important features of nanoscale systems. These studies are the first to provide the highly desirable details and understanding of many experimentally observed phenomena, generating the theoretical basis for the development of novel materials and devices. These include solar cells that enhance light harvesting and charge generation due to nanoscale features of the proposed architectures, batteries capable of high power storage as a result of large surface area of the nanoscale materials used, miniature electronic and spintronics devices approaching one atom thickness, and tools for biological imaging, drug delivery and DNA sequencing. The PI also develops novel teaching approaches for use both in introductory and advanced chemistry courses.</AbstractNarration>
<MinAmdLetterDate>03/14/2013</MinAmdLetterDate>
<MaxAmdLetterDate>04/01/2014</MaxAmdLetterDate>
<ARRAAmount/>
<AwardID>1300118</AwardID>
<Investigator>
<FirstName>Oleg</FirstName>
<LastName>Prezhdo</LastName>
<EmailAddress>prezhdo@usc.edu</EmailAddress>
<StartDate>03/14/2013</StartDate>
<EndDate/>
<RoleCode>Principal Investigator</RoleCode>
</Investigator>
<Institution>
<Name>University of Rochester</Name>
<CityName>Rochester</CityName>
<ZipCode>146270140</ZipCode>
<PhoneNumber>5852754031</PhoneNumber>
<StreetAddress>518 HYLAN, RC BOX 270140</StreetAddress>
<CountryName>United States</CountryName>
<StateName>New York</StateName>
<StateCode>NY</StateCode>
</Institution>
<ProgramElement>
<Code>6881</Code>
<Text>Theory, Models, Comput. Method</Text>
</ProgramElement>
<ProgramReference>
<Code>100E</Code>
<Text>Novel devices &amp; vacuum electronics</Text>
</ProgramReference>
<ProgramReference>
<Code>7237</Code>
<Text>NANO NON-SOLIC SCI &amp; ENG AWD</Text>
</ProgramReference>
<ProgramReference>
<Code>7644</Code>
<Text>ENERGY FOR SUSTAINABILITY</Text>
</ProgramReference>
<ProgramReference>
<Code>7905</Code>
<Text>MPS SUST ENERGY SCI</Text>
</ProgramReference>
<ProgramReference>
<Code>9215</Code>
<Text>HIGH PERFORMANCE COMPUTING SYSTEMS</Text>
</ProgramReference>
<ProgramReference>
<Code>9216</Code>
<Text>ADVANCED SOFTWARE TECH &amp; ALGOR</Text>
</ProgramReference>
<ProgramReference>
<Code>9263</Code>
<Text>COMPUTATIONAL SCIENCE &amp; ENGING</Text>
</ProgramReference>
<ProgramReference>
<Code>HPCC</Code>
<Text>HIGH PERFORMANCE COMPUTING &amp; COMM</Text>
</ProgramReference>
</Award>
</rootTag>
