<?xml version="1.0" encoding="UTF-8"?>
<rootTag>
<Award>
<AwardTitle>Robust Distributed Online Convex Optimization</AwardTitle>
<AwardEffectiveDate>04/15/2013</AwardEffectiveDate>
<AwardExpirationDate>03/31/2017</AwardExpirationDate>
<AwardAmount>280000</AwardAmount>
<AwardInstrument>
<Value>Standard Grant</Value>
</AwardInstrument>
<Organization>
<Code>07030000</Code>
<Directorate>
<LongName>Directorate For Engineering</LongName>
</Directorate>
<Division>
<LongName>Div Of Civil, Mechanical, &amp; Manufact Inn</LongName>
</Division>
</Organization>
<ProgramOfficer>
<SignBlockName>Jordan Berg</SignBlockName>
</ProgramOfficer>
<AbstractNarration>The research objective of this award is to investigate distributed algorithms for online optimization over networked multi-agent systems. Online optimization refers to the best use of limited agent resources in scenarios where information is dynamic, not a priori available, and increasingly revealed over time.  An underlying assumption of present online optimization approaches is the availability of information at a central location. This assumption becomes problematic in networked scenarios, where information is distributed among agents.  Transmitting all data to a central location might be costly or inefficient, and raises privacy concerns and the possibility of information leakage. The research will result in the design of robust, distributed strategies that can deal with multiple sources of disruption present in real-world applications.  The research approach progresses from the synthesis of online distributed algorithms via saddle-point dynamics to the development of rigorous mathematical analysis with provably correct guarantees.  Deliverables include a catalog of provably correct online distributed strategies, novel concepts and tools for the evaluation of performance and complexity, demonstration and validation via computer simulations, documentation of research results, and engineering student education.&lt;br/&gt;&lt;br/&gt;Networked robotic systems have an enormous impact in a wide range of modern applications, including oceanographic exploration, disaster recovery, environmental monitoring, and surveillance.  The current trend in scientific and military domains points towards the deployment of these systems in uncertain scenarios where communication is limited and subject to failure and interference.  A successful outcome of this research will enable the robust and efficient operation of networked systems in these highly decentralized scenarios.  The research will be broadly disseminated and positively impact a variety of educational activities, including high-school, undergraduate, and graduate education, involvement of undergraduates in research, supervision of graduate students, and retention of minorities in STEM disciplines.</AbstractNarration>
<MinAmdLetterDate>04/03/2013</MinAmdLetterDate>
<MaxAmdLetterDate>04/03/2013</MaxAmdLetterDate>
<ARRAAmount/>
<AwardID>1300272</AwardID>
<Investigator>
<FirstName>Jorge</FirstName>
<LastName>Cortes</LastName>
<EmailAddress>cortes@ucsd.edu</EmailAddress>
<StartDate>04/03/2013</StartDate>
<EndDate/>
<RoleCode>Principal Investigator</RoleCode>
</Investigator>
<Institution>
<Name>University of California-San Diego</Name>
<CityName>La Jolla</CityName>
<ZipCode>920930621</ZipCode>
<PhoneNumber>8585344896</PhoneNumber>
<StreetAddress>Office of Contract &amp; Grant Admin</StreetAddress>
<CountryName>United States</CountryName>
<StateName>California</StateName>
<StateCode>CA</StateCode>
</Institution>
<ProgramElement>
<Code>1632</Code>
<Text>CONTROL SYSTEMS</Text>
</ProgramElement>
<ProgramReference>
<Code>030E</Code>
<Text>CONTROL SYSTEMS</Text>
</ProgramReference>
<ProgramReference>
<Code>031E</Code>
<Text>MECHATRONICS</Text>
</ProgramReference>
<ProgramReference>
<Code>034E</Code>
<Text>Dynamical systems</Text>
</ProgramReference>
<ProgramReference>
<Code>036E</Code>
<Text>CIVIL INFRASTRUCTURE</Text>
</ProgramReference>
<ProgramReference>
<Code>1057</Code>
<Text>CIS BASE RESEARCH</Text>
</ProgramReference>
<ProgramReference>
<Code>9102</Code>
<Text>WOMEN, MINORITY, DISABLED, NEC</Text>
</ProgramReference>
<ProgramReference>
<Code>CVIS</Code>
<Text>CIVIL INFRASTRUCTURE</Text>
</ProgramReference>
</Award>
</rootTag>
