<?xml version="1.0" encoding="UTF-8"?>
<rootTag>
<Award>
<AwardTitle>NIMBioS: National Institute for Mathematical and Biological Synthesis</AwardTitle>
<AwardEffectiveDate>09/01/2013</AwardEffectiveDate>
<AwardExpirationDate>08/31/2019</AwardExpirationDate>
<AwardAmount>18652200</AwardAmount>
<AwardInstrument>
<Value>Cooperative Agreement</Value>
</AwardInstrument>
<Organization>
<Code>08080000</Code>
<Directorate>
<LongName>Direct For Biological Sciences</LongName>
</Directorate>
<Division>
<LongName>Div Of Biological Infrastructure</LongName>
</Division>
</Organization>
<ProgramOfficer>
<SignBlockName>Samuel M. Scheiner</SignBlockName>
</ProgramOfficer>
<AbstractNarration>This award continues funding of a Center to foster research and education at the interface of the mathematical and biological sciences. The goals of the Center are to address fundamental and applied biological questions while advancing the mathematical sciences, and to foster the development of transdisciplinary researchers. An interdisciplinary perspective, linking biology to the physical and social sciences, is needed to advance modern biology along a broad array of challenging problems while providing avenues for fundamental advances in mathematics. The Center will develop a series of small working groups focused on topics that will benefit from interdisciplinary efforts through an open call to the entire community so as to make the center truly a national community resource. These efforts have the potential to transform the way that mathematicians and biologists collaborate, a cultural change that will spur significant progress in both disciplines and at their interface. &lt;br/&gt;&lt;br/&gt;Over the past century biology has changed from mostly describing the patterns of the living world to determining how these patterns arose, what processes affect them and how we might effectively modify and manage them. In collaboration with government and industry partners, the Center will provide scientific insights into problems such as the control of invasive species, limiting impacts of infectious diseases, and suggesting new methods for drug design. Thus the Center will produce new knowledge that will help to shape national policy. Educational initiatives at all levels, from K-12 students to post-doctoral scholars, will illustrate the connections of mathematics to all areas of biology and will train a new generation of mathematical biologists. These efforts will be guided by the need to broaden participation by groups under-represented in the biological and mathematical sciences. The Center will develop a strong public outreach effort through a significant partnership and research collaboration with the National Park Service targeting visitors to the Great Smoky Mountains National Park.</AbstractNarration>
<MinAmdLetterDate>07/11/2013</MinAmdLetterDate>
<MaxAmdLetterDate>07/11/2017</MaxAmdLetterDate>
<ARRAAmount/>
<AwardID>1300426</AwardID>
<Investigator>
<FirstName>Louis</FirstName>
<LastName>Gross</LastName>
<EmailAddress>gross@NIMBioS.org</EmailAddress>
<StartDate>07/11/2017</StartDate>
<EndDate/>
<RoleCode>Principal Investigator</RoleCode>
</Investigator>
<Investigator>
<FirstName>Louis</FirstName>
<LastName>Gross</LastName>
<EmailAddress>gross@NIMBioS.org</EmailAddress>
<StartDate>07/11/2013</StartDate>
<EndDate>01/21/2015</EndDate>
<RoleCode>Former Principal Investigator</RoleCode>
</Investigator>
<Investigator>
<FirstName>Louis</FirstName>
<LastName>Gross</LastName>
<EmailAddress>gross@NIMBioS.org</EmailAddress>
<StartDate>06/28/2017</StartDate>
<EndDate>07/11/2017</EndDate>
<RoleCode>Former Co-Principal Investigator</RoleCode>
</Investigator>
<Investigator>
<FirstName>Colleen</FirstName>
<LastName>Jonsson</LastName>
<EmailAddress>cjonsson@utk.edu</EmailAddress>
<StartDate>01/21/2015</StartDate>
<EndDate>07/11/2017</EndDate>
<RoleCode>Former Principal Investigator</RoleCode>
</Investigator>
<Institution>
<Name>University of Tennessee Knoxville</Name>
<CityName>KNOXVILLE</CityName>
<ZipCode>379960003</ZipCode>
<PhoneNumber>8659743466</PhoneNumber>
<StreetAddress>1 CIRCLE PARK</StreetAddress>
<CountryName>United States</CountryName>
<StateName>Tennessee</StateName>
<StateCode>TN</StateCode>
</Institution>
<ProgramElement>
<Code>030y</Code>
<Text/>
</ProgramElement>
<ProgramElement>
<Code>7333</Code>
<Text>MATHEMATICAL SCIENCES RES INST</Text>
</ProgramElement>
<ProgramElement>
<Code>7634</Code>
<Text>BIO CENTERS</Text>
</ProgramElement>
<ProgramElement>
<Code>7732</Code>
<Text>NIMBios</Text>
</ProgramElement>
<ProgramElement>
<Code>8011</Code>
<Text>Systems and Synthetic Biology</Text>
</ProgramElement>
<ProgramReference>
<Code>7556</Code>
<Text>CONFERENCE AND WORKSHOPS</Text>
</ProgramReference>
<ProgramReference>
<Code>7634</Code>
<Text>BIO CENTERS</Text>
</ProgramReference>
<ProgramReference>
<Code>7732</Code>
<Text>CIMBS</Text>
</ProgramReference>
<ProgramReference>
<Code>9150</Code>
<Text>EXP PROG TO STIM COMP RES</Text>
</ProgramReference>
<ProgramReference>
<Code>9171</Code>
<Text>SCIENCE AND TECHNOLOGY CENTERS</Text>
</ProgramReference>
<ProgramReference>
<Code>9183</Code>
<Text>GENERAL FOUNDATIONS OF BIOTECHNOLOGY</Text>
</ProgramReference>
<ProgramReference>
<Code>BIOT</Code>
<Text>BIOTECHNOLOGY</Text>
</ProgramReference>
</Award>
</rootTag>
