<?xml version="1.0" encoding="UTF-8"?>
<rootTag>
<Award>
<AwardTitle>Collaborative Research: Tailoring Energy Flow in Magnetic Oscillator Arrays</AwardTitle>
<AwardEffectiveDate>06/01/2013</AwardEffectiveDate>
<AwardExpirationDate>12/31/2016</AwardExpirationDate>
<AwardAmount>250000</AwardAmount>
<AwardInstrument>
<Value>Standard Grant</Value>
</AwardInstrument>
<Organization>
<Code>07030000</Code>
<Directorate>
<LongName>Directorate For Engineering</LongName>
</Directorate>
<Division>
<LongName>Div Of Civil, Mechanical, &amp; Manufact Inn</LongName>
</Division>
</Organization>
<ProgramOfficer>
<SignBlockName>Jordan Berg</SignBlockName>
</ProgramOfficer>
<AbstractNarration>This project seeks to develop an integrated research and educational collaboration to examine the fundamental behavior of large arrays of coupled nonlinear oscillators.  Through a combined series of theoretical and experimental investigations, we will investigate how alterations in the coupling (via magnetic interactions)  can tailor bandgaps, bifurcations, the localization of energy, and a new phenomena called a passively reconfiguring bandgap.  Research studies build from theory to micro/macro experimental demonstrations with a focus on tuning the magnetic interactions to create desired phenomena.  The Principle Investigators believe the passively reconfiguring bandgaps, where a response threshold could be used to completely reconfigure the bandgap structure, offers a fundamentally new capability for avoiding catastrophic failures. &lt;br/&gt;&lt;br/&gt;The fundamental nature of the research investigations is expected to improve engineering practice with specific examples of how to exploit nonlinearity to achieve  desirable energy flow behaviors in oscillator arrays.  The avoidance of catastrophic failures from mechanical or acoustic overloads is a specific application area for this research. Educational and outreach efforts will leverage the PIs successful involvement in existing programs, the Pratt Fellows program at Duke University and the NSF funded Southeast Alliance for Graduate Education and the Professoriate (SEAGEP) program at the University of Florida, to attract underrepresented students to participate in engineering research and pursue advanced degrees.  Summertime graduate student exchanges are planned to broaden the perspectives of everyone involved and enhance the project collaboration and impact.</AbstractNarration>
<MinAmdLetterDate>05/21/2013</MinAmdLetterDate>
<MaxAmdLetterDate>05/21/2013</MaxAmdLetterDate>
<ARRAAmount/>
<AwardID>1300658</AwardID>
<Investigator>
<FirstName>David</FirstName>
<LastName>Arnold</LastName>
<EmailAddress>darnold@ufl.edu</EmailAddress>
<StartDate>05/21/2013</StartDate>
<EndDate/>
<RoleCode>Principal Investigator</RoleCode>
</Investigator>
<Institution>
<Name>University of Florida</Name>
<CityName>GAINESVILLE</CityName>
<ZipCode>326112002</ZipCode>
<PhoneNumber>3523923516</PhoneNumber>
<StreetAddress>1 UNIVERSITY OF FLORIDA</StreetAddress>
<CountryName>United States</CountryName>
<StateName>Florida</StateName>
<StateCode>FL</StateCode>
</Institution>
<ProgramElement>
<Code>7478</Code>
<Text>DYNAMICAL SYSTEMS</Text>
</ProgramElement>
<ProgramReference>
<Code>034E</Code>
<Text>Dynamical systems</Text>
</ProgramReference>
<ProgramReference>
<Code>035E</Code>
<Text>NOISE, ACOUSTICS, VIBRATIONS</Text>
</ProgramReference>
<ProgramReference>
<Code>8024</Code>
<Text>Complex Systems</Text>
</ProgramReference>
</Award>
</rootTag>
