<?xml version="1.0" encoding="UTF-8"?>
<rootTag>
<Award>
<AwardTitle>SusChEM/Collaborative Research: Fundamental Understanding of Foaming Process towards a New Warm Mix Asphalt Technology</AwardTitle>
<AwardEffectiveDate>09/01/2013</AwardEffectiveDate>
<AwardExpirationDate>08/31/2018</AwardExpirationDate>
<AwardAmount>225000</AwardAmount>
<AwardInstrument>
<Value>Standard Grant</Value>
</AwardInstrument>
<Organization>
<Code>07030000</Code>
<Directorate>
<LongName>Directorate For Engineering</LongName>
</Directorate>
<Division>
<LongName>Div Of Civil, Mechanical, &amp; Manufact Inn</LongName>
</Division>
</Organization>
<ProgramOfficer>
<SignBlockName>Y. Grace Hsuan</SignBlockName>
</ProgramOfficer>
<AbstractNarration>The objective of this award is to understand the foaming process using several foaming agents to guide us in the design of a new warm mix asphalt (WMA) technology. In the proposed project, researchers from Columbia University and Michigan Technological University will investigate three foaming agents as potential candidates, including soda as a chemical foaming agent, CO2/N2 gas and ethanol as physical blowing agents. Multiphase characterization and viscoelastic modeling studies will be conducted to investigate how the microstructure of asphalt materials evolves with time, temperatures, and proportion of material constituents, and in doing so study any differences and relative benefits from chemical vs. physical blowing agents. A single or the combination of foaming agents will be determined for optimal end-results. The fatigue strength, the long-term performance and life cycle cost of the WMA based on the foaming process will be characterized with accelerated test methods. &lt;br/&gt;&lt;br/&gt;This project integrates state-of-the-art rheological and accelerated aging tests, thermodynamics, poromechanics, chemical changes and multi-scale modeling to identify the physical and mechanical properties of foamed asphalt materials. The proposed studies will advance the understanding of the foaming process and establish a theoretical framework to predict the material behavior for material design, which will lead to new theories and models of sustainable engineering materials in energy and environmental aspects. This project provides a unique opportunity for conducting interdisciplinary research in sustainable engineering to reduce energy consumption, greenhouse gas emission, to facilitate recycling of asphalt materials, and improve life-cycle performance. The technologies developed in this program will be rapidly transferred to industry.</AbstractNarration>
<MinAmdLetterDate>08/09/2013</MinAmdLetterDate>
<MaxAmdLetterDate>05/13/2016</MaxAmdLetterDate>
<ARRAAmount/>
<AwardID>1300286</AwardID>
<Investigator>
<FirstName>Patricia</FirstName>
<LastName>Heiden</LastName>
<EmailAddress>paheiden@mtu.edu</EmailAddress>
<StartDate>08/09/2013</StartDate>
<EndDate/>
<RoleCode>Co-Principal Investigator</RoleCode>
</Investigator>
<Investigator>
<FirstName>Zhanping</FirstName>
<LastName>You</LastName>
<EmailAddress>zyou@mtu.edu</EmailAddress>
<StartDate>08/09/2013</StartDate>
<EndDate/>
<RoleCode>Principal Investigator</RoleCode>
</Investigator>
<Institution>
<Name>Michigan Technological University</Name>
<CityName>Houghton</CityName>
<ZipCode>499311295</ZipCode>
<PhoneNumber>9064871885</PhoneNumber>
<StreetAddress>1400 Townsend Drive</StreetAddress>
<CountryName>United States</CountryName>
<StateName>Michigan</StateName>
<StateCode>MI</StateCode>
</Institution>
<ProgramElement>
<Code>1635</Code>
<Text>STRUCTURAL MATERIALS AND MECH</Text>
</ProgramElement>
<ProgramElement>
<Code>8092</Code>
<Text>Materials Eng. &amp; Processing</Text>
</ProgramElement>
<ProgramReference>
<Code>025E</Code>
<Text>INFRASTRUCTURE MATERIALS</Text>
</ProgramReference>
<ProgramReference>
<Code>026E</Code>
<Text>STRUCTURAL MECHANICS</Text>
</ProgramReference>
<ProgramReference>
<Code>036E</Code>
<Text>CIVIL INFRASTRUCTURE</Text>
</ProgramReference>
<ProgramReference>
<Code>1057</Code>
<Text>CIS BASE RESEARCH</Text>
</ProgramReference>
<ProgramReference>
<Code>116E</Code>
<Text>RESEARCH EXP FOR UNDERGRADS</Text>
</ProgramReference>
<ProgramReference>
<Code>1444</Code>
<Text>SURFACE ENGINEERING</Text>
</ProgramReference>
<ProgramReference>
<Code>8021</Code>
<Text>Materials Engineering</Text>
</ProgramReference>
<ProgramReference>
<Code>8022</Code>
<Text>Sustainable Infrastructure Materials</Text>
</ProgramReference>
<ProgramReference>
<Code>8025</Code>
<Text>Advanced Materials Processing</Text>
</ProgramReference>
<ProgramReference>
<Code>8037</Code>
<Text>Advanced Manufacturing</Text>
</ProgramReference>
<ProgramReference>
<Code>8248</Code>
<Text>SusChEM</Text>
</ProgramReference>
<ProgramReference>
<Code>9178</Code>
<Text>UNDERGRADUATE EDUCATION</Text>
</ProgramReference>
<ProgramReference>
<Code>9231</Code>
<Text>SUPPL FOR UNDERGRAD RES ASSIST</Text>
</ProgramReference>
<ProgramReference>
<Code>9251</Code>
<Text>RES EXPER FOR UNDERGRAD-SUPPLT</Text>
</ProgramReference>
<ProgramReference>
<Code>CVIS</Code>
<Text>CIVIL INFRASTRUCTURE</Text>
</ProgramReference>
<ProgramReference>
<Code>SMET</Code>
<Text>SCIENCE, MATH, ENG &amp; TECH EDUCATION</Text>
</ProgramReference>
</Award>
</rootTag>
