<?xml version="1.0" encoding="UTF-8"?>
<rootTag>
<Award>
<AwardTitle>Theoretical and Experimental Investigation of Homo-Chiral and Hetero-Chiral Interactions in the Solid Phase</AwardTitle>
<AwardEffectiveDate>09/01/2013</AwardEffectiveDate>
<AwardExpirationDate>02/29/2016</AwardExpirationDate>
<AwardAmount>385000</AwardAmount>
<AwardInstrument>
<Value>Standard Grant</Value>
</AwardInstrument>
<Organization>
<Code>03090000</Code>
<Directorate>
<LongName>Direct For Mathematical &amp; Physical Scien</LongName>
</Directorate>
<Division>
<LongName>Division Of Chemistry</LongName>
</Division>
</Organization>
<ProgramOfficer>
<SignBlockName>Tingyu Li</SignBlockName>
</ProgramOfficer>
<AbstractNarration>This award supports the work of Professors Erin Johnson and Jason Hein at the University of California-Merced.  Isolation of chiral molecules as pure enantiomers remains a challenge for synthetic chemistry. Highly stereoselective reactions (eg. chiral catalysts or chiral auxiliaries) have been developed; however, these represent only a subset of reactions and do not offer general solutions. Methods relying on physical separations (eg. enantioselective crystallizations) have the potential to be more broadly applicable. A combined theoretical and experimental study of the phase equilibria of chiral compounds will be employed to allow development of enatioselective crystallization methods. This approach will use density-functional theory combined with the exchange-hole dipole moment dispersion model to predict energy differences between homochiral and heterochiral crystal forms. These results will be used to guide the development of a coupled-vessel preferential crystallization method, capable of resolving racemate-forming compounds and providing a new approach to crystal-induced asymmetric synthesis.&lt;br/&gt;&lt;br/&gt;Most chemical reactions produce products in their mirror images.  However, many drugs are active in only one ("chiral") form, and often the mirror images ("enantiomers") of these molecules can themselves be toxic.  Thus methods for either direct synthesis, or more generally, for separation of the two enantiomers is essential. This study will broaden the understanding of intermolecular interactions between chiral molecules and represents a first step toward establishing general, reliable methods for the synthesis and separation of crystalline chiral molecules. Isolation of chiral molecules as individual enantiomers is a critical goal for the fine-chemical and pharmaceutical industries. This work has the potential to greatly expand synthetic strategies to produce molecules of 100% enantiomeric purity.</AbstractNarration>
<MinAmdLetterDate>04/22/2013</MinAmdLetterDate>
<MaxAmdLetterDate>06/24/2015</MaxAmdLetterDate>
<ARRAAmount/>
<AwardID>1300686</AwardID>
<Investigator>
<FirstName>Jason</FirstName>
<LastName>Hein</LastName>
<EmailAddress>jhein2@ucmerced.edu</EmailAddress>
<StartDate>04/22/2013</StartDate>
<EndDate/>
<RoleCode>Co-Principal Investigator</RoleCode>
</Investigator>
<Investigator>
<FirstName>Erin</FirstName>
<LastName>Johnson</LastName>
<EmailAddress>erin.johnson@dal.ca</EmailAddress>
<StartDate>04/22/2013</StartDate>
<EndDate>06/24/2015</EndDate>
<RoleCode>Former Principal Investigator</RoleCode>
</Investigator>
<Investigator>
<FirstName>Ryan</FirstName>
<LastName>Baxter</LastName>
<EmailAddress>rbaxter@ucmerced.edu</EmailAddress>
<StartDate>06/24/2015</StartDate>
<EndDate/>
<RoleCode>Principal Investigator</RoleCode>
</Investigator>
<Institution>
<Name>University of California - Merced</Name>
<CityName>Merced</CityName>
<ZipCode>953435001</ZipCode>
<PhoneNumber>2097566405</PhoneNumber>
<StreetAddress>5200 North Lake Road</StreetAddress>
<CountryName>United States</CountryName>
<StateName>California</StateName>
<StateCode>CA</StateCode>
</Institution>
<ProgramElement>
<Code>9102</Code>
<Text>Chem Struct,Dynmcs&amp;Mechansms B</Text>
</ProgramElement>
<ProgramReference>
<Code>1948</Code>
<Text>SYNTHESIS</Text>
</ProgramReference>
<ProgramReference>
<Code>1982</Code>
<Text>BIOLOGICAL CHEMISTRY</Text>
</ProgramReference>
</Award>
</rootTag>
