<?xml version="1.0" encoding="UTF-8"?>
<rootTag>
<Award>
<AwardTitle>RET Site: Research in Optics for K-14 Educators and Teachers (ROKET)</AwardTitle>
<AwardEffectiveDate>04/01/2013</AwardEffectiveDate>
<AwardExpirationDate>03/31/2017</AwardExpirationDate>
<AwardAmount>319536</AwardAmount>
<AwardInstrument>
<Value>Standard Grant</Value>
</AwardInstrument>
<Organization>
<Code>07050000</Code>
<Directorate>
<LongName>Directorate For Engineering</LongName>
</Directorate>
<Division>
<LongName>Div Of Engineering Education and Centers</LongName>
</Division>
</Organization>
<ProgramOfficer>
<SignBlockName>Mary Poats</SignBlockName>
</ProgramOfficer>
<AbstractNarration>This award provides funding for a three year standard award to support a Research Experiences for Teachers (RET) in Engineering Site program at the University of Arizona (UA) entitled, "RET Site: Research in Optics for K-14 Educators and Teachers (ROKET)", under the direction of Dr. Supapan Seraphin. This is a continuation of a successful RET Site program conducted during the summers of 2010, 2011, and 2012.&lt;br/&gt;  &lt;br/&gt;The University of Arizona, Engineering Research Center (ERC) for Integrated Access Networks (CIAN) is partnering with UA's American Indian Language Development Institute (AILDI) to create a program customized for science educators working in Native American communities. CIAN's research addresses photonic materials and devices for optical communication, which will replace current electronic technology. Eight pre-college teachers and community college faculty in STEM disciplines (24 over three years), working in a Native Community will actively particpate in the ROKET program for six weeks in the summer where they will join research teams working on improved fiber optics, waveguide materials, short-pulsed lasers, micro-fabrication, and silicon photonics. Employing CIAN's systems-level approach impresses upon beginning researchers the connection between innovative experimental-based research and practical application to popular communication devices. Consequently, great attention will be paid to collaborating with the teachers on creating a lesson plan that relates to everyday experiences of technology and inspires their students' curiosity to build upon their existing knowledge. &lt;br/&gt;&lt;br/&gt;The training of science educators, from primarily Native American communities, will promote ambitions to pursue science and engineering education among Native American students and thus create potential for local economic growth. The establishment of a cohesive program, through partnerships with the UA's College of Optical Sciences, CIAN and AILDI, a program dedicated to Native American language preservation, exhibits to the academic community and local Indigenous communities nationwide that many stakeholders are working to address the need for Native American students in higher education.</AbstractNarration>
<MinAmdLetterDate>03/07/2013</MinAmdLetterDate>
<MaxAmdLetterDate>03/31/2016</MaxAmdLetterDate>
<ARRAAmount/>
<AwardID>1300370</AwardID>
<Investigator>
<FirstName>Supapan</FirstName>
<LastName>Seraphin</LastName>
<EmailAddress>Seraphin@u.arizona.edu</EmailAddress>
<StartDate>03/07/2013</StartDate>
<EndDate/>
<RoleCode>Principal Investigator</RoleCode>
</Investigator>
<Investigator>
<FirstName>Robert</FirstName>
<LastName>Norwood</LastName>
<EmailAddress>rnorwood@optics.arizona.edu</EmailAddress>
<StartDate>03/07/2013</StartDate>
<EndDate/>
<RoleCode>Co-Principal Investigator</RoleCode>
</Investigator>
<Investigator>
<FirstName>Allison</FirstName>
<LastName>Huff MacPherson</LastName>
<EmailAddress>allison@optics.arizona.edu</EmailAddress>
<StartDate>08/29/2013</StartDate>
<EndDate/>
<RoleCode>Co-Principal Investigator</RoleCode>
</Investigator>
<Institution>
<Name>University of Arizona</Name>
<CityName>Tucson</CityName>
<ZipCode>857194824</ZipCode>
<PhoneNumber>5206266000</PhoneNumber>
<StreetAddress>888 N Euclid Ave</StreetAddress>
<CountryName>United States</CountryName>
<StateName>Arizona</StateName>
<StateCode>AZ</StateCode>
</Institution>
<ProgramElement>
<Code>1359</Code>
<Text>RES EXP FOR TEACHERS(RET)-SITE</Text>
</ProgramElement>
<ProgramReference>
<Code>115E</Code>
<Text>RESEARCH EXP FOR TEACHERS</Text>
</ProgramReference>
<ProgramReference>
<Code>1359</Code>
<Text>RES EXP FOR TEACHERS(RET)-SITE</Text>
</ProgramReference>
<ProgramReference>
<Code>9177</Code>
<Text>ELEMENTARY/SECONDARY EDUCATION</Text>
</ProgramReference>
</Award>
</rootTag>
