<?xml version="1.0" encoding="UTF-8"?>
<rootTag>
<Award>
<AwardTitle>GOALI: Developing an Injury Assessment Methodology for Evaluating Safety Designs Focusing on Various Vulnerable Populations</AwardTitle>
<AwardEffectiveDate>08/01/2013</AwardEffectiveDate>
<AwardExpirationDate>01/31/2016</AwardExpirationDate>
<AwardAmount>298601</AwardAmount>
<AwardInstrument>
<Value>Standard Grant</Value>
</AwardInstrument>
<Organization>
<Code>07030000</Code>
<Directorate>
<LongName>Directorate For Engineering</LongName>
</Directorate>
<Division>
<LongName>Div Of Civil, Mechanical, &amp; Manufact Inn</LongName>
</Division>
</Organization>
<ProgramOfficer>
<SignBlockName>george hazelrigg</SignBlockName>
</ProgramOfficer>
<AbstractNarration>The objective of this Grant Opportunities for Academic Liaison with Industry (GOALI) project is to create a general methodology for developing and using parametric human finite element models that can represent a wide range of attributes of people that are important to automobile safety, such as size, shape, age, and tissue characteristics. When designing cars for safety, these models can be used for population-based simulations to predict reductions in injuries.  We are linking a statistical human body geometry model based on medical image, body scan, and sitting posture data with a baseline human finite element model through an automated mesh morphing algorithm.  The resulted parametric human models are being validated against cadaver tests and used in a feasibility study to optimize a restraint system for a selected General Motors vehicle.&lt;br/&gt;&lt;br/&gt;The success of this work will address the specific challenges posed by the changing demographics observed in the US population, such as the increased prevalence of obese and older people, and also will lead to development of tools and methods that are useful for many other engineering designs interacting with humans, such as medical devices, aircraft, blast protection system, sports gear, and heavy-duty equipment.  The concept of developing injury assessment tools for population-based simulations will lead to safety designs that provide better protection for millions of individuals who are elderly, obese or in other special conditions, which will provide extremely high societal benefits.  The project will also include a wide range of educational and outreach activities, including hiring undergraduate students through UM's Undergraduate Research Opportunity Program, create summer intern positions at UM for undergraduate students and intern positions at GM for PhD students.  The project activities entail collaborative research between the university and General Motors, which will significantly broaden the scientific and technical knowledge of all the students involved.</AbstractNarration>
<MinAmdLetterDate>07/26/2013</MinAmdLetterDate>
<MaxAmdLetterDate>07/26/2013</MaxAmdLetterDate>
<ARRAAmount/>
<AwardID>1300815</AwardID>
<Investigator>
<FirstName>Mark</FirstName>
<LastName>Neal</LastName>
<EmailAddress>mark.neal@gm.com</EmailAddress>
<StartDate>07/26/2013</StartDate>
<EndDate/>
<RoleCode>Co-Principal Investigator</RoleCode>
</Investigator>
<Investigator>
<FirstName>Jingwen</FirstName>
<LastName>Hu</LastName>
<EmailAddress>jwhu@umich.edu</EmailAddress>
<StartDate>07/26/2013</StartDate>
<EndDate/>
<RoleCode>Principal Investigator</RoleCode>
</Investigator>
<Investigator>
<FirstName>Jenne-Tai</FirstName>
<LastName>Wang</LastName>
<EmailAddress>jenne-tai.wang@gm.com</EmailAddress>
<StartDate>07/26/2013</StartDate>
<EndDate/>
<RoleCode>Co-Principal Investigator</RoleCode>
</Investigator>
<Institution>
<Name>University of Michigan Ann Arbor</Name>
<CityName>Ann Arbor</CityName>
<ZipCode>481091274</ZipCode>
<PhoneNumber>7347636438</PhoneNumber>
<StreetAddress>3003 South State St. Room 1062</StreetAddress>
<CountryName>United States</CountryName>
<StateName>Michigan</StateName>
<StateCode>MI</StateCode>
</Institution>
<ProgramElement>
<Code>1464</Code>
<Text>ENGINEERING DESIGN AND INNOVAT</Text>
</ProgramElement>
<ProgramElement>
<Code>1504</Code>
<Text>GRANT OPP FOR ACAD LIA W/INDUS</Text>
</ProgramElement>
<ProgramReference>
<Code>028E</Code>
<Text>BIOMECHANICS</Text>
</ProgramReference>
<ProgramReference>
<Code>067E</Code>
<Text>DESIGN TOOLS</Text>
</ProgramReference>
<ProgramReference>
<Code>1504</Code>
<Text>GRANT OPP FOR ACAD LIA W/INDUS</Text>
</ProgramReference>
<ProgramReference>
<Code>5188</Code>
<Text>SAFETY</Text>
</ProgramReference>
<ProgramReference>
<Code>7929</Code>
<Text>COMPUTATIONAL GEOMETRY</Text>
</ProgramReference>
</Award>
</rootTag>
