<?xml version="1.0" encoding="UTF-8"?>
<rootTag>
<Award>
<AwardTitle>Collaborative Research: Digitally Addressable and Scalable Laser Fabrication of 3D Gradient Index Nanostructures and Nanophotonics Circuits</AwardTitle>
<AwardEffectiveDate>08/01/2013</AwardEffectiveDate>
<AwardExpirationDate>07/31/2017</AwardExpirationDate>
<AwardAmount>271755</AwardAmount>
<AwardInstrument>
<Value>Standard Grant</Value>
</AwardInstrument>
<Organization>
<Code>07030000</Code>
<Directorate>
<LongName>Directorate For Engineering</LongName>
</Directorate>
<Division>
<LongName>Div Of Civil, Mechanical, &amp; Manufact Inn</LongName>
</Division>
</Organization>
<ProgramOfficer>
<SignBlockName>Khershed Cooper</SignBlockName>
</ProgramOfficer>
<AbstractNarration>This grant provides funding for the integration of advanced numerical tools with laser nano-manufacturing techniques. The numerical tools, called transformation optics, will be used to calculate three-dimensional structures with pre-determined optical functions. The designed structures will be fabricated by multiple laser beam-enabled patterning techniques. The three-dimensional laser patterns will be controlled by a mini liquid crystal display (LCD) with very high numbers of pixels. The numerical information will be displayed to encode the laser beam pixel by pixel. This will enable high-precision and rapid production of nanostructures with pre-designed optical properties. A large number of functional nanostructures will be produced by rapidly changing the numerical coding information displayed on the mini LCD. The above techniques will also be used to fabricate optical circuits by adding light paths and controlling the light inside.&lt;br/&gt;&lt;br/&gt;The results of this research will lead to improvements in the design of optical devices and the development of an advanced laser fabrication capability. These new digital design and fabrication tools will enable the rapid design, verification, and fabrication of functional nanostructures and devices for telecommunication, sensing, and imaging applications. The digital display-enabled laser fabrication technique will drastically simplify the laser nano-manufacturing process and improve the process control. The single laser exposure and large-volume patterning process will reduce the manufacturing cost, making the process industrially and technically attractive. This research will also provide educational opportunities to a diverse group of undergraduate and graduate students.</AbstractNarration>
<MinAmdLetterDate>07/20/2013</MinAmdLetterDate>
<MaxAmdLetterDate>07/20/2013</MaxAmdLetterDate>
<ARRAAmount/>
<AwardID>1300273</AwardID>
<Investigator>
<FirstName>Kevin Peng</FirstName>
<LastName>Chen</LastName>
<EmailAddress>kchen@engr.pitt.edu</EmailAddress>
<StartDate>07/20/2013</StartDate>
<EndDate/>
<RoleCode>Principal Investigator</RoleCode>
</Investigator>
<Institution>
<Name>University of Pittsburgh</Name>
<CityName>Pittsburgh</CityName>
<ZipCode>152132303</ZipCode>
<PhoneNumber>4126247400</PhoneNumber>
<StreetAddress>University Club</StreetAddress>
<CountryName>United States</CountryName>
<StateName>Pennsylvania</StateName>
<StateCode>PA</StateCode>
</Institution>
<ProgramElement>
<Code>1788</Code>
<Text>NANOMANUFACTURING</Text>
</ProgramElement>
<ProgramReference>
<Code>083E</Code>
<Text>MATERIAL TRANSFORMATION PROC</Text>
</ProgramReference>
<ProgramReference>
<Code>084E</Code>
<Text>NANOMANUFACTURING</Text>
</ProgramReference>
<ProgramReference>
<Code>9146</Code>
<Text>MANUFACTURING BASE RESEARCH</Text>
</ProgramReference>
<ProgramReference>
<Code>MANU</Code>
<Text>MANUFACTURING</Text>
</ProgramReference>
</Award>
</rootTag>
