<?xml version="1.0" encoding="UTF-8"?>
<rootTag>
<Award>
<AwardTitle>Chiral Crown Catalysts for Selective Rh-Catalyzed Reactions</AwardTitle>
<AwardEffectiveDate>09/01/2013</AwardEffectiveDate>
<AwardExpirationDate>08/31/2017</AwardExpirationDate>
<AwardAmount>445000</AwardAmount>
<AwardInstrument>
<Value>Standard Grant</Value>
</AwardInstrument>
<Organization>
<Code>03090000</Code>
<Directorate>
<LongName>Direct For Mathematical &amp; Physical Scien</LongName>
</Directorate>
<Division>
<LongName>Division Of Chemistry</LongName>
</Division>
</Organization>
<ProgramOfficer>
<SignBlockName>Tingyu Li</SignBlockName>
</ProgramOfficer>
<AbstractNarration>In this project funded by the Chemical Synthesis Program of the Chemistry Division, Professor Joseph M. Fox of the Department of Chemistry and Biochemistry at the University of Delaware will design synthetic catalysts that derive stereoselectivity from their larger secondary structure.  In particular, he will study conformationally flexible chiral bimetallic rhodium complexes that adopt distinct secondary structures, referred to as the 'chiral crown' conformation. He will develop a diverse family of catalysts in which the crown conformation is enforced, and illustrate how these catalysts can be used to promote novel reactivity. His group will design new types of mixed ligand chiral crown complexes, and use these complexes to catalyze asymmetric CH functionalization reactions of indoles and pyrroles.  He will also use these complexes to catalyze reactions of alkynes with diazoesters to give chiral butenolides via sequential ring expansion/sigmatropic rearrangement cascades.    &lt;br/&gt;  &lt;br/&gt;The proposed research will have broad impact through the creation of new catalysts and patterns of reactivity that will have impact across academia and pharmaceutical research. This program will also be integrated with Undergraduate and Graduate education/training initiatives. This award will continue to support research opportunities for a diverse group of scientists, and will create research opportunities for undergraduate students for the span of the award.  This award will also provide funding for high school students to participate in research experiences in his laboratory.</AbstractNarration>
<MinAmdLetterDate>04/19/2013</MinAmdLetterDate>
<MaxAmdLetterDate>04/19/2013</MaxAmdLetterDate>
<ARRAAmount/>
<AwardID>1300329</AwardID>
<Investigator>
<FirstName>Joseph</FirstName>
<LastName>Fox</LastName>
<EmailAddress>jmfox@udel.edu</EmailAddress>
<StartDate>04/19/2013</StartDate>
<EndDate/>
<RoleCode>Principal Investigator</RoleCode>
</Investigator>
<Institution>
<Name>University of Delaware</Name>
<CityName>Newark</CityName>
<ZipCode>197162553</ZipCode>
<PhoneNumber>3028312136</PhoneNumber>
<StreetAddress>210 Hullihen Hall</StreetAddress>
<CountryName>United States</CountryName>
<StateName>Delaware</StateName>
<StateCode>DE</StateCode>
</Institution>
<ProgramElement>
<Code>6878</Code>
<Text>Chemical Synthesis</Text>
</ProgramElement>
<ProgramReference>
<Code>1948</Code>
<Text>SYNTHESIS</Text>
</ProgramReference>
<ProgramReference>
<Code>9146</Code>
<Text>MANUFACTURING BASE RESEARCH</Text>
</ProgramReference>
<ProgramReference>
<Code>9150</Code>
<Text>EXP PROG TO STIM COMP RES</Text>
</ProgramReference>
<ProgramReference>
<Code>MANU</Code>
<Text>MANUFACTURING</Text>
</ProgramReference>
</Award>
</rootTag>
