<?xml version="1.0" encoding="UTF-8"?>
<rootTag>
<Award>
<AwardTitle>Alpha II-Spectrin: Mechanical Spring and Structural Scaffold for the Nucleoskeleton</AwardTitle>
<AwardEffectiveDate>07/01/2013</AwardEffectiveDate>
<AwardExpirationDate>06/30/2017</AwardExpirationDate>
<AwardAmount>345000</AwardAmount>
<AwardInstrument>
<Value>Standard Grant</Value>
</AwardInstrument>
<Organization>
<Code>07030000</Code>
<Directorate>
<LongName>Directorate For Engineering</LongName>
</Directorate>
<Division>
<LongName>Div Of Civil, Mechanical, &amp; Manufact Inn</LongName>
</Division>
</Organization>
<ProgramOfficer>
<SignBlockName>David Fyhrie</SignBlockName>
</ProgramOfficer>
<AbstractNarration>The research objective of this award is to determine how opposing mechanical elements of the nucleus help maintain proper shape of the organelle which houses the DNA. The nucleus of mammalian cells has a peripheral network of lamin filaments that provides stiffness. Preliminary results show that alpha II-spectrin provides mechanical resilience or recoil, which may be described as a "spring". Studies conducted under this award will test the mechanisms of this spring hypothesis by quantifying recovery of nuclei in cells under force. The force responsiveness of the lamin network and subnuclear components including the DNA will be observed during mechanical testing in cells that have been depleted of alpha II-spectrin. Also, binding partners will be determined for alpha II-spectrin using purified proteins and protein fragments so that a more accurate description of the architecture can be identified. &lt;br/&gt;&lt;br/&gt;Although strength and stiffness is important at every level of physiology, mechanical recoil and resilience also plays an important role in maintaining proper homeostasis. Here, the discovery and investigation of alpha II-spectrin as a nuclear mechanical spring will allow a thorough understanding of integrated cellular mechanics and mechanobiology. If successful, these studies will advance the understanding of nuclear structure, gene expression and mechanical responsiveness of cells. Also, results may provide insights into the large number of human diseases and progressive dystrophies associated with lamins and other nuclear structural proteins. The education plan focuses on enhancing ethics training for undergraduate researchers. To directly impact students from underrepresented groups nationally and internationally, advanced online learning initiatives in Anatomy and Physiology are being developed as a supplement for community college education in pre-medicine.</AbstractNarration>
<MinAmdLetterDate>04/08/2013</MinAmdLetterDate>
<MaxAmdLetterDate>04/08/2013</MaxAmdLetterDate>
<ARRAAmount/>
<AwardID>1300476</AwardID>
<Investigator>
<FirstName>Kris</FirstName>
<LastName>Dahl</LastName>
<EmailAddress>kndahl@andrew.cmu.edu</EmailAddress>
<StartDate>04/08/2013</StartDate>
<EndDate/>
<RoleCode>Principal Investigator</RoleCode>
</Investigator>
<Institution>
<Name>Carnegie-Mellon University</Name>
<CityName>PITTSBURGH</CityName>
<ZipCode>152133815</ZipCode>
<PhoneNumber>4122689527</PhoneNumber>
<StreetAddress>5000 Forbes Avenue</StreetAddress>
<CountryName>United States</CountryName>
<StateName>Pennsylvania</StateName>
<StateCode>PA</StateCode>
</Institution>
<ProgramElement>
<Code>7479</Code>
<Text>Biomechanics &amp; Mechanobiology</Text>
</ProgramElement>
<ProgramReference>
<Code>024E</Code>
<Text>MATERIALS DESIGN</Text>
</ProgramReference>
<ProgramReference>
<Code>027E</Code>
<Text>NANOMECHANICS</Text>
</ProgramReference>
<ProgramReference>
<Code>028E</Code>
<Text>BIOMECHANICS</Text>
</ProgramReference>
<ProgramReference>
<Code>1057</Code>
<Text>CIS BASE RESEARCH</Text>
</ProgramReference>
<ProgramReference>
<Code>9102</Code>
<Text>WOMEN, MINORITY, DISABLED, NEC</Text>
</ProgramReference>
<ProgramReference>
<Code>CVIS</Code>
<Text>CIVIL INFRASTRUCTURE</Text>
</ProgramReference>
</Award>
</rootTag>
