<?xml version="1.0" encoding="UTF-8"?>
<rootTag>
<Award>
<AwardTitle>A Crowdsourced Knowledge Base for the Damage Assessment of Extreme Events</AwardTitle>
<AwardEffectiveDate>07/01/2013</AwardEffectiveDate>
<AwardExpirationDate>06/30/2018</AwardExpirationDate>
<AwardAmount>335030</AwardAmount>
<AwardInstrument>
<Value>Standard Grant</Value>
</AwardInstrument>
<Organization>
<Code>07030000</Code>
<Directorate>
<LongName>Directorate For Engineering</LongName>
</Directorate>
<Division>
<LongName>Div Of Civil, Mechanical, &amp; Manufact Inn</LongName>
</Division>
</Organization>
<ProgramOfficer>
<SignBlockName>Robin Dillon-Merrill</SignBlockName>
</ProgramOfficer>
<AbstractNarration>The use of crowdsourced volunteers to analyze remote sensing imagery is a relatively new damage assessment approach, developed in the wake of the 2008 Sichuan earthquake, and formalized during the 2010 Haiti and 2011 New Zealand earthquakes. This approach is enabled by the advent of Web 2.0 technologies and the ubiquity of free remote sensing images that are synoptic with high spatial-, spectral- and temporal-resolutions. The demonstrated benefit was a speedup by a factor of two or three in the delivery of damage estimates. However, the success of this manual crowdsourced approach for damage assessment is dependent upon the size and reliability of the crowd. This research will focus on a new framework called BACKBOnE (Building A Crowdsourced Knowledge Base of Extreme Events) for extreme event damage assessment utilizing remotely sensed images that automatically finds and classifies damages, and builds a data-driven knowledge base of damage characteristics that can be reused during future events. BACKBOnE is a transformation of the manual crowdsourced approach for damage assessment and is unprecedented in the disasters community, combining the power of crowdsourcing with state-of-the-art methods from computer science and image processing. It replaces the manual effort with automated methods for object-based change detection and classification that increase the speed, reduce the cost of damage assessment, and scale well to increases in data volume. It shifts the crowd from its task of manual annotation to quality assurance feedback on the performance of automated methods via crowdsourced active learning. This improves assessment accuracy, while decoupling the framework's success from the size and reliability of the crowd because feedback is solicited from annotators scored favorably, and only on difficult cases.  It also incorporates a multitude of remote sensing products and performs data fusion to unify their outputs into a common map of damage.  This is a must-have characteristic of next-generation damage assessment as data volumes and products proliferate. The use of diverse data products, particularly imagery from high spatial resolutions and non-visible bands that are less sensitive to weather and solar illumination, will better discriminate certain damage types.&lt;br/&gt;&lt;br/&gt;The broader impact of the research is the reduction of the overall human and financial cost of extreme events by contributing new methods for rapid and accurate damage estimates used for Post-Disaster Needs Assessment (PDNA). The curation of a knowledge base builds effective models quickly when a disaster strikes, refines damage predictions in event simulations that assess vulnerability, and fosters better land-use planning that encourages the growth of disaster resilient communities. The work also includes a web-based damage assessment simulator that maps remotely sensed earthquake images from recent earthquake events to engage the greater public in disaster mitigation. In addition, the investigators will actively recruit graduate and undergraduate students from under-represented groups and mentor them within a multi-disciplinary collaboration. Machine learning students will learn about remote sensing and damage assessment, and geoengineering students will learn fundamentals of machine learning and statistical data analysis.</AbstractNarration>
<MinAmdLetterDate>06/28/2013</MinAmdLetterDate>
<MaxAmdLetterDate>04/16/2015</MaxAmdLetterDate>
<ARRAAmount/>
<AwardID>1300720</AwardID>
<Investigator>
<FirstName>Thomas</FirstName>
<LastName>Oommen</LastName>
<EmailAddress>toommen@mtu.edu</EmailAddress>
<StartDate>06/28/2013</StartDate>
<EndDate/>
<RoleCode>Principal Investigator</RoleCode>
</Investigator>
<Institution>
<Name>Michigan Technological University</Name>
<CityName>Houghton</CityName>
<ZipCode>499311295</ZipCode>
<PhoneNumber>9064871885</PhoneNumber>
<StreetAddress>1400 Townsend Drive</StreetAddress>
<CountryName>United States</CountryName>
<StateName>Michigan</StateName>
<StateCode>MI</StateCode>
</Institution>
<ProgramElement>
<Code>1638</Code>
<Text>HDBE-Humans, Disasters, and th</Text>
</ProgramElement>
<ProgramReference>
<Code>036E</Code>
<Text>CIVIL INFRASTRUCTURE</Text>
</ProgramReference>
<ProgramReference>
<Code>041E</Code>
<Text>HAZARD AND DISASTER REDUCTION</Text>
</ProgramReference>
<ProgramReference>
<Code>042E</Code>
<Text>HAZARD AND DISASTER RESPONSE</Text>
</ProgramReference>
<ProgramReference>
<Code>043E</Code>
<Text>EARTHQUAKE ENGINEERING</Text>
</ProgramReference>
<ProgramReference>
<Code>116E</Code>
<Text>RESEARCH EXP FOR UNDERGRADS</Text>
</ProgramReference>
<ProgramReference>
<Code>1576</Code>
<Text>NATIONL EARTHQK HZRD REDCT PRG</Text>
</ProgramReference>
<ProgramReference>
<Code>9102</Code>
<Text>WOMEN, MINORITY, DISABLED, NEC</Text>
</ProgramReference>
<ProgramReference>
<Code>9178</Code>
<Text>UNDERGRADUATE EDUCATION</Text>
</ProgramReference>
<ProgramReference>
<Code>9231</Code>
<Text>SUPPL FOR UNDERGRAD RES ASSIST</Text>
</ProgramReference>
<ProgramReference>
<Code>9251</Code>
<Text>RES EXPER FOR UNDERGRAD-SUPPLT</Text>
</ProgramReference>
</Award>
</rootTag>
