<?xml version="1.0" encoding="UTF-8"?>
<rootTag>
<Award>
<AwardTitle>Active Mechanics and Remodeling of Cytoskeletal Networks</AwardTitle>
<AwardEffectiveDate>07/01/2013</AwardEffectiveDate>
<AwardExpirationDate>06/30/2018</AwardExpirationDate>
<AwardAmount>397000</AwardAmount>
<AwardInstrument>
<Value>Standard Grant</Value>
</AwardInstrument>
<Organization>
<Code>07030000</Code>
<Directorate>
<LongName>Directorate For Engineering</LongName>
</Directorate>
<Division>
<LongName>Div Of Civil, Mechanical, &amp; Manufact Inn</LongName>
</Division>
</Organization>
<ProgramOfficer>
<SignBlockName>Michele Grimm</SignBlockName>
</ProgramOfficer>
<AbstractNarration>The research objective of this award is to use a combination of numerical simulation and analytic calculations to explore the nonequilibrium mechanics of active cytoskeletal networks. The cytoskeleton of living cells is a chemically complex network of filamentous proteins, cross-linking molecules, and molecular motors, which drive the network into a complex and nonequilibrium steady state. Studies conducted under this award will investigate how the state of motor activity can tune the mechanical response of this filament network, and how the binding and unbinding of cross linkers contributes to the structural reorganization and viscoelasticity of the network. These network models will be validated against simplified experimental systems and then applied to the study of how cells interact mechanically with their environment.&lt;br/&gt;&lt;br/&gt;If successful, these studies would generate new insight into a frontier problem in the statistical mechanics of motor-driven filament networks concerning the evolution of their structure and elastic moduli due to motor activity within them. This new insight would have broad implications for understanding the mechanics of living cells. Specifically, one would learn more about how cells exert forces on and adhere to their surroundings. These properties are of prime physiological relevance for elucidating cell motility and adhesion. The numerical simulation packages produced over the course of these studies will also benefit other researchers seeking simulation tools to explore the response of the cytoskeleton to forces or changes in the evolution of the active network due to the introduction of different cross linking molecules. The educational plan focuses on course development in engineering and physics at the undergraduate and graduate level in order to bring biomechanics more into the mainstream at the awardees' institution.</AbstractNarration>
<MinAmdLetterDate>03/21/2013</MinAmdLetterDate>
<MaxAmdLetterDate>06/08/2017</MaxAmdLetterDate>
<ARRAAmount/>
<AwardID>1300514</AwardID>
<Investigator>
<FirstName>Alexander</FirstName>
<LastName>Levine</LastName>
<EmailAddress>alevine@chem.ucla.edu</EmailAddress>
<StartDate>03/21/2013</StartDate>
<EndDate/>
<RoleCode>Principal Investigator</RoleCode>
</Investigator>
<Investigator>
<FirstName>William</FirstName>
<LastName>Klug</LastName>
<EmailAddress>klug@seas.ucla.edu</EmailAddress>
<StartDate>03/21/2013</StartDate>
<EndDate/>
<RoleCode>Co-Principal Investigator</RoleCode>
</Investigator>
<Institution>
<Name>University of California-Los Angeles</Name>
<CityName>LOS ANGELES</CityName>
<ZipCode>900951406</ZipCode>
<PhoneNumber>3107940102</PhoneNumber>
<StreetAddress>10889 Wilshire Boulevard</StreetAddress>
<CountryName>United States</CountryName>
<StateName>California</StateName>
<StateCode>CA</StateCode>
</Institution>
<ProgramElement>
<Code>7479</Code>
<Text>Biomechanics &amp; Mechanobiology</Text>
</ProgramElement>
<ProgramReference>
<Code>024E</Code>
<Text>MATERIALS DESIGN</Text>
</ProgramReference>
<ProgramReference>
<Code>027E</Code>
<Text>NANOMECHANICS</Text>
</ProgramReference>
<ProgramReference>
<Code>028E</Code>
<Text>BIOMECHANICS</Text>
</ProgramReference>
<ProgramReference>
<Code>1057</Code>
<Text>CIS BASE RESEARCH</Text>
</ProgramReference>
<ProgramReference>
<Code>CVIS</Code>
<Text>CIVIL INFRASTRUCTURE</Text>
</ProgramReference>
</Award>
</rootTag>
