<?xml version="1.0" encoding="UTF-8"?>
<rootTag>
<Award>
<AwardTitle>Towards a Computationally Efficient Recursive Model Reduction and Controller Design Approach for Spatially Distributed Processes</AwardTitle>
<AwardEffectiveDate>09/01/2013</AwardEffectiveDate>
<AwardExpirationDate>08/31/2017</AwardExpirationDate>
<AwardAmount>339500</AwardAmount>
<AwardInstrument>
<Value>Standard Grant</Value>
</AwardInstrument>
<Organization>
<Code>07030000</Code>
<Directorate>
<LongName>Directorate For Engineering</LongName>
</Directorate>
<Division>
<LongName>Div Of Civil, Mechanical, &amp; Manufact Inn</LongName>
</Division>
</Organization>
<ProgramOfficer>
<SignBlockName>Irina Dolinskaya</SignBlockName>
</ProgramOfficer>
<AbstractNarration>The objective of this research project is to relax the requirements of data-based nonlinear order reduction methods and extend their applicability towards the control and optimization of dissipative partial differential equation (PDE) systems arising in the context of spatially distributed processes. To achieve this objective, the research will initially focus on creating a computationally efficient data-driven algorithm for: a) the derivation of nonlinear low-order, approximate models for dissipative PDE systems that are specifically tailored for control and optimization purposes, and b)  characterization of the error between the low-order model and PDE system solutions. Subsequently, the research will focus on the synthesis of practically implementable feedback control structures that can deal with the issues of nonlinearity, model uncertainty, constrains and limited measurement availability. Concurrently,  computational issues of optimization/optimal operation policies for spatially distributed processes will be resolved. This will be achieved via the derivation of a systematic scheme for the formulation of computationally efficient dynamic optimization problems that are amenable to standard search algorithms.&lt;br/&gt;&lt;br/&gt; &lt;br/&gt;The research results will be transferred into the industrial sector through the development and dissemination of software with a transparent user-machine interaction interface. Analyzing, optimizing and tightly controlling transport-reaction processes will benefit key processes of a wide range of industries such as lithographic reactors for microelectronics and photovoltaics fabrication and advanced catalytic reactors and industrial glass furnaces.  Moreover, numerous activities will be pursued to integrate the research with education including incorporation of research results in optimization and control courses, undergraduate student participation in research through the honors program, and the development of educational tools such as matlab add-ons, java applets and wikis.</AbstractNarration>
<MinAmdLetterDate>08/10/2013</MinAmdLetterDate>
<MaxAmdLetterDate>08/10/2013</MaxAmdLetterDate>
<ARRAAmount/>
<AwardID>1300322</AwardID>
<Investigator>
<FirstName>Antonios</FirstName>
<LastName>Armaou</LastName>
<EmailAddress>armaou@engr.psu.edu</EmailAddress>
<StartDate>08/10/2013</StartDate>
<EndDate/>
<RoleCode>Principal Investigator</RoleCode>
</Investigator>
<Institution>
<Name>Pennsylvania State Univ University Park</Name>
<CityName>UNIVERSITY PARK</CityName>
<ZipCode>168027000</ZipCode>
<PhoneNumber>8148651372</PhoneNumber>
<StreetAddress>110 Technology Center Building</StreetAddress>
<CountryName>United States</CountryName>
<StateName>Pennsylvania</StateName>
<StateCode>PA</StateCode>
</Institution>
<ProgramElement>
<Code>1632</Code>
<Text>CONTROL SYSTEMS</Text>
</ProgramElement>
<ProgramElement>
<Code>8085</Code>
<Text>Systems Science (SYS)</Text>
</ProgramElement>
<ProgramReference>
<Code>030E</Code>
<Text>CONTROL SYSTEMS</Text>
</ProgramReference>
<ProgramReference>
<Code>031E</Code>
<Text>MECHATRONICS</Text>
</ProgramReference>
<ProgramReference>
<Code>034E</Code>
<Text>Dynamical systems</Text>
</ProgramReference>
<ProgramReference>
<Code>1632</Code>
<Text>CONTROL SYSTEMS</Text>
</ProgramReference>
<ProgramReference>
<Code>8085</Code>
<Text>Building Innovation Capacity</Text>
</ProgramReference>
</Award>
</rootTag>
