<?xml version="1.0" encoding="UTF-8"?>
<rootTag>
<Award>
<AwardTitle>GOALI/Collaborative Research: A System-Level Framework for Operation and Maintenance: Synergizing Near and Long Term Cares for Wind Turbines</AwardTitle>
<AwardEffectiveDate>09/01/2013</AwardEffectiveDate>
<AwardExpirationDate>08/31/2017</AwardExpirationDate>
<AwardAmount>204969</AwardAmount>
<AwardInstrument>
<Value>Standard Grant</Value>
</AwardInstrument>
<Organization>
<Code>07030000</Code>
<Directorate>
<LongName>Directorate For Engineering</LongName>
</Directorate>
<Division>
<LongName>Div Of Civil, Mechanical, &amp; Manufact Inn</LongName>
</Division>
</Organization>
<ProgramOfficer>
<SignBlockName>Georgia-Ann Klutke</SignBlockName>
</ProgramOfficer>
<AbstractNarration>The objective of this Grant Opportunity for Academic Liaison with Industry (GOALI) collaborative research project is to understand how a systems approach to operations and maintenance can enhance the effectiveness and profitability of wind turbines.  Currently, operation and maintenance concepts and methods are predominantly components-oriented.  This project will show that a system-level approach can yield a better trade-off between risks and costs, thereby optimizing an engineered system for overall economic value.  The team will develop a way to measure a wind turbine system's holistic performance and tracks its decline over time at a system level.  Establishing a system-level metric enables us to actively adjust a turbine's operation and realize a trade-off between near-term power production and system reliability.  It also allows the PIs to weigh cost of maintenance against loss in power efficiency, leading to cost-effective decisions of maintenance.  &lt;br/&gt;&lt;br/&gt;The successful development of this new methodology ought to lead to cost-effective operation and maintenance of renewable energy productions, and reduce its overall cost and enhances their marketability (a key to the wind energy's 20percent-by-2030 goal and long-term sustainability).  General Electric, a leading enterprise in wind energy, is a research partner of this project.  GE's direct participation accelerates the application of the resulting methodologies to actual wind energy operational systems.  The collaborative nature of this research and industrial involvement brings industrial perspective to the universities and is training our next-generation workforce in the new energy economy.  The system-level concepts and methodologies, once demonstrated in wind energy applications, can go beyond and be applied to other power production systems, as well as automobile systems, aerospace systems, and marine systems.</AbstractNarration>
<MinAmdLetterDate>08/15/2013</MinAmdLetterDate>
<MaxAmdLetterDate>04/30/2015</MaxAmdLetterDate>
<ARRAAmount/>
<AwardID>1300560</AwardID>
<Investigator>
<FirstName>Murat</FirstName>
<LastName>Inalpolat</LastName>
<EmailAddress>Murat_Inalpolat@uml.edu</EmailAddress>
<StartDate>08/15/2013</StartDate>
<EndDate>05/07/2014</EndDate>
<RoleCode>Former Co-Principal Investigator</RoleCode>
</Investigator>
<Investigator>
<FirstName>Jianping</FirstName>
<LastName>Guo</LastName>
<EmailAddress>guoji@ge.com</EmailAddress>
<StartDate>05/07/2014</StartDate>
<EndDate/>
<RoleCode>Co-Principal Investigator</RoleCode>
</Investigator>
<Investigator>
<FirstName>Yu</FirstName>
<LastName>Ding</LastName>
<EmailAddress>yuding@tamu.edu</EmailAddress>
<StartDate>08/15/2013</StartDate>
<EndDate/>
<RoleCode>Principal Investigator</RoleCode>
</Investigator>
<Institution>
<Name>Texas A&amp;M Engineering Experiment Station</Name>
<CityName>College Station</CityName>
<ZipCode>778454645</ZipCode>
<PhoneNumber>9798477635</PhoneNumber>
<StreetAddress>TEES State Headquarters Bldg.</StreetAddress>
<CountryName>United States</CountryName>
<StateName>Texas</StateName>
<StateCode>TX</StateCode>
</Institution>
<ProgramElement>
<Code>1464</Code>
<Text>ENGINEERING DESIGN AND INNOVAT</Text>
</ProgramElement>
<ProgramElement>
<Code>1504</Code>
<Text>GRANT OPP FOR ACAD LIA W/INDUS</Text>
</ProgramElement>
<ProgramElement>
<Code>8085</Code>
<Text>Systems Science (SYS)</Text>
</ProgramElement>
<ProgramReference>
<Code>067E</Code>
<Text>DESIGN TOOLS</Text>
</ProgramReference>
<ProgramReference>
<Code>075E</Code>
<Text>QUALITY &amp; MAINTENANCE SYSTEMS</Text>
</ProgramReference>
<ProgramReference>
<Code>116E</Code>
<Text>RESEARCH EXP FOR UNDERGRADS</Text>
</ProgramReference>
<ProgramReference>
<Code>147E</Code>
<Text>Wind&amp;Misc. sustainable energy</Text>
</ProgramReference>
<ProgramReference>
<Code>1504</Code>
<Text>GRANT OPP FOR ACAD LIA W/INDUS</Text>
</ProgramReference>
<ProgramReference>
<Code>8085</Code>
<Text>Building Innovation Capacity</Text>
</ProgramReference>
<ProgramReference>
<Code>9178</Code>
<Text>UNDERGRADUATE EDUCATION</Text>
</ProgramReference>
<ProgramReference>
<Code>9231</Code>
<Text>SUPPL FOR UNDERGRAD RES ASSIST</Text>
</ProgramReference>
<ProgramReference>
<Code>9251</Code>
<Text>RES EXPER FOR UNDERGRAD-SUPPLT</Text>
</ProgramReference>
</Award>
</rootTag>
