<?xml version="1.0" encoding="UTF-8"?>
<rootTag>
<Award>
<AwardTitle>Diamagnetic-Levitation based Low-frequency Broadband Vibration Energy Harvester</AwardTitle>
<AwardEffectiveDate>08/15/2013</AwardEffectiveDate>
<AwardExpirationDate>07/31/2018</AwardExpirationDate>
<AwardAmount>299998</AwardAmount>
<AwardInstrument>
<Value>Standard Grant</Value>
</AwardInstrument>
<Organization>
<Code>07030000</Code>
<Directorate>
<LongName>Directorate For Engineering</LongName>
</Directorate>
<Division>
<LongName>Div Of Civil, Mechanical, &amp; Manufact Inn</LongName>
</Division>
</Organization>
<ProgramOfficer>
<SignBlockName>Atul G. Kelkar</SignBlockName>
</ProgramOfficer>
<AbstractNarration>The goal of this research is to provide a low-frequency broadband energy harvester as a solution to the powering of wireless sensors for monitoring structures. Preliminary studies have demonstrated a mono-stable low-frequency energy harvester using diamagnetic levitation (DL). The key features of this energy harvester are its inherent nonlinearity, weak restoring forces and absence of mechanical friction. The proposed energy harvester is a bi-stable horizontal DL system which can undergo large periodic inter-well oscillations and chaotic motions from a range of input accelerations in all three directions. Hence this system can extract output power orders of magnitude more than traditional linear energy harvesters in a broadband frequency range. This research will also involve developing near-optimal and power management solutions for integrating the energy harvester with rechargeable batteries and laboratory tests of the prototypes will be performed to evaluate its performance in real ambient vibrations.&lt;br/&gt;&lt;br/&gt;A promising high efficiency energy harvesting system with no apparent mechanical friction and a wide bandwidth in the low frequency range is envisioned to completely cater to the needs of energy harvesting for many engineering applications. Fundamental limits along with conflicting constraints imposed by the size of the harvester, transduction efficiency of the harvester and the energy available for the functioning of the structural health monitoring (SHM) systems will be addressed. A significant advancement in the knowledge of energy harvesting using nonlinear systems can be expected along with creating a framework for using DL in civil, mechanical, and aerospace engineering applications as an interest for systems with no mechanical damping persists for maximum efficiency. With the on-going advances in sensors and sensor network technologies, the proposed research will contribute greatly to the development of truly autonomous and self-sustained SHM systems for monitoring infrastructures.</AbstractNarration>
<MinAmdLetterDate>08/09/2013</MinAmdLetterDate>
<MaxAmdLetterDate>08/09/2013</MaxAmdLetterDate>
<ARRAAmount/>
<AwardID>1300684</AwardID>
<Investigator>
<FirstName>Fuh-Gwo</FirstName>
<LastName>Yuan</LastName>
<EmailAddress>yuan@ncsu.edu</EmailAddress>
<StartDate>08/09/2013</StartDate>
<EndDate/>
<RoleCode>Principal Investigator</RoleCode>
</Investigator>
<Institution>
<Name>North Carolina State University</Name>
<CityName>RALEIGH</CityName>
<ZipCode>276957514</ZipCode>
<PhoneNumber>9195152444</PhoneNumber>
<StreetAddress>CAMPUS BOX 7514</StreetAddress>
<CountryName>United States</CountryName>
<StateName>North Carolina</StateName>
<StateCode>NC</StateCode>
</Institution>
<ProgramElement>
<Code>1639</Code>
<Text>SENSORS AND SENSING SYSTEMS</Text>
</ProgramElement>
<ProgramReference>
<Code>032E</Code>
<Text>SENSORS AND ACTUATORS</Text>
</ProgramReference>
<ProgramReference>
<Code>036E</Code>
<Text>CIVIL INFRASTRUCTURE</Text>
</ProgramReference>
<ProgramReference>
<Code>1057</Code>
<Text>CIS BASE RESEARCH</Text>
</ProgramReference>
<ProgramReference>
<Code>1059</Code>
<Text>SENSORS AND SENSOR SYSTEMS FOR CIS</Text>
</ProgramReference>
<ProgramReference>
<Code>7234</Code>
<Text>SENSORS NON-SOLICITATION RESEA</Text>
</ProgramReference>
<ProgramReference>
<Code>CVIS</Code>
<Text>CIVIL INFRASTRUCTURE</Text>
</ProgramReference>
</Award>
</rootTag>
