<?xml version="1.0" encoding="UTF-8"?>
<rootTag>
<Award>
<AwardTitle>Contactless Characterization of Distributed Damage in Concrete Using Diffuse Surface Wave Scattering</AwardTitle>
<AwardEffectiveDate>05/01/2013</AwardEffectiveDate>
<AwardExpirationDate>04/30/2017</AwardExpirationDate>
<AwardAmount>200000</AwardAmount>
<AwardInstrument>
<Value>Standard Grant</Value>
</AwardInstrument>
<Organization>
<Code>07030000</Code>
<Directorate>
<LongName>Directorate For Engineering</LongName>
</Directorate>
<Division>
<LongName>Div Of Civil, Mechanical, &amp; Manufact Inn</LongName>
</Division>
</Organization>
<ProgramOfficer>
<SignBlockName>Y. Grace Hsuan</SignBlockName>
</ProgramOfficer>
<AbstractNarration>It is proposed to develop contactless ultrasonic surface wave propagation sensing system that can monitor structural health of large concrete structures, such as containment structures in a nuclear power plant. Contactless systems have high potential of being useful in characterizing damage in such structures because many data can be collected efficiently over a large area. The goal of the project is to impart and sense propagation of ultrasonic waves that can detect surface and internal cracking damage inside the concrete. The results will enable new capabilities for rapid testing, scanning and characterization of critical large infrastructure systems. The research effort will be pursued by creating new sensing and testing capability, and a more complete understanding of wave propagation and scattering in such materials. Controlled concrete samples will be tested in the laboratory to characterize and interpret wave scattering features. &lt;br/&gt;&lt;br/&gt;The objectives of this research are to improve fundamental understanding of surface wave propagation and scattering in concrete with distributed damage using a diffuse wave approach and to provide a new capability for completely contactless ultrasonic interrogation of concrete. These objectives will be accomplished through a coordinated set of experiments. In the course of this effort, ultrasonic surface waves will be deployed in concrete using a contactless scanning set up and the results will be interpreted using a new 'mid-frequency' diffuse scattering approach with a focus on cracking damage and porosity. The research effort is divided into two tasks: (a) Create new sensing and testing capability implementing new micro-electro-mechanical machine (MEMS) sensors to detect leaky surface waves and (b) Characterize and interpret observed wave scattering features using controlled concrete samples. Collaboration with Oak Ridge National Laboratory will enhance multidisciplinary graduate and undergraduate education.</AbstractNarration>
<MinAmdLetterDate>03/26/2013</MinAmdLetterDate>
<MaxAmdLetterDate>03/26/2013</MaxAmdLetterDate>
<ARRAAmount/>
<AwardID>1300546</AwardID>
<Investigator>
<FirstName>Michael</FirstName>
<LastName>Oelze</LastName>
<EmailAddress>oelze@uiuc.edu</EmailAddress>
<StartDate>03/26/2013</StartDate>
<EndDate/>
<RoleCode>Co-Principal Investigator</RoleCode>
</Investigator>
<Investigator>
<FirstName>John</FirstName>
<LastName>Popovics</LastName>
<EmailAddress>johnpop@illinois.edu</EmailAddress>
<StartDate>03/26/2013</StartDate>
<EndDate/>
<RoleCode>Principal Investigator</RoleCode>
</Investigator>
<Institution>
<Name>University of Illinois at Urbana-Champaign</Name>
<CityName>CHAMPAIGN</CityName>
<ZipCode>618207473</ZipCode>
<PhoneNumber>2173332187</PhoneNumber>
<StreetAddress>SUITE A</StreetAddress>
<CountryName>United States</CountryName>
<StateName>Illinois</StateName>
<StateCode>IL</StateCode>
</Institution>
<ProgramElement>
<Code>1635</Code>
<Text>STRUCTURAL MATERIALS AND MECH</Text>
</ProgramElement>
<ProgramElement>
<Code>1637</Code>
<Text>Structural and Architectural E</Text>
</ProgramElement>
<ProgramElement>
<Code>1639</Code>
<Text>SENSORS AND SENSING SYSTEMS</Text>
</ProgramElement>
<ProgramReference>
<Code>025E</Code>
<Text>INFRASTRUCTURE MATERIALS</Text>
</ProgramReference>
<ProgramReference>
<Code>032E</Code>
<Text>SENSORS AND ACTUATORS</Text>
</ProgramReference>
<ProgramReference>
<Code>033E</Code>
<Text>Smart and responsive structures</Text>
</ProgramReference>
<ProgramReference>
<Code>036E</Code>
<Text>CIVIL INFRASTRUCTURE</Text>
</ProgramReference>
<ProgramReference>
<Code>039E</Code>
<Text>STRUCTURAL SYSTEMS</Text>
</ProgramReference>
<ProgramReference>
<Code>040E</Code>
<Text>Haz mitigation of structural sys</Text>
</ProgramReference>
<ProgramReference>
<Code>099E</Code>
<Text>High voltage switching &amp; conversion</Text>
</ProgramReference>
<ProgramReference>
<Code>8022</Code>
<Text>Sustainable Infrastructure Materials</Text>
</ProgramReference>
</Award>
</rootTag>
