<?xml version="1.0" encoding="UTF-8"?>
<rootTag>
<Award>
<AwardTitle>Electrochemistry on the nanoscale</AwardTitle>
<AwardEffectiveDate>09/01/2014</AwardEffectiveDate>
<AwardExpirationDate>12/31/2017</AwardExpirationDate>
<AwardAmount>484560</AwardAmount>
<AwardInstrument>
<Value>Standard Grant</Value>
</AwardInstrument>
<Organization>
<Code>03090000</Code>
<Directorate>
<LongName>Direct For Mathematical &amp; Physical Scien</LongName>
</Directorate>
<Division>
<LongName>Division Of Chemistry</LongName>
</Division>
</Organization>
<ProgramOfficer>
<SignBlockName>Colby A. Foss</SignBlockName>
</ProgramOfficer>
<AbstractNarration>In this project co-funded by the Chemical Structure, Dynamics and Mechanisms Program-A  and the Chemical Measurement and Imaging Program of the Division of Chemistry, Professor Michael Mirkin of the City University of New York, Queens College is developing new methodologies and employing them for studying electrochemical reactions on the nanoscale.  Single gold nanoparticles are dispensed from a glass or carbon nanopipette and delivered precisely to the desired location on the sample surface.  This methodology is useful for applications ranging from surface patterning to controlled reagent delivery to biological cells. This project will provide research opportunities to high school students and undergraduates.&lt;br/&gt;&lt;br/&gt;The focus of the proposed research is on the combining resistive-pulse technique with the scanning electrochemical microscope (SECM) for controlled delivery of nanoparticles.  The resistive-pulse setup enables monitoring of single particles passing through the pipette orifice, and the SECM is used for pipette positioning and surface patterning.  The particles are immobilized on the carbon surface modified with a polyphenylene layer.  The developed methodology is also employed to study the dynamics of oxidative stress in activated macrophages.   Interferon-coated fluorescent nanoparticles and platinized carbon nanoelectrodes are inserted in activated macrophages and their vacuoles to characterize and quantify the reactive oxygen and nitrogen species.  The broader impacts of this work include the development of useful research tools for nanotechnology and cell biology.  The experiments with macrophages may help elucidate the mechanisms of oxidative stress, which are of great significance for the immune system and related diseases, including cancer.</AbstractNarration>
<MinAmdLetterDate>08/10/2014</MinAmdLetterDate>
<MaxAmdLetterDate>08/10/2014</MaxAmdLetterDate>
<ARRAAmount/>
<AwardID>1300158</AwardID>
<Investigator>
<FirstName>Michael</FirstName>
<LastName>Mirkin</LastName>
<EmailAddress>michael_mirkin@qc.edu</EmailAddress>
<StartDate>08/10/2014</StartDate>
<EndDate/>
<RoleCode>Principal Investigator</RoleCode>
</Investigator>
<Institution>
<Name>CUNY Queens College</Name>
<CityName>Flushing</CityName>
<ZipCode>113671575</ZipCode>
<PhoneNumber>7189975400</PhoneNumber>
<StreetAddress>65 30 Kissena Blvd</StreetAddress>
<CountryName>United States</CountryName>
<StateName>New York</StateName>
<StateCode>NY</StateCode>
</Institution>
<ProgramElement>
<Code>6880</Code>
<Text>Chemical Measurement &amp; Imaging</Text>
</ProgramElement>
<ProgramElement>
<Code>9101</Code>
<Text>Chem Struct,Dynmcs&amp;Mechansms A</Text>
</ProgramElement>
<ProgramReference>
<Code>7237</Code>
<Text>NANO NON-SOLIC SCI &amp; ENG AWD</Text>
</ProgramReference>
</Award>
</rootTag>
