<?xml version="1.0" encoding="UTF-8"?>
<rootTag>
<Award>
<AwardTitle>SusChEM: Selective C-H Functionalization by Highly Tunable Metalloporphyrin Carbenoid: A Mechanistic Investigation</AwardTitle>
<AwardEffectiveDate>06/01/2013</AwardEffectiveDate>
<AwardExpirationDate>05/31/2018</AwardExpirationDate>
<AwardAmount>330000</AwardAmount>
<AwardInstrument>
<Value>Continuing grant</Value>
</AwardInstrument>
<Organization>
<Code>03090000</Code>
<Directorate>
<LongName>Direct For Mathematical &amp; Physical Scien</LongName>
</Directorate>
<Division>
<LongName>Division Of Chemistry</LongName>
</Division>
</Organization>
<ProgramOfficer>
<SignBlockName>George Janini</SignBlockName>
</ProgramOfficer>
<AbstractNarration>The Division of Chemistry supports the efforts of Professor Yong Zhang of the Stevens Institute of Technology towards selective carbon-hydrogen (C-H) functionalization using metalloporphyrin carbenoids.  Metalloporphyrin carbenoids have been found to be among the most efficient and selective catalysts for C-H insertions however, mechanistic studies on these catalysts are relatively scarce and the origins of molecular reactivity and selectivity have not been well characterized.  Such information is critical for the future development of these catalysts, especially since most reported C-H insertion yields are modest.  Dr. Zhang's research provides systematic profiles of the origins of reactivity for key metalloporphyrin carbenes as well as reactivity and selectivity trends of various structural factors to facilitate the development of highly selective metalloporphyrin-based C-H insertion catalysts with metal centers that are earth-abundant, minimally toxic, and relatively inexpensive.  Dr. Zhang's research is broadly integrated with teaching and learning.  Students in his lab are actively involved in classes and outreach programs that incorporate their research results.  Dr. Zhang continues his vigorous efforts to have broad participation of students from different groups at various levels, particularly including students from underrepresented groups.  &lt;br/&gt;&lt;br/&gt;Organic synthesis is of vital importance in modern society to provide drugs and materials.  Selective carbon-hydrogen (C-H) functionalization represents a powerful, potentially sustainable strategy for organic synthesis.  As models of broadly interesting and useful heme protein reaction intermediates, metalloporphyrin carbenoids have been found to be among the most efficient and highly selective catalysts for C-H insertions into organic molecules, even though few mechanistic studies have been done and their origin of the catalyst's reactivity and selectivity are not clear.  Such information is critical for future development, especially since most C-H insertion yields using these catalysts are modest.  Dr. Zhang's research provides systematic profiles of needed information such as molecular design guidelines to facilitate the development of highly selective metalloporphyrin-based C-H insertion catalysts that use earth-abundant metals (such as iron).  Such insights may lead to improvements sustainable and "green" chemistry in the pharmaceutical and materials syntheses industries.  Dr. Zhang's research is broadly integrated with teaching and learning.  Several channels are employed by his students to broadly disseminate their research to the scientific community and general public.  For example, students involved in this NSF-supported project are required to give presentations/reports in their classes, and within their department, university, K-12 institutions, museums, news media, and/or other venues, enhancing the scientific understanding of the impacts of this project.</AbstractNarration>
<MinAmdLetterDate>05/15/2013</MinAmdLetterDate>
<MaxAmdLetterDate>03/18/2014</MaxAmdLetterDate>
<ARRAAmount/>
<AwardID>1300912</AwardID>
<Investigator>
<FirstName>Yong</FirstName>
<LastName>Zhang</LastName>
<EmailAddress>yong.zhang@stevens.edu</EmailAddress>
<StartDate>05/15/2013</StartDate>
<EndDate/>
<RoleCode>Principal Investigator</RoleCode>
</Investigator>
<Institution>
<Name>Stevens Institute of Technology</Name>
<CityName>HOBOKEN</CityName>
<ZipCode>070305991</ZipCode>
<PhoneNumber>2012168762</PhoneNumber>
<StreetAddress>CASTLE POINT ON HUDSON</StreetAddress>
<CountryName>United States</CountryName>
<StateName>New Jersey</StateName>
<StateCode>NJ</StateCode>
</Institution>
<ProgramElement>
<Code>6884</Code>
<Text>Chemical Catalysis</Text>
</ProgramElement>
<ProgramReference>
<Code>1401</Code>
<Text>CATALYSIS AND BIOCATALYSIS</Text>
</ProgramReference>
<ProgramReference>
<Code>8248</Code>
<Text>SusChEM</Text>
</ProgramReference>
<ProgramReference>
<Code>8650</Code>
<Text>Sustainable Chemistry</Text>
</ProgramReference>
<ProgramReference>
<Code>9146</Code>
<Text>MANUFACTURING BASE RESEARCH</Text>
</ProgramReference>
<ProgramReference>
<Code>9161</Code>
<Text>SINGLE DIVISION/UNIVERSITY</Text>
</ProgramReference>
<ProgramReference>
<Code>AMPP</Code>
<Text>ADVANCED MATERIALS &amp; PROCESSING PROGRAM</Text>
</ProgramReference>
<ProgramReference>
<Code>MANU</Code>
<Text>MANUFACTURING</Text>
</ProgramReference>
</Award>
</rootTag>
