<?xml version="1.0" encoding="UTF-8"?>
<rootTag>
<Award>
<AwardTitle>Collaborative Research: User-Optimal Robotic Prosthesis Design</AwardTitle>
<AwardEffectiveDate>08/15/2013</AwardEffectiveDate>
<AwardExpirationDate>07/31/2017</AwardExpirationDate>
<AwardAmount>216740</AwardAmount>
<AwardInstrument>
<Value>Standard Grant</Value>
</AwardInstrument>
<Organization>
<Code>07030000</Code>
<Directorate>
<LongName>Directorate For Engineering</LongName>
</Directorate>
<Division>
<LongName>Div Of Civil, Mechanical, &amp; Manufact Inn</LongName>
</Division>
</Organization>
<ProgramOfficer>
<SignBlockName>Richard Malak</SignBlockName>
</ProgramOfficer>
<AbstractNarration>The objective of this collaborative research project is to develop methods for optimizing robotic ankle-foot prosthesis function to the needs of individual users. The approach is to develop computational models of human-prosthesis interaction, use them to predict optimal device designs, and refine predictions in experimental work with a versatile robotic testbed. A detailed musculoskeletal simulation model of amputee locomotion, with tunable user-specific properties, will be generated. Numerical optimization will be used to obtain designs that are optimal for specific users and robust to small changes in user characteristics. Designs will be presented to human subjects with a "universal ankle-foot prosthesis emulator" in experiments that measure human energy use, muscle activity, body mechanics, and balance. Experimental results will be used to generate a model with high predictive accuracy. The research will result in an empirically-validated software tool for use by clinicians in prescribing optimal prosthesis designs to individual patients. &lt;br/&gt;&lt;br/&gt;If successful, the benefit of this research will be improved mobility and quality of life for individuals with amputation, achieved through a software tool that guides the design of user-optimal robotic ankle-foot prostheses. For example, the research is expected to quantify trade-offs between the costs and benefits of more powerful, but heavier and more expensive, motors, allowing optimal product design for individual users. The resulting devices are expected to reduce chronic problems with walking speed, fatigue, falls, and pain for more than 1 million people with lower-limb amputation in the United States. This methodology and infrastructure is also expected to improve biomechatronic design processes in general, for example improving the design of rehabilitation robots. The research will provide a collaborative, interdisciplinary environment for students, including minority, female, and disabled individuals.</AbstractNarration>
<MinAmdLetterDate>08/02/2013</MinAmdLetterDate>
<MaxAmdLetterDate>08/02/2013</MaxAmdLetterDate>
<ARRAAmount/>
<AwardID>1300804</AwardID>
<Investigator>
<FirstName>Steve</FirstName>
<LastName>Collins</LastName>
<EmailAddress>stevecollins@cmu.edu</EmailAddress>
<StartDate>08/02/2013</StartDate>
<EndDate/>
<RoleCode>Principal Investigator</RoleCode>
</Investigator>
<Institution>
<Name>Carnegie-Mellon University</Name>
<CityName>PITTSBURGH</CityName>
<ZipCode>152133815</ZipCode>
<PhoneNumber>4122689527</PhoneNumber>
<StreetAddress>5000 Forbes Avenue</StreetAddress>
<CountryName>United States</CountryName>
<StateName>Pennsylvania</StateName>
<StateCode>PA</StateCode>
</Institution>
<ProgramElement>
<Code>1464</Code>
<Text>ENGINEERING DESIGN AND INNOVAT</Text>
</ProgramElement>
<ProgramReference>
<Code>028E</Code>
<Text>BIOMECHANICS</Text>
</ProgramReference>
<ProgramReference>
<Code>031E</Code>
<Text>MECHATRONICS</Text>
</ProgramReference>
<ProgramReference>
<Code>067E</Code>
<Text>DESIGN TOOLS</Text>
</ProgramReference>
<ProgramReference>
<Code>073E</Code>
<Text>OPTIMIZATION &amp; DECISION MAKING</Text>
</ProgramReference>
<ProgramReference>
<Code>1178</Code>
<Text>BIOSYSTEMS ANALYSIS AND CONTROL</Text>
</ProgramReference>
<ProgramReference>
<Code>5345</Code>
<Text>BIOMEDICAL ENGINEERING</Text>
</ProgramReference>
</Award>
</rootTag>
