<?xml version="1.0" encoding="UTF-8"?>
<rootTag>
<Award>
<AwardTitle>Some problems in nonparametric statistics</AwardTitle>
<AwardEffectiveDate>07/01/2013</AwardEffectiveDate>
<AwardExpirationDate>06/30/2017</AwardExpirationDate>
<AwardAmount>240005</AwardAmount>
<AwardInstrument>
<Value>Continuing grant</Value>
</AwardInstrument>
<Organization>
<Code>03040000</Code>
<Directorate>
<LongName>Direct For Mathematical &amp; Physical Scien</LongName>
</Directorate>
<Division>
<LongName>Division Of Mathematical Sciences</LongName>
</Division>
</Organization>
<ProgramOfficer>
<SignBlockName>Gabor J. Szekely</SignBlockName>
</ProgramOfficer>
<AbstractNarration>The research program will draw together a wide range of new ideas for developing solutions to diverse practical problems, involving both very high-dimensional settings, where the number of components is much larger than sample size, and also contexts where dimension is much smaller than sample size.  Direct benefits will accrue from addressing these cases together, not least through the development of new statistical theory.  That aspect, among others, will give the program the authority it needs to carry individual research projects beyond the confines of their particular, immediate applications. &lt;br/&gt;&lt;br/&gt;Specifically, the program will introduce new ways of fitting diverse and virtually assumption-free models in the presence of measurement error.  It will also introduce highly accurate ways of clustering data in the form of random functions; it will propose new, practicable ways of constructing confidence intervals; it will develop new techniques for modelling complex relationships in vector-valued data; it will introduce new resampling methods for very high-dimensional data; and it will show that models based on relatively strict assumptions can be used to motivate methodology that is largely assumption-free.</AbstractNarration>
<MinAmdLetterDate>06/18/2013</MinAmdLetterDate>
<MaxAmdLetterDate>01/27/2016</MaxAmdLetterDate>
<ARRAAmount/>
<AwardID>1301377</AwardID>
<Investigator>
<FirstName>Peter</FirstName>
<LastName>Hall</LastName>
<EmailAddress>pghall@ucdavis.edu</EmailAddress>
<StartDate>06/18/2013</StartDate>
<EndDate>01/27/2016</EndDate>
<RoleCode>Former Principal Investigator</RoleCode>
</Investigator>
<Investigator>
<FirstName>Thomas Chun Man</FirstName>
<LastName>Lee</LastName>
<EmailAddress>tcmlee@ucdavis.edu</EmailAddress>
<StartDate>01/27/2016</StartDate>
<EndDate/>
<RoleCode>Principal Investigator</RoleCode>
</Investigator>
<Institution>
<Name>University of California-Davis</Name>
<CityName>Davis</CityName>
<ZipCode>956186134</ZipCode>
<PhoneNumber>5307547700</PhoneNumber>
<StreetAddress>OR/Sponsored Programs</StreetAddress>
<CountryName>United States</CountryName>
<StateName>California</StateName>
<StateCode>CA</StateCode>
</Institution>
<ProgramElement>
<Code>1269</Code>
<Text>STATISTICS</Text>
</ProgramElement>
</Award>
</rootTag>
