<?xml version="1.0" encoding="UTF-8"?>
<rootTag>
<Award>
<AwardTitle>The topology and Hodge theory of algebraic maps</AwardTitle>
<AwardEffectiveDate>06/01/2013</AwardEffectiveDate>
<AwardExpirationDate>05/31/2017</AwardExpirationDate>
<AwardAmount>321299</AwardAmount>
<AwardInstrument>
<Value>Standard Grant</Value>
</AwardInstrument>
<Organization>
<Code>03040000</Code>
<Directorate>
<LongName>Direct For Mathematical &amp; Physical Scien</LongName>
</Directorate>
<Division>
<LongName>Division Of Mathematical Sciences</LongName>
</Division>
</Organization>
<ProgramOfficer>
<SignBlockName>Matthew  Douglass</SignBlockName>
</ProgramOfficer>
<AbstractNarration>The investigator proposes to continue his investigations on the topology, Hodge and cycle theory of algebraic varieties and maps by studying fundamental aspects of the general theory as well as important examples by working on: 1. symmetries in the cohomology of the Hitchin fibration, 2. decomposition theorem for birational maps and for toric maps, 3. constructible sheaves in positive characteristic, and 4. motivic properties of cycles arising from the decomposition theorem.&lt;br/&gt;&lt;br/&gt;The investigator works in the field of algebraic geometry. Algebraic geometry is the discipline devoted to the study of polynomial equations. It is an ancient subject rooted in the early achievements of humanity, like the wheel, the Egyptians' elliptical flowers arrangements and Archimedes' burning parabolic mirrors. Circles, ellipses and parabolas arise from the polynomial equations we study in high school. They are both beautiful and ubiquitous in nature as they describe many natural phenomena, from the motion of planets to the shape of leaves and flowers, to the behavior of microscopic particles. The funded project is strongly inclined towards pure research and proposes to study the deeper properties of the solutions to more complicated algebraic equations (called algebraic maps). As it has always been the case, pure and applied mathematics will influence each other and new abstract ideas will fuel the progress of applications.</AbstractNarration>
<MinAmdLetterDate>04/22/2013</MinAmdLetterDate>
<MaxAmdLetterDate>04/22/2013</MaxAmdLetterDate>
<ARRAAmount/>
<AwardID>1301761</AwardID>
<Investigator>
<FirstName>Mark Andrea</FirstName>
<LastName>de Cataldo</LastName>
<EmailAddress>mark.decataldo@stonybrook.edu</EmailAddress>
<StartDate>04/22/2013</StartDate>
<EndDate/>
<RoleCode>Principal Investigator</RoleCode>
</Investigator>
<Institution>
<Name>SUNY at Stony Brook</Name>
<CityName>Stony Brook</CityName>
<ZipCode>117940001</ZipCode>
<PhoneNumber>6316329949</PhoneNumber>
<StreetAddress>WEST 5510 FRK MEL LIB</StreetAddress>
<CountryName>United States</CountryName>
<StateName>New York</StateName>
<StateCode>NY</StateCode>
</Institution>
<ProgramElement>
<Code>1264</Code>
<Text>ALGEBRA,NUMBER THEORY,AND COM</Text>
</ProgramElement>
</Award>
</rootTag>
