<?xml version="1.0" encoding="UTF-8"?>
<rootTag>
<Award>
<AwardTitle>Precision Process Control for Fabrication of High-Performance Polymer Optical Fiber</AwardTitle>
<AwardEffectiveDate>09/15/2013</AwardEffectiveDate>
<AwardExpirationDate>08/31/2018</AwardExpirationDate>
<AwardAmount>416320</AwardAmount>
<AwardInstrument>
<Value>Standard Grant</Value>
</AwardInstrument>
<Organization>
<Code>07030000</Code>
<Directorate>
<LongName>Directorate For Engineering</LongName>
</Directorate>
<Division>
<LongName>Div Of Civil, Mechanical, &amp; Manufact Inn</LongName>
</Division>
</Organization>
<ProgramOfficer>
<SignBlockName>Thomas F. Kuech</SignBlockName>
</ProgramOfficer>
<AbstractNarration>This grant provides funding to study and enable processing of high-performance (i.e. very high bandwidth) polymer optical fiber using precision process control.  The team will investigate the precision control of the optical fiber's refractive index profile across the fiber radius to achieve high bandwidth transmission. The new methodology will produce nanometer scale pores by control of the diffusion of gaseous carbon dioxide into a cylindrical polymer preform at elevated pressure, generating a non-equilibrium, supersaturated solution of carbon dioxide in the polymer and a resulting change in CO2 concentration as a function of the radial position. The optical fiber has the potential to enable gigahertz data transmission. A combination of modeling and experimental tasks will explore the transport behavior and control of carbon dioxide in optical grade polymer.&lt;br/&gt;&lt;br/&gt;Polymer optical fiber has a lower modulus of elasticity compared to silica glass, allowing it to be manufactured with larger fiber diameters, making fiber connections easier and cheaper.  For short-range applications with a large number of connections, the system cost can be dramatically reduced using polymer optical fiber.  If the research is successful, polymer optical fiber will offer a completely new opportunity to provide secure, low-cost, user-friendly media for extending high bandwidth to all aspects of society: homes, businesses, data centers, and everyday modes of transportation including entertainment in aircraft and automobiles.</AbstractNarration>
<MinAmdLetterDate>04/19/2013</MinAmdLetterDate>
<MaxAmdLetterDate>09/06/2017</MaxAmdLetterDate>
<ARRAAmount/>
<AwardID>1301491</AwardID>
<Investigator>
<FirstName>Vipin</FirstName>
<LastName>Kumar</LastName>
<EmailAddress>vkumar@u.washington.edu</EmailAddress>
<StartDate>04/19/2013</StartDate>
<EndDate/>
<RoleCode>Co-Principal Investigator</RoleCode>
</Investigator>
<Investigator>
<FirstName>Santosh</FirstName>
<LastName>Devasia</LastName>
<EmailAddress>devasia@u.washington.edu</EmailAddress>
<StartDate>04/19/2013</StartDate>
<EndDate>12/15/2016</EndDate>
<RoleCode>Former Co-Principal Investigator</RoleCode>
</Investigator>
<Investigator>
<FirstName>Ann</FirstName>
<LastName>Mescher</LastName>
<EmailAddress>mescher@u.washington.edu</EmailAddress>
<StartDate>04/19/2013</StartDate>
<EndDate/>
<RoleCode>Principal Investigator</RoleCode>
</Investigator>
<Institution>
<Name>University of Washington</Name>
<CityName>Seattle</CityName>
<ZipCode>981950001</ZipCode>
<PhoneNumber>2065434043</PhoneNumber>
<StreetAddress>4333 Brooklyn Ave NE</StreetAddress>
<CountryName>United States</CountryName>
<StateName>Washington</StateName>
<StateCode>WA</StateCode>
</Institution>
<ProgramElement>
<Code>1467</Code>
<Text>MATERIALS PROCESSING AND MANFG</Text>
</ProgramElement>
<ProgramReference>
<Code>024E</Code>
<Text>MATERIALS DESIGN</Text>
</ProgramReference>
<ProgramReference>
<Code>080E</Code>
<Text>DEFORMATION PROCESSES</Text>
</ProgramReference>
<ProgramReference>
<Code>083E</Code>
<Text>MATERIAL TRANSFORMATION PROC</Text>
</ProgramReference>
<ProgramReference>
<Code>116E</Code>
<Text>RESEARCH EXP FOR UNDERGRADS</Text>
</ProgramReference>
<ProgramReference>
<Code>8025</Code>
<Text>Advanced Materials Processing</Text>
</ProgramReference>
<ProgramReference>
<Code>9102</Code>
<Text>WOMEN, MINORITY, DISABLED, NEC</Text>
</ProgramReference>
<ProgramReference>
<Code>9146</Code>
<Text>MANUFACTURING BASE RESEARCH</Text>
</ProgramReference>
<ProgramReference>
<Code>9178</Code>
<Text>UNDERGRADUATE EDUCATION</Text>
</ProgramReference>
<ProgramReference>
<Code>9251</Code>
<Text>RES EXPER FOR UNDERGRAD-SUPPLT</Text>
</ProgramReference>
<ProgramReference>
<Code>MANU</Code>
<Text>MANUFACTURING</Text>
</ProgramReference>
</Award>
</rootTag>
