<?xml version="1.0" encoding="UTF-8"?>
<rootTag>
<Award>
<AwardTitle>SusChEM: Solar CO2 Reduction (SCO2RE) with Non-Innocent Ligand Transition Metal Photocatalysts</AwardTitle>
<AwardEffectiveDate>09/01/2013</AwardEffectiveDate>
<AwardExpirationDate>08/31/2017</AwardExpirationDate>
<AwardAmount>366925</AwardAmount>
<AwardInstrument>
<Value>Continuing grant</Value>
</AwardInstrument>
<Organization>
<Code>03090000</Code>
<Directorate>
<LongName>Direct For Mathematical &amp; Physical Scien</LongName>
</Directorate>
<Division>
<LongName>Division Of Chemistry</LongName>
</Division>
</Organization>
<ProgramOfficer>
<SignBlockName>George Janini</SignBlockName>
</ProgramOfficer>
<AbstractNarration>In this project, funded by the Chemical Catalysis Program of the Chemistry Division, Professor Jonathan Rochford of UMass Boston seeks mechanistic insight into the solar driven production of chemical feedstocks from carbon dioxide.  One such product, carbon monoxide, is a valuable precursor towards further reduced carbon-based fuels as well as syngas, a staring material used in the petrochemical industry. There remain major obstacles to overcome before such multi-electron photocatalysis can be efficiently utilized from single photon initiated processes in molecular systems. In this context, Professor Rochford and his research group designs rhenium(I)carbonyl systems with non-innocent ligands that are capable of efficient light harvesting in the visible spectrum while also displaying strong potential as carbon dioxide reduction photocatalysts.  While rhenium is a precious metal and its supply is limited, this research project repeatedly reuses tiny amounts of the metal to create significant amounts of desired product, making the overall effort more environmentally friendly than current techniques for the production of fuels and industrial feedstocks.  This research is considered under the "SusChEM" initiative as it converts a non-petroleum based feedstock (carbon dioxide) into useful carbon-containing materials.  By combining a rational program of synthesis, electrochemistry, and photophysical analyses, a greater understanding of design strategies towards solar carbon dioxide conversion is developed. &lt;br/&gt;&lt;br/&gt;Mimicking natural photosynthesis by harvesting the sun's energy towards a sustainable process for fuel production represents one of the grand challenges of science today. This project aids in further understanding artificial photosynthesis and provides multi-disciplinary training for students at UMass Boston. Furthermore, key concepts and findings of this project are integrated into the undergraduate curriculum at UMass Boston to educate future generations of scientists on the importance of utilizing solar energy as our society works towards a sustainable and greener future.</AbstractNarration>
<MinAmdLetterDate>07/11/2013</MinAmdLetterDate>
<MaxAmdLetterDate>08/10/2015</MaxAmdLetterDate>
<ARRAAmount/>
<AwardID>1301132</AwardID>
<Investigator>
<FirstName>Jonathan</FirstName>
<LastName>Rochford</LastName>
<EmailAddress>jonathan.rochford@umb.edu</EmailAddress>
<StartDate>07/11/2013</StartDate>
<EndDate/>
<RoleCode>Principal Investigator</RoleCode>
</Investigator>
<Institution>
<Name>University of Massachusetts Boston</Name>
<CityName>Dorchester</CityName>
<ZipCode>021253300</ZipCode>
<PhoneNumber>6172875370</PhoneNumber>
<StreetAddress>100 Morrissey Boulevard</StreetAddress>
<CountryName>United States</CountryName>
<StateName>Massachusetts</StateName>
<StateCode>MA</StateCode>
</Institution>
<ProgramElement>
<Code>6884</Code>
<Text>Chemical Catalysis</Text>
</ProgramElement>
<ProgramElement>
<Code>7298</Code>
<Text>COLLABORATIVE RESEARCH</Text>
</ProgramElement>
<ProgramReference>
<Code>5936</Code>
<Text>GERMANY (F.R.G.)</Text>
</ProgramReference>
<ProgramReference>
<Code>6884</Code>
<Text>CHEMICAL CATALYSIS</Text>
</ProgramReference>
<ProgramReference>
<Code>8037</Code>
<Text>Advanced Manufacturing</Text>
</ProgramReference>
<ProgramReference>
<Code>8248</Code>
<Text>SusChEM</Text>
</ProgramReference>
<ProgramReference>
<Code>8396</Code>
<Text>Clean Energy Technology</Text>
</ProgramReference>
<ProgramReference>
<Code>8398</Code>
<Text>Hydrocarbon Conversion</Text>
</ProgramReference>
<ProgramReference>
<Code>8650</Code>
<Text>Sustainable Chemistry</Text>
</ProgramReference>
</Award>
</rootTag>
