<?xml version="1.0" encoding="UTF-8"?>

<rootTag>
  <Award>
    <AwardTitle>Conference on Bacteria-Material Interactions</AwardTitle>
    <AwardEffectiveDate>04/01/2013</AwardEffectiveDate>
    <AwardExpirationDate>03/31/2014</AwardExpirationDate>
    <AwardAmount>5000</AwardAmount>
    <AwardInstrument>
      <Value>Standard Grant</Value>
    </AwardInstrument>
    <Organization>
      <Code>03070000</Code>
      <Directorate>
        <LongName>Direct For Mathematical &amp; Physical Scien</LongName>
      </Directorate>
      <Division>
        <LongName>Division Of Materials Research</LongName>
      </Division>
    </Organization>
    <ProgramOfficer>
      <SignBlockName>Joseph A. Akkara</SignBlockName>
    </ProgramOfficer>
    <AbstractNarration>This award by the Biomaterials program in the Division of Materials Research in support of the conference on "Bacteria-Material Interactions" is cofunded by the Biotechnology, Biochemical and Biomass Engineering program, in the Division of Chemical, Bioengineering, Environmental, and Transport Systems. This conference will focus on how materials interact with bacteria, and in developing an understanding the nature of these interactions. One possible outcome of this conference would be in coherently developing better materials that enhance positive tissue-cell/material interactions and simultaneously inhibiting bacterial colonization. This conference would provide an important forum for the exchange of ideas among not only the established and emerging leaders in this field but also the next generation of scientists, who will carry the field forward and integrate it into the broader context of advanced biomaterials. Exchange of ideas at the forefront of this important field, and definition of key pathways for the development of next generation infection-resisting biomaterials would be identified and shared amongst a broad array of scientists and engineers. Sessions will be organized covering a broad range of topics related to materials, and material-microbial interactions.&lt;br/&gt;&lt;br/&gt;Broader Impact: With this award, both graduate and undergraduate students would be able to present their research findings, and would provide them an opportunity in discussing potential career choices with individuals from academia, government, and industry. The broadest impact of this project would be the interdisciplinary scientific and professional training/experience that the various young researchers supported by NSF funds would have. These experiences will help train a diverse and interdisciplinary set of students who will integrate the new paradigm in designing novel materials in preventing bacterial infection.</AbstractNarration>
    <MinAmdLetterDate>03/26/2013</MinAmdLetterDate>
    <MaxAmdLetterDate>03/26/2013</MaxAmdLetterDate>
    <ARRAAmount/>
    <AwardID>1301740</AwardID>
    <Investigator>
      <FirstName>Matthew</FirstName>
      <LastName>Libera</LastName>
      <EmailAddress>mlibera@stevens.edu</EmailAddress>
      <StartDate>03/26/2013</StartDate>
      <EndDate/>
      <RoleCode>Principal Investigator</RoleCode>
    </Investigator>
    <Institution>
      <Name>Stevens Institute of Technology</Name>
      <CityName>HOBOKEN</CityName>
      <ZipCode>070305991</ZipCode>
      <PhoneNumber>2012168762</PhoneNumber>
      <StreetAddress>CASTLE POINT ON HUDSON</StreetAddress>
      <CountryName>United States</CountryName>
      <StateName>New Jersey</StateName>
      <StateCode>NJ</StateCode>
    </Institution>
    <ProgramElement>
      <Code>1491</Code>
      <Text>Cellular &amp; Biochem Engineering</Text>
    </ProgramElement>
    <ProgramElement>
      <Code>7623</Code>
      <Text>BIOMATERIALS PROGRAM</Text>
    </ProgramElement>
    <ProgramReference>
      <Code>020E</Code>
      <Text>TISSUE ENGINEERING</Text>
    </ProgramReference>
    <ProgramReference>
      <Code>7573</Code>
      <Text>BIO-RELATED MATERIALS RESEARCH</Text>
    </ProgramReference>
  </Award>
</rootTag>
