<?xml version="1.0" encoding="UTF-8"?>
<rootTag>
<Award>
<AwardTitle>Advanced Study Institute on Global Healthcare Grand Challenges and Opportunities Conference on July 21-26, 2013 in Antalya, Turkey</AwardTitle>
<AwardEffectiveDate>08/01/2013</AwardEffectiveDate>
<AwardExpirationDate>07/31/2017</AwardExpirationDate>
<AwardAmount>25000</AwardAmount>
<AwardInstrument>
<Value>Standard Grant</Value>
</AwardInstrument>
<Organization>
<Code>07020000</Code>
<Directorate>
<LongName>Directorate For Engineering</LongName>
</Directorate>
<Division>
<LongName>Div Of Chem, Bioeng, Env, &amp; Transp Sys</LongName>
</Division>
</Organization>
<ProgramOfficer>
<SignBlockName>Michele Grimm</SignBlockName>
</ProgramOfficer>
<AbstractNarration>PI: Metin Akay&lt;br/&gt;Proposal ID: 1301542&lt;br/&gt;&lt;br/&gt;The National Academy of Engineering announced the 14 Grand Challenges for Engineering at the annual meeting of the American Association for the Advancement of Science. The committee also praised biomedical and biological engineering as the research field to fulfill the promise of personalized medicine. Included among these 14 challenges were Reverse Engineering the Brain, Engineer better Medicines and Advance Health Informatics. An important way of exploiting such information would be through the development of methods that allow doctors to forecast the benefits and side effects of potential treatments or cures. "Reverse Engineering" the Brain, is an emerging discipline that helps us to understand how the brain works and treats several diseases. It furthermore helps us to develop computerized artificial intelligence. Advanced computer intelligence, in turn, should enable automated diagnosis and prescriptions for treatment. Computerized catalogs of health information will enhance the medical system's ability to track the spread of disease and analyze the comparative effectiveness of different approaches to prevention and therapy. Finally, engineering new medicines will help us fight the growing danger of attacks from novel disease-causing agents. For instance, certain deadly bacteria have repeatedly evolved new properties, conferring resistance against even the most powerful antibiotics. New viruses arise with the power to kill and spread more rapidly than disease-prevention systems are designed to counteract.&lt;br/&gt;&lt;br/&gt;Intellectual Merits: The main objective of the "Advanced Summer Institute on Global Healthcare--Challenges and Opportunities" is to highlight and discuss these emerging grand challenges, mainly focused on the latest advances in the areas of science, engineering, technology and medicine. The institute provides a unique environment to discuss the emerging research areas, challenges and opportunities which lead to very fruitful discussions.&lt;br/&gt;&lt;br/&gt;Broader Impacts: It exposes the attendees with biology and medicine backgrounds to the latest developments in these emerging enabling technologies. It is also helpful to those with engineering and science background who are interested in doing research in bionanoscience and nanomedicine, neuroscience and engineering since the advanced institute provides exceptional insights into the fundamental challenges in biology and medicine.</AbstractNarration>
<MinAmdLetterDate>07/18/2013</MinAmdLetterDate>
<MaxAmdLetterDate>04/28/2016</MaxAmdLetterDate>
<ARRAAmount/>
<AwardID>1301542</AwardID>
<Investigator>
<FirstName>Metin</FirstName>
<LastName>Akay</LastName>
<EmailAddress>makay58@gmail.com</EmailAddress>
<StartDate>07/18/2013</StartDate>
<EndDate/>
<RoleCode>Principal Investigator</RoleCode>
</Investigator>
<Institution>
<Name>University of Houston</Name>
<CityName>Houston</CityName>
<ZipCode>772042015</ZipCode>
<PhoneNumber>7137435773</PhoneNumber>
<StreetAddress>4800 Calhoun Boulevard</StreetAddress>
<CountryName>United States</CountryName>
<StateName>Texas</StateName>
<StateCode>TX</StateCode>
</Institution>
<ProgramElement>
<Code>5345</Code>
<Text>Engineering of Biomed Systems</Text>
</ProgramElement>
<ProgramReference>
<Code>004E</Code>
<Text>BIOMEDICAL ENG AND DIAGNOSTICS</Text>
</ProgramReference>
<ProgramReference>
<Code>017E</Code>
<Text>Cellular and Tissue Engineering</Text>
</ProgramReference>
<ProgramReference>
<Code>028E</Code>
<Text>BIOMECHANICS</Text>
</ProgramReference>
<ProgramReference>
<Code>137E</Code>
<Text>Neural-engineering</Text>
</ProgramReference>
<ProgramReference>
<Code>138E</Code>
<Text>Stem cells/regenerative medicine</Text>
</ProgramReference>
<ProgramReference>
<Code>7237</Code>
<Text>NANO NON-SOLIC SCI &amp; ENG AWD</Text>
</ProgramReference>
<ProgramReference>
<Code>7479</Code>
<Text>NANO AND BIO MECHANICS</Text>
</ProgramReference>
</Award>
</rootTag>
