<?xml version="1.0" encoding="UTF-8"?>
<rootTag>
<Award>
<AwardTitle>Midwest Dynamical Systems Seminar</AwardTitle>
<AwardEffectiveDate>07/01/2013</AwardEffectiveDate>
<AwardExpirationDate>06/30/2017</AwardExpirationDate>
<AwardAmount>64115</AwardAmount>
<AwardInstrument>
<Value>Continuing grant</Value>
</AwardInstrument>
<Organization>
<Code>03040000</Code>
<Directorate>
<LongName>Direct For Mathematical &amp; Physical Scien</LongName>
</Directorate>
<Division>
<LongName>Division Of Mathematical Sciences</LongName>
</Division>
</Organization>
<ProgramOfficer>
<SignBlockName>Edward Taylor</SignBlockName>
</ProgramOfficer>
<AbstractNarration>This award will provide three years of support for the Midwest Dynamical Systems Seminar (MWDS); the first occurrence of this conference to be funded by this grant will be  October 25-27, 2013 at Indiana University-Purdue University Indianapolis. The MWDS is one of the country's longest running and most influential analysis conference series: it has been in existence for over forty years, the last twenty-two with NSF support. The MWDS has  positively affected the careers of several generations of mathematicians. It is not possible to tabulate the number of mathematical papers that have resulted from the interactions that the event has fostered. The MDWS meets annually at venues all around the country, but primarily at locations in the Midwest.&lt;br/&gt;&lt;br/&gt;Among the many long-standing, recurring mathematical conferences in the US, the MWDS stands out as a model of successful efforts to ensure diversity and broaden participation. From its inception the MWDS has displayed as one of its hallmarks the inclusion of women, young mathematicians, and members of underrepresented groups. This will not change with the current award: the bulk of the forty individuals who will receive support for any meeting of the MWDS will be women and young mathematicians (graduate students, postdocs, untenured assistant professors).</AbstractNarration>
<MinAmdLetterDate>01/03/2013</MinAmdLetterDate>
<MaxAmdLetterDate>04/12/2015</MaxAmdLetterDate>
<ARRAAmount/>
<AwardID>1301021</AwardID>
<Investigator>
<FirstName>Rodrigo</FirstName>
<LastName>Perez</LastName>
<EmailAddress>rperez@math.iupui.edu</EmailAddress>
<StartDate>01/03/2013</StartDate>
<EndDate/>
<RoleCode>Co-Principal Investigator</RoleCode>
</Investigator>
<Investigator>
<FirstName>Michal</FirstName>
<LastName>Misiurewicz</LastName>
<EmailAddress>mmisiure@math.iupui.edu</EmailAddress>
<StartDate>08/06/2014</StartDate>
<EndDate/>
<RoleCode>Principal Investigator</RoleCode>
</Investigator>
<Investigator>
<FirstName>Bruce</FirstName>
<LastName>Kitchens</LastName>
<EmailAddress>bkitchens@math.iupui.edu</EmailAddress>
<StartDate>01/03/2013</StartDate>
<EndDate>08/06/2014</EndDate>
<RoleCode>Former Principal Investigator</RoleCode>
</Investigator>
<Institution>
<Name>Indiana University</Name>
<CityName>Bloomington</CityName>
<ZipCode>474013654</ZipCode>
<PhoneNumber>8128550516</PhoneNumber>
<StreetAddress>509 E 3RD ST</StreetAddress>
<CountryName>United States</CountryName>
<StateName>Indiana</StateName>
<StateCode>IN</StateCode>
</Institution>
<ProgramElement>
<Code>1281</Code>
<Text>ANALYSIS PROGRAM</Text>
</ProgramElement>
<ProgramReference>
<Code>7556</Code>
<Text>CONFERENCE AND WORKSHOPS</Text>
</ProgramReference>
</Award>
</rootTag>
