<?xml version="1.0" encoding="UTF-8"?>
<rootTag>
<Award>
<AwardTitle>Mechanisms of Nanoparticle Generation by Laser Ablation of Thin Films in Liquids</AwardTitle>
<AwardEffectiveDate>06/01/2013</AwardEffectiveDate>
<AwardExpirationDate>05/31/2017</AwardExpirationDate>
<AwardAmount>284059</AwardAmount>
<AwardInstrument>
<Value>Standard Grant</Value>
</AwardInstrument>
<Organization>
<Code>07030000</Code>
<Directorate>
<LongName>Directorate For Engineering</LongName>
</Directorate>
<Division>
<LongName>Div Of Civil, Mechanical, &amp; Manufact Inn</LongName>
</Division>
</Organization>
<ProgramOfficer>
<SignBlockName>Thomas F. Kuech</SignBlockName>
</ProgramOfficer>
<AbstractNarration>This grant will support a well-integrated collaborative experimental ? computational study of the mechanisms of nanoparticle generation in short pulse laser ablation of thin metal films and multi-layers in a liquid environment.  The key processes that control the generation of nanoparticles will be investigated in large-scale atomistic simulations and experiments performed for thin film targets embedded in common liquids, such as water, acetone, and toluene, and irradiated by short (femtosecond to nanosecond) laser pulses.  The detailed microscopic information on highly non-equilibrium processes of laser ablation and nanoparticle formation, revealed in the simulations, will be used to guide the experimental exploration of conditions that ensure fine control over the nanoparticle size distribution, structure and composition. The role of the spatial confinement of the deposited laser energy within the irradiated films and the interaction of the ejected ablation plume with liquid environment are among the key questions to be investigated computationally and in experiments.&lt;br/&gt;&lt;br/&gt;The results of this study will provide guidance for the design of experimental setups optimized for the generation of nanoparticles with structure and composition meeting the needs of particular applications. This will enable individual researchers to produce nanoparticles for their research projects that are not readily available commercially, or if they are, at a great cost. The generation of nanoparticles with a narrow size distribution and free of contaminants has a good potential to impact many applications, including biomedical research, nanoengineering of advanced materials, optoelectronics, and surface catalysis. The close interaction between Rutgers-Camden, a predominantly undergraduate institution, and the University of Virginia, a research-oriented institution, will provide unique educational opportunities to a diverse group of undergraduate and graduate students.</AbstractNarration>
<MinAmdLetterDate>05/23/2013</MinAmdLetterDate>
<MaxAmdLetterDate>03/02/2016</MaxAmdLetterDate>
<ARRAAmount/>
<AwardID>1301298</AwardID>
<Investigator>
<FirstName>Leonid</FirstName>
<LastName>Zhigilei</LastName>
<EmailAddress>lz2n@virginia.edu</EmailAddress>
<StartDate>05/23/2013</StartDate>
<EndDate/>
<RoleCode>Principal Investigator</RoleCode>
</Investigator>
<Institution>
<Name>University of Virginia Main Campus</Name>
<CityName>CHARLOTTESVILLE</CityName>
<ZipCode>229044195</ZipCode>
<PhoneNumber>4349244270</PhoneNumber>
<StreetAddress>P.O.  BOX 400195</StreetAddress>
<CountryName>United States</CountryName>
<StateName>Virginia</StateName>
<StateCode>VA</StateCode>
</Institution>
<ProgramElement>
<Code>1467</Code>
<Text>MATERIALS PROCESSING AND MANFG</Text>
</ProgramElement>
<ProgramElement>
<Code>1788</Code>
<Text>NANOMANUFACTURING</Text>
</ProgramElement>
<ProgramElement>
<Code>7298</Code>
<Text>COLLABORATIVE RESEARCH</Text>
</ProgramElement>
<ProgramElement>
<Code>8092</Code>
<Text>Materials Eng. &amp; Processing</Text>
</ProgramElement>
<ProgramReference>
<Code>024E</Code>
<Text>MATERIALS DESIGN</Text>
</ProgramReference>
<ProgramReference>
<Code>080E</Code>
<Text>DEFORMATION PROCESSES</Text>
</ProgramReference>
<ProgramReference>
<Code>083E</Code>
<Text>MATERIAL TRANSFORMATION PROC</Text>
</ProgramReference>
<ProgramReference>
<Code>088E</Code>
<Text>THERMALLY DRIVEN PROCESSES</Text>
</ProgramReference>
<ProgramReference>
<Code>116E</Code>
<Text>RESEARCH EXP FOR UNDERGRADS</Text>
</ProgramReference>
<ProgramReference>
<Code>5920</Code>
<Text>ITALY</Text>
</ProgramReference>
<ProgramReference>
<Code>7556</Code>
<Text>CONFERENCE AND WORKSHOPS</Text>
</ProgramReference>
<ProgramReference>
<Code>8025</Code>
<Text>Advanced Materials Processing</Text>
</ProgramReference>
<ProgramReference>
<Code>9146</Code>
<Text>MANUFACTURING BASE RESEARCH</Text>
</ProgramReference>
<ProgramReference>
<Code>9178</Code>
<Text>UNDERGRADUATE EDUCATION</Text>
</ProgramReference>
<ProgramReference>
<Code>9179</Code>
<Text>GRADUATE INVOLVEMENT</Text>
</ProgramReference>
<ProgramReference>
<Code>9231</Code>
<Text>SUPPL FOR UNDERGRAD RES ASSIST</Text>
</ProgramReference>
<ProgramReference>
<Code>9251</Code>
<Text>RES EXPER FOR UNDERGRAD-SUPPLT</Text>
</ProgramReference>
<ProgramReference>
<Code>MANU</Code>
<Text>MANUFACTURING</Text>
</ProgramReference>
</Award>
</rootTag>
