<?xml version="1.0" encoding="UTF-8"?>
<rootTag>
<Award>
<AwardTitle>Simulating quantum dynamical processed in photoexcited nanoscale molecular structures</AwardTitle>
<AwardEffectiveDate>09/15/2013</AwardEffectiveDate>
<AwardExpirationDate>08/31/2017</AwardExpirationDate>
<AwardAmount>420000</AwardAmount>
<AwardInstrument>
<Value>Continuing grant</Value>
</AwardInstrument>
<Organization>
<Code>03090000</Code>
<Directorate>
<LongName>Direct For Mathematical &amp; Physical Scien</LongName>
</Directorate>
<Division>
<LongName>Division Of Chemistry</LongName>
</Division>
</Organization>
<ProgramOfficer>
<SignBlockName>Evelyn M. Goldfield</SignBlockName>
</ProgramOfficer>
<AbstractNarration>David Coker of Boston University is supported by an award from the Chemical Theory, Models and Computational Methods Program in the Division of Chemistry program to study excited state dynamics in condensed phase systems. Using simulation and electronic structure methods,  Coker and his research group are developing accurate quantum mechanical techniques, in particular they are extending their partial linearized density matrix propagation approach to enable efficient and broader application.  They  are  1) exploring how exciton transport in biological and synthetic light harvesting systems is influenced by local variation of chromophore environment and chromophore density, 2) studying the dynamics of multi domain complexes in which exciton transport is followed by competing charge separation and recombination processes, 3) incorporating new semiclassical mapping Hamiltonian methods for treating dynamics of many electron systems into their partial linearized propagation approach to treat dense systems of strongly interacting chromophores, and 4) developing a new approach to sample the initial Wigner distribution characterizing multistate thermal equilibrium that is required for the general implementation of their quantum dynamics methods. &lt;br/&gt;&lt;br/&gt;In this research, Coker and his research group develop accurate methods for studying energy transfer and dynamics in photo-excited nanoscale molecular structure such as natural and synthetic light harvesting systems.  The research is aimed at fundamental understanding of biological light harvesting processes, such as photosynthesis, as well as enabling the digital design of new enhanced functional materials for alternative energy, such as solar fuel production and photovoltaic applications.  The research also is relevant to quantum information science.</AbstractNarration>
<MinAmdLetterDate>09/03/2013</MinAmdLetterDate>
<MaxAmdLetterDate>07/02/2014</MaxAmdLetterDate>
<ARRAAmount/>
<AwardID>1301157</AwardID>
<Investigator>
<FirstName>David</FirstName>
<LastName>Coker</LastName>
<EmailAddress>coker@bu.edu</EmailAddress>
<StartDate>09/03/2013</StartDate>
<EndDate/>
<RoleCode>Principal Investigator</RoleCode>
</Investigator>
<Institution>
<Name>Trustees of Boston University</Name>
<CityName>BOSTON</CityName>
<ZipCode>022151300</ZipCode>
<PhoneNumber>6173534365</PhoneNumber>
<StreetAddress>881 COMMONWEALTH AVE</StreetAddress>
<CountryName>United States</CountryName>
<StateName>Massachusetts</StateName>
<StateCode>MA</StateCode>
</Institution>
<ProgramElement>
<Code>6881</Code>
<Text>Theory, Models, Comput. Method</Text>
</ProgramElement>
<ProgramReference>
<Code>7203</Code>
<Text>QUANTUM INFORMATION SCIENCE</Text>
</ProgramReference>
<ProgramReference>
<Code>8396</Code>
<Text>Clean Energy Technology</Text>
</ProgramReference>
<ProgramReference>
<Code>8607</Code>
<Text>Solar Energy Capture&amp;Conver</Text>
</ProgramReference>
<ProgramReference>
<Code>9263</Code>
<Text>COMPUTATIONAL SCIENCE &amp; ENGING</Text>
</ProgramReference>
</Award>
</rootTag>
