<?xml version="1.0" encoding="UTF-8"?>
<rootTag>
<Award>
<AwardTitle>Rational Design of Eco-Friendly Homogeneous Catalysis by Rhodium- and Ruthenium-Catalyzed C-H Bond Activation and Decarboxylation</AwardTitle>
<AwardEffectiveDate>08/01/2013</AwardEffectiveDate>
<AwardExpirationDate>07/31/2016</AwardExpirationDate>
<AwardAmount>410000</AwardAmount>
<AwardInstrument>
<Value>Continuing grant</Value>
</AwardInstrument>
<Organization>
<Code>03090000</Code>
<Directorate>
<LongName>Direct For Mathematical &amp; Physical Scien</LongName>
</Directorate>
<Division>
<LongName>Division Of Chemistry</LongName>
</Division>
</Organization>
<ProgramOfficer>
<SignBlockName>George Janini</SignBlockName>
</ProgramOfficer>
<AbstractNarration>The Division of Chemistry supports the efforts of Professor Pinjing Zhao of North Dakota State University Fargo for catalyst development and increased mechanistic understanding of rhodium-and ruthenium-mediated carbon-hydrogen (C-H) bond activation and decarboxylation.  This research project develops the [3+2] reaction of unsubstituted imines, further develops catalytic C-H alkylation of electron deficient arenes, and investigates rhodium-mediated stoichiometric and catalytic decarboxylation.   A number of rhodium(I) and ruthenium(II) complexes with phosphine  and N-heterocyclic carbene (NHC) ligands are isolated and characterized.  The research plan is integrated with educational and outreach activities through the COINS (Career Opportunities In Natural Sciences) Program.  This program encourages undergraduate and graduate students to explore various career opportunities in the natural sciences and reaches out to rural communities in the region to enhance public awareness of scientific research and career opportunities.  &lt;br/&gt;&lt;br/&gt;The NSF Division of Chemistry supports the efforts of Professor Pinjing Zhao of North Dakota State University Fargo for the development of transition metal-based homogeneous catalysts.  Rational design of efficient catalytic processes relies heavily on mechanistic understanding of relevant elementary organometallic reactions. Towards this goal, Professor Zhao and his group develop metal-catalyzed coupling reactions for the efficient carbon-carbon and carbon-nitrogen bond formations needed for the synthesis of new pharmaceuticals and commodity chemicals.  In addition to his research, Professor Zhao initiated and leads the educational and outreach program, Career Opportunities in Natural Sciences (COINS).  Through this award and the COINS Program, Professor Zhao organizes annual summer workshops for 15-20 high school students and their science teachers in rural North Dakota and western Minnesota.  Students and faculty participate in discussions on the social and economic impacts of research advances, technology transfer and commercialization, and career opportunities in chemistry and other natural sciences.</AbstractNarration>
<MinAmdLetterDate>07/11/2013</MinAmdLetterDate>
<MaxAmdLetterDate>06/21/2014</MaxAmdLetterDate>
<ARRAAmount/>
<AwardID>1301409</AwardID>
<Investigator>
<FirstName>Pinjing</FirstName>
<LastName>Zhao</LastName>
<EmailAddress>pinjing.zhao@ndsu.edu</EmailAddress>
<StartDate>07/11/2013</StartDate>
<EndDate/>
<RoleCode>Principal Investigator</RoleCode>
</Investigator>
<Institution>
<Name>North Dakota State University Fargo</Name>
<CityName>FARGO</CityName>
<ZipCode>581086050</ZipCode>
<PhoneNumber>7012318045</PhoneNumber>
<StreetAddress>Dept 4000 - PO Box 6050</StreetAddress>
<CountryName>United States</CountryName>
<StateName>North Dakota</StateName>
<StateCode>ND</StateCode>
</Institution>
<ProgramElement>
<Code>6884</Code>
<Text>Chemical Catalysis</Text>
</ProgramElement>
<ProgramElement>
<Code>9150</Code>
<Text>EPSCoR Co-Funding</Text>
</ProgramElement>
<ProgramReference>
<Code>1401</Code>
<Text>CATALYSIS AND BIOCATALYSIS</Text>
</ProgramReference>
<ProgramReference>
<Code>9146</Code>
<Text>MANUFACTURING BASE RESEARCH</Text>
</ProgramReference>
<ProgramReference>
<Code>9150</Code>
<Text>EXP PROG TO STIM COMP RES</Text>
</ProgramReference>
<ProgramReference>
<Code>9161</Code>
<Text>SINGLE DIVISION/UNIVERSITY</Text>
</ProgramReference>
</Award>
</rootTag>
