<?xml version="1.0" encoding="UTF-8"?>
<rootTag>
<Award>
<AwardTitle>Greater Philadelphia Region LSAMP Bridge to the Doctorate (Cohort XI) Program</AwardTitle>
<AwardEffectiveDate>09/15/2013</AwardEffectiveDate>
<AwardExpirationDate>08/31/2016</AwardExpirationDate>
<AwardAmount>987000</AwardAmount>
<AwardInstrument>
<Value>Standard Grant</Value>
</AwardInstrument>
<Organization>
<Code>11060000</Code>
<Directorate>
<LongName>Direct For Education and Human Resources</LongName>
</Directorate>
<Division>
<LongName>Division Of Human Resource Development</LongName>
</Division>
</Organization>
<ProgramOfficer>
<SignBlockName>Martha L. James</SignBlockName>
</ProgramOfficer>
<AbstractNarration>Drexel University, as a representative of the Greater Philadelphia Region Louis Stokes Alliance for&lt;br/&gt;Minority Participation (Philadelphia AMP), requests Bridge to the Doctorate funding for a two-year&lt;br/&gt;period for a Cohort XI program, to expand and intensify the consortium's on-going efforts to substantially&lt;br/&gt;increase the number of qualified African American, Hispanic and Native American (hereafter referred to&lt;br/&gt;as "minority") students entering graduate study in science, technology, engineering and mathematics&lt;br/&gt;(STEM), attaining doctoral degrees, and moving into the professoriate. The Philadelphia AMP represents&lt;br/&gt;a diverse alliance of nine institutions consisting of public and private, 2- and 4-year research and nonresearch,&lt;br/&gt;Historically Black Colleges and Universities (HBCUs) and majority institutions.&lt;br/&gt;&lt;br/&gt;&lt;br/&gt;The goals of Philadelphia AMP's Bridge to the Doctorate (Cohort XI) project are to: (1) recruit twelve&lt;br/&gt;students into Master's or Ph.D. degree programs at Drexel University; (2) retain these students through the&lt;br/&gt;completion of the Master's or Ph.D. program, providing the Master?s students with full qualifications for&lt;br/&gt;admission into a highly regarded Ph.D. program in their chosen STEM specialty with full financial&lt;br/&gt;support; (3) enable the Master's student' admission and smooth transition into a Ph.D. program; and (4)&lt;br/&gt;monitor all student progress through Ph.D. completion into the professoriate and beyond. We aim to have&lt;br/&gt;100% of these students successfully complete their graduate study and enter a STEM career, with many&lt;br/&gt;progressing into the professoriate at institutions of higher education.</AbstractNarration>
<MinAmdLetterDate>09/06/2013</MinAmdLetterDate>
<MaxAmdLetterDate>02/09/2016</MaxAmdLetterDate>
<ARRAAmount/>
<AwardID>1301917</AwardID>
<Investigator>
<FirstName>Stephen</FirstName>
<LastName>Cox</LastName>
<EmailAddress>srcox@drexel.edu</EmailAddress>
<StartDate>09/06/2013</StartDate>
<EndDate/>
<RoleCode>Co-Principal Investigator</RoleCode>
</Investigator>
<Investigator>
<FirstName>Mark</FirstName>
<LastName>Greenberg</LastName>
<EmailAddress>greenberg@drexel.edu</EmailAddress>
<StartDate>09/06/2013</StartDate>
<EndDate>10/28/2014</EndDate>
<RoleCode>Former Principal Investigator</RoleCode>
</Investigator>
<Investigator>
<FirstName>James</FirstName>
<LastName>Herbert</LastName>
<EmailAddress>james.herbert@drexel.edu</EmailAddress>
<StartDate>10/28/2014</StartDate>
<EndDate>02/09/2016</EndDate>
<RoleCode>Former Principal Investigator</RoleCode>
</Investigator>
<Investigator>
<FirstName>Malworsth</FirstName>
<LastName>Blake</LastName>
<EmailAddress>MBrian.Blake@drexel.edu</EmailAddress>
<StartDate>02/09/2016</StartDate>
<EndDate/>
<RoleCode>Principal Investigator</RoleCode>
</Investigator>
<Institution>
<Name>Drexel University</Name>
<CityName>Philadelphia</CityName>
<ZipCode>191021119</ZipCode>
<PhoneNumber>2158955849</PhoneNumber>
<StreetAddress>1505 Race St, 10th Floor</StreetAddress>
<CountryName>United States</CountryName>
<StateName>Pennsylvania</StateName>
<StateCode>PA</StateCode>
</Institution>
<ProgramElement>
<Code>9133</Code>
<Text>ALLIANCES-MINORITY PARTICIPAT.</Text>
</ProgramElement>
<ProgramReference>
<Code>9179</Code>
<Text>GRADUATE INVOLVEMENT</Text>
</ProgramReference>
</Award>
</rootTag>
