<?xml version="1.0" encoding="UTF-8"?>
<rootTag>
<Award>
<AwardTitle>Hypergraphs, Ramsey Theory and Extremal Combinatorics</AwardTitle>
<AwardEffectiveDate>06/01/2013</AwardEffectiveDate>
<AwardExpirationDate>05/31/2018</AwardExpirationDate>
<AwardAmount>285064</AwardAmount>
<AwardInstrument>
<Value>Continuing grant</Value>
</AwardInstrument>
<Organization>
<Code>03040000</Code>
<Directorate>
<LongName>Direct For Mathematical &amp; Physical Scien</LongName>
</Directorate>
<Division>
<LongName>Division Of Mathematical Sciences</LongName>
</Division>
</Organization>
<ProgramOfficer>
<SignBlockName>Tomek Bartoszynski</SignBlockName>
</ProgramOfficer>
<AbstractNarration>The proposed research concentrates mainly on problems in Ramsey theory and on extremal graph and hypergraph theory. Both of these areas belong to the mainstream of contemporary discrete mathematics and are often motivated by applications in other areas, such as theoretical computer science. In tackling these problems, a variety of combinatorial methods will be used, such as probabilistic methods and applications of regularity techniques. The PI also plans to develop new techniques leading to the construction of graphs with certain special properties. The Ramsey type problems suggested in the proposal include the investigation of the asymptotic behavior of hypergraph Ramsey numbers, of induced Ramsey numbers, of size-Ramsey numbers, as well of the Erdos-Rogers function. The PI also intends to study some problems in structural Ramsey theory. The extremal problems that the PI intends to investigate include Ramsey-Turán problems and the study of Hamilton cycles and matchings in hypergraphs, as well as extremal problems regarding random subsets of integers.&lt;br/&gt;&lt;br/&gt;This research will serve as a basis for the mentoring activities of the PI. Concepts and questions of combinatorial character appear naturally in other branches of mathematics and, more broadly speaking, in computer science and in the physical, biological, and social sciences, making combinatorial mathematics of interest not only within mathematics itself, but within the sciences as a whole.</AbstractNarration>
<MinAmdLetterDate>04/23/2013</MinAmdLetterDate>
<MaxAmdLetterDate>06/10/2017</MaxAmdLetterDate>
<ARRAAmount/>
<AwardID>1301698</AwardID>
<Investigator>
<FirstName>Vojtech</FirstName>
<LastName>Rodl</LastName>
<EmailAddress>rodl@mathcs.emory.edu</EmailAddress>
<StartDate>04/23/2013</StartDate>
<EndDate/>
<RoleCode>Principal Investigator</RoleCode>
</Investigator>
<Institution>
<Name>Emory University</Name>
<CityName>Atlanta</CityName>
<ZipCode>303224250</ZipCode>
<PhoneNumber>4047272503</PhoneNumber>
<StreetAddress>1599 Clifton Rd NE, 4th Floor</StreetAddress>
<CountryName>United States</CountryName>
<StateName>Georgia</StateName>
<StateCode>GA</StateCode>
</Institution>
<ProgramElement>
<Code>7970</Code>
<Text>Combinatorics</Text>
</ProgramElement>
</Award>
</rootTag>
