<?xml version="1.0" encoding="UTF-8"?>
<rootTag>
<Award>
<AwardTitle>Fourier Coefficients, L-functions, and Endoscopy Correspondences of Automorphic Forms</AwardTitle>
<AwardEffectiveDate>09/01/2013</AwardEffectiveDate>
<AwardExpirationDate>08/31/2016</AwardExpirationDate>
<AwardAmount>181146</AwardAmount>
<AwardInstrument>
<Value>Continuing grant</Value>
</AwardInstrument>
<Organization>
<Code>03040000</Code>
<Directorate>
<LongName>Direct For Mathematical &amp; Physical Scien</LongName>
</Directorate>
<Division>
<LongName>Division Of Mathematical Sciences</LongName>
</Division>
</Organization>
<ProgramOfficer>
<SignBlockName>Matthew  Douglass</SignBlockName>
</ProgramOfficer>
<AbstractNarration>The PI, Dihua Jiang, has been working on some basic problems related to  Automorphic L-functions and explicit Langlands functorial transfers for square-integrable automorphic forms. He investigates the basic structures of the discrete spectrum of automorphic forms and the related problems on the Langlands functoriality. In the local theory, his research attacks the local Langlands conjectures and related basic problems in harmonic analysis of p-adic groups. His long term goal is to understand the general local-global-automorphic principles in the theory of automorphic forms, which reflects one of the basic principles in the arithmetic and number theory.&lt;br/&gt;&lt;br/&gt;The PI, Dihua Jiang, is an expert in the modern theory of automorphic forms and the Langlands Program. Automorphic forms are functions with abundant symmetries. These symmetries are the guidelines to understand the intrinsic structures of objects in our universe. In Mathematics, these symmetries are common grounds for many different theories such as Geometry, Number Theory, Mathematical Physics, Algebra and Analysis. Hence the modern theory of automorphic forms, essentially the Langlands program, provides the organizing principle for further research in these areas. The research of Dihua Jiang establishes basic structures for automorphic forms and hence &lt;br/&gt;yields essential contribution to the Langlands program.</AbstractNarration>
<MinAmdLetterDate>09/03/2013</MinAmdLetterDate>
<MaxAmdLetterDate>05/20/2015</MaxAmdLetterDate>
<ARRAAmount/>
<AwardID>1301567</AwardID>
<Investigator>
<FirstName>Dihua</FirstName>
<LastName>Jiang</LastName>
<EmailAddress>dhjiang@math.umn.edu</EmailAddress>
<StartDate>09/03/2013</StartDate>
<EndDate/>
<RoleCode>Principal Investigator</RoleCode>
</Investigator>
<Institution>
<Name>University of Minnesota-Twin Cities</Name>
<CityName>Minneapolis</CityName>
<ZipCode>554552070</ZipCode>
<PhoneNumber>6126245599</PhoneNumber>
<StreetAddress>200 OAK ST SE</StreetAddress>
<CountryName>United States</CountryName>
<StateName>Minnesota</StateName>
<StateCode>MN</StateCode>
</Institution>
<ProgramElement>
<Code>1264</Code>
<Text>ALGEBRA,NUMBER THEORY,AND COM</Text>
</ProgramElement>
</Award>
</rootTag>
