<?xml version="1.0" encoding="UTF-8"?>
<rootTag>
<Award>
<AwardTitle>NSF EUV ERC RET in Engineering &amp; Computer Science Site Program</AwardTitle>
<AwardEffectiveDate>02/01/2014</AwardEffectiveDate>
<AwardExpirationDate>09/30/2019</AwardExpirationDate>
<AwardAmount>328681</AwardAmount>
<AwardInstrument>
<Value>Standard Grant</Value>
</AwardInstrument>
<Organization>
<Code>07050000</Code>
<Directorate>
<LongName>Directorate For Engineering</LongName>
</Directorate>
<Division>
<LongName>Div Of Engineering Education and Centers</LongName>
</Division>
</Organization>
<ProgramOfficer>
<SignBlockName>Mary Poats</SignBlockName>
</ProgramOfficer>
<AbstractNarration>This award provides funding for a three year standard award to support a Research Experiences for Teachers (RET) in Engineering and Computer Science Site program at the Colorado State University (CSU) entitled, "NSF Center for Extreme Ultraviolet Science and Technology (EUV ERC): Research Experience for Teachers in Engineering and Computer Science Site Program", under the direction of Dr. Jorge J. Rocca. The focus of this RET Site program, which will be located at CSU, the University of Colorado, Boulder (CU), and the University of California, Berkeley (UC Berkeley) is to immerse teachers in research and engineering applications of Extreme Ultraviolet light (EUV), science and technology that includes; laser development and design, ultra-high resolution microscopy, metrology, lithography for the manufacture fabrication of the next generation of computer chips, as well as element- and chemically-specific materials fabrication for new nano-scale devices. Through participation in scientific and engineering research, teachers will gain new knowledge and insights into how scientific and engineering core concepts are applied to the design and creation of engineered systems. This new content knowledge will enable them modify and build new classroom curriculum. Few places in the world offer this unique research focus area in the EUV sciences. The collaborative ERC research model offers a unique opportunity for teachers to truly experience the benefits of collaboration and networking for sustainability. In this multi-institution research Center approach teachers gain experience in collaborative learning, research, and experimentation involving more people, resources, and research techniques than they would if they were contained at a single research site.&lt;br/&gt;&lt;br/&gt;The EUV Center is one of the few academic and research centers that exist in the world that can support the training of a new generation of STEM teachers (pre-service and high school) proficient in EUV science core concepts. This RET Site program builds on the strength of the existing infrastructure of the Center to offer world-class opportunities for teachers to gain research experience that will prepare them to teach and translate new learned content into the classroom. The RET site will improve STEM teaching and learning for a total of 30 teachers (10 per year for 3 years). The experiences will be reinforced and sustained by continued development and reflection during the academic year, with connections to all three Center sites. Each teacher participant will impact over 125 students in the school year following the RET, which means that each year approximately 1125 students will experience hands-on learning of optics, lasers, and EUV science and technology.</AbstractNarration>
<MinAmdLetterDate>08/28/2013</MinAmdLetterDate>
<MaxAmdLetterDate>06/30/2014</MaxAmdLetterDate>
<ARRAAmount/>
<AwardID>1301436</AwardID>
<Investigator>
<FirstName>Jorge</FirstName>
<LastName>Rocca</LastName>
<EmailAddress>rocca@engr.colostate.edu</EmailAddress>
<StartDate>08/28/2013</StartDate>
<EndDate/>
<RoleCode>Principal Investigator</RoleCode>
</Investigator>
<Investigator>
<FirstName>Michael</FirstName>
<LastName>De Miranda</LastName>
<EmailAddress>mdemira@colostate.edu</EmailAddress>
<StartDate>08/28/2013</StartDate>
<EndDate/>
<RoleCode>Co-Principal Investigator</RoleCode>
</Investigator>
<Institution>
<Name>Colorado State University</Name>
<CityName>Fort Collins</CityName>
<ZipCode>805232002</ZipCode>
<PhoneNumber>9704916355</PhoneNumber>
<StreetAddress>601 S Howes St</StreetAddress>
<CountryName>United States</CountryName>
<StateName>Colorado</StateName>
<StateCode>CO</StateCode>
</Institution>
<ProgramElement>
<Code>1359</Code>
<Text>RES EXP FOR TEACHERS(RET)-SITE</Text>
</ProgramElement>
<ProgramElement>
<Code>7218</Code>
<Text>RET SUPPLEMENTS</Text>
</ProgramElement>
<ProgramReference>
<Code>115E</Code>
<Text>RESEARCH EXP FOR TEACHERS</Text>
</ProgramReference>
<ProgramReference>
<Code>7218</Code>
<Text>RET SUPPLEMENTS</Text>
</ProgramReference>
<ProgramReference>
<Code>8808</Code>
<Text>Veterans Research Supplements</Text>
</ProgramReference>
<ProgramReference>
<Code>9177</Code>
<Text>ELEMENTARY/SECONDARY EDUCATION</Text>
</ProgramReference>
</Award>
</rootTag>
