<?xml version="1.0" encoding="UTF-8"?>
<rootTag>
<Award>
<AwardTitle>Complex and Real Low Dimensional Dynamics</AwardTitle>
<AwardEffectiveDate>07/01/2013</AwardEffectiveDate>
<AwardExpirationDate>06/30/2018</AwardExpirationDate>
<AwardAmount>435000</AwardAmount>
<AwardInstrument>
<Value>Continuing grant</Value>
</AwardInstrument>
<Organization>
<Code>03040000</Code>
<Directorate>
<LongName>Direct For Mathematical &amp; Physical Scien</LongName>
</Directorate>
<Division>
<LongName>Division Of Mathematical Sciences</LongName>
</Division>
</Organization>
<ProgramOfficer>
<SignBlockName>Edward Taylor</SignBlockName>
</ProgramOfficer>
<AbstractNarration>We propose a research program on several intertwined geometric themes of complex and real low-dimensional dynamics, primarily on the polynomial dynamics on the Riemann sphere and the dynamics in the dissipative real and complex Henon family. Most of these themes are unified by the idea of renormalization as a powerful tool of penetrating into small-scale structure of dynamical objects, aimed towards their complete classification. We particularly emphasize the following themes: the problem of local connectivity of the Mandelbrot set, Feigenbaum Julia sets of positive area and Siegel Renormalization Theory, the Palis Conjecture on finiteness of attractors for strongly dissipative real Henon maps, and stability and bifurcations for moderately dissipative complex Henon maps.&lt;br/&gt;&lt;br/&gt;The proposed activity will result in deeper insights into small scale structure of dynamical systems, in training of highly qualified graduate students and postdocs who will apply their skills in academia and industry, in broader interactions between experts in various branches of real and complex dynamics, in promotion of communication between the field of dynamics and related areas of physics and applied mathematics.</AbstractNarration>
<MinAmdLetterDate>04/17/2013</MinAmdLetterDate>
<MaxAmdLetterDate>06/01/2015</MaxAmdLetterDate>
<ARRAAmount/>
<AwardID>1301602</AwardID>
<Investigator>
<FirstName>Mikhail</FirstName>
<LastName>Lyubich</LastName>
<EmailAddress>mlyubich@math.sunysb.edu</EmailAddress>
<StartDate>04/17/2013</StartDate>
<EndDate/>
<RoleCode>Principal Investigator</RoleCode>
</Investigator>
<Institution>
<Name>SUNY at Stony Brook</Name>
<CityName>Stony Brook</CityName>
<ZipCode>117940001</ZipCode>
<PhoneNumber>6316329949</PhoneNumber>
<StreetAddress>WEST 5510 FRK MEL LIB</StreetAddress>
<CountryName>United States</CountryName>
<StateName>New York</StateName>
<StateCode>NY</StateCode>
</Institution>
<ProgramElement>
<Code>1281</Code>
<Text>ANALYSIS PROGRAM</Text>
</ProgramElement>
</Award>
</rootTag>
