<?xml version="1.0" encoding="UTF-8"?>
<rootTag>
<Award>
<AwardTitle>RET in Engineering and Computer Science Site for Machine Learning, Big Data and Computer Science Principles</AwardTitle>
<AwardEffectiveDate>07/01/2013</AwardEffectiveDate>
<AwardExpirationDate>12/31/2016</AwardExpirationDate>
<AwardAmount>499989</AwardAmount>
<AwardInstrument>
<Value>Standard Grant</Value>
</AwardInstrument>
<Organization>
<Code>05050000</Code>
<Directorate>
<LongName>Direct For Computer &amp; Info Scie &amp; Enginr</LongName>
</Directorate>
<Division>
<LongName>Division Of Computer and Network Systems</LongName>
</Division>
</Organization>
<ProgramOfficer>
<SignBlockName>Harriet G. Taylor</SignBlockName>
</ProgramOfficer>
<AbstractNarration>This award establishes a new Research Experiences for Teachers site at Drexel University. The Drexel team plans to create a summer research institute in computer science for STEM high school teachers and 2-year college faculty in the City of Philadelphia and Greater Philadelphia Metropolitan Area.   Teachers will spend the time performing research with faculty and students in the associated labs and initiating work on educational modules for use at their home institutions. They will prepare poster presentations and videos summarizing their projects, initial accomplishments, further expectations and descriptions of their modules.   Participants will remain engaged year-round by participating in Teacher2Teacher discussion groups, facilitated by the Math Forum@Drexel. They will also visit campus for quarterly meetings, culminating in a 1-day showcase event in the spring to present results, materials and posters, and to which their colleagues and students are invited.  The objectives of the program are to build partnerships between high schools, community colleges and the university, introduce teachers to cutting edge research in the computer science community, inform and excite them about computer science principles and computational thinking, produce learning materials for use in high school and community college STEM curricula, and expand the pipeline of students studying STEM and computing curricula in college.&lt;br/&gt;&lt;br/&gt;Intellectual Merit: The intellectual merit is in the strong research expertise of the participating faculty in research as well as their significant experience with pre-college education.  The focus is on important themes of big data and machine learning which are areas that are current and of importance all citizens. The translation of the research experiences into modules compatible with Computer Science Principles should also add to the significant body of work linking fundamental computer science to classroom practice and applications.   &lt;br/&gt;&lt;br/&gt;Broader Impacts: The project makes significant outreach to the greater Philadelphia metropolitan area, with a population exceeding 5 million, and the eighth largest school district in the USA. The Math Forum involves a substantial community of mathematics teachers and professionals, providing a variety of services and resources. Through the partnership with these organizations and dissemination through other widely used services, the team expects to provide significant impact for these activities.</AbstractNarration>
<MinAmdLetterDate>03/01/2013</MinAmdLetterDate>
<MaxAmdLetterDate>03/01/2013</MaxAmdLetterDate>
<ARRAAmount/>
<AwardID>1301171</AwardID>
<Investigator>
<FirstName>Mary Jo</FirstName>
<LastName>Grdina</LastName>
<EmailAddress>mfg29@drexel.edu</EmailAddress>
<StartDate>03/01/2013</StartDate>
<EndDate/>
<RoleCode>Co-Principal Investigator</RoleCode>
</Investigator>
<Investigator>
<FirstName>Jeffrey</FirstName>
<LastName>Popyack</LastName>
<EmailAddress>JPopyack@CS.Drexel.edu</EmailAddress>
<StartDate>03/01/2013</StartDate>
<EndDate/>
<RoleCode>Principal Investigator</RoleCode>
</Investigator>
<Institution>
<Name>Drexel University</Name>
<CityName>Philadelphia</CityName>
<ZipCode>191021119</ZipCode>
<PhoneNumber>2158955849</PhoneNumber>
<StreetAddress>1505 Race St, 10th Floor</StreetAddress>
<CountryName>United States</CountryName>
<StateName>Pennsylvania</StateName>
<StateCode>PA</StateCode>
</Institution>
<ProgramElement>
<Code>1359</Code>
<Text>RES EXP FOR TEACHERS(RET)-SITE</Text>
</ProgramElement>
<ProgramReference>
<Code>1359</Code>
<Text>RES EXP FOR TEACHERS(RET)-SITE</Text>
</ProgramReference>
</Award>
</rootTag>
