<?xml version="1.0" encoding="UTF-8"?>
<rootTag>
<Award>
<AwardTitle>Optimal Spatiotemporal Reduced Order Modeling for Nonlinear Structural Dynamics</AwardTitle>
<AwardEffectiveDate>09/01/2013</AwardEffectiveDate>
<AwardExpirationDate>08/31/2017</AwardExpirationDate>
<AwardAmount>360682</AwardAmount>
<AwardInstrument>
<Value>Standard Grant</Value>
</AwardInstrument>
<Organization>
<Code>07030000</Code>
<Directorate>
<LongName>Directorate For Engineering</LongName>
</Directorate>
<Division>
<LongName>Div Of Civil, Mechanical, &amp; Manufact Inn</LongName>
</Division>
</Organization>
<ProgramOfficer>
<SignBlockName>Irina Dolinskaya</SignBlockName>
</ProgramOfficer>
<AbstractNarration>The overall goal of this project is to formulate optimal, data driven, reduced order modeling (ROM) frameworks for significantly faster and more accurate computational predictions of nonlinear dynamical systems. The modeling framework is based upon the optimal prediction formalism and includes information in the form of relevant spatiotemporal correlations. To achieve the overall project goal, the work will a) apply the method to variational (weak) forms and b) investigate, using the ROM methodology and fully resolved simulation, two problems in nonlinear structural dynamics which are expected to exhibit complex spatial and temporal (scale) characteristics.  The two specific problems to be investigated are:  1) turbulent behavior of isotropic plate vibration and 2) vibration characteristics of three-dimensional continua with anisotropic constitutive relationships.&lt;br/&gt;&lt;br/&gt;Reduced order modeling is an integral part of the engineering design process as fully resolved simulation is still too expensive to be practical for parametric and optimization studies. The advances in reduced order simulation provided by the work will have significant impact on the ability to provide fast and reliable simulation to aid in the innovation of new engineering products. Results and ideas generated from the project will be disseminated through peer-reviewed publication and conference attendance. In order to introduce students to the important concept of reduced order simulation, a new graduate level course on the subject will be developed at The University of Oklahoma. To further broaden the impact of the work, underrepresented groups (undergraduates in general, women and minority students) will be actively recruited to participate both directly in the research activities and indirectly through a new course.</AbstractNarration>
<MinAmdLetterDate>08/09/2013</MinAmdLetterDate>
<MaxAmdLetterDate>08/09/2013</MaxAmdLetterDate>
<ARRAAmount/>
<AwardID>1301093</AwardID>
<Investigator>
<FirstName>Prakash</FirstName>
<LastName>Vedula</LastName>
<EmailAddress>pvedula@ou.edu</EmailAddress>
<StartDate>08/09/2013</StartDate>
<EndDate/>
<RoleCode>Co-Principal Investigator</RoleCode>
</Investigator>
<Investigator>
<FirstName>Peter</FirstName>
<LastName>Attar</LastName>
<EmailAddress>peter.attar@ou.edu</EmailAddress>
<StartDate>08/09/2013</StartDate>
<EndDate/>
<RoleCode>Principal Investigator</RoleCode>
</Investigator>
<Institution>
<Name>University of Oklahoma Norman Campus</Name>
<CityName>NORMAN</CityName>
<ZipCode>730199705</ZipCode>
<PhoneNumber>4053254757</PhoneNumber>
<StreetAddress>201 Stephenson Parkway</StreetAddress>
<CountryName>United States</CountryName>
<StateName>Oklahoma</StateName>
<StateCode>OK</StateCode>
</Institution>
<ProgramElement>
<Code>7478</Code>
<Text>DYNAMICAL SYSTEMS</Text>
</ProgramElement>
<ProgramReference>
<Code>034E</Code>
<Text>Dynamical systems</Text>
</ProgramReference>
<ProgramReference>
<Code>035E</Code>
<Text>NOISE, ACOUSTICS, VIBRATIONS</Text>
</ProgramReference>
<ProgramReference>
<Code>8024</Code>
<Text>Complex Systems</Text>
</ProgramReference>
<ProgramReference>
<Code>9150</Code>
<Text>EXP PROG TO STIM COMP RES</Text>
</ProgramReference>
</Award>
</rootTag>
