<?xml version="1.0" encoding="UTF-8"?>
<rootTag>
<Award>
<AwardTitle>INTEGRABLE COMBINATORICS</AwardTitle>
<AwardEffectiveDate>08/01/2013</AwardEffectiveDate>
<AwardExpirationDate>07/31/2017</AwardExpirationDate>
<AwardAmount>250002</AwardAmount>
<AwardInstrument>
<Value>Continuing grant</Value>
</AwardInstrument>
<Organization>
<Code>03040000</Code>
<Directorate>
<LongName>Direct For Mathematical &amp; Physical Scien</LongName>
</Directorate>
<Division>
<LongName>Division Of Mathematical Sciences</LongName>
</Division>
</Organization>
<ProgramOfficer>
<SignBlockName>Tomek Bartoszynski</SignBlockName>
</ProgramOfficer>
<AbstractNarration>We consider combinatorial objects such as: plane partitions, alternating sign matrices, tilings, multi-degree of matrix varieties. We approach their enumeration in the light of their common underlying integrable structure. A sign of integrability is the possibility of enumeration via models of weighted non-intersecting paths on graphs. Another is the existence of some underlying quantum group symmetry which allows to perform computations via representation theory. We also address cluster algebras, introduced by Fomin and Zelevinsky, with a wide range of applications in mathematics (Teichm\"uller theory, total positivity, somos-like sequences, quantum groups, triangulated categories) as well as in physics (Donaldson-Thomas invariants, wall-crossing, dimer models). We will concentrate on applications to discrete integrable evolution equations, and try to prove the Laurent positivity conjecture of cluster algebras in this context, by use of graph statistical models.&lt;br/&gt;&lt;br/&gt;This proposal aims at developing a new field: Integrable Combinatorics. The general idea is to solve combinatorial problems by use of concepts and techniques borrowed from the statistical physics of integrable systems. We have learnt from physics that symmetries determine much of the structure of matter or particles. Analogously, hidden symmetries underlying simple yet hard combinatorial problems can shed a new light and sometimes lead to exact solutions. A large class of combinatorial problems is connected to models of statistical physics which possess rich and sophisticated algebraic structures. The combinatorial problems at hand are just the tip of a huge iceberg, which is rooted in the theory of representations of the underlying symmetry algebras, a machinery that allows to reformulate and hopefully solve the problems in terms of basic matrix theory and linear algebra.</AbstractNarration>
<MinAmdLetterDate>07/23/2013</MinAmdLetterDate>
<MaxAmdLetterDate>05/12/2015</MaxAmdLetterDate>
<ARRAAmount/>
<AwardID>1301636</AwardID>
<Investigator>
<FirstName>Philippe</FirstName>
<LastName>Di Francesco</LastName>
<EmailAddress>philippe@illinois.edu</EmailAddress>
<StartDate>07/23/2013</StartDate>
<EndDate/>
<RoleCode>Principal Investigator</RoleCode>
</Investigator>
<Institution>
<Name>University of Illinois at Urbana-Champaign</Name>
<CityName>CHAMPAIGN</CityName>
<ZipCode>618207473</ZipCode>
<PhoneNumber>2173332187</PhoneNumber>
<StreetAddress>SUITE A</StreetAddress>
<CountryName>United States</CountryName>
<StateName>Illinois</StateName>
<StateCode>IL</StateCode>
</Institution>
<ProgramElement>
<Code>7970</Code>
<Text>Combinatorics</Text>
</ProgramElement>
</Award>
</rootTag>
