<?xml version="1.0" encoding="UTF-8"?>
<rootTag>
<Award>
<AwardTitle>Doctoral Dissertation Research: The Causes of Divergent Banking Regulation, 1988-2006</AwardTitle>
<AwardEffectiveDate>09/15/2013</AwardEffectiveDate>
<AwardExpirationDate>08/31/2014</AwardExpirationDate>
<AwardAmount>11965</AwardAmount>
<AwardInstrument>
<Value>Standard Grant</Value>
</AwardInstrument>
<Organization>
<Code>04050000</Code>
<Directorate>
<LongName>Direct For Social, Behav &amp; Economic Scie</LongName>
</Directorate>
<Division>
<LongName>Divn Of Social and Economic Sciences</LongName>
</Division>
</Organization>
<ProgramOfficer>
<SignBlockName>kevin leicht</SignBlockName>
</ProgramOfficer>
<AbstractNarration>SES-1301627 &lt;br/&gt;PI: Frank Dobbin&lt;br/&gt;Co-PI: Kimberly Pernell&lt;br/&gt;Harvard University&lt;br/&gt;&lt;br/&gt;Intellectual Merit&lt;br/&gt;Over the past three decades, there has been notable international convergence in banking regulation. The scholarly attention to this regulatory convergence has downplayed important cross-national regulatory differences. However, cross-national variation in regulatory policy has influenced bank outcomes during the recent global financial crisis. Regulators from the G-10 countries did adhere to the same international regulatory standards (i.e. the Basel Capital Accords), but these standards were flexible and ambiguous, and national regulators interpreted and augmented them in different ways. The goal of this dissertation is to explain how and why national banking regulators made the divergent policy choices that they did. To this end, the researchers undertake a comparative historical analysis of the divergent development of banking regulation, 1988-2006, across three Basel Committee member countries: the U.S., Canada, and Spain. Archival material and interviews with domestic banking regulators are used to assess the relative influence of economic, political, institutional, and cultural explanations. This project will improve current understandings of regulatory policy development. Financial markets have grown increasingly salient in the global economy, and it is important to understand the factors that shape their regulation. This project also yields new insights into the deregulation of the U.S. financial system, through analyzing U.S. policy changes in comparative context. &lt;br/&gt;&lt;br/&gt;Broader Impacts&lt;br/&gt;The findings of this study are policy relevant. Particular regulations had serious implications for bank outcomes during the financial crisis, and greater knowledge of the factors that contribute to more or less effective regulation may help international and domestic regulators implement better policy in the future. These findings will also be broadly disseminated to interdisciplinary and non-academic audiences.</AbstractNarration>
<MinAmdLetterDate>09/07/2013</MinAmdLetterDate>
<MaxAmdLetterDate>09/07/2013</MaxAmdLetterDate>
<ARRAAmount/>
<AwardID>1301627</AwardID>
<Investigator>
<FirstName>Kimberly E.</FirstName>
<LastName>Pernell</LastName>
<EmailAddress>pernell@fas.harvard.edu</EmailAddress>
<StartDate>09/07/2013</StartDate>
<EndDate/>
<RoleCode>Co-Principal Investigator</RoleCode>
</Investigator>
<Investigator>
<FirstName>Frank</FirstName>
<LastName>Dobbin</LastName>
<EmailAddress>frank_dobbin@harvard.edu</EmailAddress>
<StartDate>09/07/2013</StartDate>
<EndDate/>
<RoleCode>Principal Investigator</RoleCode>
</Investigator>
<Institution>
<Name>Harvard University</Name>
<CityName>Cambridge</CityName>
<ZipCode>021385369</ZipCode>
<PhoneNumber>6174955501</PhoneNumber>
<StreetAddress>1033 MASSACHUSETTS AVE</StreetAddress>
<CountryName>United States</CountryName>
<StateName>Massachusetts</StateName>
<StateCode>MA</StateCode>
</Institution>
<ProgramElement>
<Code>1331</Code>
<Text>SOCIOLOGY</Text>
</ProgramElement>
<ProgramReference>
<Code>9179</Code>
<Text>GRADUATE INVOLVEMENT</Text>
</ProgramReference>
<ProgramReference>
<Code>SMET</Code>
<Text>SCIENCE, MATH, ENG &amp; TECH EDUCATION</Text>
</ProgramReference>
</Award>
</rootTag>
