<?xml version="1.0" encoding="UTF-8"?>
<rootTag>
<Award>
<AwardTitle>Absolute Time - And Space - Resolved Measurements Of High Field Ionization In Plasmas</AwardTitle>
<AwardEffectiveDate>08/15/2013</AwardEffectiveDate>
<AwardExpirationDate>07/31/2017</AwardExpirationDate>
<AwardAmount>630000</AwardAmount>
<AwardInstrument>
<Value>Continuing grant</Value>
</AwardInstrument>
<Organization>
<Code>03010000</Code>
<Directorate>
<LongName>Direct For Mathematical &amp; Physical Scien</LongName>
</Directorate>
<Division>
<LongName>Division Of Physics</LongName>
</Division>
</Organization>
<ProgramOfficer>
<SignBlockName>Vyacheslav S. Lukin</SignBlockName>
</ProgramOfficer>
<AbstractNarration>Ionization of atoms and molecules is a ubiquitous process common to all instances of the interaction of intense laser pulses with matter. It is central to industrial and defense applications, including strong laser heating of droplets to produce radiation for next generation semiconductor lithography, studies of high energy density matter on the National Ignition Facility, and propagation of high power laser pulses through the atmosphere.&lt;br/&gt;&lt;br/&gt;Despite the importance of laser-driven ionization, the process has never before been measured with ultrafast time and micron space resolution in combination with absolute yield. This information is essential for both applications and for verification of underlying theoretical models. In this work, these measurements will be accomplished for the first time with a special laser-based strobe-like diagnostic capable of achieving these time and space resolutions.</AbstractNarration>
<MinAmdLetterDate>08/23/2013</MinAmdLetterDate>
<MaxAmdLetterDate>07/22/2015</MaxAmdLetterDate>
<ARRAAmount/>
<AwardID>1301948</AwardID>
<Investigator>
<FirstName>Howard</FirstName>
<LastName>Milchberg</LastName>
<EmailAddress>milch@umd.edu</EmailAddress>
<StartDate>08/23/2013</StartDate>
<EndDate/>
<RoleCode>Principal Investigator</RoleCode>
</Investigator>
<Institution>
<Name>University of Maryland College Park</Name>
<CityName>COLLEGE PARK</CityName>
<ZipCode>207425141</ZipCode>
<PhoneNumber>3014056269</PhoneNumber>
<StreetAddress>3112 LEE BLDG 7809 Regents Drive</StreetAddress>
<CountryName>United States</CountryName>
<StateName>Maryland</StateName>
<StateCode>MD</StateCode>
</Institution>
<ProgramElement>
<Code>1242</Code>
<Text>PLASMA PHYSICS</Text>
</ProgramElement>
<ProgramReference>
<Code>1062</Code>
<Text>BASIC PLASMA SCIENCE &amp; ENGINEERING</Text>
</ProgramReference>
</Award>
</rootTag>
