<?xml version="1.0" encoding="UTF-8"?>
<rootTag>
<Award>
<AwardTitle>Development of computational techniques for predicting the free energetics of crystalline polymorphs and complex molecules</AwardTitle>
<AwardEffectiveDate>08/15/2013</AwardEffectiveDate>
<AwardExpirationDate>07/31/2016</AwardExpirationDate>
<AwardAmount>420000</AwardAmount>
<AwardInstrument>
<Value>Standard Grant</Value>
</AwardInstrument>
<Organization>
<Code>03090000</Code>
<Directorate>
<LongName>Direct For Mathematical &amp; Physical Scien</LongName>
</Directorate>
<Division>
<LongName>Division Of Chemistry</LongName>
</Division>
</Organization>
<ProgramOfficer>
<SignBlockName>Evelyn M. Goldfield</SignBlockName>
</ProgramOfficer>
<AbstractNarration>Mark Tuckerman of New York University is supported by an award from the Chemical Theory, Models and Computational Methods program in the Chemistry division to develop theoretical and computational methods to address key challenges in determining accurate free energies.  (1) In order to determine free energies, it is necessary to sample extensively the complex and extremely high-dimensional probability distribution of possible spatial configurations of the system. (2) Despite the extremely high dimensionality of a system, conformational free energies can often be characterized in terms of a few key variables; however, identifying such variables a priori is highly nontrivial. (3) Accurate free energies require an accurate yet computationally efficient model of the interactions between the atoms in a system.  Tuckerman and his research group address these challenges through the development of novel computational techniques and apply these methods to a number of problems in biomolecular structure prediction and crystal polymorphism determination. This proposal is cofunded by the Condensed Matter and Materials Theory Program in the Division of Materials Research.&lt;br/&gt;&lt;br/&gt;The importance of theory and computation in scientific disciplines such as chemistry, materials science, and biology is now well recognized and, in fact, was recently highlighted in the White House's document on the Materials Genome Initiative, which called for a synergy between theoretical and experimental scientists and industrial engineers. The overarching goal is to accelerate the time between concept and a marketable material.  The role of theory and computation will be significantly enhanced through the development of new mathematical approaches that address outstanding challenges in these areas.  Efficient computational protocols of the type to be developed in this proposal allow rapid and reliable predictions to be made that could accelerate the development of novel pharmaceuticals by pre-screening compounds that form undesirable polymorphs and speed the determination of structure in biomolecules.  This information could not only lead to new drug design strategies involving novel compounds, but could provide important clues about how such molecules function in healthy and unhealthy cellular environments, which will increase our understanding of how certain types of diseases, leading to new therapy targets.</AbstractNarration>
<MinAmdLetterDate>07/29/2013</MinAmdLetterDate>
<MaxAmdLetterDate>07/29/2013</MaxAmdLetterDate>
<ARRAAmount/>
<AwardID>1301314</AwardID>
<Investigator>
<FirstName>Mark</FirstName>
<LastName>Tuckerman</LastName>
<EmailAddress>mark.tuckerman@nyu.edu</EmailAddress>
<StartDate>07/29/2013</StartDate>
<EndDate/>
<RoleCode>Principal Investigator</RoleCode>
</Investigator>
<Institution>
<Name>New York University</Name>
<CityName>NEW YORK</CityName>
<ZipCode>100121019</ZipCode>
<PhoneNumber>2129982121</PhoneNumber>
<StreetAddress>70 WASHINGTON SQUARE S</StreetAddress>
<CountryName>United States</CountryName>
<StateName>New York</StateName>
<StateCode>NY</StateCode>
</Institution>
<ProgramElement>
<Code>1765</Code>
<Text>CONDENSED MATTER &amp; MAT THEORY</Text>
</ProgramElement>
<ProgramElement>
<Code>6881</Code>
<Text>Theory, Models, Comput. Method</Text>
</ProgramElement>
<ProgramReference>
<Code>7433</Code>
<Text>CyberInfra Frmwrk 21st (CIF21)</Text>
</ProgramReference>
<ProgramReference>
<Code>9216</Code>
<Text>ADVANCED SOFTWARE TECH &amp; ALGOR</Text>
</ProgramReference>
<ProgramReference>
<Code>9263</Code>
<Text>COMPUTATIONAL SCIENCE &amp; ENGING</Text>
</ProgramReference>
</Award>
</rootTag>
