<?xml version="1.0" encoding="UTF-8"?>
<rootTag>
<Award>
<AwardTitle>Manufacturing of Responsive and Functional Nanoporous Metal/polymer Heterostructures using Strain Engineering</AwardTitle>
<AwardEffectiveDate>09/01/2013</AwardEffectiveDate>
<AwardExpirationDate>08/31/2017</AwardExpirationDate>
<AwardAmount>330520</AwardAmount>
<AwardInstrument>
<Value>Standard Grant</Value>
</AwardInstrument>
<Organization>
<Code>07030000</Code>
<Directorate>
<LongName>Directorate For Engineering</LongName>
</Directorate>
<Division>
<LongName>Div Of Civil, Mechanical, &amp; Manufact Inn</LongName>
</Division>
</Organization>
<ProgramOfficer>
<SignBlockName>Khershed Cooper</SignBlockName>
</ProgramOfficer>
<AbstractNarration>The goal of this research is to investigate both the manufacturing process and properties of polymer-nanoporous metal bilayers. Nanoporous (NP) metals are a unique class of materials that are characterized by very high surface-to-volume ratios and possess such desirable properties of metals as high electrical conductivity and strength. The abundance of free surfaces is thought to give rise to many of the unusual properties of NP metals, including the ability to actuate in response to various external stimuli. These materials have shown great promise in many applications, including small-scale sensors and actuators. In this work, polymer-NP metal bilayers will be manufactured through nano-scale self-assembly processes with the ultimate goal of obtaining compliant, responsive, and functional three dimensional heterostructures. Heterostructures are structures made of different materials to obtain new properties. Specifically, this work will explore how mismatched strains affect the self-assembly of NP metals on polymer substrates, as well as the overall morphology of the structure.  The response and fatigue behavior of the self-assembled heterostructures under different stimuli will be examined.&lt;br/&gt;&lt;br/&gt;The proposed research can lead to fundamental advances in understanding of the role of interfacial mismatching of strains and how they can be tuned to manufacture functional 3D macro-, micro-, or nano-scale objects with nano-size features.  Both the manufacturing technology and the specific structures considered in this proposal may potentially impact a wide variety of technological areas. For example 3D structures responsive to different external stimuli can be used as sensors, actuators, switches, vesicles for delivery and filtrating applications, etc. Integration of research, teaching, and outreach programs across multiple disciplines including polymer science, nanotechnology, and manufacturing will impact the education and training of a diverse student body at graduate, undergraduate, and high-school levels.</AbstractNarration>
<MinAmdLetterDate>07/20/2013</MinAmdLetterDate>
<MaxAmdLetterDate>07/20/2013</MaxAmdLetterDate>
<ARRAAmount/>
<AwardID>1301268</AwardID>
<Investigator>
<FirstName>Kyriaki</FirstName>
<LastName>Kalaitzidou</LastName>
<EmailAddress>kyriaki.kalaitzidou@me.gatech.edu</EmailAddress>
<StartDate>07/20/2013</StartDate>
<EndDate/>
<RoleCode>Co-Principal Investigator</RoleCode>
</Investigator>
<Investigator>
<FirstName>Antonia</FirstName>
<LastName>Antoniou</LastName>
<EmailAddress>antonia.antoniou@me.gatech.edu</EmailAddress>
<StartDate>07/20/2013</StartDate>
<EndDate/>
<RoleCode>Principal Investigator</RoleCode>
</Investigator>
<Institution>
<Name>Georgia Tech Research Corporation</Name>
<CityName>Atlanta</CityName>
<ZipCode>303320420</ZipCode>
<PhoneNumber>4048944819</PhoneNumber>
<StreetAddress>Office of Sponsored Programs</StreetAddress>
<CountryName>United States</CountryName>
<StateName>Georgia</StateName>
<StateCode>GA</StateCode>
</Institution>
<ProgramElement>
<Code>1788</Code>
<Text>NANOMANUFACTURING</Text>
</ProgramElement>
<ProgramReference>
<Code>083E</Code>
<Text>MATERIAL TRANSFORMATION PROC</Text>
</ProgramReference>
<ProgramReference>
<Code>084E</Code>
<Text>NANOMANUFACTURING</Text>
</ProgramReference>
<ProgramReference>
<Code>9102</Code>
<Text>WOMEN, MINORITY, DISABLED, NEC</Text>
</ProgramReference>
<ProgramReference>
<Code>9146</Code>
<Text>MANUFACTURING BASE RESEARCH</Text>
</ProgramReference>
<ProgramReference>
<Code>MANU</Code>
<Text>MANUFACTURING</Text>
</ProgramReference>
</Award>
</rootTag>
