<?xml version="1.0" encoding="UTF-8"?>
<rootTag>
<Award>
<AwardTitle>Application of Transient Time Distributions to Ocean Radiocarbon Records for the Last Deglaciation</AwardTitle>
<AwardEffectiveDate>05/01/2013</AwardEffectiveDate>
<AwardExpirationDate>04/30/2017</AwardExpirationDate>
<AwardAmount>517428</AwardAmount>
<AwardInstrument>
<Value>Standard Grant</Value>
</AwardInstrument>
<Organization>
<Code>06040200</Code>
<Directorate>
<LongName>Directorate For Geosciences</LongName>
</Directorate>
<Division>
<LongName>Division Of Ocean Sciences</LongName>
</Division>
</Organization>
<ProgramOfficer>
<SignBlockName>Candace O. Major</SignBlockName>
</ProgramOfficer>
<AbstractNarration>Radiocarbon (14C) is an important tracer of ocean circulation. However, although extensive marine Delta14C records have been developed, quantitative interpretations of these records are lacking. The proposed work, led by researchers at Woods Hole Oceanographic Institution, will take a novel, quantitative approach to Delta14C records of deep and surface waters from the last deglaciation. The project will generate an up-to-date compilation of Delta14C records with associated uncertainty estimates. Transit time distribution (TTD) calculations will be applied to these records to relate deepwater Delta14C concentrations to those in surface waters. Specifically, TTDs derived from modern hydrographic data will be used to compute the changes in deepwater Delta14C that are implied by the surface water records, and vice versa. This approach will test the hypothesis that steep declines in deep and surface water Delta14C values during the last deglaciation were jointly driven by a change in ocean ventilation. &lt;br/&gt;&lt;br/&gt;This project will unite the expertise of an ocean modeler, a physical oceanographer, and a paleoceanographer to address a key question about ocean circulation during conditions of deglaciation. A graduate student will be involved in the research, and summer support for an undergraduate student will be provided. Project data, computational software, and accompanying "how-to" documentation will be archived at NOAA's National Climatic Data Center.</AbstractNarration>
<MinAmdLetterDate>05/03/2013</MinAmdLetterDate>
<MaxAmdLetterDate>05/03/2013</MaxAmdLetterDate>
<ARRAAmount/>
<AwardID>1301907</AwardID>
<Investigator>
<FirstName>Geoffrey</FirstName>
<LastName>Gebbie</LastName>
<EmailAddress>jgebbie@whoi.edu</EmailAddress>
<StartDate>05/03/2013</StartDate>
<EndDate/>
<RoleCode>Co-Principal Investigator</RoleCode>
</Investigator>
<Investigator>
<FirstName>Lloyd</FirstName>
<LastName>Keigwin</LastName>
<EmailAddress>lkeigwin@whoi.edu</EmailAddress>
<StartDate>05/03/2013</StartDate>
<EndDate/>
<RoleCode>Co-Principal Investigator</RoleCode>
</Investigator>
<Investigator>
<FirstName>Olivier</FirstName>
<LastName>Marchal</LastName>
<EmailAddress>omarchal@whoi.edu</EmailAddress>
<StartDate>05/03/2013</StartDate>
<EndDate/>
<RoleCode>Principal Investigator</RoleCode>
</Investigator>
<Institution>
<Name>Woods Hole Oceanographic Institution</Name>
<CityName>WOODS HOLE</CityName>
<ZipCode>025431041</ZipCode>
<PhoneNumber>5082893542</PhoneNumber>
<StreetAddress>183 OYSTER POND ROAD</StreetAddress>
<CountryName>United States</CountryName>
<StateName>Massachusetts</StateName>
<StateCode>MA</StateCode>
</Institution>
<ProgramElement>
<Code>1620</Code>
<Text>MARINE GEOLOGY AND GEOPHYSICS</Text>
</ProgramElement>
<ProgramReference>
<Code>0000</Code>
<Text>UNASSIGNED</Text>
</ProgramReference>
<ProgramReference>
<Code>1304</Code>
<Text>EARTH SYSTEM HISTORY</Text>
</ProgramReference>
<ProgramReference>
<Code>1620</Code>
<Text>MARINE GEOLOGY AND GEOPHYSICS</Text>
</ProgramReference>
<ProgramReference>
<Code>8070</Code>
<Text>P2C2 Proposals</Text>
</ProgramReference>
<ProgramReference>
<Code>EGCH</Code>
<Text>ENVIRONMENT AND GLOBAL CHANGE</Text>
</ProgramReference>
<ProgramReference>
<Code>OTHR</Code>
<Text>OTHER RESEARCH OR EDUCATION</Text>
</ProgramReference>
</Award>
</rootTag>
