<?xml version="1.0" encoding="UTF-8"?>
<rootTag>
<Award>
<AwardTitle>AF: Small: Geometric Algorithms for Constructing Road Networks from Trajectories</AwardTitle>
<AwardEffectiveDate>08/02/2012</AwardEffectiveDate>
<AwardExpirationDate>08/31/2016</AwardExpirationDate>
<AwardAmount>313625</AwardAmount>
<AwardInstrument>
<Value>Standard Grant</Value>
</AwardInstrument>
<Organization>
<Code>05010000</Code>
<Directorate>
<LongName>Direct For Computer &amp; Info Scie &amp; Enginr</LongName>
</Directorate>
<Division>
<LongName>Division of Computing and Communication Foundations</LongName>
</Division>
</Organization>
<ProgramOfficer>
<SignBlockName>Jack Snoeyink</SignBlockName>
</ProgramOfficer>
<AbstractNarration>The objective of this project is to develop geometric algorithms with quality and performance guarantees for constructing road networks from geo-referenced trajectory data. This is a new type of geometric reconstruction problem in which the task is to extract the underlying geometric structure sampled by a a set of noisy, movement-constrained trajectories. Different models for trajectories and for road networks will be investigated. Ideas from geometric shape matching, probabilistic modeling, and trajectory clustering will be applied to develop geometric algorithms with quality and performance guarantees that exploit the continuity of the input trajectories. Proof-of-concept implementations will be developed to test and validate the algorithms on real data.&lt;br/&gt;&lt;br/&gt;Vast amounts of geo-referenced trajectory data are being collected due to the ubiquitous availability of positioning technologies such as the Global Positioning System (GPS).  This project will help address the very timely challenge of analyzing this data. It will also provide novel algorithms for construction and maintenance of digital street maps, which are among the most valuable digital data resource in today's society.  The results of this project will benefit a wealth of applications ranging from a variety of location-based services on street maps to the analysis of tracking data for hiking trail map generation or for studying social behavior in animals. Students will be tightly integrated into research projects, providing them with collaborative research experience.</AbstractNarration>
<MinAmdLetterDate>10/18/2012</MinAmdLetterDate>
<MaxAmdLetterDate>12/13/2013</MaxAmdLetterDate>
<ARRAAmount/>
<AwardID>1301911</AwardID>
<Investigator>
<FirstName>Carola</FirstName>
<LastName>Wenk</LastName>
<EmailAddress>cwenk@tulane.edu</EmailAddress>
<StartDate>10/18/2012</StartDate>
<EndDate/>
<RoleCode>Principal Investigator</RoleCode>
</Investigator>
<Institution>
<Name>Tulane University</Name>
<CityName>NEW ORLEANS</CityName>
<ZipCode>701185698</ZipCode>
<PhoneNumber>5048654000</PhoneNumber>
<StreetAddress>6823 ST CHARLES AVENUE</StreetAddress>
<CountryName>United States</CountryName>
<StateName>Louisiana</StateName>
<StateCode>LA</StateCode>
</Institution>
<ProgramElement>
<Code>7796</Code>
<Text>ALGORITHMIC FOUNDATIONS</Text>
</ProgramElement>
<ProgramReference>
<Code>7923</Code>
<Text>SMALL PROJECT</Text>
</ProgramReference>
<ProgramReference>
<Code>7929</Code>
<Text>COMPUTATIONAL GEOMETRY</Text>
</ProgramReference>
<ProgramReference>
<Code>9150</Code>
<Text>EXP PROG TO STIM COMP RES</Text>
</ProgramReference>
</Award>
</rootTag>
