<?xml version="1.0" encoding="UTF-8"?>
<rootTag>
<Award>
<AwardTitle>2013 SUNY LSAMP Bridge to the Doctorate at the University at Albany</AwardTitle>
<AwardEffectiveDate>08/15/2013</AwardEffectiveDate>
<AwardExpirationDate>07/31/2016</AwardExpirationDate>
<AwardAmount>987000</AwardAmount>
<AwardInstrument>
<Value>Standard Grant</Value>
</AwardInstrument>
<Organization>
<Code>11060000</Code>
<Directorate>
<LongName>Direct For Education and Human Resources</LongName>
</Directorate>
<Division>
<LongName>Division Of Human Resource Development</LongName>
</Division>
</Organization>
<ProgramOfficer>
<SignBlockName>Martha L. James</SignBlockName>
</ProgramOfficer>
<AbstractNarration>2013 SUNY LSAMP Bridge to the Doctorate at the University at Albany:  Project Summary   &lt;br/&gt;The  State  University  of  New  York  Louis  Stokes  Alliance  for  Minority  Participation  (SUNY  LSAMP)  is  ready  to  immediately  put  into  place  its  eighth  cohort  of  Bridge  to  the  Doctorate  (BD)  students  at the University at Albany. This  new  cohort  will  build  on  our  six previous  efforts   that  have  not  only  significantly  added to  the UREP  STEM  graduate  enrollment  and  masters  and  doctoral  degrees  but  have  also  led  to  important  changes  in  the  culture  and  practice  of  STEM  education  in  ways  that  not  only  help  UREP  students  but  all  graduate  STEM  students.   &lt;br/&gt;C1. Project Goals and Objectives&lt;br/&gt;The goals and objectives of the SUNY LSAMP 2013 Bridge to the Doctorate Program at Albany are:&lt;br/&gt;To recruit 12 LSAMP Bridge to the Doctorate students by:&lt;br/&gt;-  Using recruitment pathways that we have developed that target the state and national LSAMP pool and recruit students from a variety of LSAMP institutions and STEM majors.&lt;br/&gt;-  Having a selection process that works with STEM departments and SUNY AGEP to choose talented LSAMP students who will succeed with program support&lt;br/&gt;To design and implement a program that helps students successfully complete two years of STEM graduate study by:&lt;br/&gt;-  Providing a comprehensive set of services that monitor student progress, builds a strong BD community, builds BD students? academic and professional skills and uses UREP STEM graduate students as mentors and instructors wherever possible&lt;br/&gt;- Collaborating with other NSF and state and federal programs to make the best use of program resources by integrating BD students into the existing network of activities and programs&lt;br/&gt;-  Assessing the success of program services through external evaluation and developing new or modified activities or interventions based on the results of this evaluation  &lt;br/&gt;To make sure that BD students enter and successfully complete doctoral study and then move into academia and the high technology workplace by:&lt;br/&gt;-  Helping students to successfully gain admission into doctoral programs&lt;br/&gt;-  Preparing BD students to apply for NSF and other graduate fellowships &lt;br/&gt;-  Working with STEM departments, The  Office of Graduate Studies and the Carson Carr Fellowship program to develop plans to provide a formal pathway to PhD programs that include financial support for BD students after the two years of BD NSF support ends&lt;br/&gt;- Working with STEM departments to provide academic support where needed to help students through doctoral study &lt;br/&gt;- Maintaining an effective system for tracking students after they leave the BD program through their educational career and professional work experience&lt;br/&gt;To promote systemic change in graduate STEM policy and practices in ways that will increase the success of individual students on the doctoral pathway and the effectiveness of UREP STEM graduate education by: &lt;br/&gt;-   Using resources from multiple sources to examine broad issues related to UREP STEM graduate education using the BD, AGEP and UREP STEM graduate population&lt;br/&gt;INTELLECTUAL  MERIT  The  project  will  add  to  current  efforts  by  SUNY  LSAMP  to  build  research  capacity  in  STEM  education  in  the  area  of  graduate  education.  The  lessons  learned  from  the  study  of  the  Bridge  to  the  Doctorate  Program  will  be  put  into  the  context  of  broader  issues  of  systemic  change  and  disseminated  to  a  broad  national  audience    &lt;br/&gt;BROADER  IMPACT  Using  the  lessons  learned  from  this  project,  we  expect  to  continue  to  develop  and  refine  strategies  that  will  increase  the  recruitment  and  retention  of  UREP  STEM  graduate students.  This  will increase  the  number  of  UREP  STEM  students  who  successfully  complete  doctoral  degrees  in  STEM  disciplines  and  make  changes  in  STEM  departmental  culture  and  practice.</AbstractNarration>
<MinAmdLetterDate>08/14/2013</MinAmdLetterDate>
<MaxAmdLetterDate>08/14/2013</MaxAmdLetterDate>
<ARRAAmount/>
<AwardID>1301749</AwardID>
<Investigator>
<FirstName>David</FirstName>
<LastName>Ferguson</LastName>
<EmailAddress>David.Ferguson@stonybrook.edu</EmailAddress>
<StartDate>08/14/2013</StartDate>
<EndDate/>
<RoleCode>Principal Investigator</RoleCode>
</Investigator>
<Investigator>
<FirstName>Kevin</FirstName>
<LastName>Williams</LastName>
<EmailAddress>kwilliams@albany.edu</EmailAddress>
<StartDate>08/14/2013</StartDate>
<EndDate/>
<RoleCode>Co-Principal Investigator</RoleCode>
</Investigator>
<Institution>
<Name>SUNY at Stony Brook</Name>
<CityName>Stony Brook</CityName>
<ZipCode>117940001</ZipCode>
<PhoneNumber>6316329949</PhoneNumber>
<StreetAddress>WEST 5510 FRK MEL LIB</StreetAddress>
<CountryName>United States</CountryName>
<StateName>New York</StateName>
<StateCode>NY</StateCode>
</Institution>
<ProgramElement>
<Code>9133</Code>
<Text>ALLIANCES-MINORITY PARTICIPAT.</Text>
</ProgramElement>
<ProgramReference>
<Code>9179</Code>
<Text>GRADUATE INVOLVEMENT</Text>
</ProgramReference>
</Award>
</rootTag>
