<?xml version="1.0" encoding="UTF-8"?>
<rootTag>
<Award>
<AwardTitle>NPGI:  NSF Postdoctoral Fellowship in Biology FY 2013</AwardTitle>
<AwardEffectiveDate>07/01/2013</AwardEffectiveDate>
<AwardExpirationDate>06/30/2016</AwardExpirationDate>
<AwardAmount>216000</AwardAmount>
<AwardInstrument>
<Value>Fellowship</Value>
</AwardInstrument>
<Organization>
<Code>08090000</Code>
<Directorate>
<LongName>Direct For Biological Sciences</LongName>
</Directorate>
<Division>
<LongName>Division Of Integrative Organismal Systems</LongName>
</Division>
</Organization>
<ProgramOfficer>
<SignBlockName>Anne Sylvester</SignBlockName>
</ProgramOfficer>
<AbstractNarration>This action funds an NSF National Plant Genome Initiative Postdoctoral Research Fellowship in Biology for FY 2013. The fellowship supports a research and training plan in a host laboratory for the Fellow, who also presents a plan to broaden participation in biology. The title of the research and training plan for this fellowship to Rick Masonbrink is "Investigating Centromere Evolution in Diploid and Polyploid plants in the Cotton Genus, Gossypium." The host institution for the fellowship is Iowa State University and the sponsoring scientist is Dr. Jonathan Wendel.&lt;br/&gt;&lt;br/&gt;This project focuses on the evolution of centromeres and the mysteries that surround centromere function after a chromosome complement saltationally becomes doubled due to polyploidy.  By identifying centromere sequences in the progenitor diploid genomes and analyzing the fate of these diverged sequences in a phylogenetically characterized suite of allopolyploid cottons, the research will address how centromere repeats rapidly homogenize within and among chromosomes in diploids, and shed light on the evolutionary dynamics of centromere evolution during allopolyploid stabilization and subsequent speciation.  This research will result in a greater understanding of centromeres and their function in plants, and represents an important but largely unexplored dimension of allopolyploid evolutionary genomics.&lt;br/&gt;&lt;br/&gt;Training objectives include bioinformatics, phylogenetics, high-throughput genomics, next-generation sequencing, and chromatin immunoprecipitation.  Broader impacts include outreach, scientific training, and mentoring of students at all levels, with the inclusion of underrepresented groups.  Of particular note is a summer internship for middle school and high school educators for which the fellow will create and deliver a cytogenetics module intended to enrich teacher experiences and provide opportunities for curricular change.</AbstractNarration>
<MinAmdLetterDate>06/25/2013</MinAmdLetterDate>
<MaxAmdLetterDate>06/25/2013</MaxAmdLetterDate>
<ARRAAmount/>
<AwardID>1301640</AwardID>
<Investigator>
<FirstName>Rick</FirstName>
<LastName>Masonbrink</LastName>
<EmailAddress/>
<StartDate>06/25/2013</StartDate>
<EndDate/>
<RoleCode>Principal Investigator</RoleCode>
</Investigator>
<Institution>
<Name>Masonbrink              Rick</Name>
<CityName>Ames</CityName>
<ZipCode>500147824</ZipCode>
<PhoneNumber/>
<StreetAddress/>
<CountryName>United States</CountryName>
<StateName>Iowa</StateName>
<StateCode>IA</StateCode>
</Institution>
<ProgramElement>
<Code>8105</Code>
<Text>NPGI PostDoc Rsrch Fellowship</Text>
</ProgramElement>
<ProgramReference>
<Code>1329</Code>
<Text>PLANT GENOME RESEARCH PROJECT</Text>
</ProgramReference>
<ProgramReference>
<Code>7137</Code>
<Text>POSTDOCTORAL FELLOWSHIPS</Text>
</ProgramReference>
<ProgramReference>
<Code>7174</Code>
<Text>POSTDOC FELLOW IN SCI, MATH EN</Text>
</ProgramReference>
<ProgramReference>
<Code>9109</Code>
<Text>AGRICULTURAL BIOTECHNOLOGY</Text>
</ProgramReference>
<ProgramReference>
<Code>9150</Code>
<Text>EXP PROG TO STIM COMP RES</Text>
</ProgramReference>
<ProgramReference>
<Code>9178</Code>
<Text>UNDERGRADUATE EDUCATION</Text>
</ProgramReference>
<ProgramReference>
<Code>9179</Code>
<Text>GRADUATE INVOLVEMENT</Text>
</ProgramReference>
<ProgramReference>
<Code>BIOT</Code>
<Text>BIOTECHNOLOGY</Text>
</ProgramReference>
</Award>
</rootTag>
