<?xml version="1.0" encoding="UTF-8"?>
<rootTag>
<Award>
<AwardTitle>Experimental Investigation of Fundamental Mechanical Behavior of Silicon Nanowires</AwardTitle>
<AwardEffectiveDate>09/01/2013</AwardEffectiveDate>
<AwardExpirationDate>02/28/2017</AwardExpirationDate>
<AwardAmount>329274</AwardAmount>
<AwardInstrument>
<Value>Standard Grant</Value>
</AwardInstrument>
<Organization>
<Code>07030000</Code>
<Directorate>
<LongName>Directorate For Engineering</LongName>
</Directorate>
<Division>
<LongName>Div Of Civil, Mechanical, &amp; Manufact Inn</LongName>
</Division>
</Organization>
<ProgramOfficer>
<SignBlockName>Alexis Lewis</SignBlockName>
</ProgramOfficer>
<AbstractNarration>This research is about the correlation between the size effects of silicon nanowires on elasticity, fracture, and their brittle to ductile transition.. In-situ scanning/transmission electron microscopy resonance and tensile testing on the same single NWs will be conducted to measure the elastic behavior.  A statistical, Weibull-type, probability model will be employed to analyze the fracture data and identify fracture origins with the assistance of real-time and post-mortem microscopy analyses. In-situ  thermomechanical testing done in-situ,  in a Transmission Electron Microscope using a novel microfabricated testing stage will be used to probe the brittle to ductile transition.&lt;br/&gt;&lt;br/&gt;If successful, the proposed research has potential to improve flexible and stretchable electronics, improve energy conversion and storage.  It is anticipated that the experimental results will be used in a collaborative way to develop atomistic simulations that will pin down the mundamental mechnisms of nanoscale elasticity, fracture and brittle to ductile transition. In addition, the novel experimental tools and methods developed in this project (e.g., the microfabricated thermomechanical testing stage) can be used to understand the properties of a broad range of nanostructures. From a teaching perspective, this work will be: 1) integrated into undergraduate and graduate courses that PI offers at NCSU (including a NSF supported undergraduate nanotechnology laboratory course), and web-based dissemination of the new course module; 2) used for training of graduate and undergraduate students for multidisciplinary research with involvement of women and underrepresented minorities; 3) used for collaboration with the Engineering Place program at North Carolina State University to develop an interactive demonstration module and present it to K-12 students.</AbstractNarration>
<MinAmdLetterDate>08/16/2013</MinAmdLetterDate>
<MaxAmdLetterDate>04/21/2014</MaxAmdLetterDate>
<ARRAAmount/>
<AwardID>1301193</AwardID>
<Investigator>
<FirstName>Yong</FirstName>
<LastName>Zhu</LastName>
<EmailAddress>yong_zhu@ncsu.edu</EmailAddress>
<StartDate>08/16/2013</StartDate>
<EndDate/>
<RoleCode>Principal Investigator</RoleCode>
</Investigator>
<Institution>
<Name>North Carolina State University</Name>
<CityName>RALEIGH</CityName>
<ZipCode>276957514</ZipCode>
<PhoneNumber>9195152444</PhoneNumber>
<StreetAddress>CAMPUS BOX 7514</StreetAddress>
<CountryName>United States</CountryName>
<StateName>North Carolina</StateName>
<StateCode>NC</StateCode>
</Institution>
<ProgramElement>
<Code>1633</Code>
<Text>MATERIALS AND SURFACE ENG</Text>
</ProgramElement>
<ProgramReference>
<Code>022E</Code>
<Text>SOLID MECHANICS</Text>
</ProgramReference>
<ProgramReference>
<Code>025E</Code>
<Text>INFRASTRUCTURE MATERIALS</Text>
</ProgramReference>
<ProgramReference>
<Code>026E</Code>
<Text>STRUCTURAL MECHANICS</Text>
</ProgramReference>
<ProgramReference>
<Code>116E</Code>
<Text>RESEARCH EXP FOR UNDERGRADS</Text>
</ProgramReference>
<ProgramReference>
<Code>1444</Code>
<Text>SURFACE ENGINEERING</Text>
</ProgramReference>
<ProgramReference>
<Code>8021</Code>
<Text>Materials Engineering</Text>
</ProgramReference>
<ProgramReference>
<Code>8022</Code>
<Text>Sustainable Infrastructure Materials</Text>
</ProgramReference>
<ProgramReference>
<Code>8025</Code>
<Text>Advanced Materials Processing</Text>
</ProgramReference>
<ProgramReference>
<Code>9161</Code>
<Text>SINGLE DIVISION/UNIVERSITY</Text>
</ProgramReference>
<ProgramReference>
<Code>9178</Code>
<Text>UNDERGRADUATE EDUCATION</Text>
</ProgramReference>
<ProgramReference>
<Code>9231</Code>
<Text>SUPPL FOR UNDERGRAD RES ASSIST</Text>
</ProgramReference>
<ProgramReference>
<Code>9251</Code>
<Text>RES EXPER FOR UNDERGRAD-SUPPLT</Text>
</ProgramReference>
<ProgramReference>
<Code>AMPP</Code>
<Text>ADVANCED MATERIALS &amp; PROCESSING PROGRAM</Text>
</ProgramReference>
</Award>
</rootTag>
