<?xml version="1.0" encoding="UTF-8"?>
<rootTag>
<Award>
<AwardTitle>The Engineering Medical Therapeutic Technologies-Research Experience for Teachers</AwardTitle>
<AwardEffectiveDate>04/01/2013</AwardEffectiveDate>
<AwardExpirationDate>03/31/2017</AwardExpirationDate>
<AwardAmount>392466</AwardAmount>
<AwardInstrument>
<Value>Standard Grant</Value>
</AwardInstrument>
<Organization>
<Code>07050000</Code>
<Directorate>
<LongName>Directorate For Engineering</LongName>
</Directorate>
<Division>
<LongName>Div Of Engineering Education and Centers</LongName>
</Division>
</Organization>
<ProgramOfficer>
<SignBlockName>Mary Poats</SignBlockName>
</ProgramOfficer>
<AbstractNarration>This award provides funding for a three year standard award to support a Research Experiences for Teachers (RET) in Engineering and puter Science Site program at the University of Southern California (USC), entitled, "The Engineering Medical Therapeutic Technologies-Research Experience for Teachers (EMT2-RET)", under the direction of Dr. Mark Humayun. &lt;br/&gt;&lt;br/&gt;The vision of the EMT2-RET program, is to leverage the considerable resources of the University of Southern California to create long-term partnerships among world-renowned biomedical engineering and computer science researchers, K-12 teachers in Los Angeles inner-city schools, and community college educators. 6-week program will support the involvement of a total of 30 (10 per year) high school and community college educators in mentored engineering and computer science research focused on medical therapeutic technologies conducted in Viterbi School of Engineering (VSoE) and the Biomimetic MicroElectronic Systems Engineering Research Center (BMES) Laboratories at USC.  The coordinated efforts of multidisciplinary research groups offer RET teachers the opportunity to work in laboratories that range from basic science to systems engineering.  Additionally, teachers will participate in professional development workshops in engineering and technology, aiding the teachers in the translation of the RET experience into relevant classroom activities, including discovery-based laboaratory exericses that are standards aligned.&lt;br/&gt;&lt;br/&gt;The majority of students in the Los Angeles Unified School District, East Los Angeles College, Pasadena City College, Los Angeles City College are from underrepresented minority groups.  The RET program will train science teachers from urban schools in biomedical engineering and computer science and, in turn impact the education of their respective students.  Students who traditionally have little or no direct connection with STEM will, through the RET teachers, experience the excitement of cutting edge discoveries.  In addition, the professional and collegial relationships that develop between the RET teachers and their USC colleagues and the extensive academic year follow-up component of the RET will foster long-term partnerships.</AbstractNarration>
<MinAmdLetterDate>03/07/2013</MinAmdLetterDate>
<MaxAmdLetterDate>08/08/2014</MaxAmdLetterDate>
<ARRAAmount/>
<AwardID>1301502</AwardID>
<Investigator>
<FirstName>Joseph</FirstName>
<LastName>Cocozza</LastName>
<EmailAddress>cocozza@usc.edu</EmailAddress>
<StartDate>03/07/2013</StartDate>
<EndDate/>
<RoleCode>Co-Principal Investigator</RoleCode>
</Investigator>
<Investigator>
<FirstName>Mark</FirstName>
<LastName>Humayun</LastName>
<EmailAddress>humayun@usc.edu</EmailAddress>
<StartDate>03/07/2013</StartDate>
<EndDate/>
<RoleCode>Principal Investigator</RoleCode>
</Investigator>
<Institution>
<Name>University of Southern California</Name>
<CityName>Los Angeles</CityName>
<ZipCode>900890001</ZipCode>
<PhoneNumber>2137407762</PhoneNumber>
<StreetAddress>University Park</StreetAddress>
<CountryName>United States</CountryName>
<StateName>California</StateName>
<StateCode>CA</StateCode>
</Institution>
<ProgramElement>
<Code>1359</Code>
<Text>RES EXP FOR TEACHERS(RET)-SITE</Text>
</ProgramElement>
<ProgramElement>
<Code>1360</Code>
<Text>HUMAN RESOURCES DEVELOPMENT</Text>
</ProgramElement>
<ProgramElement>
<Code>1480</Code>
<Text>ENGINEERING RESEARCH CENTERS</Text>
</ProgramElement>
<ProgramReference>
<Code>115E</Code>
<Text>RESEARCH EXP FOR TEACHERS</Text>
</ProgramReference>
<ProgramReference>
<Code>1359</Code>
<Text>RES EXP FOR TEACHERS(RET)-SITE</Text>
</ProgramReference>
<ProgramReference>
<Code>7218</Code>
<Text>RET SUPPLEMENTS</Text>
</ProgramReference>
<ProgramReference>
<Code>8808</Code>
<Text>Veterans Research Supplements</Text>
</ProgramReference>
<ProgramReference>
<Code>9177</Code>
<Text>ELEMENTARY/SECONDARY EDUCATION</Text>
</ProgramReference>
<ProgramReference>
<Code>9178</Code>
<Text>UNDERGRADUATE EDUCATION</Text>
</ProgramReference>
<ProgramReference>
<Code>9251</Code>
<Text>RES EXPER FOR UNDERGRAD-SUPPLT</Text>
</ProgramReference>
</Award>
</rootTag>
