<?xml version="1.0" encoding="UTF-8"?>
<rootTag>
<Award>
<AwardTitle>Conformational Effects on the Gas-Phase Acidities of Biopolymers</AwardTitle>
<AwardEffectiveDate>09/15/2013</AwardEffectiveDate>
<AwardExpirationDate>08/31/2018</AwardExpirationDate>
<AwardAmount>378290</AwardAmount>
<AwardInstrument>
<Value>Standard Grant</Value>
</AwardInstrument>
<Organization>
<Code>03090000</Code>
<Directorate>
<LongName>Direct For Mathematical &amp; Physical Scien</LongName>
</Directorate>
<Division>
<LongName>Division Of Chemistry</LongName>
</Division>
</Organization>
<ProgramOfficer>
<SignBlockName>Colby A. Foss</SignBlockName>
</ProgramOfficer>
<AbstractNarration>In this award, funded by the Chemical Structure, Dynamics and Mechanisms (CSDM-A) Program of the Division of Chemistry, Professor Jianhua Ren of the University of the Pacific and her graduate and undergraduate research students are investigating the conformational effects on the gas-phase acidities of important biopolymers.  Specifically, Prof. Ren and her group will: (1)  Construct quantitative correlations between the gas-phase acidities and the conformations of a large number of peptides, including peptides containing unnatural amino acids; (2) investigate the effects on the gas-phase acidities of peptides containing D-amino acids; and (3) examine the helix conformational effects on the gas-phase acidities of peptoid polymers.  Prof. Ren and her researchers will carry out these studies using a variety of mass-spectrometry methods.&lt;br/&gt;&lt;br/&gt;The ultimate goal of the work by Professor Ren and her group is to develop better models for understanding the acid-base properties of proteins.  The acid-base properties of proteins have a profound impact on the reactivity of proteins (enzymes), and the overall acidity of peptide groups in a protein are influenced by a myriad of subtle electrostatic effects.  Dr. Ren is trying to unravel the relative contributions of these subtle effects.   Along the way, Prof. Ren will train a very large number of undergraduate and graduate (MS) student researchers in the important area of biological mass spectrometry, after which they will enter the technological and medical workforce.</AbstractNarration>
<MinAmdLetterDate>09/05/2013</MinAmdLetterDate>
<MaxAmdLetterDate>07/31/2017</MaxAmdLetterDate>
<ARRAAmount/>
<AwardID>1301505</AwardID>
<Investigator>
<FirstName>Jianhua</FirstName>
<LastName>Ren</LastName>
<EmailAddress>jren@pacific.edu</EmailAddress>
<StartDate>09/05/2013</StartDate>
<EndDate/>
<RoleCode>Principal Investigator</RoleCode>
</Investigator>
<Institution>
<Name>University of the Pacific</Name>
<CityName>Stockton</CityName>
<ZipCode>952110110</ZipCode>
<PhoneNumber>2099467706</PhoneNumber>
<StreetAddress>3601 Pacific Avenue</StreetAddress>
<CountryName>United States</CountryName>
<StateName>California</StateName>
<StateCode>CA</StateCode>
</Institution>
<ProgramElement>
<Code>7298</Code>
<Text>COLLABORATIVE RESEARCH</Text>
</ProgramElement>
<ProgramElement>
<Code>9101</Code>
<Text>Chem Struct,Dynmcs&amp;Mechansms A</Text>
</ProgramElement>
<ProgramReference>
<Code>1982</Code>
<Text>BIOLOGICAL CHEMISTRY</Text>
</ProgramReference>
<ProgramReference>
<Code>5948</Code>
<Text>NETHERLANDS</Text>
</ProgramReference>
<ProgramReference>
<Code>9161</Code>
<Text>SINGLE DIVISION/UNIVERSITY</Text>
</ProgramReference>
<ProgramReference>
<Code>AMPP</Code>
<Text>ADVANCED MATERIALS &amp; PROCESSING PROGRAM</Text>
</ProgramReference>
</Award>
</rootTag>
