<?xml version="1.0" encoding="UTF-8"?>
<rootTag>
<Award>
<AwardTitle>Boundary Regulation: Output-Recovery Guidance  for Nonminimum Phase Systems</AwardTitle>
<AwardEffectiveDate>04/15/2013</AwardEffectiveDate>
<AwardExpirationDate>03/31/2017</AwardExpirationDate>
<AwardAmount>249000</AwardAmount>
<AwardInstrument>
<Value>Standard Grant</Value>
</AwardInstrument>
<Organization>
<Code>07030000</Code>
<Directorate>
<LongName>Directorate For Engineering</LongName>
</Directorate>
<Division>
<LongName>Div Of Civil, Mechanical, &amp; Manufact Inn</LongName>
</Division>
</Organization>
<ProgramOfficer>
<SignBlockName>Jordan Berg</SignBlockName>
</ProgramOfficer>
<AbstractNarration>The research objective of this award is to investigate control methods for cancelling external disturbances for nonminimum-phase systems. Performance of feedback controller is limited for nonminimum-phase systems due to the special structure of the system dynamics. Recent developed non-causal feedforward techniques can only be effective when sufficient preview information of the disturbance is available. This research will investigate feedforward-based control for nonminimum phase systems when the disturbance is not known in advance. The theoretical developments will be for general nonminimum phase systems, and can be applied in diverse applications. The research issues to be addressed are: (i) Stability, since loss of stability can arise with multiple output transitions due to an outer-loop closure; (ii) Performance, e.g. maintaining system output within the desired region under multiple transitions triggered by aggressive disturbances, and (iii) Computation effort.  It is important to keep the computational effort at an acceptable level, e.g., approximating the feedforward for output transitions from a set of pre-computed trajectories. Deliverables include tools to design controllers for nonminimum phase systems, conditions for guaranteed stability and performance, documentation of research results, and engineering student education. &lt;br/&gt;&lt;br/&gt;This research will impact a variety of applications (with nonminimum phase dynamics), such as,  (i) precision control of probe-sample forces to avoid sample damage during high-speed operation of Atomic Force Microscopes; (ii) wind turbines in the presence of wind-gust disturbances that are challenging to measure a-priori; and (iii) flight control of small unmanned aerial vehicles (UAVs), which are more sensitive to wind disturbances. Graduate and undergraduate engineering students will benefit through classroom instruction and involvement in the research. In addition to dissemination to students and other academics through classes, seminars, publications, and conference presentations, the results will be presented to high-school students and the community through exhibits in annual open houses.</AbstractNarration>
<MinAmdLetterDate>04/03/2013</MinAmdLetterDate>
<MaxAmdLetterDate>01/05/2015</MaxAmdLetterDate>
<ARRAAmount/>
<AwardID>1301452</AwardID>
<Investigator>
<FirstName>Santosh</FirstName>
<LastName>Devasia</LastName>
<EmailAddress>devasia@u.washington.edu</EmailAddress>
<StartDate>04/03/2013</StartDate>
<EndDate/>
<RoleCode>Principal Investigator</RoleCode>
</Investigator>
<Institution>
<Name>University of Washington</Name>
<CityName>Seattle</CityName>
<ZipCode>981950001</ZipCode>
<PhoneNumber>2065434043</PhoneNumber>
<StreetAddress>4333 Brooklyn Ave NE</StreetAddress>
<CountryName>United States</CountryName>
<StateName>Washington</StateName>
<StateCode>WA</StateCode>
</Institution>
<ProgramElement>
<Code>1632</Code>
<Text>CONTROL SYSTEMS</Text>
</ProgramElement>
<ProgramElement>
<Code>7569</Code>
<Text>Dynamics, Control and System D</Text>
</ProgramElement>
<ProgramReference>
<Code>030E</Code>
<Text>CONTROL SYSTEMS</Text>
</ProgramReference>
<ProgramReference>
<Code>031E</Code>
<Text>MECHATRONICS</Text>
</ProgramReference>
<ProgramReference>
<Code>034E</Code>
<Text>Dynamical systems</Text>
</ProgramReference>
<ProgramReference>
<Code>116E</Code>
<Text>RESEARCH EXP FOR UNDERGRADS</Text>
</ProgramReference>
<ProgramReference>
<Code>9178</Code>
<Text>UNDERGRADUATE EDUCATION</Text>
</ProgramReference>
<ProgramReference>
<Code>9231</Code>
<Text>SUPPL FOR UNDERGRAD RES ASSIST</Text>
</ProgramReference>
<ProgramReference>
<Code>9251</Code>
<Text>RES EXPER FOR UNDERGRAD-SUPPLT</Text>
</ProgramReference>
</Award>
</rootTag>
