<?xml version="1.0" encoding="UTF-8"?>
<rootTag>
<Award>
<AwardTitle>Indenofluorenes and Related Structures: Syntheses, Properties and Emerging Materials Applications</AwardTitle>
<AwardEffectiveDate>07/01/2013</AwardEffectiveDate>
<AwardExpirationDate>06/30/2016</AwardExpirationDate>
<AwardAmount>443900</AwardAmount>
<AwardInstrument>
<Value>Standard Grant</Value>
</AwardInstrument>
<Organization>
<Code>03090000</Code>
<Directorate>
<LongName>Direct For Mathematical &amp; Physical Scien</LongName>
</Directorate>
<Division>
<LongName>Division Of Chemistry</LongName>
</Division>
</Organization>
<ProgramOfficer>
<SignBlockName>Kenneth Moloy</SignBlockName>
</ProgramOfficer>
<AbstractNarration>With the support of this award from the Chemical Synthesis Program of the Division of Chemistry, Professor Michael Haley of the Department of Chemistry at the University of Oregon will prepare and study molecules based on or inspired by the indenofluorene skeleton to answer fundamental scientific questions as well as to explore their materials properties. The Haley research program will develop facile synthetic methods for the assembly of these strongly electron-accepting molecules. Once in hand, the Haley group will examine the optical and electronic properties of all new molecular scaffolds with an emphasis towards organic field effect transistor (OFET) and organic photovoltaic (OPV) applications and use in devices. The study of such molecules answers fundamental questions regarding the electronic structure and properties of non-benzenoid organic materials.&lt;br/&gt;&lt;br/&gt;The molecules developed in these studies present opportunities for practical applications, particularly in the area of nanotechnology and low-cost electronics.  Moreover, this project serves as an excellent training ground for graduate and undergraduate researchers in fundamental and applied chemical synthesis. The studies will provide the researchers with broad experience in organic synthesis, computational chemistry, x-ray crystallography, and the interplay between electronic structure and molecular architecture. The broader impacts of this program include industrial internships of graduate students at local and regional companies and national labs, the exchange of graduate students with those of foreign collaborators in Germany, Denmark, and Japan, the hosting of extended stays of visiting scientists including professors from PUIs, and continued substantial involvement of undergraduates in state-of-the-art chemical research via programs which promote the participation of underrepresented groups.</AbstractNarration>
<MinAmdLetterDate>04/19/2013</MinAmdLetterDate>
<MaxAmdLetterDate>04/19/2013</MaxAmdLetterDate>
<ARRAAmount/>
<AwardID>1301485</AwardID>
<Investigator>
<FirstName>Michael</FirstName>
<LastName>Haley</LastName>
<EmailAddress>haley@uoregon.edu</EmailAddress>
<StartDate>04/19/2013</StartDate>
<EndDate/>
<RoleCode>Principal Investigator</RoleCode>
</Investigator>
<Institution>
<Name>University of Oregon Eugene</Name>
<CityName>Eugene</CityName>
<ZipCode>974035219</ZipCode>
<PhoneNumber>5413465131</PhoneNumber>
<StreetAddress>5219 UNIVERSITY OF OREGON</StreetAddress>
<CountryName>United States</CountryName>
<StateName>Oregon</StateName>
<StateCode>OR</StateCode>
</Institution>
<ProgramElement>
<Code>6878</Code>
<Text>Chemical Synthesis</Text>
</ProgramElement>
<ProgramReference>
<Code>1401</Code>
<Text>CATALYSIS AND BIOCATALYSIS</Text>
</ProgramReference>
<ProgramReference>
<Code>1948</Code>
<Text>SYNTHESIS</Text>
</ProgramReference>
</Award>
</rootTag>
