<?xml version="1.0" encoding="UTF-8"?>
<rootTag>
<Award>
<AwardTitle>AF: Medium: Algorithmic Crowdsourcing Systems</AwardTitle>
<AwardEffectiveDate>09/01/2013</AwardEffectiveDate>
<AwardExpirationDate>08/31/2018</AwardExpirationDate>
<AwardAmount>999977</AwardAmount>
<AwardInstrument>
<Value>Continuing grant</Value>
</AwardInstrument>
<Organization>
<Code>05010000</Code>
<Directorate>
<LongName>Direct For Computer &amp; Info Scie &amp; Enginr</LongName>
</Directorate>
<Division>
<LongName>Division of Computing and Communication Foundations</LongName>
</Division>
</Organization>
<ProgramOfficer>
<SignBlockName>Tracy J. Kimbrel</SignBlockName>
</ProgramOfficer>
<AbstractNarration>Crowdsourcing refers to the paradigm of eliciting work, typically in small pieces, from a global population of workers, each making dynamic decisions about which task to complete next, and for whom. Crowdsourcing systems are inherently algorithmic because the coordination task would otherwise be overwhelming. Algorithms take the place of the management and incentive structure of traditional firms, responsible for optimizing workflows, determining payments, matching workers with tasks, and learning models of workers and tasks.&lt;br/&gt;&lt;br/&gt;With the potential to transform the way in which productive effort is allocated, crowdsourcing is already finding application across a broad range of domains, such as citizen science, the transcription of documents, and collecting training data for use in machine learning for bridging the gap to human-level intelligence.  The goal of this project is to develop a cohesive theory of algorithms and incentives for the design of crowdsourcing systems.&lt;br/&gt;&lt;br/&gt;The proposed research addresses key challenges in harnessing decentralized resources and capabilities for productive work, and seeks to develop a theoretical framework to guide the design of crowdsourcing systems that align incentives, are adaptive and robust, and achieve high performance for low cost.  The investigators are interested in the roles of matching and pricing, in developing methods for eliciting high quality, unverifiable contributions, and in embracing realistic models of human behavior.&lt;br/&gt;&lt;br/&gt;The investigators will  organize workshops on social computing at upcoming Conferences on Electronic Commerce (EC13 and EC14) and they continue to recruit women and other under-represented groups to join the project.</AbstractNarration>
<MinAmdLetterDate>08/09/2013</MinAmdLetterDate>
<MaxAmdLetterDate>09/04/2015</MaxAmdLetterDate>
<ARRAAmount/>
<AwardID>1301976</AwardID>
<Investigator>
<FirstName>David</FirstName>
<LastName>Parkes</LastName>
<EmailAddress>parkes@eecs.harvard.edu</EmailAddress>
<StartDate>08/09/2013</StartDate>
<EndDate/>
<RoleCode>Principal Investigator</RoleCode>
</Investigator>
<Investigator>
<FirstName>Yiling</FirstName>
<LastName>Chen</LastName>
<EmailAddress>yiling@seas.harvard.edu</EmailAddress>
<StartDate>08/09/2013</StartDate>
<EndDate/>
<RoleCode>Co-Principal Investigator</RoleCode>
</Investigator>
<Investigator>
<FirstName>Yaron</FirstName>
<LastName>Singer</LastName>
<EmailAddress>yaron@seas.harvard.edu</EmailAddress>
<StartDate>08/09/2013</StartDate>
<EndDate/>
<RoleCode>Co-Principal Investigator</RoleCode>
</Investigator>
<Institution>
<Name>Harvard University</Name>
<CityName>Cambridge</CityName>
<ZipCode>021385369</ZipCode>
<PhoneNumber>6174955501</PhoneNumber>
<StreetAddress>1033 MASSACHUSETTS AVE</StreetAddress>
<CountryName>United States</CountryName>
<StateName>Massachusetts</StateName>
<StateCode>MA</StateCode>
</Institution>
<ProgramElement>
<Code>7796</Code>
<Text>ALGORITHMIC FOUNDATIONS</Text>
</ProgramElement>
<ProgramElement>
<Code>7932</Code>
<Text>COMPUT GAME THEORY &amp; ECON</Text>
</ProgramElement>
<ProgramReference>
<Code>7924</Code>
<Text>MEDIUM PROJECT</Text>
</ProgramReference>
<ProgramReference>
<Code>7926</Code>
<Text>ALGORITHMS</Text>
</ProgramReference>
<ProgramReference>
<Code>7932</Code>
<Text>COMPUT GAME THEORY &amp; ECON</Text>
</ProgramReference>
</Award>
</rootTag>
