<?xml version="1.0" encoding="UTF-8"?>
<rootTag>
<Award>
<AwardTitle>Printing Embedded Sensors for Turbine Blades by Electro-spraying Polymer Derived Ceramics</AwardTitle>
<AwardEffectiveDate>05/01/2013</AwardEffectiveDate>
<AwardExpirationDate>04/30/2017</AwardExpirationDate>
<AwardAmount>433186</AwardAmount>
<AwardInstrument>
<Value>Standard Grant</Value>
</AwardInstrument>
<Organization>
<Code>07030000</Code>
<Directorate>
<LongName>Directorate For Engineering</LongName>
</Directorate>
<Division>
<LongName>Div Of Civil, Mechanical, &amp; Manufact Inn</LongName>
</Division>
</Organization>
<ProgramOfficer>
<SignBlockName>Thomas F. Kuech</SignBlockName>
</ProgramOfficer>
<AbstractNarration>This award provides funding for the realization of a new technology for direct printing of low-profile ceramic sensors onto curved surfaces such as turbine blades. In the proposed process a liquid phase polymer precursor ink will be electrosprayed, cured, and pyrolyzed to yield a surface-conformed ceramic sensor element. To be amenable to printing, special consideration of the ink rheology and electrical conductivity is required. The research plan is a combination of experiments and modeling of the electrospray process with consideration of sensor functionality, device resolution and durability.&lt;br/&gt;&lt;br/&gt;The research results could find broad use where surface conformance and low profile are needed for sensor applications in harsh environments such as power plants, nuclear reactors, coal mines and aircraft. The proposed printing method has the potential manufacturing advantages of being rapid and low-cost. The focus here will be on turbine blades and successful completion would enable real time, in situ thermal and mechanical measurements in turbines which operate at increasingly higher temperatures. Acquired data would enable enhanced engine control, health monitoring, and design optimization as well as contribute to improved efficiency and reliability during operation. Graduate students will be directly involved in the project and K-12 students will benefit from classroom demonstration of advanced printing process concepts.</AbstractNarration>
<MinAmdLetterDate>04/19/2013</MinAmdLetterDate>
<MaxAmdLetterDate>01/25/2017</MaxAmdLetterDate>
<ARRAAmount/>
<AwardID>1301099</AwardID>
<Investigator>
<FirstName>Linan</FirstName>
<LastName>An</LastName>
<EmailAddress>lan@mail.ucf.edu</EmailAddress>
<StartDate>01/25/2017</StartDate>
<EndDate/>
<RoleCode>Principal Investigator</RoleCode>
</Investigator>
<Investigator>
<FirstName>Linan</FirstName>
<LastName>An</LastName>
<EmailAddress>lan@mail.ucf.edu</EmailAddress>
<StartDate>04/19/2013</StartDate>
<EndDate>02/29/2016</EndDate>
<RoleCode>Former Co-Principal Investigator</RoleCode>
</Investigator>
<Investigator>
<FirstName>Weiwei</FirstName>
<LastName>Deng</LastName>
<EmailAddress>weiwei@vt.edu</EmailAddress>
<StartDate>04/19/2013</StartDate>
<EndDate>02/29/2016</EndDate>
<RoleCode>Former Principal Investigator</RoleCode>
</Investigator>
<Institution>
<Name>University of Central Florida</Name>
<CityName>ORLANDO</CityName>
<ZipCode>328168005</ZipCode>
<PhoneNumber>4078230387</PhoneNumber>
<StreetAddress>4000 CNTRL FLORIDA BLVD</StreetAddress>
<CountryName>United States</CountryName>
<StateName>Florida</StateName>
<StateCode>FL</StateCode>
</Institution>
<ProgramElement>
<Code>1467</Code>
<Text>MATERIALS PROCESSING AND MANFG</Text>
</ProgramElement>
<ProgramReference>
<Code>024E</Code>
<Text>MATERIALS DESIGN</Text>
</ProgramReference>
<ProgramReference>
<Code>080E</Code>
<Text>DEFORMATION PROCESSES</Text>
</ProgramReference>
<ProgramReference>
<Code>083E</Code>
<Text>MATERIAL TRANSFORMATION PROC</Text>
</ProgramReference>
<ProgramReference>
<Code>088E</Code>
<Text>THERMALLY DRIVEN PROCESSES</Text>
</ProgramReference>
<ProgramReference>
<Code>116E</Code>
<Text>RESEARCH EXP FOR UNDERGRADS</Text>
</ProgramReference>
<ProgramReference>
<Code>8025</Code>
<Text>Advanced Materials Processing</Text>
</ProgramReference>
<ProgramReference>
<Code>9146</Code>
<Text>MANUFACTURING BASE RESEARCH</Text>
</ProgramReference>
<ProgramReference>
<Code>9178</Code>
<Text>UNDERGRADUATE EDUCATION</Text>
</ProgramReference>
<ProgramReference>
<Code>9251</Code>
<Text>RES EXPER FOR UNDERGRAD-SUPPLT</Text>
</ProgramReference>
</Award>
</rootTag>
