<?xml version="1.0" encoding="UTF-8"?>
<rootTag>
<Award>
<AwardTitle>Finite Dimensional Integrable Systems 2013</AwardTitle>
<AwardEffectiveDate>04/01/2013</AwardEffectiveDate>
<AwardExpirationDate>03/31/2014</AwardExpirationDate>
<AwardAmount>15000</AwardAmount>
<AwardInstrument>
<Value>Standard Grant</Value>
</AwardInstrument>
<Organization>
<Code>03040000</Code>
<Directorate>
<LongName>Direct For Mathematical &amp; Physical Scien</LongName>
</Directorate>
<Division>
<LongName>Division Of Mathematical Sciences</LongName>
</Division>
</Organization>
<ProgramOfficer>
<SignBlockName>Edward Taylor</SignBlockName>
</ProgramOfficer>
<AbstractNarration>The international conference "FDIS 2013: Finite Dimensional Integrable Systems," to be held at the International Center of Mathematical Meetings in Marseille, France, July 15-19, 2013, will focus on recent advances in finite dimensional integrable systems and present new directions of research. Integrable systems with a finite number of degrees of freedom is the most classical part of the theory of integrable systems. Due to the seminal contributions of Kolmogorov, Arnold, Moser, and many others, this subject is experiencing a revival. Recently, new powerful method for working with integrable systems have been developed based on a deep interplay between different branches of mathematics and physics: complex analysis, symplectic geometry, Lie theory,  representation theory, theory of cluster algebras, discrete differential geometry, and computer algebra. As a result, new integrable systems have been discovered, new applications of integrable systems in physics and geometry were unveiled, and many questions explicitly asked in the classical period have been answered.&lt;br/&gt;&lt;br/&gt;Non-linear ordinary and partial differential  equations  describe a large number of physical phenomena, ranging from mechanics, fluid mechanics, optics, magnetism to general relativity, and also many natural and interesting geometrical problems. One of the most effective methods to handle them  is related to the so called integrable systems, which is, roughly speaking, a collection of methods for finding exact solutions of certain systems, or to analyze the behavior of their solutions without knowing them explicitly. The conference will feature about 20 talks by the leading experts and will provide a venue for junior researchers to network, to interact with senior researchers, and to foster new collaborations.</AbstractNarration>
<MinAmdLetterDate>11/19/2012</MinAmdLetterDate>
<MaxAmdLetterDate>11/19/2012</MaxAmdLetterDate>
<ARRAAmount/>
<AwardID>1301538</AwardID>
<Investigator>
<FirstName>Serge</FirstName>
<LastName>Tabachnikov</LastName>
<EmailAddress>tabachni@math.psu.edu</EmailAddress>
<StartDate>11/19/2012</StartDate>
<EndDate/>
<RoleCode>Principal Investigator</RoleCode>
</Investigator>
<Institution>
<Name>Pennsylvania State Univ University Park</Name>
<CityName>UNIVERSITY PARK</CityName>
<ZipCode>168027000</ZipCode>
<PhoneNumber>8148651372</PhoneNumber>
<StreetAddress>110 Technology Center Building</StreetAddress>
<CountryName>United States</CountryName>
<StateName>Pennsylvania</StateName>
<StateCode>PA</StateCode>
</Institution>
<ProgramElement>
<Code>1281</Code>
<Text>ANALYSIS PROGRAM</Text>
</ProgramElement>
<ProgramReference>
<Code>7556</Code>
<Text>CONFERENCE AND WORKSHOPS</Text>
</ProgramReference>
</Award>
</rootTag>
