<?xml version="1.0" encoding="UTF-8"?>
<rootTag>
<Award>
<AwardTitle>EAGER:  A New Look at the Middle Atmosphere through the Eyes of SABER (Sounding of the Atmosphere using Broadband Emission Radiometry)</AwardTitle>
<AwardEffectiveDate>07/01/2013</AwardEffectiveDate>
<AwardExpirationDate>06/30/2017</AwardExpirationDate>
<AwardAmount>100904</AwardAmount>
<AwardInstrument>
<Value>Standard Grant</Value>
</AwardInstrument>
<Organization>
<Code>06020201</Code>
<Directorate>
<LongName>Directorate For Geosciences</LongName>
</Directorate>
<Division>
<LongName>Div Atmospheric &amp; Geospace Sciences</LongName>
</Division>
</Organization>
<ProgramOfficer>
<SignBlockName>John W. Meriwether</SignBlockName>
</ProgramOfficer>
<AbstractNarration>The investigators will study various Infrared (IR) emission mechanisms in the Mesosphere and Lower Thermosphere (MLT), which may be responsible for a largely unexplained enhanced IR feature at ~90 km. The Sounding of the Atmosphere using Broadband Emission Radiometry (SABER), one of four instruments on board of NASA's Thermosphere, Ionosphere, Mesosphere, Energetics and Dynamics (TIMED) mission, is a 10-channel broadband limb-scanning infrared radiometer covering the spectral range from 1.27 to 17 microns. SABER has already provided a decade worth of information about kinetic temperature, pressure, ozone, carbon dioxide, water vapor and atomic oxygen. The interpretation of these results, which are strongly affected by the quality of models of the IR emissions in the MLT, have crucial importance for understanding the physics and chemistry of this region. An IR limb emission feature that resembles a layer-like enhancement has been present since the beginnings of the satellite operations in SABER's 4.3 micron channel. This feature is localized at an altitude region that corresponds to tangent heights between 85-95 km and has a distinct spatial and temporal variability. Although the enhanced limb radiances are present at all latitudes and seasons, they appear to be stronger at the polar summer MLT. Preliminary analysis of observations from other spacecraft reveal similar features although those instruments operate significantly different, which indicate this is, at least in part, a real phenomena. This enhancement is not predicted by our current IR emission models in the MLT, in particular when compared to similar effects observed in additional channels. Due to a lack of understanding of its origins, this effect has been ignored for a decade and, as a result, is generally unknown by the aeronomy and space science communities. The investigators will study a number of radically different as well as interdisciplinary approaches, among them non-equilibrium chemistry of molecular, atomic and ionic compounds of MLT and their possible interactions with dust and ice particles, various potential mechanism of energy transfer from photolysis and chemical reaction products to molecular vibrations, non-LTE molecular emission, absorption, transformation and multiple scattering of radiation in various spectral regions, etc   The investigation will address a feature that may alter the understanding of the CO2 characteristics in the MLT. As such, the results may have high impact on atmospheric chemistry and climate. Additionally, this study will provide a more robust analysis of IR radiances that can be later expanded to other space missions.</AbstractNarration>
<MinAmdLetterDate>06/26/2013</MinAmdLetterDate>
<MaxAmdLetterDate>06/26/2013</MaxAmdLetterDate>
<ARRAAmount/>
<AwardID>1301762</AwardID>
<Investigator>
<FirstName>Alexander</FirstName>
<LastName>Kutepov</LastName>
<EmailAddress>kutepov@cua.edu</EmailAddress>
<StartDate>06/26/2013</StartDate>
<EndDate/>
<RoleCode>Principal Investigator</RoleCode>
</Investigator>
<Institution>
<Name>Catholic University of America</Name>
<CityName>Washington</CityName>
<ZipCode>200640001</ZipCode>
<PhoneNumber>2026355000</PhoneNumber>
<StreetAddress>620 Michigan Ave.N.E.</StreetAddress>
<CountryName>United States</CountryName>
<StateName>District of Columbia</StateName>
<StateCode>DC</StateCode>
</Institution>
<ProgramElement>
<Code>1521</Code>
<Text>AERONOMY</Text>
</ProgramElement>
<ProgramReference>
<Code>7916</Code>
<Text>EAGER</Text>
</ProgramReference>
</Award>
</rootTag>
