<?xml version="1.0" encoding="UTF-8"?>
<rootTag>
<Award>
<AwardTitle>New Strategies for Photoinduced Carbon Monoxide Releasing Molecules</AwardTitle>
<AwardEffectiveDate>04/01/2013</AwardEffectiveDate>
<AwardExpirationDate>03/31/2017</AwardExpirationDate>
<AwardAmount>415000</AwardAmount>
<AwardInstrument>
<Value>Standard Grant</Value>
</AwardInstrument>
<Organization>
<Code>03090000</Code>
<Directorate>
<LongName>Direct For Mathematical &amp; Physical Scien</LongName>
</Directorate>
<Division>
<LongName>Division Of Chemistry</LongName>
</Division>
</Organization>
<ProgramOfficer>
<SignBlockName>Carlos A. Murillo</SignBlockName>
</ProgramOfficer>
<AbstractNarration>With this award from the Chemical Synthesis (SYN) program of the Chemistry Division, Professor Lisa M. Berreau of the Department of Chemistry &amp; Biochemistry at Utah State University will develop a fundamentally new type of photoinduced carbon monoxide (CO) releasing molecules (photoCORMs). Such molecules are of significant interest for the administration of small amounts of CO that produces anti-inflammatory and antiapoptotic effects, as well as vasodilation and protection of tissues against reperfusion injury. The modular design to be pursued involves the use of a 3-hydroxy-4-pyrone unit as the CO release motif. Studies of zinc complexes wherein the structure of the pyrone and a supporting chelate ligand are systematically modified will enable elucidation of chemical factors that influence structure/physical property relationships and CO release reactivity. Complementary computational and mechanistic studies will provide insight into the reaction pathway involved in CO release and will provide guidance in the design of subsequent generations of pyrone-based CO release agents. &lt;br/&gt;&lt;br/&gt;&lt;br/&gt;The new photoCORMs to be developed have the potential for use in biological and medicinal chemistry investigations, as well as applications in chemical synthesis. This project is fully integrated with the recruitment and training of undergraduate and graduate students, including those from groups historically underrepresented in the sciences.  Students will receive training in synthesis and photochemistry, and will benefit from interactions with domestic and international collaborators.</AbstractNarration>
<MinAmdLetterDate>03/14/2013</MinAmdLetterDate>
<MaxAmdLetterDate>03/14/2013</MaxAmdLetterDate>
<ARRAAmount/>
<AwardID>1301092</AwardID>
<Investigator>
<FirstName>Lisa</FirstName>
<LastName>Berreau</LastName>
<EmailAddress>lisa.berreau@usu.edu</EmailAddress>
<StartDate>03/14/2013</StartDate>
<EndDate/>
<RoleCode>Principal Investigator</RoleCode>
</Investigator>
<Institution>
<Name>Utah State University</Name>
<CityName>Logan</CityName>
<ZipCode>843221415</ZipCode>
<PhoneNumber>4357971226</PhoneNumber>
<StreetAddress>Sponsored Programs Office</StreetAddress>
<CountryName>United States</CountryName>
<StateName>Utah</StateName>
<StateCode>UT</StateCode>
</Institution>
<ProgramElement>
<Code>6878</Code>
<Text>Chemical Synthesis</Text>
</ProgramElement>
<ProgramReference>
<Code>1982</Code>
<Text>BIOLOGICAL CHEMISTRY</Text>
</ProgramReference>
<ProgramReference>
<Code>6878</Code>
<Text>CHEMICAL SYNTHESIS</Text>
</ProgramReference>
<ProgramReference>
<Code>6879</Code>
<Text>STRUCTURE, DYNAMIC &amp; MECHANISM</Text>
</ProgramReference>
<ProgramReference>
<Code>9150</Code>
<Text>EXP PROG TO STIM COMP RES</Text>
</ProgramReference>
</Award>
</rootTag>
