<?xml version="1.0" encoding="UTF-8"?>
<rootTag>
<Award>
<AwardTitle>Studies in Free Probability and Operator Algebras</AwardTitle>
<AwardEffectiveDate>07/01/2013</AwardEffectiveDate>
<AwardExpirationDate>06/30/2017</AwardExpirationDate>
<AwardAmount>380852</AwardAmount>
<AwardInstrument>
<Value>Continuing grant</Value>
</AwardInstrument>
<Organization>
<Code>03040000</Code>
<Directorate>
<LongName>Direct For Mathematical &amp; Physical Scien</LongName>
</Directorate>
<Division>
<LongName>Division Of Mathematical Sciences</LongName>
</Division>
</Organization>
<ProgramOfficer>
<SignBlockName>Edward Taylor</SignBlockName>
</ProgramOfficer>
<AbstractNarration>The main themes of the project are the analytic side of free probability and almost-normal operators modulo the Hilbert-Schmidt class. This will involve on the one hand further study of the "free Riemann sphere," a highly noncommutative analogue of the Riemann sphere, and of corresponding highly noncommutative functions. On the other hand, the almost-normal operator questions are related to the study of certain Banach algebras of operators on Hilbert space and their K-theory. The operator theory part of the project also has connections to noncommutative probability, since the operator algebras considered appear naturally in noncommutative potential theory and the analogue of Fisher information in free probability involves, in the simplest cases, almost-normal operators.  &lt;br/&gt;&lt;br/&gt;Free probability is a probability framework adapted to deal with random variables that exhibit the highest degree of noncommutativity. The theory has important connections with operator algebra theory, with random matrix theory, and with certain topics in combinatorics. Studies in free probability often benefit from these connections and, in return, may be of interest in these other fields. In particular, users of random matrices in certain models of multiuser wireless communications and in certain physics models have found the free probability approach to random matrices useful.</AbstractNarration>
<MinAmdLetterDate>04/11/2013</MinAmdLetterDate>
<MaxAmdLetterDate>06/17/2015</MaxAmdLetterDate>
<ARRAAmount/>
<AwardID>1301727</AwardID>
<Investigator>
<FirstName>Dan-Virgil</FirstName>
<LastName>Voiculescu</LastName>
<EmailAddress>dvv@math.berkeley.edu</EmailAddress>
<StartDate>04/11/2013</StartDate>
<EndDate/>
<RoleCode>Principal Investigator</RoleCode>
</Investigator>
<Institution>
<Name>University of California-Berkeley</Name>
<CityName>BERKELEY</CityName>
<ZipCode>947045940</ZipCode>
<PhoneNumber>5106428109</PhoneNumber>
<StreetAddress>Sponsored Projects Office</StreetAddress>
<CountryName>United States</CountryName>
<StateName>California</StateName>
<StateCode>CA</StateCode>
</Institution>
<ProgramElement>
<Code>1281</Code>
<Text>ANALYSIS PROGRAM</Text>
</ProgramElement>
</Award>
</rootTag>
