<?xml version="1.0" encoding="UTF-8"?>
<rootTag>
<Award>
<AwardTitle>Structurally Diverse Molecular Architectures with Unusual Excited State Dynamics and Reactivity Providing Multifunctional Interactions with DNA</AwardTitle>
<AwardEffectiveDate>06/01/2013</AwardEffectiveDate>
<AwardExpirationDate>08/31/2017</AwardExpirationDate>
<AwardAmount>362500</AwardAmount>
<AwardInstrument>
<Value>Standard Grant</Value>
</AwardInstrument>
<Organization>
<Code>03090000</Code>
<Directorate>
<LongName>Direct For Mathematical &amp; Physical Scien</LongName>
</Directorate>
<Division>
<LongName>Division Of Chemistry</LongName>
</Division>
</Organization>
<ProgramOfficer>
<SignBlockName>Tingyu Li</SignBlockName>
</ProgramOfficer>
<AbstractNarration>The interaction of inorganic complexes, e.g., cis-platin, with DNA constitutes a major entry point into modulating the reactivity and molecular biology of this critical biomolecule.  In this project funded by the Chemical Structure, Dynamics and Mechanism Program, Prof. Karen Brewer will design, prepare and study a group of structurally diverse inorganic complexes which undergo multiple reaction pathways with DNA, using a large array of sensitive methods.  A series of new structural motifs with multifunctional reactivity will be prepared to expand the structural diversity of known molecules and create a large class of supermolecules for which each sub-unit modulates some property or performs some function that leads to molecular machines with very complex functions. Understanding and controlling the role of each sub-unit on the properties and reactivity of these unusual multifunctional molecules will be undertaken, including unusual systems that are excited with low energy red light.  The project will explore the multifaceted reactivity of these systems including thermal binding to DNA, visible light-induced DNA photobinding via new mechanisms, red light activated DNA photocleavage, and a new paradigm for DNA modification, DNA photocondensation.&lt;br/&gt;&lt;br/&gt;The discovery of new materials which modulate the activity of DNA has many applications in medicine, including the treatment of genetic and infectious diseases.  In addition, the knowledge base assembled by the development of such complex molecules with multiple reaction pathways is applicable in many fields, including the modification and detection of biomolecules, molecular sensing, light and redox activated molecular electronics, conversion of light energy to chemical energy and metal based catalysis.</AbstractNarration>
<MinAmdLetterDate>04/22/2013</MinAmdLetterDate>
<MaxAmdLetterDate>11/07/2016</MaxAmdLetterDate>
<ARRAAmount/>
<AwardID>1301131</AwardID>
<Investigator>
<FirstName>James</FirstName>
<LastName>Tanko</LastName>
<EmailAddress>jtanko@vt.edu</EmailAddress>
<StartDate>11/17/2014</StartDate>
<EndDate/>
<RoleCode>Principal Investigator</RoleCode>
</Investigator>
<Investigator>
<FirstName>Karen</FirstName>
<LastName>Brewer</LastName>
<EmailAddress>kbrewer@vt.edu</EmailAddress>
<StartDate>04/22/2013</StartDate>
<EndDate>11/17/2014</EndDate>
<RoleCode>Former Principal Investigator</RoleCode>
</Investigator>
<Investigator>
<FirstName>Brenda</FirstName>
<LastName>Winkel</LastName>
<EmailAddress>winkel@vt.edu</EmailAddress>
<StartDate>12/03/2014</StartDate>
<EndDate/>
<RoleCode>Co-Principal Investigator</RoleCode>
</Investigator>
<Investigator>
<FirstName>John</FirstName>
<LastName>Robertson</LastName>
<EmailAddress>drbob@vt.edu</EmailAddress>
<StartDate>12/03/2014</StartDate>
<EndDate/>
<RoleCode>Co-Principal Investigator</RoleCode>
</Investigator>
<Institution>
<Name>Virginia Polytechnic Institute and State University</Name>
<CityName>BLACKSBURG</CityName>
<ZipCode>240610001</ZipCode>
<PhoneNumber>5402315281</PhoneNumber>
<StreetAddress>Sponsored Programs 0170</StreetAddress>
<CountryName>United States</CountryName>
<StateName>Virginia</StateName>
<StateCode>VA</StateCode>
</Institution>
<ProgramElement>
<Code>9102</Code>
<Text>Chem Struct,Dynmcs&amp;Mechansms B</Text>
</ProgramElement>
<ProgramReference>
<Code>1982</Code>
<Text>BIOLOGICAL CHEMISTRY</Text>
</ProgramReference>
<ProgramReference>
<Code>9183</Code>
<Text>GENERAL FOUNDATIONS OF BIOTECHNOLOGY</Text>
</ProgramReference>
<ProgramReference>
<Code>BIOT</Code>
<Text>BIOTECHNOLOGY</Text>
</ProgramReference>
</Award>
</rootTag>
