<?xml version="1.0" encoding="UTF-8"?>
<rootTag>
<Award>
<AwardTitle>Set Theory</AwardTitle>
<AwardEffectiveDate>07/01/2013</AwardEffectiveDate>
<AwardExpirationDate>10/31/2014</AwardExpirationDate>
<AwardAmount>231856</AwardAmount>
<AwardInstrument>
<Value>Continuing grant</Value>
</AwardInstrument>
<Organization>
<Code>03040000</Code>
<Directorate>
<LongName>Direct For Mathematical &amp; Physical Scien</LongName>
</Directorate>
<Division>
<LongName>Division Of Mathematical Sciences</LongName>
</Division>
</Organization>
<ProgramOfficer>
<SignBlockName>Tomek Bartoszynski</SignBlockName>
</ProgramOfficer>
<AbstractNarration>The Inner Model Program is one of the central areas of Set Theory. The traditional view of this program has been that of an increment program with progress measured by a progression up the hierarchy of large cardinals. It is now known that this view is not correct. A critical transition occurs at the level of exactly one supercompact cardinal, and in solving the Inner Model Problem for this specific large cardinal axiom, one solves the Inner Model Problem for essentially all known large cardinal axioms. The solution must necessarily yield an ultimate enlargement of Godel's inner model L. This  Ultimate-L must closely approximate the parent universe V within which it is constructed. Though the detailed construction of Ultimate-L is open, the axiom, ``V = Ultimate-L'',  can be precisely formulated and its consequences explored even now. One can also precisely specify a conjecture which would be the final outcome of the construction of Ultimate-L. This is the Ultimate-L Conjecture. This conjecture is closely related to several other conjectures and these collectively are the focus of this research proposal.&lt;br/&gt;&lt;br/&gt;The mathematical study of Infinity is the focus of Set Theory. This subject began on the basis of principles isolated by Cantor and then elaborated on by others. By the early part of the 20th century the basic Zermelo-Frankel Axioms had been isolated and these axioms together with the Axiom of Choice are the ZFC axioms. The ZFC axioms define the current conception of (mathematical) Infinity. The seminal discoveries of the latter half of the 20th century showed that most of the fundamental questions asked about infinite sets are unsolvable on the basis of the ZFC axioms. Famous among these unsolvable questions is that of Cantor's Continuum Hypothesis which by the middle of the 20th century was widely regarded as one of the most important questions of mathematics.  This proposal focuses on the Ultimate-L Project. This project if successful will isolate (for the first time) an extension of the ZFC axioms that will resolve essentially all of these otherwise unsolvable questions (including that of the Continuum Hypothesis) and provide a framework for reducing all questions of Set Theory to questions of the existence of large infinite sets--these are the so called Axioms of Strong Infinity.  The new approach arises from a series of recent results which show that such an extension of the ZFC axioms might actually exist.</AbstractNarration>
<MinAmdLetterDate>04/18/2013</MinAmdLetterDate>
<MaxAmdLetterDate>04/14/2014</MaxAmdLetterDate>
<ARRAAmount/>
<AwardID>1301658</AwardID>
<Investigator>
<FirstName>W. Hugh</FirstName>
<LastName>Woodin</LastName>
<EmailAddress>woodin@math.harvard.edu</EmailAddress>
<StartDate>04/18/2013</StartDate>
<EndDate/>
<RoleCode>Principal Investigator</RoleCode>
</Investigator>
<Institution>
<Name>University of California-Berkeley</Name>
<CityName>BERKELEY</CityName>
<ZipCode>947045940</ZipCode>
<PhoneNumber>5106428109</PhoneNumber>
<StreetAddress>Sponsored Projects Office</StreetAddress>
<CountryName>United States</CountryName>
<StateName>California</StateName>
<StateCode>CA</StateCode>
</Institution>
<ProgramElement>
<Code>1268</Code>
<Text>FOUNDATIONS</Text>
</ProgramElement>
</Award>
</rootTag>
