<?xml version="1.0" encoding="UTF-8"?>
<rootTag>
<Award>
<AwardTitle>Studies Involving Atoms in High Rydberg States</AwardTitle>
<AwardEffectiveDate>08/01/2013</AwardEffectiveDate>
<AwardExpirationDate>07/31/2017</AwardExpirationDate>
<AwardAmount>540000</AwardAmount>
<AwardInstrument>
<Value>Continuing grant</Value>
</AwardInstrument>
<Organization>
<Code>03010000</Code>
<Directorate>
<LongName>Direct For Mathematical &amp; Physical Scien</LongName>
</Directorate>
<Division>
<LongName>Division Of Physics</LongName>
</Division>
</Organization>
<ProgramOfficer>
<SignBlockName>Alexander Cronin</SignBlockName>
</ProgramOfficer>
<AbstractNarration>Atoms in highly-excited so-called Rydberg states are true giants of the atomic world with their outer electrons traveling relatively slowly in orbits with diameters that can approach a fraction of a millimeter.  As for any traveler in distant lands, Rydberg electrons are both isolated and vulnerable and their motions can be readily controlled using a carefully-tailored sequence of 'kicks' imparted by a series of electric field pulses.  Under the influence of such kicks the Rydberg electron can display a wide variety of behaviors including chaos.This will be exploited to explore the potential of emerging new paradigms for information processing based on the complex behavior of chaotic systems including the use of Rydberg atoms as logic gates, in pattern recognition, and in data mining.  The behavior of pairs of Rydberg atoms positioned close to each other such that they interact very strongly will be examined to explore energy interchange and to search for novel long-lived molecular Rydberg states containing two excited electrons.  Attempts will also be made to create long-lived atoms containing two excited electrons that are each placed in large orbits and whose motions are stabilized by their mutual interactions and mirror that of a classical planetary system.  Measurements will be undertaken in which radio-frequency fields will be employed to drive the motion of the Rydberg electron to probe the behavior of atoms in ground or low-lying excited states when acted upon by ultra-short ultra-intense laser pulses -- in essence replacing the extreme lasers by extreme atoms. These studies with Rydberg atoms will provide a valuable bridge between the nanoscale world of quantum physics and the macroscopic world of Newtonian mechanics.&lt;br/&gt;&lt;br/&gt;The present research program will contribute to the training of the scientific workforce by providing students a firm foundation in many areas of physics together with a diverse array of experimental skills in many technologically relevant areas such as high-vacuum technology, lasers, high speed electronics, computerized data acquisition and control, and computer modeling. The experiments on strongly-interacting Rydberg systems will provide valuable new insights into the mesoscopic world and mesoscopic systems such as quantum dots and quantum wells that play a prominent role in exploratory concepts and technologies related to quantum information processing and quantum computing. The work will also provide new information on physics in the ultra-fast ultra-intense regime and speak to the engineering of low-lying atomic (and molecular) states by using attosecond laser pulses to control their properties and behavior, including their chemical reactions.  Studies of the response of Rydberg atoms to series of electric field pulses promise new insights into classical chaos and the mathematical tools used to describe it, and furnish a novel laboratory in which to test new paradigms for information processing and data manipulation based on the characteristics of chaotic systems.  Rydberg atoms lie at the interface between the quantum and classical worlds and provide a critical bridge between both.</AbstractNarration>
<MinAmdLetterDate>07/22/2013</MinAmdLetterDate>
<MaxAmdLetterDate>05/08/2015</MaxAmdLetterDate>
<ARRAAmount/>
<AwardID>1301773</AwardID>
<Investigator>
<FirstName>F. Barry</FirstName>
<LastName>Dunning</LastName>
<EmailAddress>fbd@rice.edu</EmailAddress>
<StartDate>07/22/2013</StartDate>
<EndDate/>
<RoleCode>Principal Investigator</RoleCode>
</Investigator>
<Institution>
<Name>William Marsh Rice University</Name>
<CityName>Houston</CityName>
<ZipCode>770051827</ZipCode>
<PhoneNumber>7133484820</PhoneNumber>
<StreetAddress>6100 MAIN ST</StreetAddress>
<CountryName>United States</CountryName>
<StateName>Texas</StateName>
<StateCode>TX</StateCode>
</Institution>
<ProgramElement>
<Code>1241</Code>
<Text>AMO Experiment/Atomic, Molecul</Text>
</ProgramElement>
<ProgramElement>
<Code>1291</Code>
<Text>ATOMIC &amp; MOLECULAR DYNAMICS</Text>
</ProgramElement>
</Award>
</rootTag>
