<?xml version="1.0" encoding="UTF-8"?>
<rootTag>
<Award>
<AwardTitle>GOALI: Continuous-Bending-under-Tension Studies to Enhance the Formability of Advanced Steels and Aluminum Alloys</AwardTitle>
<AwardEffectiveDate>07/01/2013</AwardEffectiveDate>
<AwardExpirationDate>06/30/2017</AwardExpirationDate>
<AwardAmount>487680</AwardAmount>
<AwardInstrument>
<Value>Standard Grant</Value>
</AwardInstrument>
<Organization>
<Code>07030000</Code>
<Directorate>
<LongName>Directorate For Engineering</LongName>
</Directorate>
<Division>
<LongName>Div Of Civil, Mechanical, &amp; Manufact Inn</LongName>
</Division>
</Organization>
<ProgramOfficer>
<SignBlockName>Thomas F. Kuech</SignBlockName>
</ProgramOfficer>
<AbstractNarration>This Grant Opportunity for Academic Liaison with Industry (GOALI) project in collaboration with Ford Motor Company provides funding to, a) create a fundamental understanding of the mechanism which enhances metal formability during continuous-bending-under-tension and b) to exploit this behavior through innovative manufacturing processes. In order for the industry to take advantage of continuous-bending-under-tension to achieve formability improvements, fundamental knowledge of the underlying phenomena, accurate models to predict material behavior and innovative processing solutions to exploit this effect are required. Two specific materials, DP780 steel and AA6022 aluminum alloy will be investigated in this research. Both of these are of interest and increasingly evaluated for various weight-sensitive applications, but have very different microstructures and are expected to behave differently during continuous-bending-under-tension. The principal investigators and senior personnel have significant and relevant expertise in experimental mechanics, material characterization, microstructural-based and continuum constitutive modeling, process simulations, and sheet metal forming, to assure the success of this research.&lt;br/&gt;&lt;br/&gt;If successful, the results of this research will benefit society at large by reducing the environmental impact of products such as automobiles and by enabling more aggressive product designs, which will further decrease the weight and cost of components. Also, graduate and undergraduate students will benefit from the industrial focus of this project and the fact that the results will be directly integrated into the curriculum. In addition, the PIs will build on their past success in recruiting students from underrepresented groups in engineering to participate in the research. Research Experience for Teachers participants will be involved in the project and will create modules for high school science and pre-engineering courses to attract more students to these disciplines. Finally, to ensure that the results of this research are effectively communicated to industry, workshops will be conducted through the collaboration with industrial partners.</AbstractNarration>
<MinAmdLetterDate>06/17/2013</MinAmdLetterDate>
<MaxAmdLetterDate>08/15/2016</MaxAmdLetterDate>
<ARRAAmount/>
<AwardID>1301081</AwardID>
<Investigator>
<FirstName>Cedric</FirstName>
<LastName>Xia</LastName>
<EmailAddress>zxia@ford.com</EmailAddress>
<StartDate>06/17/2013</StartDate>
<EndDate/>
<RoleCode>Co-Principal Investigator</RoleCode>
</Investigator>
<Investigator>
<FirstName>Brad</FirstName>
<LastName>Kinsey</LastName>
<EmailAddress>bkinsey@unh.edu</EmailAddress>
<StartDate>06/17/2013</StartDate>
<EndDate/>
<RoleCode>Principal Investigator</RoleCode>
</Investigator>
<Investigator>
<FirstName>Marko</FirstName>
<LastName>Knezevic</LastName>
<EmailAddress>Marko.Knezevic@unh.edu</EmailAddress>
<StartDate>06/17/2013</StartDate>
<EndDate/>
<RoleCode>Co-Principal Investigator</RoleCode>
</Investigator>
<Investigator>
<FirstName>Ioannis</FirstName>
<LastName>Korkolis</LastName>
<EmailAddress>yannis.korkolis@unh.edu</EmailAddress>
<StartDate>06/17/2013</StartDate>
<EndDate/>
<RoleCode>Co-Principal Investigator</RoleCode>
</Investigator>
<Institution>
<Name>University of New Hampshire</Name>
<CityName>Durham</CityName>
<ZipCode>038243585</ZipCode>
<PhoneNumber>6038622172</PhoneNumber>
<StreetAddress>51 COLLEGE RD SERVICE BLDG 107</StreetAddress>
<CountryName>United States</CountryName>
<StateName>New Hampshire</StateName>
<StateCode>NH</StateCode>
</Institution>
<ProgramElement>
<Code>1467</Code>
<Text>MATERIALS PROCESSING AND MANFG</Text>
</ProgramElement>
<ProgramElement>
<Code>1504</Code>
<Text>GRANT OPP FOR ACAD LIA W/INDUS</Text>
</ProgramElement>
<ProgramElement>
<Code>8092</Code>
<Text>Materials Eng. &amp; Processing</Text>
</ProgramElement>
<ProgramReference>
<Code>024E</Code>
<Text>MATERIALS DESIGN</Text>
</ProgramReference>
<ProgramReference>
<Code>025E</Code>
<Text>INFRASTRUCTURE MATERIALS</Text>
</ProgramReference>
<ProgramReference>
<Code>026E</Code>
<Text>STRUCTURAL MECHANICS</Text>
</ProgramReference>
<ProgramReference>
<Code>036E</Code>
<Text>CIVIL INFRASTRUCTURE</Text>
</ProgramReference>
<ProgramReference>
<Code>080E</Code>
<Text>DEFORMATION PROCESSES</Text>
</ProgramReference>
<ProgramReference>
<Code>083E</Code>
<Text>MATERIAL TRANSFORMATION PROC</Text>
</ProgramReference>
<ProgramReference>
<Code>116E</Code>
<Text>RESEARCH EXP FOR UNDERGRADS</Text>
</ProgramReference>
<ProgramReference>
<Code>1444</Code>
<Text>SURFACE ENGINEERING</Text>
</ProgramReference>
<ProgramReference>
<Code>1467</Code>
<Text>MATERIALS PROCESSING AND MANFG</Text>
</ProgramReference>
<ProgramReference>
<Code>1504</Code>
<Text>GRANT OPP FOR ACAD LIA W/INDUS</Text>
</ProgramReference>
<ProgramReference>
<Code>8021</Code>
<Text>Materials Engineering</Text>
</ProgramReference>
<ProgramReference>
<Code>8022</Code>
<Text>Sustainable Infrastructure Materials</Text>
</ProgramReference>
<ProgramReference>
<Code>8025</Code>
<Text>Advanced Materials Processing</Text>
</ProgramReference>
<ProgramReference>
<Code>8037</Code>
<Text>Advanced Manufacturing</Text>
</ProgramReference>
<ProgramReference>
<Code>9146</Code>
<Text>MANUFACTURING BASE RESEARCH</Text>
</ProgramReference>
<ProgramReference>
<Code>9150</Code>
<Text>EXP PROG TO STIM COMP RES</Text>
</ProgramReference>
<ProgramReference>
<Code>9178</Code>
<Text>UNDERGRADUATE EDUCATION</Text>
</ProgramReference>
<ProgramReference>
<Code>9231</Code>
<Text>SUPPL FOR UNDERGRAD RES ASSIST</Text>
</ProgramReference>
<ProgramReference>
<Code>9251</Code>
<Text>RES EXPER FOR UNDERGRAD-SUPPLT</Text>
</ProgramReference>
</Award>
</rootTag>
