<?xml version="1.0" encoding="UTF-8"?>
<rootTag>
<Award>
<AwardTitle>Atomistic Dynamics of Acoustic Emission (AE) Generation in Ultra-Precision Machining (UPM) for Incipient Anomaly Detection</AwardTitle>
<AwardEffectiveDate>06/01/2013</AwardEffectiveDate>
<AwardExpirationDate>03/31/2014</AwardExpirationDate>
<AwardAmount>199997</AwardAmount>
<AwardInstrument>
<Value>Standard Grant</Value>
</AwardInstrument>
<Organization>
<Code>07030000</Code>
<Directorate>
<LongName>Directorate For Engineering</LongName>
</Directorate>
<Division>
<LongName>Div Of Civil, Mechanical, &amp; Manufact Inn</LongName>
</Division>
</Organization>
<ProgramOfficer>
<SignBlockName>Zhijian Pei</SignBlockName>
</ProgramOfficer>
<AbstractNarration>This grant provides funding to explore the feasibility of an approach to relate the generation and propagation of acoustic emission waveforms from atomistic sources with the relevant plastic deformation mechanisms in ultra-precision machining processes, based on adapting recent advances in nanolithography, ray acoustics and material point theories, towards real-time monitoring of surface quality. Ultra-precision machining processes have a broad range of applications in automotive, aerospace, medical, and defense industries. Real-time monitoring of these processes is hampered by low signal-to-noise ratios of conventional sensors, and costs associated with advanced in-situ instruments. Currently, acoustic emission offers a viable means for real-time and high resolution monitoring of these processes. However, physical principles connecting the process microdynamics with acoustic emission waveforms, which are critical for real-time monitoring of anomalies in ultra-precision machining processes, remain elusive. The physical principles and models from this research can be vital for harnessing acoustic emission signals for real-time process monitoring to assure nano-scale precisions and surface quality.&lt;br/&gt;&lt;br/&gt;If successful, the investigations would lay foundations to advance sensing technologies for real-time quality assurance of ultra-precision manufacturing processes in the vital industries of today's economy. Considerable short-term impact will accrue from active research partnerships with the industry, and involvement of graduate and undergraduate students. The affiliated educational activities will include enriching a graduate course by employing the new experimentation facilities and other research outcomes as part of the lab, as well as by incorporating the results from the proposed research as course modules in process modeling and mechanics tracks.</AbstractNarration>
<MinAmdLetterDate>02/27/2013</MinAmdLetterDate>
<MaxAmdLetterDate>09/24/2013</MaxAmdLetterDate>
<ARRAAmount/>
<AwardID>1301439</AwardID>
<Investigator>
<FirstName>Raman</FirstName>
<LastName>Singh</LastName>
<EmailAddress>raman.singh@okstate.edu</EmailAddress>
<StartDate>02/27/2013</StartDate>
<EndDate/>
<RoleCode>Co-Principal Investigator</RoleCode>
</Investigator>
<Investigator>
<FirstName>Satish</FirstName>
<LastName>Bukkapatnam</LastName>
<EmailAddress>satish@tamu.edu</EmailAddress>
<StartDate>02/27/2013</StartDate>
<EndDate/>
<RoleCode>Principal Investigator</RoleCode>
</Investigator>
<Investigator>
<FirstName>Zhenyu</FirstName>
<LastName>Kong</LastName>
<EmailAddress>zkong@vt.edu</EmailAddress>
<StartDate>02/27/2013</StartDate>
<EndDate>09/24/2013</EndDate>
<RoleCode>Former Co-Principal Investigator</RoleCode>
</Investigator>
<Institution>
<Name>Oklahoma State University</Name>
<CityName>Stillwater</CityName>
<ZipCode>740781011</ZipCode>
<PhoneNumber>4057449995</PhoneNumber>
<StreetAddress>101 WHITEHURST HALL</StreetAddress>
<CountryName>United States</CountryName>
<StateName>Oklahoma</StateName>
<StateCode>OK</StateCode>
</Institution>
<ProgramElement>
<Code>1468</Code>
<Text>Manufacturing Machines &amp; Equip</Text>
</ProgramElement>
<ProgramReference>
<Code>082E</Code>
<Text>MFG MACHINES &amp; METROLOGY</Text>
</ProgramReference>
<ProgramReference>
<Code>083E</Code>
<Text>MATERIAL TRANSFORMATION PROC</Text>
</ProgramReference>
<ProgramReference>
<Code>9146</Code>
<Text>MANUFACTURING BASE RESEARCH</Text>
</ProgramReference>
<ProgramReference>
<Code>9150</Code>
<Text>EXP PROG TO STIM COMP RES</Text>
</ProgramReference>
</Award>
</rootTag>
