<?xml version="1.0" encoding="UTF-8"?>
<rootTag>
<Award>
<AwardTitle>User-Centric Sensing and Distributed Control of Corridor Transportation Networks</AwardTitle>
<AwardEffectiveDate>07/01/2013</AwardEffectiveDate>
<AwardExpirationDate>06/30/2018</AwardExpirationDate>
<AwardAmount>424998</AwardAmount>
<AwardInstrument>
<Value>Standard Grant</Value>
</AwardInstrument>
<Organization>
<Code>07030000</Code>
<Directorate>
<LongName>Directorate For Engineering</LongName>
</Directorate>
<Division>
<LongName>Div Of Civil, Mechanical, &amp; Manufact Inn</LongName>
</Division>
</Organization>
<ProgramOfficer>
<SignBlockName>Y. Grace Hsuan</SignBlockName>
</ProgramOfficer>
<AbstractNarration>This research studies the behavior and performance of a transportation corridor made of a freeway and arterial streets under a Connected Vehicles (CV) environment, where vehicles equipped with wireless communication and sensing devices collect, process, and share traffic information among themselves along with roadside sensors. First, methods of fusing/combining real-time traffic data from both vehicles and roadside sensors will be explored to automate the detection of incidents (e.g., accidents), to estimate the number of cars waiting in line and to populate the tables that contain the number of trips from origins to destinations. Second, the research studies how congestion, particularly traffic jams, emerge and spread, and how this information can help drivers cope with congestion. Finally, the research makes use of the results obtained from the first two tasks to explore algorithms that will enable the adaptive, coordinated control of freeway ramp meters and nearby arterial traffic lights, and the re-routing of traffic in response to traffic incidents.&lt;br/&gt;&lt;br/&gt;If successful, the results of this research will lead to a better understanding of traffic congestion in corridor networks and new ways to monitor and control vehicular traffic. These can enable applications with significant societal benefits such as reduced traffic congestion and fuel consumption. The results of this research will also be disseminated to public agencies (such as Departments of Transportation (DOTs)) and the general public through presentations and brochures, and other means. This research is at the intersection of vehicular traffic flow and computer networks, it is expected to contribute to the understanding of how corridor based transportation networks work, and provides interdisciplinary training to the students involved. Minority graduate and undergraduate students will be recruited to participate in this project through college-level minority programs such as CAMP (California Alliance for Minority Participation) at the University of California Davis.</AbstractNarration>
<MinAmdLetterDate>02/25/2013</MinAmdLetterDate>
<MaxAmdLetterDate>12/27/2017</MaxAmdLetterDate>
<ARRAAmount/>
<AwardID>1301496</AwardID>
<Investigator>
<FirstName>Dipak</FirstName>
<LastName>Ghosal</LastName>
<EmailAddress>dghosal@ucdavis.edu</EmailAddress>
<StartDate>02/25/2013</StartDate>
<EndDate/>
<RoleCode>Co-Principal Investigator</RoleCode>
</Investigator>
<Investigator>
<FirstName>Michael</FirstName>
<LastName>Zhang</LastName>
<EmailAddress>hmzhang@ucdavis.edu</EmailAddress>
<StartDate>02/25/2013</StartDate>
<EndDate/>
<RoleCode>Principal Investigator</RoleCode>
</Investigator>
<Investigator>
<FirstName>Chen-Nee</FirstName>
<LastName>Chuah</LastName>
<EmailAddress>chuah@ucdavis.edu</EmailAddress>
<StartDate>02/25/2013</StartDate>
<EndDate/>
<RoleCode>Co-Principal Investigator</RoleCode>
</Investigator>
<Institution>
<Name>University of California-Davis</Name>
<CityName>Davis</CityName>
<ZipCode>956186134</ZipCode>
<PhoneNumber>5307547700</PhoneNumber>
<StreetAddress>OR/Sponsored Programs</StreetAddress>
<CountryName>United States</CountryName>
<StateName>California</StateName>
<StateCode>CA</StateCode>
</Institution>
<ProgramElement>
<Code>033Y</Code>
<Text>S&amp;CC: Smart &amp; Connected Commun</Text>
</ProgramElement>
<ProgramElement>
<Code>1631</Code>
<Text>CIVIL INFRASTRUCTURE SYSTEMS</Text>
</ProgramElement>
<ProgramReference>
<Code>029E</Code>
<Text>INFRASTRUCTURE SYSTEMS MGT</Text>
</ProgramReference>
<ProgramReference>
<Code>036E</Code>
<Text>CIVIL INFRASTRUCTURE</Text>
</ProgramReference>
<ProgramReference>
<Code>039E</Code>
<Text>STRUCTURAL SYSTEMS</Text>
</ProgramReference>
<ProgramReference>
<Code>1057</Code>
<Text>CIS BASE RESEARCH</Text>
</ProgramReference>
<ProgramReference>
<Code>116E</Code>
<Text>RESEARCH EXP FOR UNDERGRADS</Text>
</ProgramReference>
<ProgramReference>
<Code>9178</Code>
<Text>UNDERGRADUATE EDUCATION</Text>
</ProgramReference>
<ProgramReference>
<Code>9231</Code>
<Text>SUPPL FOR UNDERGRAD RES ASSIST</Text>
</ProgramReference>
<ProgramReference>
<Code>9251</Code>
<Text>RES EXPER FOR UNDERGRAD-SUPPLT</Text>
</ProgramReference>
<ProgramReference>
<Code>CVIS</Code>
<Text>CIVIL INFRASTRUCTURE</Text>
</ProgramReference>
</Award>
</rootTag>
