<?xml version="1.0" encoding="UTF-8"?>
<rootTag>
<Award>
<AwardTitle>Guided Fluidic Assembly of Patterned Ceramic Granules and Films</AwardTitle>
<AwardEffectiveDate>09/01/2012</AwardEffectiveDate>
<AwardExpirationDate>06/30/2013</AwardExpirationDate>
<AwardAmount>173018</AwardAmount>
<AwardInstrument>
<Value>Continuing grant</Value>
</AwardInstrument>
<Organization>
<Code>03070000</Code>
<Directorate>
<LongName>Direct For Mathematical &amp; Physical Scien</LongName>
</Directorate>
<Division>
<LongName>Division Of Materials Research</LongName>
</Division>
</Organization>
<ProgramOfficer>
<SignBlockName>Lynnette D. Madsen</SignBlockName>
</ProgramOfficer>
<AbstractNarration>Ceramic materials are of vast scientific and technological importance for a myriad of applications, including electronic, battery, and magnetic devices.  This research project focuses on developing new pathways for assembling ceramics in both film and granular forms.  By harnessing the unique flow behavior of fluids at the microscale, ceramic materials will be fabricated with unprecedented control over their composition and structure.  Multiple education and outreach activities are planned, including graduate and undergraduate student mentoring, development of new material for undergraduate courses, and web-based outreach.&lt;br/&gt;&lt;br/&gt;This research project is exploring the guided fluidic assembly of patterned ceramic films and granules from colloidal, nanoparticle, and organic building blocks.  Specifically, two novel routes are under investigation: (1) evaporative lithographic patterning of colloidal films and (2) microfluidic assembly of colloidal granules with controlled size, shape, and composition.  The aim is to establish a fundamental understanding of fluidic-based assembly of ceramic structures with exquisite structural and compositional control on multiple length scales.&lt;br/&gt;</AbstractNarration>
<MinAmdLetterDate>10/15/2012</MinAmdLetterDate>
<MaxAmdLetterDate>10/15/2012</MaxAmdLetterDate>
<ARRAAmount/>
<AwardID>1301756</AwardID>
<Investigator>
<FirstName>Jennifer</FirstName>
<LastName>Lewis</LastName>
<EmailAddress>jalewis@seas.harvard.edu</EmailAddress>
<StartDate>10/15/2012</StartDate>
<EndDate/>
<RoleCode>Principal Investigator</RoleCode>
</Investigator>
<Institution>
<Name>Harvard University</Name>
<CityName>Cambridge</CityName>
<ZipCode>021385369</ZipCode>
<PhoneNumber>6174955501</PhoneNumber>
<StreetAddress>1033 MASSACHUSETTS AVE</StreetAddress>
<CountryName>United States</CountryName>
<StateName>Massachusetts</StateName>
<StateCode>MA</StateCode>
</Institution>
<ProgramElement>
<Code>1774</Code>
<Text>CERAMICS</Text>
</ProgramElement>
<ProgramReference>
<Code>9161</Code>
<Text>SINGLE DIVISION/UNIVERSITY</Text>
</ProgramReference>
<ProgramReference>
<Code>AMPP</Code>
<Text>ADVANCED MATERIALS &amp; PROCESSING PROGRAM</Text>
</ProgramReference>
</Award>
</rootTag>
