<?xml version="1.0" encoding="UTF-8"?>
<rootTag>
<Award>
<AwardTitle>6th International IEEE EMBS Conference on Neural Engineering, Nov 3-6, 2013, San Diego, CA</AwardTitle>
<AwardEffectiveDate>09/01/2013</AwardEffectiveDate>
<AwardExpirationDate>02/28/2015</AwardExpirationDate>
<AwardAmount>10000</AwardAmount>
<AwardInstrument>
<Value>Standard Grant</Value>
</AwardInstrument>
<Organization>
<Code>07020000</Code>
<Directorate>
<LongName>Directorate For Engineering</LongName>
</Directorate>
<Division>
<LongName>Div Of Chem, Bioeng, Env, &amp; Transp Sys</LongName>
</Division>
</Organization>
<ProgramOfficer>
<SignBlockName>Athanassios Sambanis</SignBlockName>
</ProgramOfficer>
<AbstractNarration>PI: Metin Akay&lt;br/&gt;Proposal ID: 1301560&lt;br/&gt;&lt;br/&gt;Neural engineering is an emerging discipline that combines multiple engineering disciplines, including electronic and photonic technologies, computer science, physics, chemistry, mathematics with cellular, molecular, cognitive and behavioral neuroscience to understand the organizational principles and underlying mechanisms of the biology of neural systems and the behavioral dynamics and complexity of neural systems in nature. To highlight this emerging discipline, the 6th International IEEE EMBS Conference on Neural Engineering will be held in San Diego, CA from November 3 through November 6, 2013.&lt;br/&gt;&lt;br/&gt;Intellectual Merits: The objective of this conference is to highlight progress in Neural and Cognitive Engineering, an emerging field bridging molecular, cellular, systems, cognitive and behavioral neuroscience with engineering, physics, chemistry, mathematics and computer science. We strongly believe that the neural engineering conference further stimulates neural engineering research and education among neuroscientists, chemists, engineers, computer scientists and mathematicians.&lt;br/&gt;&lt;br/&gt;Broader Impact: In addition to the keynote, plenary, platform and poster sessions, we will also have a panel to focus on the challenges of making a career in the rapidly growing, interdisciplinary fields of neural engineering, from being hired as part of a team and finding&lt;br/&gt;exciting new research opportunities, to becoming a team leader and what to look for when organizing that team and choosing its members. Options will be discussed for graduate studies and research both internationally and within the U.S., as well as the potential for collaboration among researchers and students internationally.</AbstractNarration>
<MinAmdLetterDate>09/04/2013</MinAmdLetterDate>
<MaxAmdLetterDate>09/04/2013</MaxAmdLetterDate>
<ARRAAmount/>
<AwardID>1301560</AwardID>
<Investigator>
<FirstName>Metin</FirstName>
<LastName>Akay</LastName>
<EmailAddress>makay58@gmail.com</EmailAddress>
<StartDate>09/04/2013</StartDate>
<EndDate/>
<RoleCode>Principal Investigator</RoleCode>
</Investigator>
<Institution>
<Name>University of Houston</Name>
<CityName>Houston</CityName>
<ZipCode>772042015</ZipCode>
<PhoneNumber>7137435773</PhoneNumber>
<StreetAddress>4800 Calhoun Boulevard</StreetAddress>
<CountryName>United States</CountryName>
<StateName>Texas</StateName>
<StateCode>TX</StateCode>
</Institution>
<ProgramElement>
<Code>5345</Code>
<Text>Engineering of Biomed Systems</Text>
</ProgramElement>
<ProgramElement>
<Code>7495</Code>
<Text>ROBUST INTELLIGENCE</Text>
</ProgramElement>
<ProgramReference>
<Code>004E</Code>
<Text>BIOMEDICAL ENG AND DIAGNOSTICS</Text>
</ProgramReference>
<ProgramReference>
<Code>005E</Code>
<Text>Neuro-photonics</Text>
</ProgramReference>
<ProgramReference>
<Code>017E</Code>
<Text>Cellular and Tissue Engineering</Text>
</ProgramReference>
<ProgramReference>
<Code>137E</Code>
<Text>Neural-engineering</Text>
</ProgramReference>
<ProgramReference>
<Code>138E</Code>
<Text>Stem cells/regenerative medicine</Text>
</ProgramReference>
<ProgramReference>
<Code>7556</Code>
<Text>CONFERENCE AND WORKSHOPS</Text>
</ProgramReference>
</Award>
</rootTag>
