<?xml version="1.0" encoding="UTF-8"?>
<rootTag>
<Award>
<AwardTitle>GOALI/Collaborative Research: Improved Spare Parts Inventory Management in Aircraft Engines through Hybrid Sensing</AwardTitle>
<AwardEffectiveDate>06/01/2013</AwardEffectiveDate>
<AwardExpirationDate>05/31/2017</AwardExpirationDate>
<AwardAmount>159996</AwardAmount>
<AwardInstrument>
<Value>Standard Grant</Value>
</AwardInstrument>
<Organization>
<Code>07030000</Code>
<Directorate>
<LongName>Directorate For Engineering</LongName>
</Directorate>
<Division>
<LongName>Div Of Civil, Mechanical, &amp; Manufact Inn</LongName>
</Division>
</Organization>
<ProgramOfficer>
<SignBlockName>Georgia-Ann Klutke</SignBlockName>
</ProgramOfficer>
<AbstractNarration>Abstract for Collaborative Research/GOALI: Improved Spare Parts Inventory Management in Aircraft Engines through Hybrid Sensing&lt;br/&gt;&lt;br/&gt;The objective of this GOALI award is to develop the basic science and necessary tools to transform sensor measurements from a large set of machine equipment in the field into reliable forecasts and inventory policies for the spare parts required to maintain that equipment. While equipment health monitoring is of relevance to many manufacturers, the application context of this research is commercial jet engines. The research consists of four key steps: advancing sensing methods and the interpretation of signals to diagnose engine condition; developing procedures for transforming this data into predictions of time-to-overhaul and resource-requirements; building part forecasting methods and inventory policies that aggregate this information across engines in the field, with consideration of usage and economic conditions; and creating a simulation tool for the monitoring and maintenance of a large fleet to validate the methodology. &lt;br/&gt;&lt;br/&gt;This research will establish a framework for modeling and simulating the process of engine maintenance, and will produce theoretical results that can be translated into applicable tools of practical value to the industrial partner and the aerospace industry at large, leading to improved forecasting and inventory management for spare parts. While currently-used sensor data can provide an indication of the overall health of the engine, the advanced sensing technologies developed in this research offer the potential to predict which specific parts will need replacement before an overhaul is initiated, thus providing more time to secure the necessary resources. This research will determine the economic impact of the additional health information and improved decision-making enabled by these advanced sensing technologies, and will potentially make the case for their pervasive installation. Although the models will primarily be validated within the industrial partner's business units, they will be beneficial to a wide array of manufacturing firms for whom after-sales service is a critical component of their business.</AbstractNarration>
<MinAmdLetterDate>05/20/2013</MinAmdLetterDate>
<MaxAmdLetterDate>07/28/2016</MaxAmdLetterDate>
<ARRAAmount/>
<AwardID>1301188</AwardID>
<Investigator>
<FirstName>Ana</FirstName>
<LastName>Muriel</LastName>
<EmailAddress>muriel@ecs.umass.edu</EmailAddress>
<StartDate>05/20/2013</StartDate>
<EndDate/>
<RoleCode>Principal Investigator</RoleCode>
</Investigator>
<Investigator>
<FirstName>Robert</FirstName>
<LastName>Tomastik</LastName>
<EmailAddress>robert.tomastik@pw.utc.com</EmailAddress>
<StartDate>05/20/2013</StartDate>
<EndDate/>
<RoleCode>Co-Principal Investigator</RoleCode>
</Investigator>
<Institution>
<Name>University of Massachusetts Amherst</Name>
<CityName>Hadley</CityName>
<ZipCode>010359450</ZipCode>
<PhoneNumber>4135450698</PhoneNumber>
<StreetAddress>Research Administration Building</StreetAddress>
<CountryName>United States</CountryName>
<StateName>Massachusetts</StateName>
<StateCode>MA</StateCode>
</Institution>
<ProgramElement>
<Code>006Y</Code>
<Text>OE Operations Engineering</Text>
</ProgramElement>
<ProgramElement>
<Code>1504</Code>
<Text>GRANT OPP FOR ACAD LIA W/INDUS</Text>
</ProgramElement>
<ProgramElement>
<Code>1786</Code>
<Text>MANFG ENTERPRISE SYSTEMS</Text>
</ProgramElement>
<ProgramReference>
<Code>071E</Code>
<Text>MFG ENTERPRISE OPERATIONS</Text>
</ProgramReference>
<ProgramReference>
<Code>078E</Code>
<Text>ENTERPRISE DESIGN &amp; LOGISTICS</Text>
</ProgramReference>
<ProgramReference>
<Code>116E</Code>
<Text>RESEARCH EXP FOR UNDERGRADS</Text>
</ProgramReference>
<ProgramReference>
<Code>1504</Code>
<Text>GRANT OPP FOR ACAD LIA W/INDUS</Text>
</ProgramReference>
<ProgramReference>
<Code>9102</Code>
<Text>WOMEN, MINORITY, DISABLED, NEC</Text>
</ProgramReference>
<ProgramReference>
<Code>9178</Code>
<Text>UNDERGRADUATE EDUCATION</Text>
</ProgramReference>
<ProgramReference>
<Code>9231</Code>
<Text>SUPPL FOR UNDERGRAD RES ASSIST</Text>
</ProgramReference>
<ProgramReference>
<Code>9251</Code>
<Text>RES EXPER FOR UNDERGRAD-SUPPLT</Text>
</ProgramReference>
</Award>
</rootTag>
