<?xml version="1.0" encoding="UTF-8"?>
<rootTag>
<Award>
<AwardTitle>EAGER: Poll Workers and Election Security</AwardTitle>
<AwardEffectiveDate>11/01/2012</AwardEffectiveDate>
<AwardExpirationDate>10/31/2014</AwardExpirationDate>
<AwardAmount>180000</AwardAmount>
<AwardInstrument>
<Value>Standard Grant</Value>
</AwardInstrument>
<Organization>
<Code>05050000</Code>
<Directorate>
<LongName>Direct For Computer &amp; Info Scie &amp; Enginr</LongName>
</Directorate>
<Division>
<LongName>Division Of Computer and Network Systems</LongName>
</Division>
</Organization>
<ProgramOfficer>
<SignBlockName>Jeremy Epstein</SignBlockName>
</ProgramOfficer>
<AbstractNarration>On Election Day, poll workers must operate a complex system composed of people, processes, and technology.  Even minor mistakes in the operation of the system can lead to security failures, which could in turn lead to the wrong candidates being selected.  However, pollworkers are generally not technically astute, receive minimal training, are not attuned to systems and security issues, and are prone to making security mistakes that endanger elections, especially towards the end of the day due to worker fatigue.&lt;br/&gt;&lt;br/&gt;This project studies how poll workers manage voting technology at the opening and closing of polls on Election Day in an effort to understand the impact poll workers have on voting system security. In particular, it will examine what kinds of common security problems do poll workers encounter in opening/closing the polls; why do these problems seem to occur and their likely causes; and if there are particular points in poll/opening/closing where poll workers are more likely to encounter security issues or make mistakes.&lt;br/&gt;&lt;br/&gt;The project reveals opportunities for deeper investigation of security gaps in poll workers? setting up and shutting down the polls that may be remedied by better design of procedures, job aids, training and content available in the polling place.</AbstractNarration>
<MinAmdLetterDate>10/25/2012</MinAmdLetterDate>
<MaxAmdLetterDate>08/08/2014</MaxAmdLetterDate>
<ARRAAmount/>
<AwardID>1301887</AwardID>
<Investigator>
<FirstName>Lawrence</FirstName>
<LastName>Jacobs</LastName>
<EmailAddress>ljacobs@umn.edu</EmailAddress>
<StartDate>10/25/2012</StartDate>
<EndDate/>
<RoleCode>Principal Investigator</RoleCode>
</Investigator>
<Investigator>
<FirstName>Douglas</FirstName>
<LastName>Chapin</LastName>
<EmailAddress>dmcjconsulting@gmail.com</EmailAddress>
<StartDate>10/25/2012</StartDate>
<EndDate/>
<RoleCode>Co-Principal Investigator</RoleCode>
</Investigator>
<Institution>
<Name>University of Minnesota-Twin Cities</Name>
<CityName>Minneapolis</CityName>
<ZipCode>554552070</ZipCode>
<PhoneNumber>6126245599</PhoneNumber>
<StreetAddress>200 OAK ST SE</StreetAddress>
<CountryName>United States</CountryName>
<StateName>Minnesota</StateName>
<StateCode>MN</StateCode>
</Institution>
<ProgramElement>
<Code>8060</Code>
<Text>Secure &amp;Trustworthy Cyberspace</Text>
</ProgramElement>
<ProgramReference>
<Code>7434</Code>
<Text>CNCI</Text>
</ProgramReference>
<ProgramReference>
<Code>7916</Code>
<Text>EAGER</Text>
</ProgramReference>
</Award>
</rootTag>
