<?xml version="1.0" encoding="UTF-8"?>
<rootTag>
<Award>
<AwardTitle>Terahertz Spectroscopy of Polymorphism in Complex Molecular Solids</AwardTitle>
<AwardEffectiveDate>07/15/2014</AwardEffectiveDate>
<AwardExpirationDate>06/30/2017</AwardExpirationDate>
<AwardAmount>390000</AwardAmount>
<AwardInstrument>
<Value>Standard Grant</Value>
</AwardInstrument>
<Organization>
<Code>03090000</Code>
<Directorate>
<LongName>Direct For Mathematical &amp; Physical Scien</LongName>
</Directorate>
<Division>
<LongName>Division Of Chemistry</LongName>
</Division>
</Organization>
<ProgramOfficer>
<SignBlockName>Colby A. Foss</SignBlockName>
</ProgramOfficer>
<AbstractNarration>In this award, funded by the Chemical Structure, Dynamics and Mechanisms (CSDM-A) Program of the Division of Chemistry, Professor Timothy M. Korter of Syracuse University and his graduate student and colleagues are investigating analytical spectroscopic methods for investigating crystalline polymorphs of molecular solids.  The production of crystalline polymorphs in pharmaceutical formulations is increasingly important, yet the methods for analyzing these differing crystalline forms are still in their infancy.  Progress in this area could yield to improved formulations in the pharmaceutical industry.  The young scientists working on this project will receive training in modern methods in experimental and computational chemistry.&lt;br/&gt;&lt;br/&gt;Prof. Korter and his group will combine computational chemistry approaches as well as state-of-the-art Terahertz (THz) spectroscopy to probe the vibrations of molecules in crystals.  The fundamental aim of this work is to develop an improved understanding in the subtle ways that complex molecules interact in the solid phase, with the goal of developing a better understanding of existence and underlying processes that give rise to crystalline polymorphism.</AbstractNarration>
<MinAmdLetterDate>07/10/2014</MinAmdLetterDate>
<MaxAmdLetterDate>07/10/2014</MaxAmdLetterDate>
<ARRAAmount/>
<AwardID>1301068</AwardID>
<Investigator>
<FirstName>Timothy</FirstName>
<LastName>Korter</LastName>
<EmailAddress>tmkorter@syr.edu</EmailAddress>
<StartDate>07/10/2014</StartDate>
<EndDate/>
<RoleCode>Principal Investigator</RoleCode>
</Investigator>
<Institution>
<Name>Syracuse University</Name>
<CityName>SYRACUSE</CityName>
<ZipCode>132441200</ZipCode>
<PhoneNumber>3154432807</PhoneNumber>
<StreetAddress>OFFICE OF SPONSORED PROGRAMS</StreetAddress>
<CountryName>United States</CountryName>
<StateName>New York</StateName>
<StateCode>NY</StateCode>
</Institution>
<ProgramElement>
<Code>9101</Code>
<Text>Chem Struct,Dynmcs&amp;Mechansms A</Text>
</ProgramElement>
<ProgramReference>
<Code>8037</Code>
<Text>Advanced Manufacturing</Text>
</ProgramReference>
</Award>
</rootTag>
