<?xml version="1.0" encoding="UTF-8"?>

<rootTag>
  <Award>
    <AwardTitle>Partial Support of the Arctic Human Development Report II (AHDR-II)</AwardTitle>
    <AwardEffectiveDate>04/01/2013</AwardEffectiveDate>
    <AwardExpirationDate>03/31/2018</AwardExpirationDate>
    <AwardAmount>99999</AwardAmount>
    <AwardInstrument>
      <Value>Standard Grant</Value>
    </AwardInstrument>
    <Organization>
      <Code>06090100</Code>
      <Directorate>
        <LongName>Directorate For Geosciences</LongName>
      </Directorate>
      <Division>
        <LongName>Office of Polar Programs (OPP)</LongName>
      </Division>
    </Organization>
    <ProgramOfficer>
      <SignBlockName>Anna Kerttula de Echave</SignBlockName>
    </ProgramOfficer>
    <AbstractNarration>The goal of the Arctic Human Development Report II (AHDR-II) is to provide a second assessment and synthesis report on the state of human&lt;br/&gt;development in the Arctic, ten years after the initial report. This project will enable that the seven U.S. lead authors of AHDR-II can&lt;br/&gt;participate in critical project meetings, which are typically held in Denmark. In addition, the project will partially fund several&lt;br/&gt;"town-hall meetings" in various arctic locations (e.g., Alaska, Canada, Russia, Sweden). These meetings are being held in non-academic&lt;br/&gt;settings and are intended to stimulate feedback to draft chapters of the report by arctic residents. Finally, the project will support the&lt;br/&gt;dissemination of results of AHDR-II by contributions to a printed report and through assistance for establishing and maintaining an&lt;br/&gt;AHDR-II website, where updates and other products relevant for the user-community will be posted in regular intervals.</AbstractNarration>
    <MinAmdLetterDate>04/05/2013</MinAmdLetterDate>
    <MaxAmdLetterDate>02/16/2017</MaxAmdLetterDate>
    <ARRAAmount/>
    <AwardID>1301732</AwardID>
    <Investigator>
      <FirstName>Peter</FirstName>
      <LastName>Schweitzer</LastName>
      <EmailAddress>ppschweitzer@alaska.edu</EmailAddress>
      <StartDate>04/05/2013</StartDate>
      <EndDate/>
      <RoleCode>Principal Investigator</RoleCode>
    </Investigator>
    <Institution>
      <Name>University of Alaska Fairbanks Campus</Name>
      <CityName>Fairbanks</CityName>
      <ZipCode>997757880</ZipCode>
      <PhoneNumber>9074747301</PhoneNumber>
      <StreetAddress>West Ridge Research Bldg 008</StreetAddress>
      <CountryName>United States</CountryName>
      <StateName>Alaska</StateName>
      <StateCode>AK</StateCode>
    </Institution>
    <ProgramElement>
      <Code>5202</Code>
      <Text>ARCTIC RES &amp; POLICY SUPPORT PR</Text>
    </ProgramElement>
    <ProgramReference>
      <Code>9150</Code>
      <Text>EXP PROG TO STIM COMP RES</Text>
    </ProgramReference>
    <ProgramReference>
      <Code>1079</Code>
      <Text>ARCTIC RESEARCH</Text>
    </ProgramReference>
    <ProgramReference>
      <Code>5221</Code>
      <Text>ARCTIC SOCIAL SCIENCES</Text>
    </ProgramReference>
  </Award>
</rootTag>
