<?xml version="1.0" encoding="UTF-8"?>

<rootTag>
  <Award>
    <AwardTitle>Porous Polymeric films with Ultra-low Coefficient of Friction</AwardTitle>
    <AwardEffectiveDate>09/01/2013</AwardEffectiveDate>
    <AwardExpirationDate>08/31/2016</AwardExpirationDate>
    <AwardAmount>312426</AwardAmount>
    <AwardInstrument>
      <Value>Standard Grant</Value>
    </AwardInstrument>
    <Organization>
      <Code>07030000</Code>
      <Directorate>
        <LongName>Directorate For Engineering</LongName>
      </Directorate>
      <Division>
        <LongName>Div Of Civil, Mechanical, &amp; Manufact Inn</LongName>
      </Division>
    </Organization>
    <ProgramOfficer>
      <SignBlockName>Thomas F. Kuech</SignBlockName>
    </ProgramOfficer>
    <AbstractNarration>This research is about better understanding the mechanisms involved in the lubrication of porous polymer-based surfaces or coatings with ultra-low coefficients of friction. These mechanisms arise from the partial hydrodynamic repulsive forces that act between shearing compliant surfaces. A combination of tribology experiments and simulations will be used to guide the design of a macroscopic porous polymer-based surface to attain minimal coefficients of friction. Specifically, the project will involve the determination of the optimal geometrical parameters of pores within a polymer through simulations and supported by experiments, the determination of the lubrication performance through longevity studies, and the fabrication of a macroscopic prototype of the ultra-low shearing surfaces.&lt;br/&gt;&lt;br/&gt;If successful, the research will improve the performance and durability of artificial knee and hip replacement devices. Specifically, these low friction polymer surfaces have the potential to be used as a biocompatible mimic for cartilage and synovial fluid in diseased or damaged joints, which affects a large fraction of the elderly population. Furthermore, these ultra-low friction surfaces may be used as lubricating surfaces in a wide range of machinery involving moving parts. From an educational standpoint, this project will involve underrepresented K-12 students in open house events held at Tulane University. These events will expose scientific principles to middle and high school students in the greater New Orleans area through hands-on demonstrations and experiments with the ultimate aim of encouraging the students to consider science and engineering as future fields of study. In particular, a module involving the friction between shearing surfaces will be included. At the undergraduate level, students from underrepresented groups will be offered research opportunities based on this project.</AbstractNarration>
    <MinAmdLetterDate>06/15/2013</MinAmdLetterDate>
    <MaxAmdLetterDate>06/09/2015</MaxAmdLetterDate>
    <ARRAAmount/>
    <AwardID>1301286</AwardID>
    <Investigator>
      <FirstName>Damir</FirstName>
      <LastName>Khismatullin</LastName>
      <EmailAddress>damir@tulane.edu</EmailAddress>
      <StartDate>06/15/2013</StartDate>
      <EndDate/>
      <RoleCode>Co-Principal Investigator</RoleCode>
    </Investigator>
    <Investigator>
      <FirstName>Noshir</FirstName>
      <LastName>Pesika</LastName>
      <EmailAddress>npesika@tulane.edu</EmailAddress>
      <StartDate>06/15/2013</StartDate>
      <EndDate/>
      <RoleCode>Principal Investigator</RoleCode>
    </Investigator>
    <Institution>
      <Name>Tulane University</Name>
      <CityName>NEW ORLEANS</CityName>
      <ZipCode>701185698</ZipCode>
      <PhoneNumber>5048654000</PhoneNumber>
      <StreetAddress>6823 ST CHARLES AVENUE</StreetAddress>
      <CountryName>United States</CountryName>
      <StateName>Louisiana</StateName>
      <StateCode>LA</StateCode>
    </Institution>
    <ProgramElement>
      <Code>1633</Code>
      <Text>MATERIALS AND SURFACE ENG</Text>
    </ProgramElement>
    <ProgramElement>
      <Code>8092</Code>
      <Text>Materials Eng. &amp; Processing</Text>
    </ProgramElement>
    <ProgramReference>
      <Code>024E</Code>
      <Text>MATERIALS DESIGN</Text>
    </ProgramReference>
    <ProgramReference>
      <Code>116E</Code>
      <Text>RESEARCH EXP FOR UNDERGRADS</Text>
    </ProgramReference>
    <ProgramReference>
      <Code>1444</Code>
      <Text>SURFACE ENGINEERING</Text>
    </ProgramReference>
    <ProgramReference>
      <Code>9150</Code>
      <Text>EXP PROG TO STIM COMP RES</Text>
    </ProgramReference>
    <ProgramReference>
      <Code>9161</Code>
      <Text>SINGLE DIVISION/UNIVERSITY</Text>
    </ProgramReference>
    <ProgramReference>
      <Code>9178</Code>
      <Text>UNDERGRADUATE EDUCATION</Text>
    </ProgramReference>
    <ProgramReference>
      <Code>9231</Code>
      <Text>SUPPL FOR UNDERGRAD RES ASSIST</Text>
    </ProgramReference>
    <ProgramReference>
      <Code>9251</Code>
      <Text>RES EXPER FOR UNDERGRAD-SUPPLT</Text>
    </ProgramReference>
    <ProgramReference>
      <Code>AMPP</Code>
      <Text>ADVANCED MATERIALS &amp; PROCESSING PROGRAM</Text>
    </ProgramReference>
  </Award>
</rootTag>
