<?xml version="1.0" encoding="UTF-8"?>
<rootTag>
<Award>
<AwardTitle>2nd International Workshop on Nonlinear and Modern Mathematical Physics</AwardTitle>
<AwardEffectiveDate>01/15/2013</AwardEffectiveDate>
<AwardExpirationDate>06/30/2014</AwardExpirationDate>
<AwardAmount>31500</AwardAmount>
<AwardInstrument>
<Value>Standard Grant</Value>
</AwardInstrument>
<Organization>
<Code>03040000</Code>
<Directorate>
<LongName>Direct For Mathematical &amp; Physical Scien</LongName>
</Directorate>
<Division>
<LongName>Division Of Mathematical Sciences</LongName>
</Division>
</Organization>
<ProgramOfficer>
<SignBlockName>Bruce P. Palka</SignBlockName>
</ProgramOfficer>
<AbstractNarration>The ``2nd International Workshop on Nonlinear and Modern Mathematical Physics" will take place March 9-11, 2013, at the University of South Florida. The primary goals of this mathematics research conference are to survey recent advances on a wide range of topics of current interest in the field of nonlinear mathematical physics, to promote new collaborations in the research community, and to bring together mathematicians and physicists to understand nonlinear phenomena and solve nonlinear problems. The topics of the main lectures will reflect the major current developments in the areas of solvability and integrability of nonlinear problems in mathematical physics, which include, but are not limited to, integrable and near-integrable equations, physical and engineering applications such as nonlinear optics, Bose-Einstein condensates and fluid dynamics, numerical aspects of nonlinear phenomena, and related areas. This conference will bring a unique international forum to the South Florida region, and will  be a catalyst for  new, cross-disciplinary synergies in this  flourishing research area. &lt;br/&gt;&lt;br/&gt;Nonlinear phenomena occur everywhere in daily life, but the so-called nonlinear mathematical problems that model such phenomena are very difficult to solve either theoretically or numerically. Two important settings for nonlinear problems are global warming and communication systems. The ``2nd International Workshop on Nonlinear and Modern Mathematical Physics" aims to make progress in the understanding and solution of nonlinear problems by promoting new synergies among researchers in different fields. The workshop will feature multidisciplinary lectures on emerging topics and arising challenges of broad scope, from classical mathematical physics to contemporary mathematical physics. Emphasis will be placed in involving junior faculty and graduate students, including members of under-represented groups, women and minorities. The workshop will provide significant opportunities for education and public outreach to a broad audience from various branches of mathematics, physics and engineering sciences.</AbstractNarration>
<MinAmdLetterDate>01/07/2013</MinAmdLetterDate>
<MaxAmdLetterDate>01/07/2013</MaxAmdLetterDate>
<ARRAAmount/>
<AwardID>1301675</AwardID>
<Investigator>
<FirstName>Wenxiu</FirstName>
<LastName>Ma</LastName>
<EmailAddress>mawx@math.usf.edu</EmailAddress>
<StartDate>01/07/2013</StartDate>
<EndDate/>
<RoleCode>Principal Investigator</RoleCode>
</Investigator>
<Investigator>
<FirstName>David</FirstName>
<LastName>Kaup</LastName>
<EmailAddress>david.kaup@ucf.edu</EmailAddress>
<StartDate>01/07/2013</StartDate>
<EndDate/>
<RoleCode>Co-Principal Investigator</RoleCode>
</Investigator>
<Investigator>
<FirstName>Razvan</FirstName>
<LastName>Teodorescu</LastName>
<EmailAddress>razvan@usf.edu</EmailAddress>
<StartDate>01/07/2013</StartDate>
<EndDate/>
<RoleCode>Co-Principal Investigator</RoleCode>
</Investigator>
<Investigator>
<FirstName>Constance</FirstName>
<LastName>Schober</LastName>
<EmailAddress>cschober@mail.ucf.edu</EmailAddress>
<StartDate>01/07/2013</StartDate>
<EndDate/>
<RoleCode>Co-Principal Investigator</RoleCode>
</Investigator>
<Investigator>
<FirstName>S.</FirstName>
<LastName>Choudhury</LastName>
<EmailAddress>choudhur@longwood.cs.ucf.edu</EmailAddress>
<StartDate>01/07/2013</StartDate>
<EndDate/>
<RoleCode>Co-Principal Investigator</RoleCode>
</Investigator>
<Institution>
<Name>University of South Florida</Name>
<CityName>Tampa</CityName>
<ZipCode>336129446</ZipCode>
<PhoneNumber>8139742897</PhoneNumber>
<StreetAddress>3702 Spectrum Blvd.</StreetAddress>
<CountryName>United States</CountryName>
<StateName>Florida</StateName>
<StateCode>FL</StateCode>
</Institution>
<ProgramElement>
<Code>1266</Code>
<Text>APPLIED MATHEMATICS</Text>
</ProgramElement>
<ProgramElement>
<Code>1281</Code>
<Text>ANALYSIS PROGRAM</Text>
</ProgramElement>
<ProgramReference>
<Code>7556</Code>
<Text>CONFERENCE AND WORKSHOPS</Text>
</ProgramReference>
</Award>
</rootTag>
