<?xml version="1.0" encoding="UTF-8"?>
<rootTag>
<Award>
<AwardTitle>Arithmetic and Zariski-dense subgroups in algebraic groups</AwardTitle>
<AwardEffectiveDate>09/15/2013</AwardEffectiveDate>
<AwardExpirationDate>08/31/2017</AwardExpirationDate>
<AwardAmount>153024</AwardAmount>
<AwardInstrument>
<Value>Standard Grant</Value>
</AwardInstrument>
<Organization>
<Code>03040000</Code>
<Directorate>
<LongName>Direct For Mathematical &amp; Physical Scien</LongName>
</Directorate>
<Division>
<LongName>Division Of Mathematical Sciences</LongName>
</Division>
</Organization>
<ProgramOfficer>
<SignBlockName>Matthew  Douglass</SignBlockName>
</ProgramOfficer>
<AbstractNarration>The project addresses several important problems in the investigation of arithmetic and general Zariski-dense subgroups of semisimple algebraic groups.  One of the central themes in the project is the analysis of weakly commensurable Zariski-dense subgroups.  The notion of weak commensurability was introduced earlier in a joint work of the PI and G. Prasad, and its analysis for arithmetic groups has led to a resolution of several problems in differential geometry dealing with length-commensurable and isospectral arithmetically defined locally symmetric spaces.  In the current project, some finiteness results which were previously known only for arithmetic groups are expected to be generalized to arbitrary Zariski-dense subgroups.  This work is likely to have interesting consequences for non-arithmetically defined locally symmetric spaces.  It is also related to the problem in the theory of algebraic groups of to what extent an absolutely almost simple algebraic group over a field K is determined by the isomorphism classes of its maximal K-tori.  This part of the project will build on the PI's recent results analyzing division algebras having the same maximal subfields.  The PI also intends to continue the investigation of the congruence subgroup problem.&lt;br/&gt; &lt;br/&gt;Generally speaking, the project focuses on the analysis of a very broad class of matrix groups (Zariski-dense subgroups of semisimple algebraic groups) based on the information about the eigenvalues of their elements.  This approach is fundamental in the representation theory of finite groups, but as was discovered by the PI and G. Prasad it can also be used to characterize many arithmetic groups (which are special groups whose elements are matrices with integer matrices).  The goal of the project is to extend some of these results to groups much more general than arithmetic.  This work has applications to the famous question ''Can one hear the shape of a drum?'' in the context of some special spaces called locally symmetric spaces.</AbstractNarration>
<MinAmdLetterDate>08/30/2013</MinAmdLetterDate>
<MaxAmdLetterDate>08/30/2013</MaxAmdLetterDate>
<ARRAAmount/>
<AwardID>1301800</AwardID>
<Investigator>
<FirstName>Andrei</FirstName>
<LastName>Rapinchuk</LastName>
<EmailAddress>asr3x@virginia.edu</EmailAddress>
<StartDate>08/30/2013</StartDate>
<EndDate/>
<RoleCode>Principal Investigator</RoleCode>
</Investigator>
<Institution>
<Name>University of Virginia Main Campus</Name>
<CityName>CHARLOTTESVILLE</CityName>
<ZipCode>229044195</ZipCode>
<PhoneNumber>4349244270</PhoneNumber>
<StreetAddress>P.O.  BOX 400195</StreetAddress>
<CountryName>United States</CountryName>
<StateName>Virginia</StateName>
<StateCode>VA</StateCode>
</Institution>
<ProgramElement>
<Code>1264</Code>
<Text>ALGEBRA,NUMBER THEORY,AND COM</Text>
</ProgramElement>
<ProgramElement>
<Code>1267</Code>
<Text>TOPOLOGY</Text>
</ProgramElement>
</Award>
</rootTag>
