<?xml version="1.0" encoding="UTF-8"?>
<rootTag>
<Award>
<AwardTitle>Rocky Mountain Summer School 2013: Algebraic Graph Theory</AwardTitle>
<AwardEffectiveDate>04/01/2013</AwardEffectiveDate>
<AwardExpirationDate>03/31/2014</AwardExpirationDate>
<AwardAmount>25000</AwardAmount>
<AwardInstrument>
<Value>Standard Grant</Value>
</AwardInstrument>
<Organization>
<Code>03040000</Code>
<Directorate>
<LongName>Direct For Mathematical &amp; Physical Scien</LongName>
</Directorate>
<Division>
<LongName>Division Of Mathematical Sciences</LongName>
</Division>
</Organization>
<ProgramOfficer>
<SignBlockName>Tomek Bartoszynski</SignBlockName>
</ProgramOfficer>
<AbstractNarration>The program "Algebraic Graph Theory" will run from June 17-28, 2013, at the University of Wyoming.  This summer school is part of an annual program sponsored by the Rocky Mountain Mathematics Consortium (RMMC).  The purpose of this program is to introduce graduate students and researchers to topics in algebraic graph theory and their applications, foster collaboration, and build ties between young researchers.  Daily lectures will provide the participants with background in the subject, and contributed talks and problem sessions in the afternoon will reinforce the lectures and give the participants a chance to work together on open problems.  &lt;br/&gt;&lt;br/&gt;The use of algebraic techniques to solve graph theory problems has been a very fruitful approach, and continues to have applications beyond pure mathematics to physics, computer science, biology and statistics. The topics covered include spectral graph theory with applications to quantum computing, association schemes with applications to design and coding theory, and graph polynomials with applications to the Potts model and DNA self-assembly. The aim is for a diverse body of student and researchers.  Participation of members of groups underrepresented in mathematics is encouraged and supported.&lt;br/&gt;&lt;br/&gt;More information about the program can be found at: &lt;br/&gt;&lt;br/&gt;http://www.uwyo.edu/jwilliford/rmmc2013/rmmc_2013.html</AbstractNarration>
<MinAmdLetterDate>12/17/2012</MinAmdLetterDate>
<MaxAmdLetterDate>12/17/2012</MaxAmdLetterDate>
<ARRAAmount/>
<AwardID>1301674</AwardID>
<Investigator>
<FirstName>Jason</FirstName>
<LastName>Williford</LastName>
<EmailAddress>jwillif1@uwyo.edu</EmailAddress>
<StartDate>12/17/2012</StartDate>
<EndDate/>
<RoleCode>Principal Investigator</RoleCode>
</Investigator>
<Institution>
<Name>University of Wyoming</Name>
<CityName>Laramie</CityName>
<ZipCode>820712000</ZipCode>
<PhoneNumber>3077665320</PhoneNumber>
<StreetAddress>1000 E. University Avenue</StreetAddress>
<CountryName>United States</CountryName>
<StateName>Wyoming</StateName>
<StateCode>WY</StateCode>
</Institution>
<ProgramElement>
<Code>7970</Code>
<Text>Combinatorics</Text>
</ProgramElement>
<ProgramReference>
<Code>7556</Code>
<Text>CONFERENCE AND WORKSHOPS</Text>
</ProgramReference>
<ProgramReference>
<Code>9150</Code>
<Text>EXP PROG TO STIM COMP RES</Text>
</ProgramReference>
</Award>
</rootTag>
