<?xml version="1.0" encoding="UTF-8"?>
<rootTag>
<Award>
<AwardTitle>Finite-dimensional Hopf algebras and their representations</AwardTitle>
<AwardEffectiveDate>06/01/2013</AwardEffectiveDate>
<AwardExpirationDate>05/31/2017</AwardExpirationDate>
<AwardAmount>179827</AwardAmount>
<AwardInstrument>
<Value>Standard Grant</Value>
</AwardInstrument>
<Organization>
<Code>03040000</Code>
<Directorate>
<LongName>Direct For Mathematical &amp; Physical Scien</LongName>
</Directorate>
<Division>
<LongName>Division Of Mathematical Sciences</LongName>
</Division>
</Organization>
<ProgramOfficer>
<SignBlockName>Matthew  Douglass</SignBlockName>
</ProgramOfficer>
<AbstractNarration>This proposal will study the structure and representations of certain Hopf algebras, especially those Hopf algebras constructed from finite groups.  A major topic concerns the Frobenius-Schur indicators of the representations. These indicators  are invariants of the tensor category of representations of the Hopf algebra, and can be extended to more general objects. They should give information not only on the representations of a Hopf algebra, but they  also serve as a tool in proving more general facts about Hopf algebras themselves. The methods for many of the problems involve the theory of finite groups.&lt;br/&gt;&lt;br/&gt;Hopf algebras are special algebraic objects which arose in topology and algebraic groups in the 1940's and 1950's. However since then they have appeared in other parts of mathematics, such as geometry (knot theory), and in several parts of mathematical physics (conformal field theory and statistical mechanics). In many cases Hopf algebras can be used to give invariants of these structures which help to understand and classify them. Thus they are of general interest.</AbstractNarration>
<MinAmdLetterDate>04/04/2013</MinAmdLetterDate>
<MaxAmdLetterDate>04/04/2013</MaxAmdLetterDate>
<ARRAAmount/>
<AwardID>1301860</AwardID>
<Investigator>
<FirstName>Susan</FirstName>
<LastName>Montgomery</LastName>
<EmailAddress>smontgom@math.usc.edu</EmailAddress>
<StartDate>04/04/2013</StartDate>
<EndDate/>
<RoleCode>Principal Investigator</RoleCode>
</Investigator>
<Institution>
<Name>University of Southern California</Name>
<CityName>Los Angeles</CityName>
<ZipCode>900890001</ZipCode>
<PhoneNumber>2137407762</PhoneNumber>
<StreetAddress>University Park</StreetAddress>
<CountryName>United States</CountryName>
<StateName>California</StateName>
<StateCode>CA</StateCode>
</Institution>
<ProgramElement>
<Code>1264</Code>
<Text>ALGEBRA,NUMBER THEORY,AND COM</Text>
</ProgramElement>
</Award>
</rootTag>
