<?xml version="1.0" encoding="UTF-8"?>
<rootTag>
<Award>
<AwardTitle>Participant Support for Advanced School/Workshop on Random Matrices and Growth Models</AwardTitle>
<AwardEffectiveDate>05/01/2013</AwardEffectiveDate>
<AwardExpirationDate>04/30/2014</AwardExpirationDate>
<AwardAmount>20000</AwardAmount>
<AwardInstrument>
<Value>Standard Grant</Value>
</AwardInstrument>
<Organization>
<Code>03040000</Code>
<Directorate>
<LongName>Direct For Mathematical &amp; Physical Scien</LongName>
</Directorate>
<Division>
<LongName>Division Of Mathematical Sciences</LongName>
</Division>
</Organization>
<ProgramOfficer>
<SignBlockName>Tomek Bartoszynski</SignBlockName>
</ProgramOfficer>
<AbstractNarration>The proposal aims to provide participant support for about a dozen young US based mathematicians to attend an advanced school/workshop on Random Matrices and Growth Models at the International Center for Theoretical Physics, Trieste, Italy from September 2 till September 13, 2013.  The main topics to be covered at the program are the universality of local distribution of the eigenvalues of large random Hermitian matrices, spectral properties of non-Hermitian random matrices, and recent advances in random growth models and interacting particle systems. The topics of the program have many important applications in statistics, nuclear physics, theoretical computer science, and population biology.  The proposal will allow to attract talented young mathematicians (with emphasis on gender equality and minority participation) to this exciting and rapidly growing area of research.&lt;br/&gt;&lt;br/&gt;For more information see http://www.ictp.it/scientific-calendar.aspx</AbstractNarration>
<MinAmdLetterDate>11/08/2012</MinAmdLetterDate>
<MaxAmdLetterDate>11/08/2012</MaxAmdLetterDate>
<ARRAAmount/>
<AwardID>1301746</AwardID>
<Investigator>
<FirstName>Alexander</FirstName>
<LastName>Soshnikov</LastName>
<EmailAddress>soshnikov@math.ucdavis.edu</EmailAddress>
<StartDate>11/08/2012</StartDate>
<EndDate/>
<RoleCode>Principal Investigator</RoleCode>
</Investigator>
<Institution>
<Name>University of California-Davis</Name>
<CityName>Davis</CityName>
<ZipCode>956186134</ZipCode>
<PhoneNumber>5307547700</PhoneNumber>
<StreetAddress>OR/Sponsored Programs</StreetAddress>
<CountryName>United States</CountryName>
<StateName>California</StateName>
<StateCode>CA</StateCode>
</Institution>
<ProgramElement>
<Code>1263</Code>
<Text>PROBABILITY</Text>
</ProgramElement>
<ProgramReference>
<Code>7556</Code>
<Text>CONFERENCE AND WORKSHOPS</Text>
</ProgramReference>
</Award>
</rootTag>
