<?xml version="1.0" encoding="UTF-8"?>
<rootTag>
<Award>
<AwardTitle>Ultra-Low Power and Ultra-Sensitive Spintronic Nanowire Strain Sensor</AwardTitle>
<AwardEffectiveDate>07/01/2013</AwardEffectiveDate>
<AwardExpirationDate>06/30/2017</AwardExpirationDate>
<AwardAmount>330000</AwardAmount>
<AwardInstrument>
<Value>Standard Grant</Value>
</AwardInstrument>
<Organization>
<Code>07030000</Code>
<Directorate>
<LongName>Directorate For Engineering</LongName>
</Directorate>
<Division>
<LongName>Div Of Civil, Mechanical, &amp; Manufact Inn</LongName>
</Division>
</Organization>
<ProgramOfficer>
<SignBlockName>Atul G. Kelkar</SignBlockName>
</ProgramOfficer>
<AbstractNarration>The research objective of this proposal is to investigate an ultra-low power, miniaturized, spintronic nanowire strain sensing device with an ultra-high sensitivity. This concept leverages two different physical phenomena: (i) stress induced magnetization rotation in nanoscale magnetostrictive materials; and (ii) change in the magneto-resistance of a "spin-valve" heterostructure nanowire consisting of magnetically-hard/spacer/magnetically-soft layers, which is induced by a rotation of the magnetization orientation of the soft layer.&lt;br/&gt;&lt;br/&gt;If successful, this could lead to a miniature strain sensor with an active area of 0.1mm x 0.1mm and with a sensitivity exceeding state-of-the-art, while consuming 2-3 orders of magnitude less power. Such a device could strongly impact several areas such as structural health monitoring, pressure, flow, acoustic and seismic sensing. This project will provide a strong multidisciplinary experience and mentorship for PhD students and will be leveraged to enhance innovative workshops on sensing and energy harvesting for high school students through the Math-Science Innovation Center. Under-represented K-12 students will be hosted for a month in summer under VCU's Richmond Area Program for Minorities in Engineering (RAPME) program and trained in nanofabrication under this project.</AbstractNarration>
<MinAmdLetterDate>04/04/2013</MinAmdLetterDate>
<MaxAmdLetterDate>01/17/2017</MaxAmdLetterDate>
<ARRAAmount/>
<AwardID>1301013</AwardID>
<Investigator>
<FirstName>Arunkumar</FirstName>
<LastName>Subramanian</LastName>
<EmailAddress>sarun@uic.edu</EmailAddress>
<StartDate>04/04/2013</StartDate>
<EndDate/>
<RoleCode>Co-Principal Investigator</RoleCode>
</Investigator>
<Investigator>
<FirstName>Jayasimha</FirstName>
<LastName>Atulasimha</LastName>
<EmailAddress>jatulasimha@vcu.edu</EmailAddress>
<StartDate>04/04/2013</StartDate>
<EndDate/>
<RoleCode>Principal Investigator</RoleCode>
</Investigator>
<Investigator>
<FirstName>Supriyo</FirstName>
<LastName>Bandyopadhyay</LastName>
<EmailAddress>sbandy@vcu.edu</EmailAddress>
<StartDate>04/04/2013</StartDate>
<EndDate/>
<RoleCode>Co-Principal Investigator</RoleCode>
</Investigator>
<Institution>
<Name>Virginia Commonwealth University</Name>
<CityName>RICHMOND</CityName>
<ZipCode>232980568</ZipCode>
<PhoneNumber>8048286772</PhoneNumber>
<StreetAddress>P.O. Box 980568</StreetAddress>
<CountryName>United States</CountryName>
<StateName>Virginia</StateName>
<StateCode>VA</StateCode>
</Institution>
<ProgramElement>
<Code>1639</Code>
<Text>SENSORS AND SENSING SYSTEMS</Text>
</ProgramElement>
<ProgramReference>
<Code>032E</Code>
<Text>SENSORS AND ACTUATORS</Text>
</ProgramReference>
<ProgramReference>
<Code>036E</Code>
<Text>CIVIL INFRASTRUCTURE</Text>
</ProgramReference>
<ProgramReference>
<Code>1057</Code>
<Text>CIS BASE RESEARCH</Text>
</ProgramReference>
<ProgramReference>
<Code>1059</Code>
<Text>SENSORS AND SENSOR SYSTEMS FOR CIS</Text>
</ProgramReference>
<ProgramReference>
<Code>7234</Code>
<Text>SENSORS NON-SOLICITATION RESEA</Text>
</ProgramReference>
<ProgramReference>
<Code>CVIS</Code>
<Text>CIVIL INFRASTRUCTURE</Text>
</ProgramReference>
</Award>
</rootTag>
