<?xml version="1.0" encoding="UTF-8"?>

<rootTag>
  <Award>
    <AwardTitle>Processing of Layered Semiconductor-Core Optical Fibers for Mid-IR Applications</AwardTitle>
    <AwardEffectiveDate>05/01/2013</AwardEffectiveDate>
    <AwardExpirationDate>04/30/2018</AwardExpirationDate>
    <AwardAmount>443511</AwardAmount>
    <AwardInstrument>
      <Value>Standard Grant</Value>
    </AwardInstrument>
    <Organization>
      <Code>07030000</Code>
      <Directorate>
        <LongName>Directorate For Engineering</LongName>
      </Directorate>
      <Division>
        <LongName>Div Of Civil, Mechanical, &amp; Manufact Inn</LongName>
      </Division>
    </Organization>
    <ProgramOfficer>
      <SignBlockName>Thomas F. Kuech</SignBlockName>
    </ProgramOfficer>
    <AbstractNarration>This grant provides funding for a fundamental study of the processing of semiconductor-core waveguides from materials that are able to be formed into fiber form, in concert with most regular glasses, and that facilitate refractive index engineering to create complex waveguide cores for optical fibers for use in the delivery and manipulation of mid-infrared laser beams. Borosilicate glass fibers with layered silicon and germanium alloy cores will be designed and fabricated, where the light is to be completely confined in the core so as to minimize loss during use. The system is chosen to allow semi-solid deformation of the semiconductor core, where the liquid composition of the different layers will be identical. The sharpness of the interface is determined by the diffusion of solid grains in a liquid and will be critical for performance. The diffusion of the interface will be studied, both microstructurally, and by changes in optical properties. &lt;br/&gt;&lt;br/&gt;This research will contribute to the fundamental understanding of the complex multicomponent modified chemical vapor deposition process, an understanding of the semi-solid deformation of semiconductor alloys, optical waveguide design, and the ability for waveguide processing control in layered semiconductor-core fibers. The successful completion of this research will have significant impact, ranging from biomedical surgery, information decoding, hazardous chemical sensing, to technologies that enhance defense capabilities. Low loss mid-infrared waveguides will enable delivery and manipulation of mid-infrared laser beams and this capability will open up new markets for mid-infrared lasers, an area that is ripe for growth. Two graduate students and several undergraduate students will be directly involved in the research effort. A module demonstrating optical fiber technology will be developed for use as an outreach tool.</AbstractNarration>
    <MinAmdLetterDate>04/17/2013</MinAmdLetterDate>
    <MaxAmdLetterDate>04/17/2013</MaxAmdLetterDate>
    <ARRAAmount/>
    <AwardID>1301108</AwardID>
    <Investigator>
      <FirstName>Soumendra</FirstName>
      <LastName>Basu</LastName>
      <EmailAddress>basu@bu.edu</EmailAddress>
      <StartDate>04/17/2013</StartDate>
      <EndDate/>
      <RoleCode>Principal Investigator</RoleCode>
    </Investigator>
    <Investigator>
      <FirstName>Siddharth</FirstName>
      <LastName>Ramachandran</LastName>
      <EmailAddress>sidr@bu.edu</EmailAddress>
      <StartDate>04/17/2013</StartDate>
      <EndDate/>
      <RoleCode>Co-Principal Investigator</RoleCode>
    </Investigator>
    <Institution>
      <Name>Trustees of Boston University</Name>
      <CityName>BOSTON</CityName>
      <ZipCode>022151300</ZipCode>
      <PhoneNumber>6173534365</PhoneNumber>
      <StreetAddress>881 COMMONWEALTH AVE</StreetAddress>
      <CountryName>United States</CountryName>
      <StateName>Massachusetts</StateName>
      <StateCode>MA</StateCode>
    </Institution>
    <ProgramElement>
      <Code>1467</Code>
      <Text>MATERIALS PROCESSING AND MANFG</Text>
    </ProgramElement>
    <ProgramReference>
      <Code>024E</Code>
      <Text>MATERIALS DESIGN</Text>
    </ProgramReference>
    <ProgramReference>
      <Code>083E</Code>
      <Text>MATERIAL TRANSFORMATION PROC</Text>
    </ProgramReference>
    <ProgramReference>
      <Code>8025</Code>
      <Text>Advanced Materials Processing</Text>
    </ProgramReference>
    <ProgramReference>
      <Code>MANU</Code>
      <Text>MANUFACTURING</Text>
    </ProgramReference>
    <ProgramReference>
      <Code>080E</Code>
      <Text>DEFORMATION PROCESSES</Text>
    </ProgramReference>
  </Award>
</rootTag>
