<?xml version="1.0" encoding="UTF-8"?>
<rootTag>
<Award>
<AwardTitle>SuperMAG Enhanced Capabilities Enabling Magnetosphere-Ionosphere Research</AwardTitle>
<AwardEffectiveDate>08/01/2013</AwardEffectiveDate>
<AwardExpirationDate>07/31/2015</AwardExpirationDate>
<AwardAmount>169066</AwardAmount>
<AwardInstrument>
<Value>Standard Grant</Value>
</AwardInstrument>
<Organization>
<Code>06020202</Code>
<Directorate>
<LongName>Directorate For Geosciences</LongName>
</Directorate>
<Division>
<LongName>Div Atmospheric &amp; Geospace Sciences</LongName>
</Division>
</Organization>
<ProgramOfficer>
<SignBlockName>Janet U. Kozyra</SignBlockName>
</ProgramOfficer>
<AbstractNarration>The SuperMAG project obtains ground magnetic field observations from approximately 300 observatories around the world. The SuperMAG team subtracts baselines from the observed magnetic field vectors and then the data are normalized to a common coordinate system and cadence. SuperMAG provides a graphical interface and allows users to display the data. Registered users can download digital data. This project will continue operation of SuperMAG and enhance its capabilities. This grant provides one year of support for SuperMAG.&lt;br/&gt;&lt;br/&gt;SuperMAG team has involved and will continue to involve students in SuperMAG. SuperMAG  also contributes to the broader scientific community by providing data to scientific users.</AbstractNarration>
<MinAmdLetterDate>08/01/2013</MinAmdLetterDate>
<MaxAmdLetterDate>12/03/2014</MaxAmdLetterDate>
<ARRAAmount/>
<AwardID>1301891</AwardID>
<Investigator>
<FirstName>Robin</FirstName>
<LastName>Barnes</LastName>
<EmailAddress>Robin.Barnes@jhuapl.edu</EmailAddress>
<StartDate>08/01/2013</StartDate>
<EndDate/>
<RoleCode>Co-Principal Investigator</RoleCode>
</Investigator>
<Investigator>
<FirstName>Jesper</FirstName>
<LastName>Gjerloev</LastName>
<EmailAddress>Jesper.Gjerloev@jhuapl.edu</EmailAddress>
<StartDate>08/01/2013</StartDate>
<EndDate/>
<RoleCode>Principal Investigator</RoleCode>
</Investigator>
<Investigator>
<FirstName>Shin-ichi</FirstName>
<LastName>Ohtani</LastName>
<EmailAddress>Shin.Ohtani@jhuapl.edu</EmailAddress>
<StartDate>08/01/2013</StartDate>
<EndDate/>
<RoleCode>Co-Principal Investigator</RoleCode>
</Investigator>
<Institution>
<Name>Johns Hopkins University</Name>
<CityName>Baltimore</CityName>
<ZipCode>212182686</ZipCode>
<PhoneNumber>4439971898</PhoneNumber>
<StreetAddress>1101 E 33rd St</StreetAddress>
<CountryName>United States</CountryName>
<StateName>Maryland</StateName>
<StateCode>MD</StateCode>
</Institution>
<ProgramElement>
<Code>5750</Code>
<Text>MAGNETOSPHERIC PHYSICS</Text>
</ProgramElement>
<ProgramReference>
<Code>0000</Code>
<Text>UNASSIGNED</Text>
</ProgramReference>
<ProgramReference>
<Code>7218</Code>
<Text>RET SUPPLEMENTS</Text>
</ProgramReference>
<ProgramReference>
<Code>7233</Code>
<Text>RES EXPERIENCE FOR TEACHERS(RET)-SUPPLEM</Text>
</ProgramReference>
<ProgramReference>
<Code>OTHR</Code>
<Text>OTHER RESEARCH OR EDUCATION</Text>
</ProgramReference>
</Award>
</rootTag>
