<?xml version="1.0" encoding="UTF-8"?>
<rootTag>
<Award>
<AwardTitle>Galois Cohomology of function fields of curves</AwardTitle>
<AwardEffectiveDate>06/01/2013</AwardEffectiveDate>
<AwardExpirationDate>05/31/2016</AwardExpirationDate>
<AwardAmount>129999</AwardAmount>
<AwardInstrument>
<Value>Standard Grant</Value>
</AwardInstrument>
<Organization>
<Code>03040000</Code>
<Directorate>
<LongName>Direct For Mathematical &amp; Physical Scien</LongName>
</Directorate>
<Division>
<LongName>Division Of Mathematical Sciences</LongName>
</Division>
</Organization>
<ProgramOfficer>
<SignBlockName>Andrew D. Pollington</SignBlockName>
</ProgramOfficer>
<AbstractNarration>The PI will investigate the Galois cohomology groups of function fields of curves over number fields. Let F be the function field of a curve over a number field. If p is a prime and F contains a primitive pth root of unity, a symbol in degree n Galois cohomology is simply a cup product of elements in the degree one cohomology modulo p. Voevodsky's theorem implies that every element in the degree n Galois cohomology modulo p is a sum of symbols. It is proposed to study boundedness of symbol length for F for each prime p. This study has consequences for bounding the u-invariant of F. The PI also proposes to study questions concerning the admissibility of finite groups over function fields of curves over p-adic fields.&lt;br/&gt;&lt;br/&gt;A  basic pursuit of geometers and number theorist is to find common solutions of polynomial equations. A homogeneous polynomial of degree two is called a quadratic form.  It is known that every quadratic form in at least five variables over a totally imaginary number field has non-trivial zero, thanks to the Hasse-Minkowski theorem. It is an open question whether every quadratic form in sufficiently many variables over the function field of a curve over a totally imaginary number field has a non-trivial zero. By a theorem of Voevodsky, quadratic forms are classified by Galois cohomology invariants over any field. We propose to study the existence of non-trivial zeros for quadratic forms in sufficiently many variables over function fields of curves over totally imaginary number fields, by studying boundedness questions for symbol lengths in Galois cohomology.</AbstractNarration>
<MinAmdLetterDate>04/19/2013</MinAmdLetterDate>
<MaxAmdLetterDate>04/19/2013</MaxAmdLetterDate>
<ARRAAmount/>
<AwardID>1301785</AwardID>
<Investigator>
<FirstName>Suresh</FirstName>
<LastName>Venapally</LastName>
<EmailAddress>suresh.venapally@emory.edu</EmailAddress>
<StartDate>04/19/2013</StartDate>
<EndDate/>
<RoleCode>Principal Investigator</RoleCode>
</Investigator>
<Institution>
<Name>Emory University</Name>
<CityName>Atlanta</CityName>
<ZipCode>303224250</ZipCode>
<PhoneNumber>4047272503</PhoneNumber>
<StreetAddress>1599 Clifton Rd NE, 4th Floor</StreetAddress>
<CountryName>United States</CountryName>
<StateName>Georgia</StateName>
<StateCode>GA</StateCode>
</Institution>
<ProgramElement>
<Code>1264</Code>
<Text>ALGEBRA,NUMBER THEORY,AND COM</Text>
</ProgramElement>
</Award>
</rootTag>
