<?xml version="1.0" encoding="UTF-8"?>
<rootTag>
<Award>
<AwardTitle>Uncertainty Propagation Methods for Networked Complex Systems</AwardTitle>
<AwardEffectiveDate>08/01/2013</AwardEffectiveDate>
<AwardExpirationDate>07/31/2018</AwardExpirationDate>
<AwardAmount>415643</AwardAmount>
<AwardInstrument>
<Value>Standard Grant</Value>
</AwardInstrument>
<Organization>
<Code>07030000</Code>
<Directorate>
<LongName>Directorate For Engineering</LongName>
</Directorate>
<Division>
<LongName>Div Of Civil, Mechanical, &amp; Manufact Inn</LongName>
</Division>
</Organization>
<ProgramOfficer>
<SignBlockName>Richard Malak</SignBlockName>
</ProgramOfficer>
<AbstractNarration>The objective of this research is development of a novel class of uncertainty quantification methods for networked complex systems. The fundamental and challenging uncertainty quantification problems remain unsolved, in particular combating the curse of dimensionality and solving uncertainty quantification problems related to large and multi-scale dynamic networks underlying modern day complex systems. The main challenge that lies at the core of analyzing and synthesizing the dynamic networks at the crux of modern day complex systems is: How do a collection of dynamical systems coupled through a dense wiring topology behave as a unit in the presence of uncertainty? The UB-SUNY team is developing of a suite of novel computational uncertainty quantification methods to tackle the main challenge and to enable accelerated design and deployment of complex systems.&lt;br/&gt;&lt;br/&gt;This project will have far reaching impacts on research and the practice of complex system design and management across a wide variety of industries. Development of these methods will have an immediate impact on the community at large with beneficiaries ranging from ordinary users to system design teams in industrial, and academic environments. Our research is being integrated into the education of graduate, undergraduate and high-school students including under-represented minorities in science and engineering fields. These educational activities involve: 1) developing workshops and short course for researchers and professionals working in the area of systems engineering and uncertainty quantification, 2) developing seminar courses for undergraduates, and 3) incorporation of research results in graduate/undergraduate courses.</AbstractNarration>
<MinAmdLetterDate>07/15/2013</MinAmdLetterDate>
<MaxAmdLetterDate>03/06/2015</MaxAmdLetterDate>
<ARRAAmount/>
<AwardID>1301235</AwardID>
<Investigator>
<FirstName>Abani</FirstName>
<LastName>Patra</LastName>
<EmailAddress>abani@buffalo.edu</EmailAddress>
<StartDate>07/15/2013</StartDate>
<EndDate/>
<RoleCode>Co-Principal Investigator</RoleCode>
</Investigator>
<Investigator>
<FirstName>Rahul</FirstName>
<LastName>Rai</LastName>
<EmailAddress>rahulrai@buffalo.edu</EmailAddress>
<StartDate>07/15/2013</StartDate>
<EndDate/>
<RoleCode>Principal Investigator</RoleCode>
</Investigator>
<Investigator>
<FirstName>Tarunraj</FirstName>
<LastName>Singh</LastName>
<EmailAddress>tsingh@buffalo.edu</EmailAddress>
<StartDate>07/15/2013</StartDate>
<EndDate/>
<RoleCode>Co-Principal Investigator</RoleCode>
</Investigator>
<Investigator>
<FirstName>Puneet</FirstName>
<LastName>Singla</LastName>
<EmailAddress>psingla@psu.edu</EmailAddress>
<StartDate>07/15/2013</StartDate>
<EndDate/>
<RoleCode>Co-Principal Investigator</RoleCode>
</Investigator>
<Institution>
<Name>SUNY at Buffalo</Name>
<CityName>Amherst</CityName>
<ZipCode>142282567</ZipCode>
<PhoneNumber>7166452634</PhoneNumber>
<StreetAddress>520 Lee Entrance</StreetAddress>
<CountryName>United States</CountryName>
<StateName>New York</StateName>
<StateCode>NY</StateCode>
</Institution>
<ProgramElement>
<Code>8085</Code>
<Text>Systems Science (SYS)</Text>
</ProgramElement>
<ProgramReference>
<Code>067E</Code>
<Text>DESIGN TOOLS</Text>
</ProgramReference>
<ProgramReference>
<Code>068E</Code>
<Text>DESIGN THEORY</Text>
</ProgramReference>
<ProgramReference>
<Code>072E</Code>
<Text>NETWORKS &amp; QUEUING SYSTEMS</Text>
</ProgramReference>
<ProgramReference>
<Code>073E</Code>
<Text>OPTIMIZATION &amp; DECISION MAKING</Text>
</ProgramReference>
<ProgramReference>
<Code>116E</Code>
<Text>RESEARCH EXP FOR UNDERGRADS</Text>
</ProgramReference>
<ProgramReference>
<Code>1263</Code>
<Text>PROBABILITY</Text>
</ProgramReference>
<ProgramReference>
<Code>9178</Code>
<Text>UNDERGRADUATE EDUCATION</Text>
</ProgramReference>
<ProgramReference>
<Code>9231</Code>
<Text>SUPPL FOR UNDERGRAD RES ASSIST</Text>
</ProgramReference>
<ProgramReference>
<Code>9251</Code>
<Text>RES EXPER FOR UNDERGRAD-SUPPLT</Text>
</ProgramReference>
</Award>
</rootTag>
