<?xml version="1.0" encoding="UTF-8"?>
<rootTag>
<Award>
<AwardTitle>EAGER: Exploring Antenna-Enhanced Nano IR-Sensors</AwardTitle>
<AwardEffectiveDate>05/15/2013</AwardEffectiveDate>
<AwardExpirationDate>04/30/2016</AwardExpirationDate>
<AwardAmount>138000</AwardAmount>
<AwardInstrument>
<Value>Standard Grant</Value>
</AwardInstrument>
<Organization>
<Code>07010000</Code>
<Directorate>
<LongName>Directorate For Engineering</LongName>
</Directorate>
<Division>
<LongName>Div Of Electrical, Commun &amp; Cyber Sys</LongName>
</Division>
</Organization>
<ProgramOfficer>
<SignBlockName>Dimitris Pavlidis</SignBlockName>
</ProgramOfficer>
<AbstractNarration>The objective of the program is to explore the integration of nano metallic structures with photonic crystal for developing high efficient photonic antennas to significantly improve the fill factor of nanocarbon material based infrared detectors. It has been demonstrated that the nanocarbon material based infrared detectors have many superb performance comparing to currently available infrared detectors such as no need for cryogenic cooling, spectrum detection, and high signal to noise ratio. However the major bottle neck for applying such detectors is their low fill factors due to the dimensions of nanocarbon material. The potential results of this program will be a key step forward for the applications of nanocarbon material based infrared detectors. They will be also transformative by discovering new knowledge on the design of nanophotonic antenna and nanoinfrared detectors, and developing new nanomanufacturing processes for nanophotonic devices. &lt;br/&gt;The intellectual merit is to advance the state-of-art of nanocarbon material based photovoltaics by using a photonic antenna to increase quantum efficiency and fill factors. The transformative contributions will be made in theoretical understanding of electromagnetic field topology and surface plasmonics, optimal design of nanophotonic devices, and efficient nanomanufacturing.&lt;br/&gt;The broader impacts are not only on nanophotonics and nanomanufacturing, but also on broader areas including: creating new multidisciplinary research and development directions in nanotechnology and electromagnetics; providing new understanding and devices for research and development in engineering, biology and other science fields; and leading to the development of new infrared cameras for applications in national security, medical diagnostics, and industrial inspections.</AbstractNarration>
<MinAmdLetterDate>05/09/2013</MinAmdLetterDate>
<MaxAmdLetterDate>07/08/2014</MaxAmdLetterDate>
<ARRAAmount/>
<AwardID>1301691</AwardID>
<Investigator>
<FirstName>Ning</FirstName>
<LastName>Xi</LastName>
<EmailAddress>xin@egr.msu.edu</EmailAddress>
<StartDate>05/09/2013</StartDate>
<EndDate/>
<RoleCode>Principal Investigator</RoleCode>
</Investigator>
<Investigator>
<FirstName>Lixin</FirstName>
<LastName>Dong</LastName>
<EmailAddress>ldong@egr.msu.edu</EmailAddress>
<StartDate>05/09/2013</StartDate>
<EndDate/>
<RoleCode>Co-Principal Investigator</RoleCode>
</Investigator>
<Institution>
<Name>Michigan State University</Name>
<CityName>East Lansing</CityName>
<ZipCode>488242600</ZipCode>
<PhoneNumber>5173555040</PhoneNumber>
<StreetAddress>Office of Sponsored Programs</StreetAddress>
<CountryName>United States</CountryName>
<StateName>Michigan</StateName>
<StateCode>MI</StateCode>
</Institution>
<ProgramElement>
<Code>1517</Code>
<Text>ELECT, PHOTONICS, &amp; MAG DEVICE</Text>
</ProgramElement>
<ProgramReference>
<Code>094E</Code>
<Text>Optoelectronic devices</Text>
</ProgramReference>
<ProgramReference>
<Code>097E</Code>
<Text>High Freq Devices &amp; Circuits</Text>
</ProgramReference>
<ProgramReference>
<Code>7916</Code>
<Text>EAGER</Text>
</ProgramReference>
<ProgramReference>
<Code>8028</Code>
<Text>Sensor Technology</Text>
</ProgramReference>
<ProgramReference>
<Code>9251</Code>
<Text>RES EXPER FOR UNDERGRAD-SUPPLT</Text>
</ProgramReference>
</Award>
</rootTag>
