<?xml version="1.0" encoding="UTF-8"?>
<rootTag>
<Award>
<AwardTitle>Spectral Theory for Decaying Oscillatory Schrodinger Operators</AwardTitle>
<AwardEffectiveDate>06/01/2013</AwardEffectiveDate>
<AwardExpirationDate>05/31/2017</AwardExpirationDate>
<AwardAmount>122597</AwardAmount>
<AwardInstrument>
<Value>Standard Grant</Value>
</AwardInstrument>
<Organization>
<Code>03040000</Code>
<Directorate>
<LongName>Direct For Mathematical &amp; Physical Scien</LongName>
</Directorate>
<Division>
<LongName>Division Of Mathematical Sciences</LongName>
</Division>
</Organization>
<ProgramOfficer>
<SignBlockName>Edward Taylor</SignBlockName>
</ProgramOfficer>
<AbstractNarration>This project investigates spectral properties of SchrÃ¶dinger operators and orthogonal polynomials, especially in the regime of slowly decaying perturbations, which are less understood than fast decaying and non-decaying perturbations. One of the topics is the study of oscillatory decaying perturbations, whose spectral properties show strong interplay between the frequencies of oscillation and the rate of decay. This project will seek to describe, among other things, spectral properties for very slow decay and the asymptotic behavior of the spectral density at critical points. The proposer also intends to study potentials which obey bounded variation conditions, investigating an emerging theme that conditions on derivatives of the potential can have the same spectral consequence as conditions on the potential itself. This includes the study of higher order SzegÃµ theorems and higher order Baxter theorems. Finally, the project includes some problems involving oscillatory, non-decaying potentials and decaying multi-dimensional SchrÃ¶dinger operators.&lt;br/&gt;&lt;br/&gt;&lt;br/&gt;SchrÃ¶dinger operators are central to quantum mechanics and their spectral properties are connected to transport properties of electrons in a given potential. Slowly decaying potentials show a mix of features of fast decaying potentials, such as those describing the field of a single particle, and oscillatory potentials, such as those corresponding to a crystal or quasicrystal. This project is expected to bridge the gap between those two regimes and have a potential impact in physics. Orthogonal polynomials are used in approximation theory and many fields of science; for instance, a recent development establishes them as a tool in the study of quantum walks, a topic in quantum computing. Graduate students participate in some of the research in this project, and this contributes to their education.</AbstractNarration>
<MinAmdLetterDate>04/11/2013</MinAmdLetterDate>
<MaxAmdLetterDate>04/11/2013</MaxAmdLetterDate>
<ARRAAmount/>
<AwardID>1301582</AwardID>
<Investigator>
<FirstName>Milivoje</FirstName>
<LastName>Lukic</LastName>
<EmailAddress>ml28@rice.edu</EmailAddress>
<StartDate>04/11/2013</StartDate>
<EndDate/>
<RoleCode>Principal Investigator</RoleCode>
</Investigator>
<Institution>
<Name>William Marsh Rice University</Name>
<CityName>Houston</CityName>
<ZipCode>770051827</ZipCode>
<PhoneNumber>7133484820</PhoneNumber>
<StreetAddress>6100 MAIN ST</StreetAddress>
<CountryName>United States</CountryName>
<StateName>Texas</StateName>
<StateCode>TX</StateCode>
</Institution>
<ProgramElement>
<Code>1281</Code>
<Text>ANALYSIS PROGRAM</Text>
</ProgramElement>
</Award>
</rootTag>
