<?xml version="1.0" encoding="UTF-8"?>
<rootTag>
<Award>
<AwardTitle>SusChEM: Efficient Synthesis Using Heterogeneous Tools</AwardTitle>
<AwardEffectiveDate>09/15/2013</AwardEffectiveDate>
<AwardExpirationDate>08/31/2017</AwardExpirationDate>
<AwardAmount>373272</AwardAmount>
<AwardInstrument>
<Value>Standard Grant</Value>
</AwardInstrument>
<Organization>
<Code>03090000</Code>
<Directorate>
<LongName>Direct For Mathematical &amp; Physical Scien</LongName>
</Directorate>
<Division>
<LongName>Division Of Chemistry</LongName>
</Division>
</Organization>
<ProgramOfficer>
<SignBlockName>Tingyu Li</SignBlockName>
</ProgramOfficer>
<AbstractNarration>In this project funded by the Chemical Synthesis Program of the Chemistry Division, Professor Jakob Magolan of the Department of Chemistry at the University of Idaho will develop a unique class of synthetic methods that rely on the merger of heterogeneous catalysts and reagents with one-pot multi-step approaches.  Some of these methods will utilize site-isolation, a unique property of insoluble reagents that enables the co-existence of seemingly incompatible reactive sites (such as acids and bases) in the same reaction mixture.  This strategy, which remains largely unexplored by the synthetic community, will be exploited to achieve unusual one-pot synthetic transformations.  New tandem concurrent heterogeneous catalysis strategies will be applied to a range of chemical transformations including reductive amination, aromatic amination, synthesis of 1,3-diketones, crossed aldols, and efficient preparation of several common heterocyclic motifs.  &lt;br/&gt;&lt;br/&gt;One pot multistep reactions could have significant advantages in reducing waste generation and costs in chemical synthesis, as they minimize the number of isolation steps that are labor intensive and often generate a significant amount of waste solvents. Site isolation can also lead to reactivities that are difficult to achieve.  These strategies are broadly applicable for use in the synthesis of a wide variety of compounds that are of interests to the pharmaceutical, chemical, agricultural industries.  The development of green chemistry themed experiments utilizing heterogeneous tools for use in undergraduate teaching laboratories is also planned.  This project will provide excellent training of graduate and undergraduate students.  Undergraduate summer research students will be recruited from within the University of Idaho as well as various 4-year colleges across the state.  Efforts will be made to include students from minority groups that are underrepresented in the sciences.</AbstractNarration>
<MinAmdLetterDate>09/04/2013</MinAmdLetterDate>
<MaxAmdLetterDate>09/04/2013</MaxAmdLetterDate>
<ARRAAmount/>
<AwardID>1301506</AwardID>
<Investigator>
<FirstName>Jakob</FirstName>
<LastName>Magolan</LastName>
<EmailAddress>jmagolan@uidaho.edu</EmailAddress>
<StartDate>09/04/2013</StartDate>
<EndDate/>
<RoleCode>Principal Investigator</RoleCode>
</Investigator>
<Institution>
<Name>University of Idaho</Name>
<CityName>MOSCOW</CityName>
<ZipCode>838443020</ZipCode>
<PhoneNumber>2088856651</PhoneNumber>
<StreetAddress>Office of Sponsored Programs</StreetAddress>
<CountryName>United States</CountryName>
<StateName>Idaho</StateName>
<StateCode>ID</StateCode>
</Institution>
<ProgramElement>
<Code>6878</Code>
<Text>Chemical Synthesis</Text>
</ProgramElement>
<ProgramElement>
<Code>9150</Code>
<Text>EPSCoR Co-Funding</Text>
</ProgramElement>
<ProgramReference>
<Code>8248</Code>
<Text>SusChEM</Text>
</ProgramReference>
<ProgramReference>
<Code>8650</Code>
<Text>Sustainable Chemistry</Text>
</ProgramReference>
</Award>
</rootTag>
