<?xml version="1.0" encoding="UTF-8"?>
<rootTag>
<Award>
<AwardTitle>Collaborative Research: The Positive Role of Queues on Customer Value Perception: Mathematical Models and Laboratory Experiments</AwardTitle>
<AwardEffectiveDate>04/01/2013</AwardEffectiveDate>
<AwardExpirationDate>03/31/2018</AwardExpirationDate>
<AwardAmount>106500</AwardAmount>
<AwardInstrument>
<Value>Standard Grant</Value>
</AwardInstrument>
<Organization>
<Code>07030000</Code>
<Directorate>
<LongName>Directorate For Engineering</LongName>
</Directorate>
<Division>
<LongName>Div Of Civil, Mechanical, &amp; Manufact Inn</LongName>
</Division>
</Organization>
<ProgramOfficer>
<SignBlockName>Georgia-Ann Klutke</SignBlockName>
</ProgramOfficer>
<AbstractNarration>The main goal of this collaborative research project is to develop behaviorally enhanced mathematical models grounded in queuing theory that allow predicting human behavior in customer service environments. These models will be evaluated and tested through laboratory and field experiments. Managing congestion (waiting lines) is of primary concern for most organizations providing some sort of service to customers. Customers are typically annoyed by long waiting times and therefore tend not to join long queues. Recent empirical and experimental studies provide new evidence that, in service environments in which the service value is uncertain, long queues may impact the value perception in a positive way. As a consequence, long queues may actually attract more customers and these customers may spend more when they see that the queue behind them is longer.&lt;br/&gt;&lt;br/&gt;The research, if successful, will develop a set of principles that guides service organizations to better understand and utilize this phenomenon. Applications can be found in service settings (e.g. waiting in a restaurant), as well as in health care settings (e.g. waiting for elective surgery) in which the quality of the outcome is somewhat uncertain. We expect to improve the quality of service (benefiting customers) and profit of service systems (benefiting organizations or businesses). Furthermore, the results of the research are expected to strengthen the field of behavioral queueing models: (i) by developing a set of advanced mathematical models of queues with parameters corresponding to human biases and behavior, (ii) by creating a series of lab and field experiments that captures the essence of human behavior in service environment with uncertainty in service quality, and (iii) by establishing an online queueing simulator and data base for designing behavioral queueing experiments.</AbstractNarration>
<MinAmdLetterDate>03/22/2013</MinAmdLetterDate>
<MaxAmdLetterDate>07/06/2017</MaxAmdLetterDate>
<ARRAAmount/>
<AwardID>1301152</AwardID>
<Investigator>
<FirstName>Margaret</FirstName>
<LastName>Meloy</LastName>
<EmailAddress>mgm16@psu.edu</EmailAddress>
<StartDate>07/06/2017</StartDate>
<EndDate/>
<RoleCode>Principal Investigator</RoleCode>
</Investigator>
<Investigator>
<FirstName>Douglas</FirstName>
<LastName>Thomas</LastName>
<EmailAddress>djt11@psu.edu</EmailAddress>
<StartDate>08/26/2014</StartDate>
<EndDate>07/06/2017</EndDate>
<RoleCode>Former Principal Investigator</RoleCode>
</Investigator>
<Investigator>
<FirstName>Mirko</FirstName>
<LastName>Kremer</LastName>
<EmailAddress>mirko.kremer@psu.edu</EmailAddress>
<StartDate>03/22/2013</StartDate>
<EndDate>08/26/2014</EndDate>
<RoleCode>Former Principal Investigator</RoleCode>
</Investigator>
<Institution>
<Name>Pennsylvania State Univ University Park</Name>
<CityName>UNIVERSITY PARK</CityName>
<ZipCode>168027000</ZipCode>
<PhoneNumber>8148651372</PhoneNumber>
<StreetAddress>110 Technology Center Building</StreetAddress>
<CountryName>United States</CountryName>
<StateName>Pennsylvania</StateName>
<StateCode>PA</StateCode>
</Institution>
<ProgramElement>
<Code>1787</Code>
<Text>SERVICE ENTERPRISE SYSTEMS</Text>
</ProgramElement>
<ProgramReference>
<Code>076E</Code>
<Text>SERVICE ENTERPRISE SYSTEMS</Text>
</ProgramReference>
<ProgramReference>
<Code>078E</Code>
<Text>ENTERPRISE DESIGN &amp; LOGISTICS</Text>
</ProgramReference>
<ProgramReference>
<Code>8023</Code>
<Text>Health Care Enterprise Systems</Text>
</ProgramReference>
</Award>
</rootTag>
