<?xml version="1.0" encoding="UTF-8"?>
<rootTag>
<Award>
<AwardTitle>Academic Careers Workshops for Underrepresented Participants</AwardTitle>
<AwardEffectiveDate>05/01/2013</AwardEffectiveDate>
<AwardExpirationDate>10/31/2017</AwardExpirationDate>
<AwardAmount>393649</AwardAmount>
<AwardInstrument>
<Value>Standard Grant</Value>
</AwardInstrument>
<Organization>
<Code>05050000</Code>
<Directorate>
<LongName>Direct For Computer &amp; Info Scie &amp; Enginr</LongName>
</Directorate>
<Division>
<LongName>Division Of Computer and Network Systems</LongName>
</Division>
</Organization>
<ProgramOfficer>
<SignBlockName>Janice E. Cuny</SignBlockName>
</ProgramOfficer>
<AbstractNarration>Texas A &amp; M University will organize, conduct, and evaluate the Academic Career Mentoring Workshops for Underrepresented Participants annually in 2013-2015. During years 2014 and 2015, partial support will come from the institutions of the junior faculty. The Academic Career Mentoring Workshop series targets mid-level faculty, junior faculty and senior graduate students from the following underrepresented groups: African American, Hispanic, Native American, and People with Disabilities. The goals of this workshop series are to mentor underrepresented junior faculty about the tenure and promotion processes, launching a successful research program, writing solid research proposals, and encouraging senior graduate students to enter the professoriate. The proposed Mentoring Workshops will include cultural issues with respect to topics such as Starting a Research Program, Networking, and Navigating the Tenure Process. Further, the panelists will be asked to address issues such as "Maintaining One's Identity &amp; Culture" and "Overcoming Misconceptions." The series includes such discussions to address frustrations unique to faculty and graduate students from underrepresented groups. The Academic Career Workshops for Underrepresented Participants complement the existing CRA-W Workshops, which focus on gender, and CRA Workshops, which do not target particular issues faced by women or ethnic minorities.</AbstractNarration>
<MinAmdLetterDate>04/24/2013</MinAmdLetterDate>
<MaxAmdLetterDate>09/28/2017</MaxAmdLetterDate>
<ARRAAmount/>
<AwardID>1301783</AwardID>
<Investigator>
<FirstName>Valerie</FirstName>
<LastName>Taylor</LastName>
<EmailAddress>vtaylor2@uchicago.edu</EmailAddress>
<StartDate>04/24/2013</StartDate>
<EndDate>09/28/2017</EndDate>
<RoleCode>Former Principal Investigator</RoleCode>
</Investigator>
<Investigator>
<FirstName>Dilma</FirstName>
<LastName>Da Silva</LastName>
<EmailAddress>dilma@tamu.edu</EmailAddress>
<StartDate>09/28/2017</StartDate>
<EndDate/>
<RoleCode>Principal Investigator</RoleCode>
</Investigator>
<Institution>
<Name>Texas A&amp;M Engineering Experiment Station</Name>
<CityName>College Station</CityName>
<ZipCode>778454645</ZipCode>
<PhoneNumber>9798477635</PhoneNumber>
<StreetAddress>TEES State Headquarters Bldg.</StreetAddress>
<CountryName>United States</CountryName>
<StateName>Texas</StateName>
<StateCode>TX</StateCode>
</Institution>
<ProgramElement>
<Code>1714</Code>
<Text>SPECIAL PROJECTS - CISE</Text>
</ProgramElement>
<ProgramElement>
<Code>7382</Code>
<Text>Computing Ed for 21st Century</Text>
</ProgramElement>
<ProgramReference>
<Code>7556</Code>
<Text>CONFERENCE AND WORKSHOPS</Text>
</ProgramReference>
</Award>
</rootTag>
