<?xml version="1.0" encoding="UTF-8"?>
<rootTag>
<Award>
<AwardTitle>Random Geometric Graphs</AwardTitle>
<AwardEffectiveDate>08/01/2013</AwardEffectiveDate>
<AwardExpirationDate>07/31/2016</AwardExpirationDate>
<AwardAmount>330000</AwardAmount>
<AwardInstrument>
<Value>Continuing grant</Value>
</AwardInstrument>
<Organization>
<Code>03040000</Code>
<Directorate>
<LongName>Direct For Mathematical &amp; Physical Scien</LongName>
</Directorate>
<Division>
<LongName>Division Of Mathematical Sciences</LongName>
</Division>
</Organization>
<ProgramOfficer>
<SignBlockName>Tomek Bartoszynski</SignBlockName>
</ProgramOfficer>
<AbstractNarration>The aim of this project is to further the study of random geometric graphs. This subject has grown out of applied problems, with the first questions about the way fluids seep through porous media. More recently, many questions about random geometric graphs have been prompted by the study of large scale electronic and communication networks. The basic model of random geometric graphs was proposed by Gilbert over fifty years ago: take points randomly in the plane according to a Poisson point process of intensity 1, and join two whenever they are within a distance r of each other. The main question Gilbert asked is the following: for what values of r do we obtain an infinite connected component? Surprisingly, even after fifty years, only rather poor upper and lower bounds are known for the critical value of r. Some properties of this Gilbert model are known, but many other questions still remain unanswered. The proposed project considers some of these questions, and many other questions about related models of random graph inspired by both percolation theory and large scale communication networks.&lt;br/&gt;&lt;br/&gt;Random geometric graphs can be used to model many large scale networks that exist in real life, such as the internet, social networks, and are particularly suited to the modeling of large scale sensor and transceiver networks. As electronic devices become smaller and cheaper, it is now not uncommon to have very large networks of interconnected devices. Modeling the behavior of these networks is becoming more and more important, and the analysis of the behavior of these networks when they become extremely large is becoming increasingly relevant in real world applications. The research proposed will aid the understanding of the properties of these large scale networks.</AbstractNarration>
<MinAmdLetterDate>07/17/2013</MinAmdLetterDate>
<MaxAmdLetterDate>09/04/2015</MaxAmdLetterDate>
<ARRAAmount/>
<AwardID>1301614</AwardID>
<Investigator>
<FirstName>Paul</FirstName>
<LastName>Balister</LastName>
<EmailAddress>pbalistr@memphis.edu</EmailAddress>
<StartDate>07/17/2013</StartDate>
<EndDate/>
<RoleCode>Co-Principal Investigator</RoleCode>
</Investigator>
<Investigator>
<FirstName>Bela</FirstName>
<LastName>Bollobas</LastName>
<EmailAddress>b.bollobas@dpmms.cam.ac.uk</EmailAddress>
<StartDate>07/17/2013</StartDate>
<EndDate/>
<RoleCode>Principal Investigator</RoleCode>
</Investigator>
<Institution>
<Name>University of Memphis</Name>
<CityName>Memphis</CityName>
<ZipCode>381523370</ZipCode>
<PhoneNumber>9016782533</PhoneNumber>
<StreetAddress>Administration 315</StreetAddress>
<CountryName>United States</CountryName>
<StateName>Tennessee</StateName>
<StateCode>TN</StateCode>
</Institution>
<ProgramElement>
<Code>7970</Code>
<Text>Combinatorics</Text>
</ProgramElement>
<ProgramReference>
<Code>9150</Code>
<Text>EXP PROG TO STIM COMP RES</Text>
</ProgramReference>
</Award>
</rootTag>
