<?xml version="1.0" encoding="UTF-8"?>
<rootTag>
<Award>
<AwardTitle>Nonlinear Geometry of Banach Spaces and Metric Spaces</AwardTitle>
<AwardEffectiveDate>09/01/2013</AwardEffectiveDate>
<AwardExpirationDate>08/31/2017</AwardExpirationDate>
<AwardAmount>82691</AwardAmount>
<AwardInstrument>
<Value>Standard Grant</Value>
</AwardInstrument>
<Organization>
<Code>03040000</Code>
<Directorate>
<LongName>Direct For Mathematical &amp; Physical Scien</LongName>
</Directorate>
<Division>
<LongName>Division Of Mathematical Sciences</LongName>
</Division>
</Organization>
<ProgramOfficer>
<SignBlockName>Edward Taylor</SignBlockName>
</ProgramOfficer>
<AbstractNarration>The principal investigator will investigate problems in functional analysis, specifically on the geometry of Banach and metric spaces. The proposal keeps its focus on the asymptotic version of the Ribe program. The PI is interested in general metric spaces and seeks to identify  classes of Banach spaces that are closed under specific sets of maps. The PI has done some interesting work and much more is expected from this project. These constitute the intellectual merit of the proposal.&lt;br/&gt;&lt;br/&gt;&lt;br/&gt;The topics treated in this project make contact with many areas of analysis and areas outside of analysis, including operator theory, group theory, geometric analysis, and theoretical computer science, and these constitute part of the broader impacts of the proposal. Furthermore, the principal investigator is a member of various committees who goals is to either create a dialogue with undergraduate students or  help improve their learning condition.</AbstractNarration>
<MinAmdLetterDate>08/13/2013</MinAmdLetterDate>
<MaxAmdLetterDate>08/13/2013</MaxAmdLetterDate>
<ARRAAmount/>
<AwardID>1301591</AwardID>
<Investigator>
<FirstName>Nirina</FirstName>
<LastName>Randrianarivony</LastName>
<EmailAddress>nrandria@slu.edu</EmailAddress>
<StartDate>08/13/2013</StartDate>
<EndDate/>
<RoleCode>Principal Investigator</RoleCode>
</Investigator>
<Institution>
<Name>Saint Louis University</Name>
<CityName>St Louis</CityName>
<ZipCode>631032006</ZipCode>
<PhoneNumber>3149773925</PhoneNumber>
<StreetAddress>221 N. Grand Blvd.</StreetAddress>
<CountryName>United States</CountryName>
<StateName>Missouri</StateName>
<StateCode>MO</StateCode>
</Institution>
<ProgramElement>
<Code>1281</Code>
<Text>ANALYSIS PROGRAM</Text>
</ProgramElement>
</Award>
</rootTag>
