<?xml version="1.0" encoding="UTF-8"?>
<rootTag>
<Award>
<AwardTitle>Laboratory Investigation of Stationary Inertial Alfven Waves on the Large Plasma Device-Upgrade at UCLA</AwardTitle>
<AwardEffectiveDate>08/15/2013</AwardEffectiveDate>
<AwardExpirationDate>07/31/2016</AwardExpirationDate>
<AwardAmount>255000</AwardAmount>
<AwardInstrument>
<Value>Continuing grant</Value>
</AwardInstrument>
<Organization>
<Code>03010000</Code>
<Directorate>
<LongName>Direct For Mathematical &amp; Physical Scien</LongName>
</Directorate>
<Division>
<LongName>Division Of Physics</LongName>
</Division>
</Organization>
<ProgramOfficer>
<SignBlockName>Vyacheslav S. Lukin</SignBlockName>
</ProgramOfficer>
<AbstractNarration>A stationary inertial Alfvén wave (StAIW) is a nonfluctuating, nontravelling, spatially periodic pattern in the electromagnetic field and fluid quantities, predicted analytically and now being documented in the lab, that explains with a model certain observed morphology and dynamics of long-lived auroral arcs, the source mechanism causing these features, and the evolution from the background state of the magnetosphere for cases of arc duration longer than 10 seconds. A lab experiment will be performed to validate the space-relevant predictions of the StIAW model. The StIA-wave parallel dc electric field accelerates electrons along magnetic field (z direction) to speeds in excess of the Alfvén speed and the ultimate electron velocity gain parallel to the magnetic field will be measured in the lab at various z positions, with a double-sided Mach probe, and compared to a model. Lab documentation of the existence of the StIAW dc parallel electric field in spite of the rapid charge-imbalance compensation ability of electrons along magnetic field lines would be a significant milestone in the space physics field because source, dynamics, and morphology, all three, of stable, long-lived auroral arcs would be explained in a single model. &lt;br/&gt; &lt;br/&gt;The planned research will support student mentoring having an international perspective at WVU and UCLA. The planned research strengthens the interrelationship between plasma experiments in the lab and in space that is aimed at targeted validation of geoscience phenomena. Space plasma dynamics, instability, and particle energization represent the broader application of the proposed basic plasma research.  The planned research contributes to international cooperation through scientific collaboration within the realm of university research.</AbstractNarration>
<MinAmdLetterDate>08/21/2013</MinAmdLetterDate>
<MaxAmdLetterDate>07/03/2015</MaxAmdLetterDate>
<ARRAAmount/>
<AwardID>1301896</AwardID>
<Investigator>
<FirstName>Mark</FirstName>
<LastName>Koepke</LastName>
<EmailAddress>mkoepke@wvu.edu</EmailAddress>
<StartDate>08/21/2013</StartDate>
<EndDate/>
<RoleCode>Principal Investigator</RoleCode>
</Investigator>
<Institution>
<Name>West Virginia University Research Corporation</Name>
<CityName>Morgantown</CityName>
<ZipCode>265066845</ZipCode>
<PhoneNumber>3042933998</PhoneNumber>
<StreetAddress>P.O. Box 6845</StreetAddress>
<CountryName>United States</CountryName>
<StateName>West Virginia</StateName>
<StateCode>WV</StateCode>
</Institution>
<ProgramElement>
<Code>1242</Code>
<Text>PLASMA PHYSICS</Text>
</ProgramElement>
<ProgramReference>
<Code>1062</Code>
<Text>BASIC PLASMA SCIENCE &amp; ENGINEERING</Text>
</ProgramReference>
<ProgramReference>
<Code>9150</Code>
<Text>EXP PROG TO STIM COMP RES</Text>
</ProgramReference>
</Award>
</rootTag>
