<?xml version="1.0" encoding="UTF-8"?>
<rootTag>
<Award>
<AwardTitle>Collaborative Research: Green Foundations for Green Energy</AwardTitle>
<AwardEffectiveDate>09/01/2013</AwardEffectiveDate>
<AwardExpirationDate>08/31/2017</AwardExpirationDate>
<AwardAmount>308061</AwardAmount>
<AwardInstrument>
<Value>Standard Grant</Value>
</AwardInstrument>
<Organization>
<Code>07030000</Code>
<Directorate>
<LongName>Directorate For Engineering</LongName>
</Directorate>
<Division>
<LongName>Div Of Civil, Mechanical, &amp; Manufact Inn</LongName>
</Division>
</Organization>
<ProgramOfficer>
<SignBlockName>Richard J. Fragaszy</SignBlockName>
</ProgramOfficer>
<AbstractNarration>The motivation for this research is to inspire and facilitate the development of more sustainable foundation concepts, coined "green" foundations.  The work is advancing a fundamental understanding of soil-structure interactions to develop a novel and sustainable foundation concept for offshore wind turbines: a Flying Wing Anchor.  This anchor is a steel plate in the shape of an aerodynamically efficient winged aircraft.  The anchor is installed silently and efficiently using gravity from free fall through the water column and penetration into the sea floor.  Tension in the line that attaches the wind turbine structure to the anchor causes the anchor to dive and pitch toward the horizontal in service, maximizing the available holding capacity in bearing over the full wing surface in an extreme load.  The intellectual challenges are (1) modeling the resistance of soil against a foundation in shear and bearing over the orders-of-magnitude range of strain rates corresponding to free-fall penetration, line pre-tensioning and ultimately storm loading and (2) capturing the dynamic, fully six-degree-of-freedom movement of a foundation as it "flies" through the soil during installation and service.  The research plan comprises a comprehensive approach to physically testing scale models of a Flying Wing Anchor during penetration and in-service loading and numerically modeling the three-dimensional behavior with time of a Flying Wing Anchor with the Finite Element Method (FEM) and advanced constitutive models.  It capitalizes on a U.S.-Ireland Research and Development Partnership Program to bring together a multidisciplinary, multiple-institution team that represents the European state-of-the art in offshore wind development and the U.S. state-of-the-art in offshore foundations.  The project partners include The University of Texas at Austin, the University of Rhode Island, University College Dublin and Queen's University Belfast.  With external funding from Invest NI and Science Foundation Ireland, the U.S. investment in this project is leveraged at a ratio of nearly 3 total dollars for each dollar invested from NSF.&lt;br/&gt;&lt;br/&gt;This research has the potential to improve foundation systems over a wide range of offshore and onshore applications by developing a green foundation concept, where nature initially "installs" it through gravity and then completes the "installation" through in-service loading.  This research aims to reduce the economic and environmental cost of harnessing offshore wind energy, which is a key challenge to increasing the availability of renewable energy.  This research will benefit society at large by providing cross-country and cross-Atlantic education and research opportunities for graduate and undergraduate students, by fostering excitement in engineering and science for school children through exposing them to the development of a novel concept and giving them an opportunity to examine it themselves through a model testing facility, and by increasing public awareness of the promises and challenges of renewable energy through public demonstrations and workshops.</AbstractNarration>
<MinAmdLetterDate>02/12/2013</MinAmdLetterDate>
<MaxAmdLetterDate>06/17/2014</MaxAmdLetterDate>
<ARRAAmount/>
<AwardID>1301211</AwardID>
<Investigator>
<FirstName>Robert</FirstName>
<LastName>Gilbert</LastName>
<EmailAddress>bob_gilbert@mail.utexas.edu</EmailAddress>
<StartDate>02/12/2013</StartDate>
<EndDate/>
<RoleCode>Principal Investigator</RoleCode>
</Investigator>
<Institution>
<Name>University of Texas at Austin</Name>
<CityName>Austin</CityName>
<ZipCode>787595316</ZipCode>
<PhoneNumber>5124716424</PhoneNumber>
<StreetAddress>3925 W Braker Lane, Ste 3.340</StreetAddress>
<CountryName>United States</CountryName>
<StateName>Texas</StateName>
<StateCode>TX</StateCode>
</Institution>
<ProgramElement>
<Code>1636</Code>
<Text>Geotechnical Engineering and M</Text>
</ProgramElement>
<ProgramReference>
<Code>036E</Code>
<Text>CIVIL INFRASTRUCTURE</Text>
</ProgramReference>
<ProgramReference>
<Code>037E</Code>
<Text>GEOTECHNICAL ENGINEERING</Text>
</ProgramReference>
<ProgramReference>
<Code>038E</Code>
<Text>FOUNDATION ENGINEERING</Text>
</ProgramReference>
<ProgramReference>
<Code>043E</Code>
<Text>EARTHQUAKE ENGINEERING</Text>
</ProgramReference>
<ProgramReference>
<Code>116E</Code>
<Text>RESEARCH EXP FOR UNDERGRADS</Text>
</ProgramReference>
<ProgramReference>
<Code>147E</Code>
<Text>Wind&amp;Misc. sustainable energy</Text>
</ProgramReference>
<ProgramReference>
<Code>9178</Code>
<Text>UNDERGRADUATE EDUCATION</Text>
</ProgramReference>
<ProgramReference>
<Code>9231</Code>
<Text>SUPPL FOR UNDERGRAD RES ASSIST</Text>
</ProgramReference>
<ProgramReference>
<Code>9251</Code>
<Text>RES EXPER FOR UNDERGRAD-SUPPLT</Text>
</ProgramReference>
</Award>
</rootTag>
