<?xml version="1.0" encoding="UTF-8"?>
<rootTag>
<Award>
<AwardTitle>NSF CAREER Workshop</AwardTitle>
<AwardEffectiveDate>12/01/2012</AwardEffectiveDate>
<AwardExpirationDate>11/30/2015</AwardExpirationDate>
<AwardAmount>49999</AwardAmount>
<AwardInstrument>
<Value>Standard Grant</Value>
</AwardInstrument>
<Organization>
<Code>05010000</Code>
<Directorate>
<LongName>Direct For Computer &amp; Info Scie &amp; Enginr</LongName>
</Directorate>
<Division>
<LongName>Division of Computing and Communication Foundations</LongName>
</Division>
</Organization>
<ProgramOfficer>
<SignBlockName>Mitra Basu</SignBlockName>
</ProgramOfficer>
<AbstractNarration>This effort will organize an NSF CAREER Proposal Writing Workshop to introduce junior faculty to the NSF CAREER program, and help them prepare their CAREER proposal. The NSF CAREER program serves a critical role in the National Science Foundation's efforts to identify, foster and support the nation's most promising junior faculty in both research and education. Junior professors who are just starting their careers often have limited experience with grant writing and evaluation. They also have little or no interaction with the program directors at NSF. During this workshop, young faculty members will have the opportunity to improve their skills in proposal writing, as well as interact with NSF program directors from different divisions (IIS, CNS, and CCF) as well as recent NSF CAREER awardees. The major components of the workshop include presentations on proposal writing, experience sharing, mock panels, and proposal clinic. A limited number of travel support will be made available for HBCU/MEI  faculty to attend this workshop. This 1-day event is tentatively scheduled to be held on March 15, 2013 at Temple University Center City campus, located opposite to Philadelphia City Hall in downtown Philadelphia.</AbstractNarration>
<MinAmdLetterDate>11/20/2012</MinAmdLetterDate>
<MaxAmdLetterDate>11/20/2012</MaxAmdLetterDate>
<ARRAAmount/>
<AwardID>1301774</AwardID>
<Investigator>
<FirstName>Shan</FirstName>
<LastName>Lin</LastName>
<EmailAddress>shan.x.lin@stonybrook.edu</EmailAddress>
<StartDate>11/20/2012</StartDate>
<EndDate/>
<RoleCode>Co-Principal Investigator</RoleCode>
</Investigator>
<Investigator>
<FirstName>Jie</FirstName>
<LastName>Wu</LastName>
<EmailAddress>jiewu@temple.edu</EmailAddress>
<StartDate>11/20/2012</StartDate>
<EndDate/>
<RoleCode>Principal Investigator</RoleCode>
</Investigator>
<Investigator>
<FirstName>Chiu</FirstName>
<LastName>Tan</LastName>
<EmailAddress>cctan@temple.edu</EmailAddress>
<StartDate>11/20/2012</StartDate>
<EndDate/>
<RoleCode>Co-Principal Investigator</RoleCode>
</Investigator>
<Institution>
<Name>Temple University</Name>
<CityName>Philadelphia</CityName>
<ZipCode>191226003</ZipCode>
<PhoneNumber>2157077547</PhoneNumber>
<StreetAddress>1801 N. Broad Street</StreetAddress>
<CountryName>United States</CountryName>
<StateName>Pennsylvania</StateName>
<StateCode>PA</StateCode>
</Institution>
<ProgramElement>
<Code>2878</Code>
<Text>SPECIAL PROJECTS - CCF</Text>
</ProgramElement>
</Award>
</rootTag>
