<?xml version="1.0" encoding="UTF-8"?>
<rootTag>
<Award>
<AwardTitle>Asymptotic Regimes of Nonlinear Dispersive Equations</AwardTitle>
<AwardEffectiveDate>08/15/2013</AwardEffectiveDate>
<AwardExpirationDate>06/30/2015</AwardExpirationDate>
<AwardAmount>106262</AwardAmount>
<AwardInstrument>
<Value>Standard Grant</Value>
</AwardInstrument>
<Organization>
<Code>03040000</Code>
<Directorate>
<LongName>Direct For Mathematical &amp; Physical Scien</LongName>
</Directorate>
<Division>
<LongName>Division Of Mathematical Sciences</LongName>
</Division>
</Organization>
<ProgramOfficer>
<SignBlockName>Bruce P. Palka</SignBlockName>
</ProgramOfficer>
<AbstractNarration>The main objective of this project is to explore factors that vitally influence the long-time behavior of nonlinear dispersive PDE like the non-linear Schroedinger (NLS), nonlinear wave (NLW), nonlinear Klein-Gordon (NKG), and Zakharov systems. First, the effect of domain geometry is investigated in terms of a relation between the volume growth of the underlying manifold and the decay of linear solutions. The implications of this relation for the nonlinear problem are then explored in certain tractable geometries, namely quotients of Euclidean spaces. Second, the question of small-data scattering (asymptotically linear behavior) for some weakly nonlinear dispersive equations is considered. These are equations where the nonlinearity is not of high enough degree for classical methods to succeed. One focus is on inhomogeneities represented by a potential term, and how this can affect the asymptotic behavior. Finally, the so-called weakly turbulent regime is investigated by studying the long-time behavior of the cubic NLS equation on a compact domain. In this context, a new continuum equation is derived for the envelope of the discrete Fourier modes by taking a suitable large-box limit in the spirit of weak turbulence theory. This equation turns out to enjoy remarkable symmetries and even explicit solutions, and can be used (via rigorous approximation results) to better understand the long-time frequency dynamics of the original NLS system.&lt;br/&gt;&lt;br/&gt;The nonlinear dispersive equations considered in this project arise naturally in several areas of physics (plasma physics, nonlinear optics, general relativity, etc.) where they often serve as simplified effective models. In order for these models to be useful for engineering purposes as well, one has to understand the effect of inhomogeneities (usually modeled by a non-Euclidean domain geometry or a potential term) in making connections with the real world. Such a study would help set the parameters and limitations of not only the validity of the existing simplified models, but also the faithfulness of computer simulations (based on those models) in predicting experimental phenomena. On a more theoretical note, starting a mathematically rigorous study of the all-important physical theory of weak turbulence, as suggested in the proposal, represents a cross-disciplinary collaboration between pure mathematics, applied mathematics, and physics, with rewarding applications in plasma and fluid engineering, as well as ocean and atmospheric science.</AbstractNarration>
<MinAmdLetterDate>07/29/2013</MinAmdLetterDate>
<MaxAmdLetterDate>07/29/2013</MaxAmdLetterDate>
<ARRAAmount/>
<AwardID>1301647</AwardID>
<Investigator>
<FirstName>Zaher</FirstName>
<LastName>Hani</LastName>
<EmailAddress>zhani6@math.gatech.edu</EmailAddress>
<StartDate>07/29/2013</StartDate>
<EndDate/>
<RoleCode>Principal Investigator</RoleCode>
</Investigator>
<Institution>
<Name>New York University</Name>
<CityName>NEW YORK</CityName>
<ZipCode>100121019</ZipCode>
<PhoneNumber>2129982121</PhoneNumber>
<StreetAddress>70 WASHINGTON SQUARE S</StreetAddress>
<CountryName>United States</CountryName>
<StateName>New York</StateName>
<StateCode>NY</StateCode>
</Institution>
<ProgramElement>
<Code>1281</Code>
<Text>ANALYSIS PROGRAM</Text>
</ProgramElement>
</Award>
</rootTag>
