<?xml version="1.0" encoding="UTF-8"?>
<rootTag>
<Award>
<AwardTitle>Collaborative research:   Automated and community-driven synthesis of the tree of life</AwardTitle>
<AwardEffectiveDate>08/01/2012</AwardEffectiveDate>
<AwardExpirationDate>05/31/2016</AwardExpirationDate>
<AwardAmount>365000</AwardAmount>
<AwardInstrument>
<Value>Standard Grant</Value>
</AwardInstrument>
<Organization>
<Code>08010206</Code>
<Directorate>
<LongName>Direct For Biological Sciences</LongName>
</Directorate>
<Division>
<LongName>Division Of Environmental Biology</LongName>
</Division>
</Organization>
<ProgramOfficer>
<SignBlockName>Simon Malcomber</SignBlockName>
</ProgramOfficer>
<AbstractNarration>The tree of life links all biodiversity through a shared evolutionary history. This project will produce the first online, comprehensive first-draft tree of all 1.8 million named species, accessible to both the public and scientific communities. Assembly of the tree will incorporate previously published results, with strong collaborations between computational and empirical biologists to develop, test and improve methods of data synthesis. This initial tree of life will not be static; instead, we will develop tools for scientists to update and revise the tree as new data come in. Early release of the tree and tools will motivate data sharing and facilitate ongoing synthesis of knowledge.&lt;br/&gt;&lt;br/&gt;Biological research of all kinds, including studies of ecological health, environmental change, and human disease, increasingly depends on knowing how species are related to each other. Yet there is no single resource that unites knowledge of the tree of life.  Instead, only small parts of the tree are individually available, generally as printed figures in journal articles. This project will provide the global community of scientists who study the tree of life with a means to share and combine their results, and will enable large-scale studies of Earth's biodiversity. It will also create a resource where students, educators and citizens can go to explore and learn about life's evolutionary history.</AbstractNarration>
<MinAmdLetterDate>12/17/2012</MinAmdLetterDate>
<MaxAmdLetterDate>07/27/2013</MaxAmdLetterDate>
<ARRAAmount/>
<AwardID>1301820</AwardID>
<Investigator>
<FirstName>Keith</FirstName>
<LastName>Crandall</LastName>
<EmailAddress>kcrandall@gwu.edu</EmailAddress>
<StartDate>12/17/2012</StartDate>
<EndDate/>
<RoleCode>Principal Investigator</RoleCode>
</Investigator>
<Institution>
<Name>George Washington University</Name>
<CityName>Washington</CityName>
<ZipCode>200522000</ZipCode>
<PhoneNumber>2029946255</PhoneNumber>
<StreetAddress>2121 Eye Street NW</StreetAddress>
<CountryName>United States</CountryName>
<StateName>District of Columbia</StateName>
<StateCode>DC</StateCode>
</Institution>
<ProgramElement>
<Code>1182</Code>
<Text>POP &amp; COMMUNITY ECOL PROG</Text>
</ProgramElement>
<ProgramElement>
<Code>7298</Code>
<Text>COLLABORATIVE RESEARCH</Text>
</ProgramElement>
<ProgramElement>
<Code>7689</Code>
<Text>ASSEMBLING THE TREE OF LIFE</Text>
</ProgramElement>
<ProgramReference>
<Code>1355</Code>
<Text>EGC EDUCATIONAL ACTIVITIES</Text>
</ProgramReference>
<ProgramReference>
<Code>5913</Code>
<Text>BRAZIL</Text>
</ProgramReference>
<ProgramReference>
<Code>9169</Code>
<Text>BIODIVERSITY AND ECOSYSTEM DYNAMICS</Text>
</ProgramReference>
<ProgramReference>
<Code>9178</Code>
<Text>UNDERGRADUATE EDUCATION</Text>
</ProgramReference>
<ProgramReference>
<Code>9251</Code>
<Text>RES EXPER FOR UNDERGRAD-SUPPLT</Text>
</ProgramReference>
<ProgramReference>
<Code>EGCH</Code>
<Text>ENVIRONMENT AND GLOBAL CHANGE</Text>
</ProgramReference>
<ProgramReference>
<Code>SMET</Code>
<Text>SCIENCE, MATH, ENG &amp; TECH EDUCATION</Text>
</ProgramReference>
</Award>
</rootTag>
