<?xml version="1.0" encoding="UTF-8"?>
<rootTag>
<Award>
<AwardTitle>Invariants, complexity and quivers</AwardTitle>
<AwardEffectiveDate>07/01/2013</AwardEffectiveDate>
<AwardExpirationDate>06/30/2016</AwardExpirationDate>
<AwardAmount>156375</AwardAmount>
<AwardInstrument>
<Value>Standard Grant</Value>
</AwardInstrument>
<Organization>
<Code>03040000</Code>
<Directorate>
<LongName>Direct For Mathematical &amp; Physical Scien</LongName>
</Directorate>
<Division>
<LongName>Division Of Mathematical Sciences</LongName>
</Division>
</Organization>
<ProgramOfficer>
<SignBlockName>Andrew D. Pollington</SignBlockName>
</ProgramOfficer>
<AbstractNarration>The PI will study representations of quivers and is currently collaborating with Jerzy Weyman on an introductory book. The relationship between quivers with potentials and cluster algebras that has been explored in joint work with Weyman and Zelevinsky will be studied further. He will also study Classical Invariant Theory related to Schur-Weyl duality. This leads to a generalization of a theorem by Schrijver and a "super" version of wheeled PROPs. He also will apply Invariant Theory to (Algebraic) Complexity Theory and investigate the complexity of the Graph Isomorphism Problem. The PI will try to generalize the invariant for polymatroids that he has introduced to knots. He will also continue his collaboration with David Masser on recurrence sequences, and linear equations over multiplicative groups.&lt;br/&gt;&lt;br/&gt;A fundamental problem is to determine whether 2 objects are essentially the same. In the Graph Isomorphism, for example, one would like to determine whether two given graphs are the same after reordering of the vertices. The PI is working on an algorithm that can be proven to be efficient for various classes of graphs. One way to distinguish objects is by using invariants. An invariant is a function on objects that may have distinct values for objects that are not the same. The PI has introduced such an invariant for graphs, and would like to extend this invariant to knots. A quiver representation is just a directed graph, where the vertices represent vector spaces and the arrows represent linear maps. Quiver representations are related to quantum groups and string theory, and the PI will investigate some of the theoretical aspects.</AbstractNarration>
<MinAmdLetterDate>05/09/2013</MinAmdLetterDate>
<MaxAmdLetterDate>05/09/2013</MaxAmdLetterDate>
<ARRAAmount/>
<AwardID>1302032</AwardID>
<Investigator>
<FirstName>Harm</FirstName>
<LastName>Derksen</LastName>
<EmailAddress>hderksen@umich.edu</EmailAddress>
<StartDate>05/09/2013</StartDate>
<EndDate/>
<RoleCode>Principal Investigator</RoleCode>
</Investigator>
<Institution>
<Name>University of Michigan Ann Arbor</Name>
<CityName>Ann Arbor</CityName>
<ZipCode>481091274</ZipCode>
<PhoneNumber>7347636438</PhoneNumber>
<StreetAddress>3003 South State St. Room 1062</StreetAddress>
<CountryName>United States</CountryName>
<StateName>Michigan</StateName>
<StateCode>MI</StateCode>
</Institution>
<ProgramElement>
<Code>1264</Code>
<Text>ALGEBRA,NUMBER THEORY,AND COM</Text>
</ProgramElement>
<ProgramElement>
<Code>7970</Code>
<Text>Combinatorics</Text>
</ProgramElement>
</Award>
</rootTag>
