<?xml version="1.0" encoding="UTF-8"?>
<rootTag>
<Award>
<AwardTitle>HCC: Medium: Scientists and their Software: A Sociotechnical Investigation of Scientific Software Development and Sharing</AwardTitle>
<AwardEffectiveDate>08/01/2013</AwardEffectiveDate>
<AwardExpirationDate>07/31/2017</AwardExpirationDate>
<AwardAmount>515635</AwardAmount>
<AwardInstrument>
<Value>Standard Grant</Value>
</AwardInstrument>
<Organization>
<Code>05090000</Code>
<Directorate>
<LongName>Direct For Computer &amp; Info Scie &amp; Enginr</LongName>
</Directorate>
<Division>
<LongName>Office of Advanced Cyberinfrastructure (OAC)</LongName>
</Division>
</Organization>
<ProgramOfficer>
<SignBlockName>Rajiv Ramnath</SignBlockName>
</ProgramOfficer>
<AbstractNarration>Scientific research is increasingly reliant on advanced social and technical infrastructures called cyberinfrastructure (CI). In turn, the cornerstone of scientific cyberinfrastructure is Scientific Cyberinfrastructure Software (SCIS) that enables data collection from digital instruments, analysis of data through the execution of mathematical algorithms, data visualization and sharing of data through standardized file formats and widely accessible databases. Despite the importance of SCIS for data-intensive research, too little is known about how scientists actually use, adopt and develop scientific software. More research is needed to explore how software, software development and software sharing practices are, and can be, community products, resources or practices. &lt;br/&gt;&lt;br/&gt;This research project will examine how scientists develop SCIS as part of their day-to-day research practice through a qualitative, ethnographic study of 6 research groups using observations, semi-structured interviews, and document analysis. The researchers will investigate how decisions about SCIS are made; document, classify and analyze actual practices for using, adopting, developing or sharing software; identify scientists' incentives and disincentives to share software at the local, organizational and community levels; and discern the impacts, intentional and unintentional, that SCIS systems have on scientific data and the scientific research process.&lt;br/&gt;&lt;br/&gt;Understanding SCIS development and sharing is necessary to ensure continued integrity of datasets shared within and among communities, facilitate the sharing of the tools and practices that are developed using national research funds and most importantly, support a fundamental tenet of scientific research: the open communication of the processes and practices behind published research findings. Furthermore, understanding these practices will support the education and training of our nation's future generations of scientists and engineers. This project will thus benefit domain scientists, SCIS developers, Computer Supported Cooperative Work (CSCW) and Software Engineering (SE) scholars and policy makers by providing conceptual tools that will provide guidance when considering how and when software can be designed and supported to be accessible and useful to the broader research community.</AbstractNarration>
<MinAmdLetterDate>08/14/2013</MinAmdLetterDate>
<MaxAmdLetterDate>05/02/2014</MaxAmdLetterDate>
<ARRAAmount/>
<AwardID>1302272</AwardID>
<Investigator>
<FirstName>Charlotte</FirstName>
<LastName>Lee</LastName>
<EmailAddress>cplee@uw.edu</EmailAddress>
<StartDate>08/14/2013</StartDate>
<EndDate/>
<RoleCode>Principal Investigator</RoleCode>
</Investigator>
<Institution>
<Name>University of Washington</Name>
<CityName>Seattle</CityName>
<ZipCode>981950001</ZipCode>
<PhoneNumber>2065434043</PhoneNumber>
<StreetAddress>4333 Brooklyn Ave NE</StreetAddress>
<CountryName>United States</CountryName>
<StateName>Washington</StateName>
<StateCode>WA</StateCode>
</Institution>
<ProgramElement>
<Code>7361</Code>
<Text>EDUCATION AND WORKFORCE</Text>
</ProgramElement>
<ProgramElement>
<Code>7367</Code>
<Text>Cyber-Human Systems (CHS)</Text>
</ProgramElement>
<ProgramElement>
<Code>7642</Code>
<Text>VIRTUAL ORGANIZATIONS</Text>
</ProgramElement>
<ProgramElement>
<Code>8004</Code>
<Text>Software Institutes</Text>
</ProgramElement>
<ProgramReference>
<Code>7367</Code>
<Text>Cyber-Human Systems</Text>
</ProgramReference>
<ProgramReference>
<Code>7433</Code>
<Text>CyberInfra Frmwrk 21st (CIF21)</Text>
</ProgramReference>
<ProgramReference>
<Code>7642</Code>
<Text>VIRTUAL ORGANIZATIONS</Text>
</ProgramReference>
<ProgramReference>
<Code>7924</Code>
<Text>MEDIUM PROJECT</Text>
</ProgramReference>
<ProgramReference>
<Code>8004</Code>
<Text>Software Institutes</Text>
</ProgramReference>
<ProgramReference>
<Code>8005</Code>
<Text>Scientific Software Elements</Text>
</ProgramReference>
<ProgramReference>
<Code>9102</Code>
<Text>WOMEN, MINORITY, DISABLED, NEC</Text>
</ProgramReference>
<ProgramReference>
<Code>9179</Code>
<Text>GRADUATE INVOLVEMENT</Text>
</ProgramReference>
<ProgramReference>
<Code>9251</Code>
<Text>RES EXPER FOR UNDERGRAD-SUPPLT</Text>
</ProgramReference>
</Award>
</rootTag>
