<?xml version="1.0" encoding="UTF-8"?>
<rootTag>
<Award>
<AwardTitle>SHF: Medium: Bridging the Software/Hardware Gap Towards Efficient, Heterogeneous, and Predictable Datacenters</AwardTitle>
<AwardEffectiveDate>08/01/2013</AwardEffectiveDate>
<AwardExpirationDate>07/31/2016</AwardExpirationDate>
<AwardAmount>750000</AwardAmount>
<AwardInstrument>
<Value>Standard Grant</Value>
</AwardInstrument>
<Organization>
<Code>05010000</Code>
<Directorate>
<LongName>Direct For Computer &amp; Info Scie &amp; Enginr</LongName>
</Directorate>
<Division>
<LongName>Division of Computing and Communication Foundations</LongName>
</Division>
</Organization>
<ProgramOfficer>
<SignBlockName>Tao Li</SignBlockName>
</ProgramOfficer>
<AbstractNarration>Much of today's computational capability is housed in massive cloud computing infrastructures sometimes known as "Warehouse Scale Computers."  This transition has given rise to a new class of emerging applications that run on hundreds of thousands of powerful cores, and access petabytes or exabytes of storage; these applications include web search, media streaming, big data analysis, etc. This centralization of the world's computing means that inefficiencies in those systems are magnified to a high degree -- in other words, if we can improve the efficiency of those systems, we measurably improve the efficiency (improve performance, reduce energy drain) of the world's computing infrastructure. This research addresses several sources of inefficiency, including increasingly inaccurate assumptions of hardware homogeneity, unpredictable interference between applications, and poor models of low-level resource sharing. &lt;br/&gt;&lt;br/&gt;This research addresses these inefficiencies by (1) creating a heterogeneity-aware execution framework for cloud platforms that not only accounts for the heterogeneous capabilities of the hardware that are expected to increase over time, but intentionally employs heterogeneity (at multiple levels) to improve efficiency in running diverse workloads; (2) creating a holistic runtime system for shared resource management that accounts for resource sharing at all levels, including low-level sharing on CMPs and multithreaded cores, allowing threads to be more aggressively co-scheduled; and (3) creating new precise prediction models for performance and quality of service that can drive more intelligent scheduling decisions.</AbstractNarration>
<MinAmdLetterDate>07/31/2013</MinAmdLetterDate>
<MaxAmdLetterDate>09/11/2015</MaxAmdLetterDate>
<ARRAAmount/>
<AwardID>1302682</AwardID>
<Investigator>
<FirstName>Dean</FirstName>
<LastName>Tullsen</LastName>
<EmailAddress>tullsen@cs.ucsd.edu</EmailAddress>
<StartDate>07/31/2013</StartDate>
<EndDate/>
<RoleCode>Principal Investigator</RoleCode>
</Investigator>
<Investigator>
<FirstName>Jason</FirstName>
<LastName>Mars</LastName>
<EmailAddress>profmars@umich.edu</EmailAddress>
<StartDate>07/31/2013</StartDate>
<EndDate>09/11/2015</EndDate>
<RoleCode>Former Co-Principal Investigator</RoleCode>
</Investigator>
<Investigator>
<FirstName>Lingjia</FirstName>
<LastName>Tang</LastName>
<EmailAddress>lingjia@umich.edu</EmailAddress>
<StartDate>07/31/2013</StartDate>
<EndDate>09/11/2015</EndDate>
<RoleCode>Former Co-Principal Investigator</RoleCode>
</Investigator>
<Institution>
<Name>University of California-San Diego</Name>
<CityName>La Jolla</CityName>
<ZipCode>920930621</ZipCode>
<PhoneNumber>8585344896</PhoneNumber>
<StreetAddress>Office of Contract &amp; Grant Admin</StreetAddress>
<CountryName>United States</CountryName>
<StateName>California</StateName>
<StateCode>CA</StateCode>
</Institution>
<ProgramElement>
<Code>7941</Code>
<Text>COMPUTER ARCHITECTURE</Text>
</ProgramElement>
<ProgramReference>
<Code>7924</Code>
<Text>MEDIUM PROJECT</Text>
</ProgramReference>
<ProgramReference>
<Code>7941</Code>
<Text>COMPUTER ARCHITECTURE</Text>
</ProgramReference>
</Award>
</rootTag>
