<?xml version="1.0" encoding="UTF-8"?>
<rootTag>
<Award>
<AwardTitle>Unitary representations of reductive Lie groups</AwardTitle>
<AwardEffectiveDate>08/15/2013</AwardEffectiveDate>
<AwardExpirationDate>07/31/2017</AwardExpirationDate>
<AwardAmount>179919</AwardAmount>
<AwardInstrument>
<Value>Standard Grant</Value>
</AwardInstrument>
<Organization>
<Code>03040000</Code>
<Directorate>
<LongName>Direct For Mathematical &amp; Physical Scien</LongName>
</Directorate>
<Division>
<LongName>Division Of Mathematical Sciences</LongName>
</Division>
</Organization>
<ProgramOfficer>
<SignBlockName>Matthew  Douglass</SignBlockName>
</ProgramOfficer>
<AbstractNarration>Recently, an algorithm has been established to describe the unitary dual of a Lie group arising as the real points of a complex connected reductive algebraic group. Interestingly, the algorithm forges connections with other mathematical ideas outside of real groups (for example, twisted Lusztig-Vogan polynomials and the study of mixed Hodge modules on flag varieties). The new theoretical developments that led to the algorithm suggest many exciting new directions, both in conceptualizing the answer that the algorithm provides, as well as pushing the ideas in new settings (for example by studying functorial relationships with representations of reductive groups over p-adic fields).  The projects undertaken under the support of this grant are devoted to investigating those directions.  In particular, the PI plans to investigate the behavior of the algorithm on representations predicted to be automorphic.  He also plans to adapt aspects of the algorithm to the setting of graded affine Hecke, and therefore obtain information about unitary representations of p-adic groups.&lt;br/&gt;&lt;br/&gt;Lie groups (named after the Norwegian mathematician Sophus Lie) are at the center of much of the mathematics developed in the twentieth century.  They are the language in which physicists encode symmetry, and thus have been studied intensely for their applications to physical problems exhibiting symmetry.  Particular examples have led to significant advances in signal processing.  In a completely different direction, Robert Langlands used Lie groups as the language to attack problems in number theory, aspects of which have led to applications in modern cryptography.  The projects undertaken under the support of this grant place limitations on how Lie groups can appear as symmetries of physical problems, on one hand, and limitations on how they can appear as symmetries of number theory problems, on the other.  These limitation, therefore, rule out candidate solutions in both contexts, and thus provide powerful insight into the actual solutions and the important applications mentioned above.</AbstractNarration>
<MinAmdLetterDate>07/24/2013</MinAmdLetterDate>
<MaxAmdLetterDate>07/24/2013</MaxAmdLetterDate>
<ARRAAmount/>
<AwardID>1302237</AwardID>
<Investigator>
<FirstName>Peter</FirstName>
<LastName>Trapa</LastName>
<EmailAddress>ptrapa@math.utah.edu</EmailAddress>
<StartDate>07/24/2013</StartDate>
<EndDate/>
<RoleCode>Principal Investigator</RoleCode>
</Investigator>
<Institution>
<Name>University of Utah</Name>
<CityName>SALT LAKE CITY</CityName>
<ZipCode>841128930</ZipCode>
<PhoneNumber>8015816903</PhoneNumber>
<StreetAddress>75 S 2000 E</StreetAddress>
<CountryName>United States</CountryName>
<StateName>Utah</StateName>
<StateCode>UT</StateCode>
</Institution>
<ProgramElement>
<Code>1264</Code>
<Text>ALGEBRA,NUMBER THEORY,AND COM</Text>
</ProgramElement>
<ProgramElement>
<Code>1281</Code>
<Text>ANALYSIS PROGRAM</Text>
</ProgramElement>
<ProgramReference>
<Code>9150</Code>
<Text>EXP PROG TO STIM COMP RES</Text>
</ProgramReference>
</Award>
</rootTag>
