<?xml version="1.0" encoding="UTF-8"?>
<rootTag>
<Award>
<AwardTitle>SHF: Medium: Collaborative: Transfer Learning in Software Engineering</AwardTitle>
<AwardEffectiveDate>07/01/2013</AwardEffectiveDate>
<AwardExpirationDate>01/31/2015</AwardExpirationDate>
<AwardAmount>271553</AwardAmount>
<AwardInstrument>
<Value>Continuing grant</Value>
</AwardInstrument>
<Organization>
<Code>05010000</Code>
<Directorate>
<LongName>Direct For Computer &amp; Info Scie &amp; Enginr</LongName>
</Directorate>
<Division>
<LongName>Division of Computing and Communication Foundations</LongName>
</Division>
</Organization>
<ProgramOfficer>
<SignBlockName>Sol J. Greenspan</SignBlockName>
</ProgramOfficer>
<AbstractNarration>The goal of the research is to enable software engineers to find software development best practices from past empirical data. The increasing availability of software development project data, plus new machine learning techniques, make it possible for researchers to study the generalizability of results across projects using the concept of transfer learning. Using data from real software projects, the project will determine and validate best practices in three areas: predicting software development effort; isolating software detects; effective code inspection practices. &lt;br/&gt;&lt;br/&gt;This research will deliver new data mining technologies in the form of transfer learning techniques and tools that overcome current limitations in the state-of-the-art to provide accurate learning within and across projects. It will design new empirical studies, which apply transfer learning to empirical data collected from industrial software projects. It will build an on-line model analysis service, making the techniques and tools available to other researchers who are investigating validity of principles for best practice. &lt;br/&gt;&lt;br/&gt;The broader impacts of the research will be to make empirical software engineering research results more transferable to practice, and to improve the research processes for the empirical software engineering community.  By providing a means to test principles about software development, this work stands to transform empirical software engineering research and enable software managers to rely on scientifically obtained facts and conclusions rather than anecdotal evidence and one-off studies. Given the immense importance and cost of software in commercial and critical systems, the research has long-term economic impacts.</AbstractNarration>
<MinAmdLetterDate>04/19/2013</MinAmdLetterDate>
<MaxAmdLetterDate>04/19/2013</MaxAmdLetterDate>
<ARRAAmount/>
<AwardID>1302216</AwardID>
<Investigator>
<FirstName>Timothy</FirstName>
<LastName>Menzies</LastName>
<EmailAddress>tim.menzies@gmail.com</EmailAddress>
<StartDate>04/19/2013</StartDate>
<EndDate/>
<RoleCode>Principal Investigator</RoleCode>
</Investigator>
<Institution>
<Name>West Virginia University Research Corporation</Name>
<CityName>Morgantown</CityName>
<ZipCode>265066845</ZipCode>
<PhoneNumber>3042933998</PhoneNumber>
<StreetAddress>P.O. Box 6845</StreetAddress>
<CountryName>United States</CountryName>
<StateName>West Virginia</StateName>
<StateCode>WV</StateCode>
</Institution>
<ProgramElement>
<Code>7944</Code>
<Text>SOFTWARE ENG &amp; FORMAL METHODS</Text>
</ProgramElement>
<ProgramReference>
<Code>7924</Code>
<Text>MEDIUM PROJECT</Text>
</ProgramReference>
<ProgramReference>
<Code>7944</Code>
<Text>SOFTWARE ENG &amp; FORMAL METHODS</Text>
</ProgramReference>
<ProgramReference>
<Code>9150</Code>
<Text>EXP PROG TO STIM COMP RES</Text>
</ProgramReference>
</Award>
</rootTag>
