<?xml version="1.0" encoding="UTF-8"?>
<rootTag>
<Award>
<AwardTitle>Number Theory and Related Fields</AwardTitle>
<AwardEffectiveDate>08/01/2013</AwardEffectiveDate>
<AwardExpirationDate>07/31/2018</AwardExpirationDate>
<AwardAmount>192999</AwardAmount>
<AwardInstrument>
<Value>Standard Grant</Value>
</AwardInstrument>
<Organization>
<Code>03040000</Code>
<Directorate>
<LongName>Direct For Mathematical &amp; Physical Scien</LongName>
</Directorate>
<Division>
<LongName>Division Of Mathematical Sciences</LongName>
</Division>
</Organization>
<ProgramOfficer>
<SignBlockName>Matthew  Douglass</SignBlockName>
</ProgramOfficer>
<AbstractNarration>Mazur proposes to work on the statistical and algorithmic aspects of number theory---specifically as related to elliptic curves, abelian varieties, modular curves, and automorphic forms. For example, he is engaged in a research program with Karl Rubin to investigate the Markovian statistics of Selmer groups of quadratic twist families of elliptic curves. Selmer groups provide a delicate---and computable---gauge for the arithmetic of elliptic curves and abelian varieties. A close understanding of Selmer groups can be applied to questions as far-ranging as issues of solvability and unsolvability (Hilbert?s Tenth Problem) or refined analytic formulas (where Rubin and the PI have solved a good part of a conjecture of Darmon). Mazur also proposes to continue the study of p-adic interpolation of modular eigenforms and of their L-functions.&lt;br/&gt;&lt;br/&gt;In broad terms, Mazur wants to understand polynomial equations and the algorithms that might lead us to the solutions of such equations. It is vastly instructive to study such solutions, both specifically and statistically, bringing the relevant analytic and arithmetic tools to bear on the problem. Such investigations have had, in the past, surprisingly broader application---both practical and theoretical---as the PI hopes will be the case in this instance.</AbstractNarration>
<MinAmdLetterDate>07/23/2013</MinAmdLetterDate>
<MaxAmdLetterDate>07/23/2013</MaxAmdLetterDate>
<ARRAAmount/>
<AwardID>1302409</AwardID>
<Investigator>
<FirstName>Barry</FirstName>
<LastName>Mazur</LastName>
<EmailAddress>mazur@math.harvard.edu</EmailAddress>
<StartDate>07/23/2013</StartDate>
<EndDate/>
<RoleCode>Principal Investigator</RoleCode>
</Investigator>
<Institution>
<Name>Harvard University</Name>
<CityName>Cambridge</CityName>
<ZipCode>021385369</ZipCode>
<PhoneNumber>6174955501</PhoneNumber>
<StreetAddress>1033 MASSACHUSETTS AVE</StreetAddress>
<CountryName>United States</CountryName>
<StateName>Massachusetts</StateName>
<StateCode>MA</StateCode>
</Institution>
<ProgramElement>
<Code>1264</Code>
<Text>ALGEBRA,NUMBER THEORY,AND COM</Text>
</ProgramElement>
</Award>
</rootTag>
