<?xml version="1.0" encoding="UTF-8"?>
<rootTag>
<Award>
<AwardTitle>AF: Medium: Towards Provable Bounds for Machine Learning</AwardTitle>
<AwardEffectiveDate>09/01/2013</AwardEffectiveDate>
<AwardExpirationDate>08/31/2017</AwardExpirationDate>
<AwardAmount>900000</AwardAmount>
<AwardInstrument>
<Value>Continuing grant</Value>
</AwardInstrument>
<Organization>
<Code>05010000</Code>
<Directorate>
<LongName>Direct For Computer &amp; Info Scie &amp; Enginr</LongName>
</Directorate>
<Division>
<LongName>Division of Computing and Communication Foundations</LongName>
</Division>
</Organization>
<ProgramOfficer>
<SignBlockName>Jack Snoeyink</SignBlockName>
</ProgramOfficer>
<AbstractNarration>Many areas of machine learning (ML) currently rely on heuristic algorithms with no performance guarantees, and, in fact, the underlying problems are computationally intractable.  The proposed project will lead to new machine learning algorithms with provable guarantees.  The PIs will leverage theoretical ideas from average case analysis, semi-random models, approximation, solution stability, and approximate linear algebra, and develop new tools and techniques.  Benefits from this endeavor will occur across fields.  Theoretical computer science will benefit by gaining new problems and research agendas, and further development of algorithmic and mathematical tools.  Machine learning will benefit by gaining new models (hopefully, more tractable than the ones currently in use), new modes of thinking, and new algorithms.  The task of proving bounds on algorithms will provide insight into when they do or do not work, as well as suggest modifications to existing heuristics.&lt;br/&gt;&lt;br/&gt;The project will involve training a new generation of graduate students and postdocs who will be fluent both in theoretical algorithms and machine learning.  The PIs gained experience in delivering this kind of training and mentoring during the past couple of years and will continue this, including working with the undergraduate students.  The PIs will disseminate the ideas of this project by lecturing, teaching, and creating new course materials, including videos.  One specialized workshop will also be organized, devoted to the topics of study.  Open-source software implementation will be released based upon any new learning algorithms that are discovered.</AbstractNarration>
<MinAmdLetterDate>04/19/2013</MinAmdLetterDate>
<MaxAmdLetterDate>07/14/2016</MaxAmdLetterDate>
<ARRAAmount/>
<AwardID>1302518</AwardID>
<Investigator>
<FirstName>Moses</FirstName>
<LastName>Charikar</LastName>
<EmailAddress>moses@cs.stanford.edu</EmailAddress>
<StartDate>04/19/2013</StartDate>
<EndDate>07/29/2015</EndDate>
<RoleCode>Former Co-Principal Investigator</RoleCode>
</Investigator>
<Investigator>
<FirstName>Sanjeev</FirstName>
<LastName>Arora</LastName>
<EmailAddress>arora@cs.princeton.edu</EmailAddress>
<StartDate>04/19/2013</StartDate>
<EndDate/>
<RoleCode>Principal Investigator</RoleCode>
</Investigator>
<Institution>
<Name>Princeton University</Name>
<CityName>Princeton</CityName>
<ZipCode>085442020</ZipCode>
<PhoneNumber>6092583090</PhoneNumber>
<StreetAddress>Off. of Research &amp; Proj. Admin.</StreetAddress>
<CountryName>United States</CountryName>
<StateName>New Jersey</StateName>
<StateCode>NJ</StateCode>
</Institution>
<ProgramElement>
<Code>7796</Code>
<Text>ALGORITHMIC FOUNDATIONS</Text>
</ProgramElement>
<ProgramElement>
<Code>7926</Code>
<Text>ALGORITHMS</Text>
</ProgramElement>
<ProgramReference>
<Code>7924</Code>
<Text>MEDIUM PROJECT</Text>
</ProgramReference>
<ProgramReference>
<Code>7927</Code>
<Text>COMPLEXITY &amp; CRYPTOGRAPHY</Text>
</ProgramReference>
</Award>
</rootTag>
