<?xml version="1.0" encoding="UTF-8"?>
<rootTag>
<Award>
<AwardTitle>CIF: Medium: Collaborative Research: Interference-Aware Cooperation via Structured Codes: Creating an Empirical Cycle</AwardTitle>
<AwardEffectiveDate>08/01/2013</AwardEffectiveDate>
<AwardExpirationDate>07/31/2017</AwardExpirationDate>
<AwardAmount>398296</AwardAmount>
<AwardInstrument>
<Value>Continuing grant</Value>
</AwardInstrument>
<Organization>
<Code>05010000</Code>
<Directorate>
<LongName>Direct For Computer &amp; Info Scie &amp; Enginr</LongName>
</Directorate>
<Division>
<LongName>Division of Computing and Communication Foundations</LongName>
</Division>
</Organization>
<ProgramOfficer>
<SignBlockName>Richard Brown</SignBlockName>
</ProgramOfficer>
<AbstractNarration>The classical approach to wireless communication is to isolate communication links by maximizing signal strength and minimizing interference between users. This simple philosophy is supported by a rich theoretical foundation which has inspired powerful coding techniques and protocols that lie at the heart of modern wireless systems. However, these systems have recently become victims of their own success as the rising density and data requirements of wireless devices have led to a surge in interference. Fortunately, an emerging body of work indicates that the phenomenon of interference may in fact represent an untapped opportunity for increasing the spectral and energy efficiency of next-generation wireless systems. Although many interference-aware communication strategies have been proposed in the literature, the promised gains have been mostly limited to the theoretical realm. &lt;br/&gt;&lt;br/&gt;The objective of this project is to create practical interference-aware wireless protocols that can operate near the performance predicted by theoretical bounds in terms of throughput, energy efficiency, and reliability. The project is organized into three complementary thrusts that encompass theory, algorithms, and practice. The first thrust investigates lattice-based constellations and low-complexity codes for the compute-and-forward strategy, which enables receivers to decode linear combinations of transmitted codewords. Compute-and-forward can in turn be used as a building block for realizing interference-aware protocols such as physical-layer network coding and multiple-user MIMO (multi-input-uulti-output) systems. The second thrust aims to implement these protocols on a three-node WARP (Wireless Open-Access Research Platform) testbed. A series of carefully designed experiments will be used to compare the performance of interference-aware strategies while accounting for overhead costs. The third thrust leverages the data collected from these experiments to revise channel models to capture key features that impact the performance of interference-aware strategies such as asynchronism and channel fluctuations. These models will be used to revisit the theoretical foundations of interference-aware strategies and tailor them to the channels encountered in practice. This project features several outreach efforts including undergraduate research experiences connected to the WARP testbed and a public repository of training modules and videos.</AbstractNarration>
<MinAmdLetterDate>06/05/2013</MinAmdLetterDate>
<MaxAmdLetterDate>06/01/2015</MaxAmdLetterDate>
<ARRAAmount/>
<AwardID>1302630</AwardID>
<Investigator>
<FirstName>Behnaam</FirstName>
<LastName>Aazhang</LastName>
<EmailAddress>aaz@rice.edu</EmailAddress>
<StartDate>06/05/2013</StartDate>
<EndDate/>
<RoleCode>Principal Investigator</RoleCode>
</Investigator>
<Institution>
<Name>William Marsh Rice University</Name>
<CityName>Houston</CityName>
<ZipCode>770051827</ZipCode>
<PhoneNumber>7133484820</PhoneNumber>
<StreetAddress>6100 MAIN ST</StreetAddress>
<CountryName>United States</CountryName>
<StateName>Texas</StateName>
<StateCode>TX</StateCode>
</Institution>
<ProgramElement>
<Code>7797</Code>
<Text>COMM &amp; INFORMATION FOUNDATIONS</Text>
</ProgramElement>
<ProgramElement>
<Code>7935</Code>
<Text>COMM &amp; INFORMATION THEORY</Text>
</ProgramElement>
<ProgramReference>
<Code>7924</Code>
<Text>MEDIUM PROJECT</Text>
</ProgramReference>
<ProgramReference>
<Code>7935</Code>
<Text>COMM &amp; INFORMATION THEORY</Text>
</ProgramReference>
</Award>
</rootTag>
