<?xml version="1.0" encoding="UTF-8"?>
<rootTag>
<Award>
<AwardTitle>AF: Medium: Algorithmic Foundations for Phylogenetic Networks</AwardTitle>
<AwardEffectiveDate>04/15/2013</AwardEffectiveDate>
<AwardExpirationDate>03/31/2019</AwardExpirationDate>
<AwardAmount>1025725</AwardAmount>
<AwardInstrument>
<Value>Continuing grant</Value>
</AwardInstrument>
<Organization>
<Code>05010000</Code>
<Directorate>
<LongName>Direct For Computer &amp; Info Scie &amp; Enginr</LongName>
</Directorate>
<Division>
<LongName>Division of Computing and Communication Foundations</LongName>
</Division>
</Organization>
<ProgramOfficer>
<SignBlockName>Mitra Basu</SignBlockName>
</ProgramOfficer>
<AbstractNarration>Phylogenies, or evolutionary histories, play a central role in biology as a framework within which to understand all of Life's diversity.  In Charles Darwin's Origin of Species, the depiction of an evolutionary history of species took the shape of a tree. Ever since, trees have been the most commonly used structure to model evolutionary histories. However, while trees capture how, for example, one species splits into two that subsequently diversify and how genetic material is transmitted from ancestor to descendants, they fail to capture other evolutionary events. For example, some plant species arise due to hybridization between pairs of other species. In the microbial world, bacteria transmit genetic material horizontally by various means. In these cases, a tree gives an incomplete picture of the evolutionary history at best, and a very misleading one in the worst case. Indeed, a more appropriate model of evolutionary histories in these cases is a phylogenetic network, which extends the tree model by incorporating evolutionary events such as hybridization and horizontal gene transfer. Despite an increased research activity in the area of phylogenetic networks in recent years, their reconstruction and evaluation remain largely ad hoc processes and limited in their applicability to specific datasets. &lt;br/&gt;&lt;br/&gt;To enable the development of methodologies for systematic reconstructing and evaluating phylogenetic networks, this project is aimed at developing (1) algorithms for evaluating the quality of phylogenetic networks using genomic data, and (2) algorithms for searching the phylogenetic network space to enable automatic inference of evolutionary histories. &lt;br/&gt;&lt;br/&gt;The outcome of the proposed work will help significantly extend the applicability of phylogeny to groups of organisms for which trees are inappropriate, as well as to understand the phylogenetic network model, thus allowing for a more systematic development of methodologies for its accurate reconstruction. Further, the results will enable a more accurate reconstruction of the Tree of Life, help unravel microbial genome diversification, facilitate the reconstruction of hybridization scenarios in plants and other groups of organisms, and help understand the mechanisms by which microbes develop resistance to antibiotics. &lt;br/&gt;   &lt;br/&gt;The project provides outstanding opportunities for training graduate and undergraduate students in an interdisciplinary research area.</AbstractNarration>
<MinAmdLetterDate>04/17/2013</MinAmdLetterDate>
<MaxAmdLetterDate>04/06/2016</MaxAmdLetterDate>
<ARRAAmount/>
<AwardID>1302179</AwardID>
<Investigator>
<FirstName>Luay</FirstName>
<LastName>Nakhleh</LastName>
<EmailAddress>nakhleh@rice.edu</EmailAddress>
<StartDate>04/17/2013</StartDate>
<EndDate/>
<RoleCode>Principal Investigator</RoleCode>
</Investigator>
<Institution>
<Name>William Marsh Rice University</Name>
<CityName>Houston</CityName>
<ZipCode>770051827</ZipCode>
<PhoneNumber>7133484820</PhoneNumber>
<StreetAddress>6100 MAIN ST</StreetAddress>
<CountryName>United States</CountryName>
<StateName>Texas</StateName>
<StateCode>TX</StateCode>
</Institution>
<ProgramElement>
<Code>1112</Code>
<Text>Genetic Mechanisms</Text>
</ProgramElement>
<ProgramElement>
<Code>1640</Code>
<Text>INFORMATION TECHNOLOGY RESEARC</Text>
</ProgramElement>
<ProgramElement>
<Code>7275</Code>
<Text>CROSS-EF ACTIVITIES</Text>
</ProgramElement>
<ProgramElement>
<Code>7796</Code>
<Text>ALGORITHMIC FOUNDATIONS</Text>
</ProgramElement>
<ProgramElement>
<Code>7931</Code>
<Text>COMPUTATIONAL BIOLOGY</Text>
</ProgramElement>
<ProgramReference>
<Code>1112</Code>
<Text>GENES AND GENOME SYSTEMS</Text>
</ProgramReference>
<ProgramReference>
<Code>7465</Code>
<Text>NANOSCALE BIO CORE</Text>
</ProgramReference>
<ProgramReference>
<Code>7796</Code>
<Text>ALGORITHMIC FOUNDATIONS</Text>
</ProgramReference>
<ProgramReference>
<Code>7924</Code>
<Text>MEDIUM PROJECT</Text>
</ProgramReference>
<ProgramReference>
<Code>7931</Code>
<Text>COMPUTATIONAL BIOLOGY</Text>
</ProgramReference>
<ProgramReference>
<Code>8750</Code>
<Text>Bio &amp; Comp Shared Princ (BCSP)</Text>
</ProgramReference>
<ProgramReference>
<Code>9177</Code>
<Text>ELEMENTARY/SECONDARY EDUCATION</Text>
</ProgramReference>
<ProgramReference>
<Code>9179</Code>
<Text>GRADUATE INVOLVEMENT</Text>
</ProgramReference>
<ProgramReference>
<Code>9251</Code>
<Text>RES EXPER FOR UNDERGRAD-SUPPLT</Text>
</ProgramReference>
</Award>
</rootTag>
