<?xml version="1.0" encoding="UTF-8"?>
<rootTag>
<Award>
<AwardTitle>SHF: Medium: Collaborative Research: Information Foraging Theory: From Scientific Principles to Engineering Practice</AwardTitle>
<AwardEffectiveDate>09/01/2013</AwardEffectiveDate>
<AwardExpirationDate>08/31/2018</AwardExpirationDate>
<AwardAmount>327862</AwardAmount>
<AwardInstrument>
<Value>Standard Grant</Value>
</AwardInstrument>
<Organization>
<Code>05010000</Code>
<Directorate>
<LongName>Direct For Computer &amp; Info Scie &amp; Enginr</LongName>
</Directorate>
<Division>
<LongName>Division of Computing and Communication Foundations</LongName>
</Division>
</Organization>
<ProgramOfficer>
<SignBlockName>Sol J. Greenspan</SignBlockName>
</ProgramOfficer>
<AbstractNarration>Modern software systems are notoriously large and complex, often made up of hundreds and thousands of interconnected modules, and lines of source code that can number in the millions. Consequently, software developers waste a considerable portion of their time trying to find and get to information in that code. To address this problem, this research project will investigate a scientific theory to describe how developers go about seeking this information. The project will then use the expanded theory to identify ways of helping developers to more efficiently find information, and in the process, increase their productivity. This contribution will in turn be put to practical use by providing to builders of today?s software tools new practical ways to apply this scientific theory to their tools, so as to reduce the effort required in today?s software development projects.&lt;br/&gt;&lt;br/&gt;In particular, this project will (1) expand Information Foraging Theory to describe how learning affects developers? navigation through code and related artifacts, (2) generate theory-grounded design patterns explaining how to design tools that aid developers' information foraging, (3) develop a design method enabling tool builders to apply these patterns, and (4) evaluate the validity and effectiveness of (1)-(3). Broader impacts will include (a) helping with teaching and learning for software tool builders, professional software developers, graduate students, undergraduates and high schoolers, (b) broadening participation of students from underrepresented groups, (c) producing publicly available infrastructure consisting of design patterns and training materials, (d) disseminating results via publications, software, and workshops, and (e) providing a scientific foundation for future efforts aimed at training developers and designing tools for their use.</AbstractNarration>
<MinAmdLetterDate>08/13/2013</MinAmdLetterDate>
<MaxAmdLetterDate>04/10/2015</MaxAmdLetterDate>
<ARRAAmount/>
<AwardID>1302117</AwardID>
<Investigator>
<FirstName>Scott</FirstName>
<LastName>Fleming</LastName>
<EmailAddress>Scott.Fleming@memphis.edu</EmailAddress>
<StartDate>08/13/2013</StartDate>
<EndDate/>
<RoleCode>Principal Investigator</RoleCode>
</Investigator>
<Institution>
<Name>University of Memphis</Name>
<CityName>Memphis</CityName>
<ZipCode>381523370</ZipCode>
<PhoneNumber>9016782533</PhoneNumber>
<StreetAddress>Administration 315</StreetAddress>
<CountryName>United States</CountryName>
<StateName>Tennessee</StateName>
<StateCode>TN</StateCode>
</Institution>
<ProgramElement>
<Code>7798</Code>
<Text>SOFTWARE &amp; HARDWARE FOUNDATION</Text>
</ProgramElement>
<ProgramElement>
<Code>7944</Code>
<Text>SOFTWARE ENG &amp; FORMAL METHODS</Text>
</ProgramElement>
<ProgramElement>
<Code>9150</Code>
<Text>EPSCoR Co-Funding</Text>
</ProgramElement>
<ProgramReference>
<Code>7924</Code>
<Text>MEDIUM PROJECT</Text>
</ProgramReference>
<ProgramReference>
<Code>7944</Code>
<Text>SOFTWARE ENG &amp; FORMAL METHODS</Text>
</ProgramReference>
<ProgramReference>
<Code>9150</Code>
<Text>EXP PROG TO STIM COMP RES</Text>
</ProgramReference>
<ProgramReference>
<Code>9251</Code>
<Text>RES EXPER FOR UNDERGRAD-SUPPLT</Text>
</ProgramReference>
</Award>
</rootTag>
