<?xml version="1.0" encoding="UTF-8"?>
<rootTag>
<Award>
<AwardTitle>Collaborative Research: Tunable Nanoscale Ferroelectric Photonic Crystals: Materials and Fabrication, Photonic Crystal Structures, and Devices</AwardTitle>
<AwardEffectiveDate>07/01/2013</AwardEffectiveDate>
<AwardExpirationDate>06/30/2017</AwardExpirationDate>
<AwardAmount>317999</AwardAmount>
<AwardInstrument>
<Value>Standard Grant</Value>
</AwardInstrument>
<Organization>
<Code>07010000</Code>
<Directorate>
<LongName>Directorate For Engineering</LongName>
</Directorate>
<Division>
<LongName>Div Of Electrical, Commun &amp; Cyber Sys</LongName>
</Division>
</Organization>
<ProgramOfficer>
<SignBlockName>mahmoud fallahi</SignBlockName>
</ProgramOfficer>
<AbstractNarration>Objective: This program uses new advances in ultrathin ferroelectric-film fabrication, nano-poling, and simulation methods for nonlinear-optical devices, to realize new tunable photonic-crystal devices.&lt;br/&gt;&lt;br/&gt;Intellectual Merit: This photonics program will investigate a new class of tunable second-order optical susceptibility nano-photonic device, by nano-structuring ferroelectric thin-film photonic crystals to tailor their optical response. The main challenges are ultrahigh-resolution poling, electrode-structure design, and thin-film device implementation. Key elements are nano-fabrication methods, design and testing of the tunable crystals, and two model-device fabrications. Its transformative aspect arises from its nanometer scale, providing unprecedented control of phase matching due to light confinement.&lt;br/&gt;&lt;br/&gt;Broader Impacts: This program involves photonic devices, an area with broad impact for sensors in medical and biological science, data transmission and processing, and metrology. The research will be integrated into the education mission of Columbia and the University at Albany to foster an interdisciplinary examination of artificial nonlinear metamaterials and to enable the two groups with a strong history of interactions to collaborate. This work will involve students interaction and travel to their partner universities. The program will recruit diverse student collaborators. Recruitment will be done via five yearly outreach talks to undergrads at Columbia and Albany and participation in Undergraduate Research Opportunities Program at Columbia. The project will enable students to collaborate with the Nanocenter at Brookhaven National Laboratory, which one of the PIs was the founding director, and with the Ion-Beam Facility at Albany. This program involves overseas research collaboration with University of Bonn (Soergel) and University College London (Panoiu).&lt;br/&gt;&lt;br/&gt;This project is jointly funded by the Electronics, Photonics, and Magnetic Devices Program (EPMD) in the Division of Electrical, Communications and Cyber Systems (ECCS) and by the Electronic and Photonic Materials Program (EPM) in the Division of Materials Research (DMR).</AbstractNarration>
<MinAmdLetterDate>06/13/2013</MinAmdLetterDate>
<MaxAmdLetterDate>05/07/2015</MaxAmdLetterDate>
<ARRAAmount/>
<AwardID>1302488</AwardID>
<Investigator>
<FirstName>Richard</FirstName>
<LastName>Osgood</LastName>
<EmailAddress>osgood@columbia.edu</EmailAddress>
<StartDate>06/13/2013</StartDate>
<EndDate/>
<RoleCode>Principal Investigator</RoleCode>
</Investigator>
<Institution>
<Name>Columbia University</Name>
<CityName>NEW YORK</CityName>
<ZipCode>100276902</ZipCode>
<PhoneNumber>2128546851</PhoneNumber>
<StreetAddress>2960 Broadway</StreetAddress>
<CountryName>United States</CountryName>
<StateName>New York</StateName>
<StateCode>NY</StateCode>
</Institution>
<ProgramElement>
<Code>1253</Code>
<Text>OFFICE OF MULTIDISCIPLINARY AC</Text>
</ProgramElement>
<ProgramElement>
<Code>1517</Code>
<Text>ELECT, PHOTONICS, &amp; MAG DEVICE</Text>
</ProgramElement>
<ProgramElement>
<Code>1775</Code>
<Text>ELECTRONIC/PHOTONIC MATERIALS</Text>
</ProgramElement>
<ProgramReference>
<Code>094E</Code>
<Text>Optoelectronic devices</Text>
</ProgramReference>
<ProgramReference>
<Code>095E</Code>
<Text>Photonic integration</Text>
</ProgramReference>
<ProgramReference>
<Code>7237</Code>
<Text>NANO NON-SOLIC SCI &amp; ENG AWD</Text>
</ProgramReference>
<ProgramReference>
<Code>9251</Code>
<Text>RES EXPER FOR UNDERGRAD-SUPPLT</Text>
</ProgramReference>
</Award>
</rootTag>
