<?xml version="1.0" encoding="UTF-8"?>
<rootTag>
<Award>
<AwardTitle>NeTS: Medium: Collaborative Research: Towards Building Time Capsule for Online Social Activities</AwardTitle>
<AwardEffectiveDate>10/01/2013</AwardEffectiveDate>
<AwardExpirationDate>09/30/2018</AwardExpirationDate>
<AwardAmount>609000</AwardAmount>
<AwardInstrument>
<Value>Standard Grant</Value>
</AwardInstrument>
<Organization>
<Code>05050000</Code>
<Directorate>
<LongName>Direct For Computer &amp; Info Scie &amp; Enginr</LongName>
</Directorate>
<Division>
<LongName>Division Of Computer and Network Systems</LongName>
</Division>
</Organization>
<ProgramOfficer>
<SignBlockName>Darleen L. Fisher</SignBlockName>
</ProgramOfficer>
<AbstractNarration>The capability to preserve, model, and predict information cascades over online social networks has many theoretical and practical implications, e.g., for marketing, recommendation filtering, and studying of societal behavior. Massive empirical data sets on users' online social activities are being collected, but they are often too big to analyze. The goal of this project is to design graph generative models and summarization techniques that can preserve pertinent information about online social interactions that lead to interesting events, e.g., viral diffusion of information or drastic change of user behavior. Towards this end, the project will develop generative models that can capture the dynamic evolution of user activity graphs (UAGs), which represent a sequence of inter-user communications/actions. At the microscopic level, the project will investigate user influence in the recruitment process. In addition, the project will design graph summarization techniques that can achieve good tradeoffs between data compression ratio, computational complexities, and accuracy in answering fundamental queries, such as identifying 'influential' sources of information cascades.&lt;br/&gt;&lt;br/&gt;Broader Impact: If successful, this project will provide efficient methods for storing/archiving massive graph data to support longitudinal study on the dynamics of online social interactions, which has potential impact on multiple disciplines (e.g., economics, history, political sciences, and social science). This project will help train future researchers and practitioners in online social networking and network science through classroom curriculum development and online teaching. The PIs will continue ongoing diversity recruitment and outreach to K-12 students. Transfer of technology into commercial practice is made feasible through partnership with industry.</AbstractNarration>
<MinAmdLetterDate>09/16/2013</MinAmdLetterDate>
<MaxAmdLetterDate>09/16/2013</MaxAmdLetterDate>
<ARRAAmount/>
<AwardID>1302691</AwardID>
<Investigator>
<FirstName>Chen-Nee</FirstName>
<LastName>Chuah</LastName>
<EmailAddress>chuah@ucdavis.edu</EmailAddress>
<StartDate>09/16/2013</StartDate>
<EndDate/>
<RoleCode>Principal Investigator</RoleCode>
</Investigator>
<Investigator>
<FirstName>Raissa</FirstName>
<LastName>D'Souza</LastName>
<EmailAddress>raissa@cse.ucdavis.edu</EmailAddress>
<StartDate>09/16/2013</StartDate>
<EndDate/>
<RoleCode>Co-Principal Investigator</RoleCode>
</Investigator>
<Institution>
<Name>University of California-Davis</Name>
<CityName>Davis</CityName>
<ZipCode>956186134</ZipCode>
<PhoneNumber>5307547700</PhoneNumber>
<StreetAddress>OR/Sponsored Programs</StreetAddress>
<CountryName>United States</CountryName>
<StateName>California</StateName>
<StateCode>CA</StateCode>
</Institution>
<ProgramElement>
<Code>1714</Code>
<Text>SPECIAL PROJECTS - CISE</Text>
</ProgramElement>
<ProgramElement>
<Code>7363</Code>
<Text>Networking Technology and Syst</Text>
</ProgramElement>
<ProgramReference>
<Code>7363</Code>
<Text>RES IN NETWORKING TECH &amp; SYS</Text>
</ProgramReference>
<ProgramReference>
<Code>7924</Code>
<Text>MEDIUM PROJECT</Text>
</ProgramReference>
</Award>
</rootTag>
