<?xml version="1.0" encoding="UTF-8"?>
<rootTag>
<Award>
<AwardTitle>Sheaves on higher dimensional varieties</AwardTitle>
<AwardEffectiveDate>08/15/2013</AwardEffectiveDate>
<AwardExpirationDate>02/28/2015</AwardExpirationDate>
<AwardAmount>163000</AwardAmount>
<AwardInstrument>
<Value>Standard Grant</Value>
</AwardInstrument>
<Organization>
<Code>03040000</Code>
<Directorate>
<LongName>Direct For Mathematical &amp; Physical Scien</LongName>
</Directorate>
<Division>
<LongName>Division Of Mathematical Sciences</LongName>
</Division>
</Organization>
<ProgramOfficer>
<SignBlockName>Tie Luo</SignBlockName>
</ProgramOfficer>
<AbstractNarration>The central theme of the project is to apply derived category techniques to solve questions arising from Birational Geometry and String Theory. In particular, the P.I. has three main goals:&lt;br/&gt;(1) To study moduli spaces of stable sheaves on surfaces, by using wall-crossing with respect to Bridgeland stability conditions.&lt;br/&gt;(2) To prove a conjectural bound on Chern classes of certain stable complexes on threefolds, which generalizes a classical result by Bogomolov and Gieseker.&lt;br/&gt;(3) To study sheaves on projective spaces, cubic hypersurfaces, and the Grothendieck-Knudsen moduli space of stable n-pointed rational curves.&lt;br/&gt;Far-reaching applications would include Le Potier's Strange Duality Conjecture, the existence of Bridgeland stability conditions on Calabi-Yau threefolds, the Fujita Conjecture on adjoint linear series for threefolds, and new results in the theory of counting invariants.&lt;br/&gt;&lt;br/&gt;The broader context of this project is the area of Algebraic Geometry. The central objects of interest in Algebraic Geometry are algebraic varieties, namely the loci of solutions of polynomial equations in many variables. Roughly, the idea is to study algebraic varieties "indirectly," by using certain "homological" invariants associated to geometric objects on them -- for example, differential forms. The technique of the derived category was developed in Verdier's thesis, under the guidance of Grothendieck, in 1967. The original motivation was the need to find a proper foundation for Grothendieck's duality theory, which provides non-trivial relations among the above mentioned invariants. More recently, the theory of derived categories has found important and deep applications beyond the original motivation and even outside Algebraic Geometry; in particular, to Representation Theory, Symplectic Geometry, and High Energy Physics.The present proposal builds indeed on the interaction with these disciplines -- notably on the work of Kontsevich, Bondal, Orlov, Bridgeland, Kuznetsov among others -- to deduce new results in Algebraic Geometry and other areas.</AbstractNarration>
<MinAmdLetterDate>07/23/2013</MinAmdLetterDate>
<MaxAmdLetterDate>07/23/2013</MaxAmdLetterDate>
<ARRAAmount/>
<AwardID>1302730</AwardID>
<Investigator>
<FirstName>Emanuele</FirstName>
<LastName>Macri</LastName>
<EmailAddress>e.macri@neu.edu</EmailAddress>
<StartDate>07/23/2013</StartDate>
<EndDate/>
<RoleCode>Principal Investigator</RoleCode>
</Investigator>
<Institution>
<Name>Ohio State University</Name>
<CityName>Columbus</CityName>
<ZipCode>432101016</ZipCode>
<PhoneNumber>6146888735</PhoneNumber>
<StreetAddress>Office of Sponsored Programs</StreetAddress>
<CountryName>United States</CountryName>
<StateName>Ohio</StateName>
<StateCode>OH</StateCode>
</Institution>
<ProgramElement>
<Code>1264</Code>
<Text>ALGEBRA,NUMBER THEORY,AND COM</Text>
</ProgramElement>
</Award>
</rootTag>
