<?xml version="1.0" encoding="UTF-8"?>
<rootTag>
<Award>
<AwardTitle>RI: Medium: Collaborative Research: BCSP: Automated Parameter Tuning of Large-Scale Spiking Neural Networks</AwardTitle>
<AwardEffectiveDate>09/15/2013</AwardEffectiveDate>
<AwardExpirationDate>08/31/2017</AwardExpirationDate>
<AwardAmount>513698</AwardAmount>
<AwardInstrument>
<Value>Standard Grant</Value>
</AwardInstrument>
<Organization>
<Code>05020000</Code>
<Directorate>
<LongName>Direct For Computer &amp; Info Scie &amp; Enginr</LongName>
</Directorate>
<Division>
<LongName>Div Of Information &amp; Intelligent Systems</LongName>
</Division>
</Organization>
<ProgramOfficer>
<SignBlockName>Kenneth C. Whang</SignBlockName>
</ProgramOfficer>
<AbstractNarration>A framework will be developed to help scientists and engineers create brain-inspired, brain-sized networks that can carry out practical applications. Large-scale spiking neural networks, which follow the brain's architecture and activity, have been used to successfully model phenomena such as learning and memory, vision, auditory processing, neural oscillations, and many other important aspects of neural function. Additionally, spiking neural networks are particularly well suited to run on neuromorphic hardware, state of the art computers that emulate the brain?s structure and dynamics. These neuromorphic systems depend on the binary nature of spikes to lower communication bandwidth and energy consumption. Although significant progress has been made towards the specification and simulation of large-scale spiking neural networks on a variety of hardware platforms, many challenges remain before these neurobiologically inspired algorithms can be used in practical applications. While biology does provide increasingly abundant empirical data that can constrain these systems, many parameter values must be chosen manually by the designer to achieve appropriate neuronal dynamics, a task that is extremely tedious and often error-prone. To meet this challenge, an automated parametertuning framework will be developed that is capable of quickly and efficiently tuning large-scale spiking neural networks. The framework will leverage recent progress in evolutionary algorithms and optimization techniques for off-the-shelf graphics processing units (GPUs). The parameter search will be guided by the idea in neuroscience that biological networks adapt their responses to increase the amount of transmitted information, reduce redundancies, and span the stimulus space. This notion of efficient coding will guide the tuning process of the artificial spiking neural networks. Computer scientists and engineers will be able to use the resulting automated parameter-tuning framework to create brain inspired applications, such as vision and memory systems, on neuromorphic hardware. Moreover, the resulting framework will allow neuroscientists to more readily create models that better describe their empirical data and generate new quantitative hypotheses that can be tested in the laboratory.</AbstractNarration>
<MinAmdLetterDate>09/10/2013</MinAmdLetterDate>
<MaxAmdLetterDate>05/06/2015</MaxAmdLetterDate>
<ARRAAmount/>
<AwardID>1302125</AwardID>
<Investigator>
<FirstName>Nikil</FirstName>
<LastName>Dutt</LastName>
<EmailAddress>dutt@uci.edu</EmailAddress>
<StartDate>09/10/2013</StartDate>
<EndDate/>
<RoleCode>Co-Principal Investigator</RoleCode>
</Investigator>
<Investigator>
<FirstName>Jeffrey</FirstName>
<LastName>Krichmar</LastName>
<EmailAddress>jkrichma@uci.edu</EmailAddress>
<StartDate>09/10/2013</StartDate>
<EndDate/>
<RoleCode>Principal Investigator</RoleCode>
</Investigator>
<Institution>
<Name>University of California-Irvine</Name>
<CityName>Irvine</CityName>
<ZipCode>926173213</ZipCode>
<PhoneNumber>9498247295</PhoneNumber>
<StreetAddress>141 Innovation Drive, Ste 250</StreetAddress>
<CountryName>United States</CountryName>
<StateName>California</StateName>
<StateCode>CA</StateCode>
</Institution>
<ProgramElement>
<Code>1640</Code>
<Text>INFORMATION TECHNOLOGY RESEARC</Text>
</ProgramElement>
<ProgramElement>
<Code>7275</Code>
<Text>CROSS-EF ACTIVITIES</Text>
</ProgramElement>
<ProgramElement>
<Code>7327</Code>
<Text>CRCNS</Text>
</ProgramElement>
<ProgramElement>
<Code>7495</Code>
<Text>ROBUST INTELLIGENCE</Text>
</ProgramElement>
<ProgramElement>
<Code>7713</Code>
<Text>ACTIVATION</Text>
</ProgramElement>
<ProgramReference>
<Code>7327</Code>
<Text>CRCNS</Text>
</ProgramReference>
<ProgramReference>
<Code>7495</Code>
<Text>ROBUST INTELLIGENCE</Text>
</ProgramReference>
<ProgramReference>
<Code>7924</Code>
<Text>MEDIUM PROJECT</Text>
</ProgramReference>
<ProgramReference>
<Code>8750</Code>
<Text>Bio &amp; Comp Shared Princ (BCSP)</Text>
</ProgramReference>
<ProgramReference>
<Code>9251</Code>
<Text>RES EXPER FOR UNDERGRAD-SUPPLT</Text>
</ProgramReference>
</Award>
</rootTag>
