<?xml version="1.0" encoding="UTF-8"?>
<rootTag>
<Award>
<AwardTitle>WORKSHOP: The Conflict Consortium</AwardTitle>
<AwardEffectiveDate>09/15/2012</AwardEffectiveDate>
<AwardExpirationDate>08/31/2016</AwardExpirationDate>
<AwardAmount>49332</AwardAmount>
<AwardInstrument>
<Value>Standard Grant</Value>
</AwardInstrument>
<Organization>
<Code>04050000</Code>
<Directorate>
<LongName>Direct For Social, Behav &amp; Economic Scie</LongName>
</Directorate>
<Division>
<LongName>Divn Of Social and Economic Sciences</LongName>
</Division>
</Organization>
<ProgramOfficer>
<SignBlockName>Brian D. Humes</SignBlockName>
</ProgramOfficer>
<AbstractNarration>The Conflict Consortium will bring together two groups of scholars for the purposes of solidifying relationships in the field of subnational conflict, developing a list of best practices as well as most commonly utilized variables to assist in field development and to provide instructions for others in the fields of political science and sociology who wish to understand, use and create their own databases.  These workshops will improve the current research in this area, lead to greater accumulation of findings in the future and provide guidance to those in as well as those consider work in this area of research.  The Consortium will also attempt to provide the framework within which data projects could be better coordinated with one another and courses taught on the subject at diverse venues around the globe.</AbstractNarration>
<MinAmdLetterDate>02/22/2013</MinAmdLetterDate>
<MaxAmdLetterDate>06/19/2015</MaxAmdLetterDate>
<ARRAAmount/>
<AwardID>1302027</AwardID>
<Investigator>
<FirstName>Christian</FirstName>
<LastName>Davenport</LastName>
<EmailAddress>cdavenpt@umich.edu</EmailAddress>
<StartDate>02/22/2013</StartDate>
<EndDate/>
<RoleCode>Principal Investigator</RoleCode>
</Investigator>
<Institution>
<Name>University of Michigan Ann Arbor</Name>
<CityName>Ann Arbor</CityName>
<ZipCode>481091274</ZipCode>
<PhoneNumber>7347636438</PhoneNumber>
<StreetAddress>3003 South State St. Room 1062</StreetAddress>
<CountryName>United States</CountryName>
<StateName>Michigan</StateName>
<StateCode>MI</StateCode>
</Institution>
<ProgramElement>
<Code>1371</Code>
<Text>POLITICAL SCIENCE</Text>
</ProgramElement>
<ProgramReference>
<Code>0000</Code>
<Text>UNASSIGNED</Text>
</ProgramReference>
<ProgramReference>
<Code>7556</Code>
<Text>CONFERENCE AND WORKSHOPS</Text>
</ProgramReference>
<ProgramReference>
<Code>OTHR</Code>
<Text>OTHER RESEARCH OR EDUCATION</Text>
</ProgramReference>
</Award>
</rootTag>
