<?xml version="1.0" encoding="UTF-8"?>
<rootTag>
<Award>
<AwardTitle>SHF:Medium:Overcoming the Intuition Wall: Automatic Graphical Analysis of Programs to Discover and Program New Computer Architectures</AwardTitle>
<AwardEffectiveDate>09/15/2013</AwardEffectiveDate>
<AwardExpirationDate>12/31/2016</AwardExpirationDate>
<AwardAmount>400654</AwardAmount>
<AwardInstrument>
<Value>Standard Grant</Value>
</AwardInstrument>
<Organization>
<Code>05010000</Code>
<Directorate>
<LongName>Direct For Computer &amp; Info Scie &amp; Enginr</LongName>
</Directorate>
<Division>
<LongName>Division of Computing and Communication Foundations</LongName>
</Division>
</Organization>
<ProgramOfficer>
<SignBlockName>Tao Li</SignBlockName>
</ProgramOfficer>
<AbstractNarration>Workload characterization is central to development of new computer architectures. The rise of the mobile-cloud paradigm has increased the diversity and rate at which applications are created thus challenging computer architects' ability to build optimized systems for them. In the past, architects have been able to examine software codes of interest (often through slow laborious manual inspection if necessary) when releases were far and few in between to derive intuition necessary to make architectural and microarchitectural discoveries. But this method does not scale to emerging applications that are literally hammered out in the hundreds by the day. Further, new languages and platforms have behaviors that are quite different from legacy codes and there is an urgent need for intuition on these applications. Without new methods to characterize emerging workloads, computer architects risk running into an intuition wall. This risk might prove calamitous if unmitigated, given the added reliance on (micro)architects to develop more energy efficient designs to compensate for the losses due to slowdowns in Dennard's scaling.&lt;br/&gt;&lt;br/&gt;Advances in machine learning provide an opportunity to overcome the intuition wall. In the last decade there have been many major advances in machine learning on graphs motivated by need/benefits of mining behaviors in social networks and enabled by cheap commodity computing. In this project, the PIs plan to leverage these advances to discover and program new computer architectures. By viewing program execution as a graph, clustering these graphs, and mining them for similarities, the PIs plan to discover new behaviors that architects and microarchitects can use to develop new on-chip acceleration structures. The PIs also plan to study how legacy code can semi-automatically be converted to execute on the architectures with the new accelerators.</AbstractNarration>
<MinAmdLetterDate>09/09/2013</MinAmdLetterDate>
<MaxAmdLetterDate>09/09/2013</MaxAmdLetterDate>
<ARRAAmount/>
<AwardID>1302269</AwardID>
<Investigator>
<FirstName>Tony</FirstName>
<LastName>Jebara</LastName>
<EmailAddress>jebara@cs.columbia.edu</EmailAddress>
<StartDate>09/09/2013</StartDate>
<EndDate/>
<RoleCode>Co-Principal Investigator</RoleCode>
</Investigator>
<Investigator>
<FirstName>L</FirstName>
<LastName>Sethumadhavan</LastName>
<EmailAddress>simha@cs.columbia.edu</EmailAddress>
<StartDate>09/09/2013</StartDate>
<EndDate/>
<RoleCode>Principal Investigator</RoleCode>
</Investigator>
<Investigator>
<FirstName>Gail</FirstName>
<LastName>Kaiser</LastName>
<EmailAddress>kaiser@cs.columbia.edu</EmailAddress>
<StartDate>09/09/2013</StartDate>
<EndDate/>
<RoleCode>Co-Principal Investigator</RoleCode>
</Investigator>
<Institution>
<Name>Columbia University</Name>
<CityName>NEW YORK</CityName>
<ZipCode>100276902</ZipCode>
<PhoneNumber>2128546851</PhoneNumber>
<StreetAddress>2960 Broadway</StreetAddress>
<CountryName>United States</CountryName>
<StateName>New York</StateName>
<StateCode>NY</StateCode>
</Institution>
<ProgramElement>
<Code>7484</Code>
<Text>IIS SPECIAL PROJECTS</Text>
</ProgramElement>
<ProgramElement>
<Code>7941</Code>
<Text>COMPUTER ARCHITECTURE</Text>
</ProgramElement>
<ProgramReference>
<Code>7924</Code>
<Text>MEDIUM PROJECT</Text>
</ProgramReference>
<ProgramReference>
<Code>7941</Code>
<Text>COMPUTER ARCHITECTURE</Text>
</ProgramReference>
</Award>
</rootTag>
