<?xml version="1.0" encoding="UTF-8"?>
<rootTag>
<Award>
<AwardTitle>NeTS: Medium: Collaborative Research: GOALI: Adaptive and Flexible Spectrum Optical Networking</AwardTitle>
<AwardEffectiveDate>08/01/2013</AwardEffectiveDate>
<AwardExpirationDate>07/31/2018</AwardExpirationDate>
<AwardAmount>899047</AwardAmount>
<AwardInstrument>
<Value>Continuing grant</Value>
</AwardInstrument>
<Organization>
<Code>05050000</Code>
<Directorate>
<LongName>Direct For Computer &amp; Info Scie &amp; Enginr</LongName>
</Directorate>
<Division>
<LongName>Division Of Computer and Network Systems</LongName>
</Division>
</Organization>
<ProgramOfficer>
<SignBlockName>John Brassil</SignBlockName>
</ProgramOfficer>
<AbstractNarration>This project will study and develop technology for Elastic Optical Networks (EONs).   In EONs flexible amounts of spectral bandwidth may be allocated to each data channel without requiring adherence to a fixed wavelength grid. Such an approach is well-suited for supporting a wide range of dynamic traffic demands in a bandwidth-efficient manner.  Key enabling technologies, optical arbitrary waveform generation&lt;br/&gt;(OAWG) and optical arbitrary waveform measurement (OAWM), will enable elastic optical networking over a large spectrum by dividing the spectrum into spectral slices and dynamically processing information at lower rates compatible with CMOS electronics. The project will leverage these technologies as a basis for innovative hardware and software solutions for EON technology, architectures, protocols, network control and management, system integration, and testbed integration.  &lt;br/&gt;&lt;br/&gt;Advances in the basic architecture and technology for optical networking is important for US competitiveness.   The project will work with several US-based industrial organizations as a means of technology transfer.  The research results and publications will likely to impact standardization activities of flexible grid networking (e.g. International Telecommunication Union ITU-T SG15 on flex grid).   The project will link education and research and serve as a rich platform for crossdisciplinary education in optical and higher-layer networking, and in computer engineering.</AbstractNarration>
<MinAmdLetterDate>07/31/2013</MinAmdLetterDate>
<MaxAmdLetterDate>06/26/2015</MaxAmdLetterDate>
<ARRAAmount/>
<AwardID>1302719</AwardID>
<Investigator>
<FirstName>Zhi</FirstName>
<LastName>Ding</LastName>
<EmailAddress>zding@ucdavis.edu</EmailAddress>
<StartDate>07/31/2013</StartDate>
<EndDate/>
<RoleCode>Co-Principal Investigator</RoleCode>
</Investigator>
<Investigator>
<FirstName>Jonathan</FirstName>
<LastName>Heritage</LastName>
<EmailAddress>heritage@ece.ucdavis.edu</EmailAddress>
<StartDate>07/31/2013</StartDate>
<EndDate/>
<RoleCode>Co-Principal Investigator</RoleCode>
</Investigator>
<Investigator>
<FirstName>S.J.Ben</FirstName>
<LastName>Yoo</LastName>
<EmailAddress>yoo@ece.ucdavis.edu</EmailAddress>
<StartDate>07/31/2013</StartDate>
<EndDate/>
<RoleCode>Principal Investigator</RoleCode>
</Investigator>
<Institution>
<Name>University of California-Davis</Name>
<CityName>Davis</CityName>
<ZipCode>956186134</ZipCode>
<PhoneNumber>5307547700</PhoneNumber>
<StreetAddress>OR/Sponsored Programs</StreetAddress>
<CountryName>United States</CountryName>
<StateName>California</StateName>
<StateCode>CA</StateCode>
</Institution>
<ProgramElement>
<Code>7363</Code>
<Text>Networking Technology and Syst</Text>
</ProgramElement>
<ProgramReference>
<Code>1504</Code>
<Text>GRANT OPP FOR ACAD LIA W/INDUS</Text>
</ProgramReference>
<ProgramReference>
<Code>7924</Code>
<Text>MEDIUM PROJECT</Text>
</ProgramReference>
</Award>
</rootTag>
