<?xml version="1.0" encoding="UTF-8"?>
<rootTag>
<Award>
<AwardTitle>Unitary representations of affine Hecke algebras and reductive p-adic groups</AwardTitle>
<AwardEffectiveDate>08/01/2013</AwardEffectiveDate>
<AwardExpirationDate>05/31/2016</AwardExpirationDate>
<AwardAmount>138000</AwardAmount>
<AwardInstrument>
<Value>Standard Grant</Value>
</AwardInstrument>
<Organization>
<Code>03040000</Code>
<Directorate>
<LongName>Direct For Mathematical &amp; Physical Scien</LongName>
</Directorate>
<Division>
<LongName>Division Of Mathematical Sciences</LongName>
</Division>
</Organization>
<ProgramOfficer>
<SignBlockName>Matthew  Douglass</SignBlockName>
</ProgramOfficer>
<AbstractNarration>The project focuses on the study of unitary representations of reductive p-adic groups via affine Hecke algebras. The general approach is motivated by the local Langlands program which predicts a correspondence between the larger class of admissible representations of p-adic groups and certain geometric categories defined in terms of the dual complex group. The first direction of research is the development of an algorithm for computing signatures of invariant hermitian forms for the affine Hecke algebra, motivated by the recent results obtained in the setting of real reductive groups. A second direction concerns basic abstract harmonic analysis problems for (graded) affine Hecke algebras, and certain applications of Dirac operator theory in this setting.&lt;br/&gt;&lt;br/&gt;The project falls in the area of representation theory of Lie groups. Lie groups, named after the Norwegian mathematician Sophus Lie, are mathematical objects underlying the symmetries inherent in a system, and their representations, i.e., the ways in which the Lie groups can manifest themselves, have had an important impact in theoretical physics and number theory. This research will generate topics that can constitute bases for Ph.D. or master theses; some problems of combinatorial nature related to the project are suitable for undergraduate research through REU programs.</AbstractNarration>
<MinAmdLetterDate>07/22/2013</MinAmdLetterDate>
<MaxAmdLetterDate>10/23/2014</MaxAmdLetterDate>
<ARRAAmount/>
<AwardID>1302122</AwardID>
<Investigator>
<FirstName>Baiying</FirstName>
<LastName>Liu</LastName>
<EmailAddress>liu@math.utah.edu</EmailAddress>
<StartDate>10/23/2014</StartDate>
<EndDate/>
<RoleCode>Principal Investigator</RoleCode>
</Investigator>
<Investigator>
<FirstName>Dan</FirstName>
<LastName>Ciubotaru</LastName>
<EmailAddress>ciubo@math.utah.edu</EmailAddress>
<StartDate>07/22/2013</StartDate>
<EndDate>10/23/2014</EndDate>
<RoleCode>Former Principal Investigator</RoleCode>
</Investigator>
<Institution>
<Name>University of Utah</Name>
<CityName>SALT LAKE CITY</CityName>
<ZipCode>841128930</ZipCode>
<PhoneNumber>8015816903</PhoneNumber>
<StreetAddress>75 S 2000 E</StreetAddress>
<CountryName>United States</CountryName>
<StateName>Utah</StateName>
<StateCode>UT</StateCode>
</Institution>
<ProgramElement>
<Code>1264</Code>
<Text>ALGEBRA,NUMBER THEORY,AND COM</Text>
</ProgramElement>
<ProgramReference>
<Code>9150</Code>
<Text>EXP PROG TO STIM COMP RES</Text>
</ProgramReference>
</Award>
</rootTag>
