<?xml version="1.0" encoding="UTF-8"?>
<rootTag>
<Award>
<AwardTitle>CSR: Medium: Provisioning and Harnessing Energy Storage for Datacenter Demand Response</AwardTitle>
<AwardEffectiveDate>08/01/2013</AwardEffectiveDate>
<AwardExpirationDate>07/31/2018</AwardExpirationDate>
<AwardAmount>998477</AwardAmount>
<AwardInstrument>
<Value>Continuing grant</Value>
</AwardInstrument>
<Organization>
<Code>05050000</Code>
<Directorate>
<LongName>Direct For Computer &amp; Info Scie &amp; Enginr</LongName>
</Directorate>
<Division>
<LongName>Division Of Computer and Network Systems</LongName>
</Division>
</Organization>
<ProgramOfficer>
<SignBlockName>M. Mimi McClure</SignBlockName>
</ProgramOfficer>
<AbstractNarration>Power consumption of datacenters poses economic, societal and environmental concerns. A large datacenter spends millions of dollars in yearly operational expenditures (op-ex) paying its electricity bills, and in provisioning the power delivery network, to accommodate the peak power draw, even if this draw is rarely sustained. Re-shaping  the power draw temporally (over time) and spatially (across regions of the datacenter, or even across datacenters), broadly referred to as Demand Response (DR), is a common technique to reduce cap-ex and op-ex costs. Until now, datacenter DR has primarily used computing knobs -- consolidation, scheduling, migration, and power state modulation -- to manage the power draw. &lt;br/&gt;&lt;br/&gt;This project will investigate a novel set of complementary techniques leveraging Energy Storage Devices (ESDs) in the datacenter for DR. The project will explore specific issues related to provisioning -- type, capacity and location -- ESDs in the datacenter power hierarchy. It will also develop control techniques for sourcing from these devices, and coupling their usage with current computing DR techniques, all the while optimizing for performance, cost, availability and ESD health related criteria. This research will have a direct impact on datacenter power cost reduction and the ability to source renewable energy. The platforms, models and power traces from this work can be useful to further ESD research in datacenters. This project will also enhance interdisciplinary curriculum in the related areas, and lead to new undergraduate honor's thesis projects.</AbstractNarration>
<MinAmdLetterDate>06/04/2013</MinAmdLetterDate>
<MaxAmdLetterDate>07/30/2015</MaxAmdLetterDate>
<ARRAAmount/>
<AwardID>1302225</AwardID>
<Investigator>
<FirstName>Anand</FirstName>
<LastName>Sivasubramaniam</LastName>
<EmailAddress>anand@cse.psu.edu</EmailAddress>
<StartDate>06/04/2013</StartDate>
<EndDate/>
<RoleCode>Principal Investigator</RoleCode>
</Investigator>
<Investigator>
<FirstName>Bhuvan</FirstName>
<LastName>Urgaonkar</LastName>
<EmailAddress>bhuvan@cse.psu.edu</EmailAddress>
<StartDate>06/04/2013</StartDate>
<EndDate/>
<RoleCode>Co-Principal Investigator</RoleCode>
</Investigator>
<Investigator>
<FirstName>Hosam</FirstName>
<LastName>Fathy</LastName>
<EmailAddress>hkf2@psu.edu</EmailAddress>
<StartDate>06/04/2013</StartDate>
<EndDate/>
<RoleCode>Co-Principal Investigator</RoleCode>
</Investigator>
<Institution>
<Name>Pennsylvania State Univ University Park</Name>
<CityName>UNIVERSITY PARK</CityName>
<ZipCode>168027000</ZipCode>
<PhoneNumber>8148651372</PhoneNumber>
<StreetAddress>110 Technology Center Building</StreetAddress>
<CountryName>United States</CountryName>
<StateName>Pennsylvania</StateName>
<StateCode>PA</StateCode>
</Institution>
<ProgramElement>
<Code>7354</Code>
<Text>Computer Systems Research (CSR</Text>
</ProgramElement>
<ProgramReference>
<Code>7924</Code>
<Text>MEDIUM PROJECT</Text>
</ProgramReference>
</Award>
</rootTag>
