<?xml version="1.0" encoding="UTF-8"?>
<rootTag>
<Award>
<AwardTitle>LSAMP BRIDGE TO THE DOCTORATE - ILLINOIS LSAMP BRIDGE TO THE DOCTORATE AT THE UNIVERSITY OF ILLINOIS AT CHICAGO 2013-2015</AwardTitle>
<AwardEffectiveDate>09/15/2013</AwardEffectiveDate>
<AwardExpirationDate>08/31/2017</AwardExpirationDate>
<AwardAmount>980500</AwardAmount>
<AwardInstrument>
<Value>Standard Grant</Value>
</AwardInstrument>
<Organization>
<Code>11060000</Code>
<Directorate>
<LongName>Direct For Education and Human Resources</LongName>
</Directorate>
<Division>
<LongName>Division Of Human Resource Development</LongName>
</Division>
</Organization>
<ProgramOfficer>
<SignBlockName>Martha L. James</SignBlockName>
</ProgramOfficer>
<AbstractNarration>The central goal of the Illinois Louis Stokes Alliance for Minority Participation Bridge to the Doctorate Program at the University of Illinois at Chicago (UIC) is to increase the number of underserved populations who attain access to graduate education.  The program provides Bridge to the Doctorate (BD) students with the academic and professional social skills to function at the highest levels of competency.  Pre-matriculation, staff and faculty monitoring, research lab rotations, research projects and professional interactions along with intensive evaluation protocol helps to ensure that these students complete their PhD or MD/PhD.  Upon completion of the program, the BD students will be ready to go into a postdoctoral program at any institution in the country or to obtain upper level STEM employment.  One of the creative aspects of these activities is the inclusion of MD/PhDs among the cadre of PhD students that are being produced.&lt;br/&gt;&lt;br/&gt;The Illinois LSAMP BD Program at UIC has four primary objectives:&lt;br/&gt;&lt;br/&gt;1. To recruit a minimum of twelve highly motivated students from local and regional LSAMP alliances to UIC PhD programs;&lt;br/&gt;2. To prepare matriculating BD Fellows to study and train towards the PhD;&lt;br/&gt;3. To facilitate activities that will encourage BD Fellows to persist in PhD studies; and &lt;br/&gt;4. To implement a series of activities designed to enhance the education and training of Illinois LSAMP BD Fellows and help them transition to postdoctoral fellowships, placement in the academy, or other positions requiring doctoral level STEM education.&lt;br/&gt;&lt;br/&gt;Ethnic minorities comprise a disproportionately small fraction of graduate students, post-doctoral fellows and faculty in the STEM disciplines, including health sciences. The Illinois LSAMP BD Program at UIC will broaden the participation of underrepresented groups including women, ethnic and racial minorities.  The program will not only help to close the gap created by the paucity of underrepresented individuals who are functioning creatively at the PhD level, it will also encourage others who have been reticent to attempt graduate work because of the lack of qualified role models.</AbstractNarration>
<MinAmdLetterDate>09/05/2013</MinAmdLetterDate>
<MaxAmdLetterDate>05/15/2017</MaxAmdLetterDate>
<ARRAAmount/>
<AwardID>1302012</AwardID>
<Investigator>
<FirstName>William</FirstName>
<LastName>Walden</LastName>
<EmailAddress>wwalden@uic.edu</EmailAddress>
<StartDate>09/05/2013</StartDate>
<EndDate/>
<RoleCode>Co-Principal Investigator</RoleCode>
</Investigator>
<Investigator>
<FirstName>Sandra</FirstName>
<LastName>Westbrooks</LastName>
<EmailAddress>swestb31@csu.edu</EmailAddress>
<StartDate>09/05/2013</StartDate>
<EndDate/>
<RoleCode>Principal Investigator</RoleCode>
</Investigator>
<Investigator>
<FirstName>Christopher</FirstName>
<LastName>Botanga</LastName>
<EmailAddress>cbotanga@csu.edu</EmailAddress>
<StartDate>05/15/2017</StartDate>
<EndDate/>
<RoleCode>Co-Principal Investigator</RoleCode>
</Investigator>
<Investigator>
<FirstName>LeRoy</FirstName>
<LastName>Jones</LastName>
<EmailAddress>ljones27@att.net</EmailAddress>
<StartDate>09/05/2013</StartDate>
<EndDate>05/15/2017</EndDate>
<RoleCode>Former Co-Principal Investigator</RoleCode>
</Investigator>
<Institution>
<Name>Chicago State University</Name>
<CityName>Chicago</CityName>
<ZipCode>606281598</ZipCode>
<PhoneNumber>7739955400</PhoneNumber>
<StreetAddress>9501 South King Drive</StreetAddress>
<CountryName>United States</CountryName>
<StateName>Illinois</StateName>
<StateCode>IL</StateCode>
</Institution>
<ProgramElement>
<Code>9133</Code>
<Text>ALLIANCES-MINORITY PARTICIPAT.</Text>
</ProgramElement>
<ProgramReference>
<Code>9179</Code>
<Text>GRADUATE INVOLVEMENT</Text>
</ProgramReference>
</Award>
</rootTag>
