<?xml version="1.0" encoding="UTF-8"?>
<rootTag>
<Award>
<AwardTitle>Automorphic Forms for Function Fields and Related Geometry</AwardTitle>
<AwardEffectiveDate>07/01/2013</AwardEffectiveDate>
<AwardExpirationDate>03/31/2017</AwardExpirationDate>
<AwardAmount>157880</AwardAmount>
<AwardInstrument>
<Value>Standard Grant</Value>
</AwardInstrument>
<Organization>
<Code>03040000</Code>
<Directorate>
<LongName>Direct For Mathematical &amp; Physical Scien</LongName>
</Directorate>
<Division>
<LongName>Division Of Mathematical Sciences</LongName>
</Division>
</Organization>
<ProgramOfficer>
<SignBlockName>Matthew  Douglass</SignBlockName>
</ProgramOfficer>
<AbstractNarration>The PI proposes to use geometric methods to attack problems in representation theory and number theory.  Recently the PI has found a way to construct motives with exceptional Galois groups using automorphic forms and the geometric Langlands correspondence.  This idea will be systematically developed in the following years and will have applications to the classical inverse Galois problem.  The PI will also use moduli spaces of Hitchin type to study representations of rational Cherednik algebras, enumeration of Galois representations, and global analogs of Lusztig's character sheaves.&lt;br/&gt;&lt;br/&gt;In mathematics, it is a general rule that the most interesting symmetries should arise geometrically.  For example, the ancient classification of Platonic solids is seen nowadays as an instance of finding all 'finite symmetries' in three-dimensional space.  With the revolution of algebraic geometry in the second half of the 20th century, we now have powerful geometric tools available to solve classical and new problems in number theory and group theory. The PI will use these geometric tools to attack problems in the Langlands program.  In the 70s, Langlands made a series of conjectures which links arithmetic invariants (e.g., solutions to Diophantine equations) to analytic invariants (e.g., modular forms).  The predictions that Langlands made, if proved, will be extremely powerful in solving classical problems (including the Fermat Problem which was solved in this way).  Through this project, the PI hopes to shed light on some problems in the Langlands program and to discover more symmetries that appear in geometry.</AbstractNarration>
<MinAmdLetterDate>04/11/2013</MinAmdLetterDate>
<MaxAmdLetterDate>04/11/2013</MaxAmdLetterDate>
<ARRAAmount/>
<AwardID>1302071</AwardID>
<Investigator>
<FirstName>Zhiwei</FirstName>
<LastName>Yun</LastName>
<EmailAddress>zhiwei.yun@yale.edu</EmailAddress>
<StartDate>04/11/2013</StartDate>
<EndDate/>
<RoleCode>Principal Investigator</RoleCode>
</Investigator>
<Institution>
<Name>Stanford University</Name>
<CityName>Palo Alto</CityName>
<ZipCode>943041212</ZipCode>
<PhoneNumber>6507232300</PhoneNumber>
<StreetAddress>3160 Porter Drive</StreetAddress>
<CountryName>United States</CountryName>
<StateName>California</StateName>
<StateCode>CA</StateCode>
</Institution>
<ProgramElement>
<Code>1264</Code>
<Text>ALGEBRA,NUMBER THEORY,AND COM</Text>
</ProgramElement>
</Award>
</rootTag>
