<?xml version="1.0" encoding="UTF-8"?>
<rootTag>
<Award>
<AwardTitle>Doctoral Dissertation Research: Organizational Identity and Decision-making</AwardTitle>
<AwardEffectiveDate>12/01/2013</AwardEffectiveDate>
<AwardExpirationDate>11/30/2015</AwardExpirationDate>
<AwardAmount>9794</AwardAmount>
<AwardInstrument>
<Value>Standard Grant</Value>
</AwardInstrument>
<Organization>
<Code>04050000</Code>
<Directorate>
<LongName>Direct For Social, Behav &amp; Economic Scie</LongName>
</Directorate>
<Division>
<LongName>Divn Of Social and Economic Sciences</LongName>
</Division>
</Organization>
<ProgramOfficer>
<SignBlockName>Patricia White</SignBlockName>
</ProgramOfficer>
<AbstractNarration>SES-1302306  &lt;br/&gt;Lynne Zucker&lt;br/&gt;Oliver Schilke&lt;br/&gt;University of California-Los Angeles &lt;br/&gt;&lt;br/&gt;A key problem faced by organizational decision-makers is uncertainty regarding the relative value of alternative courses of organizational action. Two different streams of research in sociology have emphasized different mechanisms of dealing with such uncertainty. Research in neoinstitutional theory indicates that uncertainty leads organizations to imitate others in their field. The literature on identity theory suggests that people's group membership or organizational identity strongly informs how they behave in the presence of uncertainty. This dissertation research synthesizes the two theories to show how organizational identity affects the degree to which organizational decision-makers imitate others in their field.&lt;br/&gt;&lt;br/&gt;Several studies will be conducted using laboratory and web experiments with student and non-student samples. These studies not only test the relationship between organizational identity and resistance to imitation, but also examine performance feedback and identity type as potential contingencies. The positive link between organizational identity and resistance is expected to become stronger when performance feedback is positive (rather than nonexistent or negative) and when the organizational identity is of a normative (rather than a utilitarian) type. The knowledge created by the research advances theoretical understanding and heeds repeated calls for investigations into micro-level sources of organizations' responses to their institutional environments. Findings will contribute to identity theory by introducing environmental resistance as a new dimension on which decisions made by an individual differ from those made by a representative of a larger collective.&lt;br/&gt;&lt;br/&gt;Broader Impacts&lt;br/&gt;&lt;br/&gt;The research makes a methodological contribution by re-incorporating experimental research into neoinstitutional analysis, thus allowing for an approach to institutionalism that focuses on members of organizations and complements existing insights. Study findings will contribute to a better understanding of factors that drive organizational resistance to environmental pressures.</AbstractNarration>
<MinAmdLetterDate>12/23/2013</MinAmdLetterDate>
<MaxAmdLetterDate>12/23/2013</MaxAmdLetterDate>
<ARRAAmount/>
<AwardID>1302306</AwardID>
<Investigator>
<FirstName>Oliver</FirstName>
<LastName>Schilke</LastName>
<EmailAddress>oschilke@arizona.edu</EmailAddress>
<StartDate>12/23/2013</StartDate>
<EndDate/>
<RoleCode>Co-Principal Investigator</RoleCode>
</Investigator>
<Investigator>
<FirstName>Lynne</FirstName>
<LastName>Zucker</LastName>
<EmailAddress>lynne_zucker@nber.org</EmailAddress>
<StartDate>12/23/2013</StartDate>
<EndDate/>
<RoleCode>Principal Investigator</RoleCode>
</Investigator>
<Institution>
<Name>University of California-Los Angeles</Name>
<CityName>LOS ANGELES</CityName>
<ZipCode>900951406</ZipCode>
<PhoneNumber>3107940102</PhoneNumber>
<StreetAddress>10889 Wilshire Boulevard</StreetAddress>
<CountryName>United States</CountryName>
<StateName>California</StateName>
<StateCode>CA</StateCode>
</Institution>
<ProgramElement>
<Code>1331</Code>
<Text>SOCIOLOGY</Text>
</ProgramElement>
<ProgramReference>
<Code>9179</Code>
<Text>GRADUATE INVOLVEMENT</Text>
</ProgramReference>
<ProgramReference>
<Code>SMET</Code>
<Text>SCIENCE, MATH, ENG &amp; TECH EDUCATION</Text>
</ProgramReference>
</Award>
</rootTag>
