<?xml version="1.0" encoding="UTF-8"?>
<rootTag>
<Award>
<AwardTitle>CSR: Medium: WasteNot: Streamlining Virtual Memory for Modern Systems</AwardTitle>
<AwardEffectiveDate>09/01/2013</AwardEffectiveDate>
<AwardExpirationDate>08/31/2016</AwardExpirationDate>
<AwardAmount>749103</AwardAmount>
<AwardInstrument>
<Value>Continuing grant</Value>
</AwardInstrument>
<Organization>
<Code>05050000</Code>
<Directorate>
<LongName>Direct For Computer &amp; Info Scie &amp; Enginr</LongName>
</Directorate>
<Division>
<LongName>Division Of Computer and Network Systems</LongName>
</Division>
</Organization>
<ProgramOfficer>
<SignBlockName>M. Mimi McClure</SignBlockName>
</ProgramOfficer>
<AbstractNarration>This proposal attacks waste in virtual memory. Virtual memory was invented in a time of scarcity (e.g., sub-MB memory) but is now deployed to a changed world with vast memory (e.g., GB to TB) where programs often don?t exploit virtual memories generality (e.g., web servers sized to not swap). At the same time, virtual memory can waste substantial execution time (on translation look aside buffer (TLB) misses) and power (accessing TLBs on each memory reference). Moreover, system extensions to support general-purpose graphics processing units &lt;br/&gt;(GP-GPUs) and virtual machine (VMM) challenge virtual memory more. &lt;br/&gt;&lt;br/&gt;The central hypothesis of this proposal is that memory is too virtual:  most workloads do not need all of the benefits of virtual memory most of the time. To this end, we seek to de-virtualize virtual memory with multiple translation mechanisms that offer better performance with less functionality so that applications pay (performance, power/energy, space, etc.) for the features they require instead of for page-based virtual memory?s full generality always. &lt;br/&gt;&lt;br/&gt;This work reduces waste in computer systems to enable continued improvements in thier cost and performance. This improvement facilitates application innovations like higher performance for big-data workloads, including graph analysis, and environmental benefits from reduced power consumption. Beyond technical advices, this work develops and disseminates tools that leverage other NSF investments, such as the open-source ?gem5? computer-system simulation system.&lt;br/&gt;</AbstractNarration>
<MinAmdLetterDate>08/14/2013</MinAmdLetterDate>
<MaxAmdLetterDate>08/26/2014</MaxAmdLetterDate>
<ARRAAmount/>
<AwardID>1302260</AwardID>
<Investigator>
<FirstName>Mark</FirstName>
<LastName>Hill</LastName>
<EmailAddress>markhill@cs.wisc.edu</EmailAddress>
<StartDate>08/14/2013</StartDate>
<EndDate/>
<RoleCode>Co-Principal Investigator</RoleCode>
</Investigator>
<Investigator>
<FirstName>David</FirstName>
<LastName>Wood</LastName>
<EmailAddress>david@cs.wisc.edu</EmailAddress>
<StartDate>08/14/2013</StartDate>
<EndDate/>
<RoleCode>Co-Principal Investigator</RoleCode>
</Investigator>
<Investigator>
<FirstName>Michael</FirstName>
<LastName>Swift</LastName>
<EmailAddress>swift@cs.wisc.edu</EmailAddress>
<StartDate>08/14/2013</StartDate>
<EndDate/>
<RoleCode>Principal Investigator</RoleCode>
</Investigator>
<Institution>
<Name>University of Wisconsin-Madison</Name>
<CityName>MADISON</CityName>
<ZipCode>537151218</ZipCode>
<PhoneNumber>6082623822</PhoneNumber>
<StreetAddress>21 North Park Street</StreetAddress>
<CountryName>United States</CountryName>
<StateName>Wisconsin</StateName>
<StateCode>WI</StateCode>
</Institution>
<ProgramElement>
<Code>7354</Code>
<Text>Computer Systems Research (CSR</Text>
</ProgramElement>
<ProgramReference>
<Code>7924</Code>
<Text>MEDIUM PROJECT</Text>
</ProgramReference>
</Award>
</rootTag>
