<?xml version="1.0" encoding="UTF-8"?>
<rootTag>
<Award>
<AwardTitle>COLLABORATIVE RESEARCH: Mechanisms for the decline of leaf hydraulic conductance with dehydration, and plant and environment level impacts</AwardTitle>
<AwardEffectiveDate>09/01/2012</AwardEffectiveDate>
<AwardExpirationDate>02/29/2016</AwardExpirationDate>
<AwardAmount>198806</AwardAmount>
<AwardInstrument>
<Value>Continuing grant</Value>
</AwardInstrument>
<Organization>
<Code>08090300</Code>
<Directorate>
<LongName>Direct For Biological Sciences</LongName>
</Directorate>
<Division>
<LongName>Division Of Integrative Organismal Systems</LongName>
</Division>
</Organization>
<ProgramOfficer>
<SignBlockName>kimberly hammond</SignBlockName>
</ProgramOfficer>
<AbstractNarration>In this project,the mechanisms and consequences of a major plant response will be determined that is increasingly recognized to play a central role in processes at cell, tissue and whole-plant level - the vulnerability of the leaf water transport (hydraulic) system to dehydration.  Equally, the implications of leaf water transport for stomatal control and urban forest-level transpiration, a major component of city water use, will be clarified.  For diverse urban trees in Los Angeles, the project will combine new experimental and nano-microscopy techniques with modeling to determine the relative roles in the dynamics of leaf hydraulic conductance (Kleaf) of mechanisms including air blockage within the leaf veins, cell collapse, and changes in the activity of membrane proteins (aquaporins).  Second, the project will study the role of Kleaf in the determination of the stomatal response to atmospheric drought.  A novel computer simulation model of the water transport and gas exchange systems will be developed, to be parameterized with data from experiments and from anatomical analyses.  This model will predict the effect of xylem anatomy and its dynamics during transpiration or drought on the responses of stomata.  The project will test and refine this model against experimental measurements of gas exchange responses for the urban trees.  The third objective is to combine the measurements and model with additional functional trait data to predict tree water use and water use efficiency, and to test these predictions with sapflow and growth measurements for urban trees.  Overall,this research will break new scientific ground in clarifying the dynamics of plant water transport, and improving prediction of urban forest water use, especially critical for conservation of water resources.  The broader educational impacts include collaborative data collection within a mentoring program for under-represented undergraduates in research, to improve participation and appreciation of urban ecophysiology and ecology.</AbstractNarration>
<MinAmdLetterDate>12/11/2012</MinAmdLetterDate>
<MaxAmdLetterDate>03/30/2016</MaxAmdLetterDate>
<ARRAAmount/>
<AwardID>1302314</AwardID>
<Investigator>
<FirstName>James</FirstName>
<LastName>Ehleringer</LastName>
<EmailAddress>jim.ehleringer@utah.edu</EmailAddress>
<StartDate>07/30/2015</StartDate>
<EndDate>03/30/2016</EndDate>
<RoleCode>Former Principal Investigator</RoleCode>
</Investigator>
<Investigator>
<FirstName>Diane</FirstName>
<LastName>Pataki</LastName>
<EmailAddress>diane.pataki@utah.edu</EmailAddress>
<StartDate>03/30/2016</StartDate>
<EndDate/>
<RoleCode>Principal Investigator</RoleCode>
</Investigator>
<Investigator>
<FirstName>Meghan</FirstName>
<LastName>Avolio</LastName>
<EmailAddress>meghan.avolio@jhu.edu</EmailAddress>
<StartDate>07/15/2014</StartDate>
<EndDate>07/30/2015</EndDate>
<RoleCode>Former Principal Investigator</RoleCode>
</Investigator>
<Institution>
<Name>University of Utah</Name>
<CityName>SALT LAKE CITY</CityName>
<ZipCode>841128930</ZipCode>
<PhoneNumber>8015816903</PhoneNumber>
<StreetAddress>75 S 2000 E</StreetAddress>
<CountryName>United States</CountryName>
<StateName>Utah</StateName>
<StateCode>UT</StateCode>
</Institution>
<ProgramElement>
<Code>7657</Code>
<Text>Integrative Ecologi Physiology</Text>
</ProgramElement>
<ProgramReference>
<Code>7298</Code>
<Text>COLLABORATIVE RESEARCH</Text>
</ProgramReference>
<ProgramReference>
<Code>9178</Code>
<Text>UNDERGRADUATE EDUCATION</Text>
</ProgramReference>
<ProgramReference>
<Code>9179</Code>
<Text>GRADUATE INVOLVEMENT</Text>
</ProgramReference>
</Award>
</rootTag>
