<?xml version="1.0" encoding="UTF-8"?>
<rootTag>
<Award>
<AwardTitle>RI: Medium: Collaborative Research: Decision-Making on Uncertain Spatial-Temporal Fields: Modeling, Planning and Control with Applications to Adaptive Sampling</AwardTitle>
<AwardEffectiveDate>06/01/2013</AwardEffectiveDate>
<AwardExpirationDate>05/31/2017</AwardExpirationDate>
<AwardAmount>202729</AwardAmount>
<AwardInstrument>
<Value>Continuing grant</Value>
</AwardInstrument>
<Organization>
<Code>05020000</Code>
<Directorate>
<LongName>Direct For Computer &amp; Info Scie &amp; Enginr</LongName>
</Directorate>
<Division>
<LongName>Div Of Information &amp; Intelligent Systems</LongName>
</Division>
</Organization>
<ProgramOfficer>
<SignBlockName>Reid Simmons</SignBlockName>
</ProgramOfficer>
<AbstractNarration>Inland bodies of freshwater are a resource that is critical for the Nation's health and safety.  This project is developing a new spatio-temporal field representation suitable for modeling, planning and control under uncertainty in order to improve monitoring of such water systems. The project's focus is on a reconfigurable aquatic sensor-actuator network designed to capture data from coupled physical, chemical, and biological processes that occur across space and time-scales.  The key advantages of this sensor-actuator network in its application to this domain include synoptic volume coverage, adaptive sampling, flexible control and robustness to component failure.  The research objective is to build models of dynamic processes for which high resolution sampling is necessary at special locations. Toward this end, this project is contributing new methods, data-structures, algorithms, and implementations validated by field testing a heterogeneous system consisting of stationary and mobile (robotic) underwater node. &lt;br/&gt;&lt;br/&gt;This project provides unique interdisciplinary opportunities for education of both graduate and undergraduate students via new course work that blends projects and research topics directly into courses and newly developed seminars. It provides a multi-disciplinary experience for students while developing their engineering skills. Relevant components of computer science, computer engineering, and mechanical engineering are integrated together by using the project's aquatic platform and experimental scenarios as a focal point. &lt;br/&gt;&lt;br/&gt;The project advances the state-of-the-art for such systems because it integrates low-level dynamic processes with high-level planning and distributed optimization. The research represents a change in the scale of robotic aquatic sampling away from immense bodies of water in oceanographic research, toward bodies of water that have a more immediate affect on our well-being as they are sources and stores of drinking water. The impact of datasets which lead to better understanding of managed and natural inlets, differing topography including dam walls and man-made structures, regions of turbulence, and seasonal algal growth are immense.</AbstractNarration>
<MinAmdLetterDate>06/10/2013</MinAmdLetterDate>
<MaxAmdLetterDate>04/18/2016</MaxAmdLetterDate>
<ARRAAmount/>
<AwardID>1302393</AwardID>
<Investigator>
<FirstName>Dylan</FirstName>
<LastName>Shell</LastName>
<EmailAddress>dshell@cs.tamu.edu</EmailAddress>
<StartDate>06/10/2013</StartDate>
<EndDate/>
<RoleCode>Principal Investigator</RoleCode>
</Investigator>
<Institution>
<Name>Texas A&amp;M Engineering Experiment Station</Name>
<CityName>College Station</CityName>
<ZipCode>778454645</ZipCode>
<PhoneNumber>9798477635</PhoneNumber>
<StreetAddress>TEES State Headquarters Bldg.</StreetAddress>
<CountryName>United States</CountryName>
<StateName>Texas</StateName>
<StateCode>TX</StateCode>
</Institution>
<ProgramElement>
<Code>7495</Code>
<Text>ROBUST INTELLIGENCE</Text>
</ProgramElement>
<ProgramReference>
<Code>7495</Code>
<Text>ROBUST INTELLIGENCE</Text>
</ProgramReference>
<ProgramReference>
<Code>7924</Code>
<Text>MEDIUM PROJECT</Text>
</ProgramReference>
</Award>
</rootTag>
