<?xml version="1.0" encoding="UTF-8"?>
<rootTag>
<Award>
<AwardTitle>US-Japan Networking Research Collaboration Workshop, November 12-14, 2013 in Kyobashi Chuo-Ku, Tokyo, Japan</AwardTitle>
<AwardEffectiveDate>11/01/2012</AwardEffectiveDate>
<AwardExpirationDate>10/31/2016</AwardExpirationDate>
<AwardAmount>41884</AwardAmount>
<AwardInstrument>
<Value>Standard Grant</Value>
</AwardInstrument>
<Organization>
<Code>05050000</Code>
<Directorate>
<LongName>Direct For Computer &amp; Info Scie &amp; Enginr</LongName>
</Directorate>
<Division>
<LongName>Division Of Computer and Network Systems</LongName>
</Division>
</Organization>
<ProgramOfficer>
<SignBlockName>John Brassil</SignBlockName>
</ProgramOfficer>
<AbstractNarration>This workshop will examine three areas in networking in which combining the research strengths of both Japan and the US could benefit both countries.   These areas are: network design and modeling, mobility services on a large scale, and optical networking.  The workshop will bring together key researchers from the US and Japan these three areas of computer networking.   Japan brings unique research strengths to each of the major areas and US research can be expected to benefit from the exposure to the Japanese technology.    Moreover, the areas under discussion are expected to have significant long-term impact on US network research infrastructures.   To facilitate dissemination of workshop results the PI will maintain a public website containing workshop presentations and reports.</AbstractNarration>
<MinAmdLetterDate>10/25/2012</MinAmdLetterDate>
<MaxAmdLetterDate>10/20/2015</MaxAmdLetterDate>
<ARRAAmount/>
<AwardID>1302040</AwardID>
<Investigator>
<FirstName>Deep</FirstName>
<LastName>Medhi</LastName>
<EmailAddress>dmedhi@umkc.edu</EmailAddress>
<StartDate>10/25/2012</StartDate>
<EndDate/>
<RoleCode>Principal Investigator</RoleCode>
</Investigator>
<Institution>
<Name>University of Missouri-Kansas City</Name>
<CityName>Kansas City</CityName>
<ZipCode>641102499</ZipCode>
<PhoneNumber>8162355839</PhoneNumber>
<StreetAddress>5100 Rockhill Road</StreetAddress>
<CountryName>United States</CountryName>
<StateName>Missouri</StateName>
<StateCode>MO</StateCode>
</Institution>
<ProgramElement>
<Code>7363</Code>
<Text>Networking Technology and Syst</Text>
</ProgramElement>
<ProgramReference>
<Code>7363</Code>
<Text>RES IN NETWORKING TECH &amp; SYS</Text>
</ProgramReference>
<ProgramReference>
<Code>7556</Code>
<Text>CONFERENCE AND WORKSHOPS</Text>
</ProgramReference>
</Award>
</rootTag>
