<?xml version="1.0" encoding="UTF-8"?>
<rootTag>
<Award>
<AwardTitle>CSR: Medium: Energy-Efficient Architectures for Emerging Big-Data Workloads</AwardTitle>
<AwardEffectiveDate>07/01/2013</AwardEffectiveDate>
<AwardExpirationDate>06/30/2018</AwardExpirationDate>
<AwardAmount>889286</AwardAmount>
<AwardInstrument>
<Value>Continuing grant</Value>
</AwardInstrument>
<Organization>
<Code>05050000</Code>
<Directorate>
<LongName>Direct For Computer &amp; Info Scie &amp; Enginr</LongName>
</Directorate>
<Division>
<LongName>Division Of Computer and Network Systems</LongName>
</Division>
</Organization>
<ProgramOfficer>
<SignBlockName>M. Mimi McClure</SignBlockName>
</ProgramOfficer>
<AbstractNarration>In modern server architectures, the processor socket and the memory system&lt;br/&gt;are implemented as separate modules.  Data exchange between these modules&lt;br/&gt;is expensive -- it is slow, it consumes a large amount of energy, and there&lt;br/&gt;are long wait times for narrow data links.  Emerging big-data workloads will&lt;br/&gt;require especially large amounts of data movement between the processor&lt;br/&gt;and memory.  To reduce the cost of data movement for big-data workloads,&lt;br/&gt;the project attempts to design new server architectures that can leverage&lt;br/&gt;3D stacking technology.  The proposed approach, referred to as Near Data&lt;br/&gt;Computing (NDC), reduces the distance between a subset of computational&lt;br/&gt;units and a subset of memory, and can yield high efficiency for workloads&lt;br/&gt;that exhibit locality.  The project will also develop new big-data &lt;br/&gt;algorithms and runtime systems that can exploit the properties of the&lt;br/&gt;new architectures.&lt;br/&gt;&lt;br/&gt;The project will lead to technologies that can boost performance and&lt;br/&gt;reduce the energy demands of big-data workloads.  Several reports have&lt;br/&gt;cited the importance of these workloads to national, industrial, and&lt;br/&gt;scientific computing infrastructures.  The project outcomes will be&lt;br/&gt;integrated into University of Utah curricula and will play a significant&lt;br/&gt;role in a new degree program on datacenter design and operation.  The&lt;br/&gt;PIs will broaden their impact by publicly distributing parts of their&lt;br/&gt;software infrastructure and by engaging in outreach programs that&lt;br/&gt;involve minorities and K-12 students.</AbstractNarration>
<MinAmdLetterDate>06/25/2013</MinAmdLetterDate>
<MaxAmdLetterDate>07/06/2016</MaxAmdLetterDate>
<ARRAAmount/>
<AwardID>1302663</AwardID>
<Investigator>
<FirstName>Alan</FirstName>
<LastName>Davis</LastName>
<EmailAddress>ald@cs.utah.edu</EmailAddress>
<StartDate>06/25/2013</StartDate>
<EndDate/>
<RoleCode>Co-Principal Investigator</RoleCode>
</Investigator>
<Investigator>
<FirstName>Mary</FirstName>
<LastName>Hall</LastName>
<EmailAddress>mhall@cs.utah.edu</EmailAddress>
<StartDate>06/25/2013</StartDate>
<EndDate/>
<RoleCode>Co-Principal Investigator</RoleCode>
</Investigator>
<Investigator>
<FirstName>Rajeev</FirstName>
<LastName>Balasubramonian</LastName>
<EmailAddress>rajeev@cs.utah.edu</EmailAddress>
<StartDate>06/25/2013</StartDate>
<EndDate/>
<RoleCode>Principal Investigator</RoleCode>
</Investigator>
<Investigator>
<FirstName>Feifei</FirstName>
<LastName>Li</LastName>
<EmailAddress>lifeifei@cs.utah.edu</EmailAddress>
<StartDate>06/25/2013</StartDate>
<EndDate/>
<RoleCode>Co-Principal Investigator</RoleCode>
</Investigator>
<Institution>
<Name>University of Utah</Name>
<CityName>SALT LAKE CITY</CityName>
<ZipCode>841128930</ZipCode>
<PhoneNumber>8015816903</PhoneNumber>
<StreetAddress>75 S 2000 E</StreetAddress>
<CountryName>United States</CountryName>
<StateName>Utah</StateName>
<StateCode>UT</StateCode>
</Institution>
<ProgramElement>
<Code>1714</Code>
<Text>SPECIAL PROJECTS - CISE</Text>
</ProgramElement>
<ProgramElement>
<Code>7354</Code>
<Text>Computer Systems Research (CSR</Text>
</ProgramElement>
<ProgramReference>
<Code>7924</Code>
<Text>MEDIUM PROJECT</Text>
</ProgramReference>
<ProgramReference>
<Code>9150</Code>
<Text>EXP PROG TO STIM COMP RES</Text>
</ProgramReference>
<ProgramReference>
<Code>9251</Code>
<Text>RES EXPER FOR UNDERGRAD-SUPPLT</Text>
</ProgramReference>
</Award>
</rootTag>
