<?xml version="1.0" encoding="UTF-8"?>
<rootTag>
<Award>
<AwardTitle>Infinite dimensional algebras and pro-p groups</AwardTitle>
<AwardEffectiveDate>07/01/2013</AwardEffectiveDate>
<AwardExpirationDate>06/30/2018</AwardExpirationDate>
<AwardAmount>313537</AwardAmount>
<AwardInstrument>
<Value>Standard Grant</Value>
</AwardInstrument>
<Organization>
<Code>03040000</Code>
<Directorate>
<LongName>Direct For Mathematical &amp; Physical Scien</LongName>
</Directorate>
<Division>
<LongName>Division Of Mathematical Sciences</LongName>
</Division>
</Organization>
<ProgramOfficer>
<SignBlockName>Matthew  Douglass</SignBlockName>
</ProgramOfficer>
<AbstractNarration>We plan to study universal linear pro-p groups, that is pro-p groups generated by generic matrices.  The aim is to use recent advances in the theory of PI-algebras to show that certain relative verbal widths are finite. This will imply that free pro-p groups, and hence Golod-Shafarevich groups, are not linear.&lt;br/&gt;&lt;br/&gt;The expected results will affect several branches of Algebra and shed light on infinite algebraic objects that feature quite prominently in Algebraic Number Theory.  The PI intends to involve three graduate students that he currently advises in the work on the project.</AbstractNarration>
<MinAmdLetterDate>04/22/2013</MinAmdLetterDate>
<MaxAmdLetterDate>04/22/2013</MaxAmdLetterDate>
<ARRAAmount/>
<AwardID>1302096</AwardID>
<Investigator>
<FirstName>Efim</FirstName>
<LastName>Zelmanov</LastName>
<EmailAddress>ezelmano@math.ucsd.edu</EmailAddress>
<StartDate>04/22/2013</StartDate>
<EndDate/>
<RoleCode>Principal Investigator</RoleCode>
</Investigator>
<Institution>
<Name>University of California-San Diego</Name>
<CityName>La Jolla</CityName>
<ZipCode>920930621</ZipCode>
<PhoneNumber>8585344896</PhoneNumber>
<StreetAddress>Office of Contract &amp; Grant Admin</StreetAddress>
<CountryName>United States</CountryName>
<StateName>California</StateName>
<StateCode>CA</StateCode>
</Institution>
<ProgramElement>
<Code>1264</Code>
<Text>ALGEBRA,NUMBER THEORY,AND COM</Text>
</ProgramElement>
</Award>
</rootTag>
