<?xml version="1.0" encoding="UTF-8"?>
<rootTag>
<Award>
<AwardTitle>Collaborative Research: RI: Processing Opinion Sharing Dialogue in Social Media</AwardTitle>
<AwardEffectiveDate>09/01/2013</AwardEffectiveDate>
<AwardExpirationDate>08/31/2018</AwardExpirationDate>
<AwardAmount>1070556</AwardAmount>
<AwardInstrument>
<Value>Continuing grant</Value>
</AwardInstrument>
<Organization>
<Code>05020000</Code>
<Directorate>
<LongName>Direct For Computer &amp; Info Scie &amp; Enginr</LongName>
</Directorate>
<Division>
<LongName>Div Of Information &amp; Intelligent Systems</LongName>
</Division>
</Organization>
<ProgramOfficer>
<SignBlockName>Tatiana D. Korelsky</SignBlockName>
</ProgramOfficer>
<AbstractNarration>When people make decisions or form beliefs, they often discuss them with others, seeking out others' opinions and sharing their own. Recently such conversations are occurring online, providing a public source of information of interest to companies, the military, the government, public policy bodies, and educators. Moreover these dialogs occur at scale, allowing researchers in natural language processing access to large-scale dialog datasets for the first time. However, automatically processing such dialogs is challenging, because current tools are targeted to traditional language resources such as newspaper articles. This project develops innovative algorithms for automatically processing and identifying important phenomena in such dialogs including: (a) stance - participants' views on a topic; (b) subjective dialog acts - including sarcasm and humor; and (c) central propositions - core ideas in the dialog, by combining methods of crowd-sourced annotation, bootstrapping and machine learning, and cognitive science. A critical project output is a new  corpus, including  annotations and dialogic summaries. &lt;br/&gt;&lt;br/&gt;Longer term impacts include public policy, providing government and the military with methods to discover what "the man on the street" is saying about current topics. Educators can re-use the corpora and tools to expose children to compelling arguments about important issues. Greater understanding of opinion sharing dialog enables new cognitive experiments and theory: automatically identifying compelling arguments allows political science and social psychology researchers to examine learning and opinion formation. The project trains undergraduate and graduate students in interdisciplinary research combining social media, human computer interaction, computational linguistics and natural language processing.</AbstractNarration>
<MinAmdLetterDate>09/05/2013</MinAmdLetterDate>
<MaxAmdLetterDate>06/28/2016</MaxAmdLetterDate>
<ARRAAmount/>
<AwardID>1302668</AwardID>
<Investigator>
<FirstName>Pranav</FirstName>
<LastName>Anand</LastName>
<EmailAddress>panand@ucsc.edu</EmailAddress>
<StartDate>09/05/2013</StartDate>
<EndDate/>
<RoleCode>Co-Principal Investigator</RoleCode>
</Investigator>
<Investigator>
<FirstName>Steve</FirstName>
<LastName>Whittaker</LastName>
<EmailAddress>swhittak@ucsc.edu</EmailAddress>
<StartDate>09/05/2013</StartDate>
<EndDate/>
<RoleCode>Co-Principal Investigator</RoleCode>
</Investigator>
<Investigator>
<FirstName>Marilyn</FirstName>
<LastName>Walker</LastName>
<EmailAddress>mawalker@ucsc.edu</EmailAddress>
<StartDate>09/05/2013</StartDate>
<EndDate/>
<RoleCode>Principal Investigator</RoleCode>
</Investigator>
<Investigator>
<FirstName>Jean</FirstName>
<LastName>Fox Tree</LastName>
<EmailAddress>foxtree@ucsc.edu</EmailAddress>
<StartDate>09/05/2013</StartDate>
<EndDate/>
<RoleCode>Co-Principal Investigator</RoleCode>
</Investigator>
<Institution>
<Name>University of California-Santa Cruz</Name>
<CityName>Santa Cruz</CityName>
<ZipCode>950641077</ZipCode>
<PhoneNumber>8314595278</PhoneNumber>
<StreetAddress>1156 High Street</StreetAddress>
<CountryName>United States</CountryName>
<StateName>California</StateName>
<StateCode>CA</StateCode>
</Institution>
<ProgramElement>
<Code>7495</Code>
<Text>ROBUST INTELLIGENCE</Text>
</ProgramElement>
<ProgramReference>
<Code>7495</Code>
<Text>ROBUST INTELLIGENCE</Text>
</ProgramReference>
<ProgramReference>
<Code>7924</Code>
<Text>MEDIUM PROJECT</Text>
</ProgramReference>
<ProgramReference>
<Code>9251</Code>
<Text>RES EXPER FOR UNDERGRAD-SUPPLT</Text>
</ProgramReference>
</Award>
</rootTag>
