<?xml version="1.0" encoding="UTF-8"?>

<rootTag>
  <Award>
    <AwardTitle>Collaborative Research: RI: Processing Opinion Sharing Dialogue in Social Media</AwardTitle>
    <AwardEffectiveDate>09/01/2013</AwardEffectiveDate>
    <AwardExpirationDate>08/31/2016</AwardExpirationDate>
    <AwardAmount>28832</AwardAmount>
    <AwardInstrument>
      <Value>Interagency Agreement</Value>
    </AwardInstrument>
    <Organization>
      <Code>05020000</Code>
      <Directorate>
        <LongName>Direct For Computer &amp; Info Scie &amp; Enginr</LongName>
      </Directorate>
      <Division>
        <LongName>Div Of Information &amp; Intelligent Systems</LongName>
      </Division>
    </Organization>
    <ProgramOfficer>
      <SignBlockName>Tatiana D. Korelsky</SignBlockName>
    </ProgramOfficer>
    <AbstractNarration/>
    <MinAmdLetterDate>09/05/2013</MinAmdLetterDate>
    <MaxAmdLetterDate>09/05/2013</MaxAmdLetterDate>
    <ARRAAmount/>
    <AwardID>1302672</AwardID>
    <Investigator>
      <FirstName>Craig</FirstName>
      <LastName>Martell</LastName>
      <EmailAddress>cmartell@nps.edu</EmailAddress>
      <StartDate>09/05/2013</StartDate>
      <EndDate/>
      <RoleCode>Principal Investigator</RoleCode>
    </Investigator>
    <Institution>
      <Name>Naval Postgraduate School</Name>
      <CityName>Monterey</CityName>
      <ZipCode>939435000</ZipCode>
      <PhoneNumber>8316562271</PhoneNumber>
      <StreetAddress>1 University Circle</StreetAddress>
      <CountryName>United States</CountryName>
      <StateName>California</StateName>
      <StateCode>CA</StateCode>
    </Institution>
    <ProgramElement>
      <Code>7495</Code>
      <Text>ROBUST INTELLIGENCE</Text>
    </ProgramElement>
    <ProgramReference>
      <Code>7495</Code>
      <Text>ROBUST INTELLIGENCE</Text>
    </ProgramReference>
    <ProgramReference>
      <Code>7924</Code>
      <Text>MEDIUM PROJECT</Text>
    </ProgramReference>
    <ProgramReference>
      <Code>170E</Code>
      <Text>Interagency Agreements</Text>
    </ProgramReference>
  </Award>
</rootTag>
