<?xml version="1.0" encoding="UTF-8"?>
<rootTag>
<Award>
<AwardTitle>CIF: Medium: Collaborative Research: Distributed coherence: fundamental building blocks, system concepts, and experimental demonstration</AwardTitle>
<AwardEffectiveDate>07/01/2013</AwardEffectiveDate>
<AwardExpirationDate>06/30/2018</AwardExpirationDate>
<AwardAmount>505193</AwardAmount>
<AwardInstrument>
<Value>Continuing grant</Value>
</AwardInstrument>
<Organization>
<Code>05010000</Code>
<Directorate>
<LongName>Direct For Computer &amp; Info Scie &amp; Enginr</LongName>
</Directorate>
<Division>
<LongName>Division of Computing and Communication Foundations</LongName>
</Division>
</Organization>
<ProgramOfficer>
<SignBlockName>Rahul Shah</SignBlockName>
</ProgramOfficer>
<AbstractNarration>Over the past two decades, advances in multi-antenna wireless systems have opened up the possibility of tremendous increases in wireless communication throughputs. The practical realization of these increases in real-world wireless networks is constrained by size and cost considerations that limit the number of antennas, especially for mobile devices. This research aims to achieve the gains from multi-antenna techniques in a distributed fashion by having groups of wireless transceivers pool together and cooperatively act like a virtual antenna array. The concept of virtual arrays has broad transformative potential for wireless networks by extending the numerous benefits of multi-antenna systems to networks of single-antenna devices. We will prototype and demonstrate virtual array techniques experimentally on a software-defined radio platform, and we plan to share our implementations as reusable building blocks to stimulate technology transition and to promote interactions between the academic, open-source software community and radio hobbyist communities. The elements of a virtual array have an unknown, typically time-varying, geometry and are driven by independent oscillators, each with stochastic drift; the main technical challenge is in maintaining distributed coherence in the array in the presence of these effects. While this is a very challenging problem, recent results have demonstrated the feasibility of virtual arrays.&lt;br/&gt;&lt;br/&gt;This research will establish a solid theoretical foundation for distributed coherence and chart a clear path to technology transfer by applying the theory and techniques to the cross-layer design of concept systems based on virtual antenna arrays. Specifically we will develop a state space framework for tracking and prediction of oscillator dynamics and mobility, and scalable architectures for distributed transmission and reception appropriate for large distributed arrays of low-cost single-antenna devices. We will also identify fundamental tradeoffs and scaling laws for virtual arrays. We will apply and integrate the theory and techniques to two concept systems of great societal significance: Distributed base station provides multi-antenna capabilities even for low carrier frequencies where standard antenna arrays would be too bulky (e.g., white space frequencies). Distributed 911, enables a cluster of nodes to communicate with a possibly moving distant rescue vehicle which would be out of range for any one of the nodes. Our goal is to perform design and performance evaluation in sufficient detail to clear conceptual hurdles for implementation.</AbstractNarration>
<MinAmdLetterDate>03/08/2013</MinAmdLetterDate>
<MaxAmdLetterDate>08/28/2013</MaxAmdLetterDate>
<ARRAAmount/>
<AwardID>1302456</AwardID>
<Investigator>
<FirstName>Soura</FirstName>
<LastName>Dasgupta</LastName>
<EmailAddress>soura-dasgupta@uiowa.edu</EmailAddress>
<StartDate>03/08/2013</StartDate>
<EndDate/>
<RoleCode>Principal Investigator</RoleCode>
</Investigator>
<Investigator>
<FirstName>Raghuraman</FirstName>
<LastName>Mudumbai</LastName>
<EmailAddress>raghuraman-mudumbai@uiowa.edu</EmailAddress>
<StartDate>03/08/2013</StartDate>
<EndDate/>
<RoleCode>Co-Principal Investigator</RoleCode>
</Investigator>
<Institution>
<Name>University of Iowa</Name>
<CityName>IOWA CITY</CityName>
<ZipCode>522421320</ZipCode>
<PhoneNumber>3193352123</PhoneNumber>
<StreetAddress>2 GILMORE HALL</StreetAddress>
<CountryName>United States</CountryName>
<StateName>Iowa</StateName>
<StateCode>IA</StateCode>
</Institution>
<ProgramElement>
<Code>7797</Code>
<Text>COMM &amp; INFORMATION FOUNDATIONS</Text>
</ProgramElement>
<ProgramElement>
<Code>7935</Code>
<Text>COMM &amp; INFORMATION THEORY</Text>
</ProgramElement>
<ProgramReference>
<Code>7924</Code>
<Text>MEDIUM PROJECT</Text>
</ProgramReference>
<ProgramReference>
<Code>7935</Code>
<Text>COMM &amp; INFORMATION THEORY</Text>
</ProgramReference>
<ProgramReference>
<Code>7937</Code>
<Text>NETWORK CODING AND INFO THEORY</Text>
</ProgramReference>
<ProgramReference>
<Code>9150</Code>
<Text>EXP PROG TO STIM COMP RES</Text>
</ProgramReference>
</Award>
</rootTag>
